transfer_observation_id,source_dataset_id,player_id,position_id,nationality_id,club_id,season_year,original_player_name,original_position_name,original_nationality_name,original_club_name,age_then_years,age_now_years,club_performance,relegation,success_or_not,total_games,assists,penalty_kicks,total_minutes,total_goals,height_cm,start_value_eur,end_value_eur,delta_value_eur,value_start_mln,value_end_mln,value_delta_mln
1,2,437,5,15,3,2019,Jefferson Lerma,Defensive Midfield,Colombia,AFC Bournemouth,25,30,-1.0,1.0,-1.0,33,2,0,2704,1,179.0,25000000.0,20000000.0,-5000000.0,25.0,20.0,-5.0
2,2,775,2,21,3,2019,Philip Billing,Central Midfield,Denmark,AFC Bournemouth,24,28,-1.0,1.0,-1.0,34,1,0,2530,1,193.0,15000000.0,14500000.0,-500000.0,15.0,14.5,-0.5
3,2,508,8,25,3,2019,Junior Stanislas,Left Winger,England,AFC Bournemouth,30,35,-1.0,1.0,-1.0,15,0,1,712,3,183.0,3500000.0,2000000.0,-1500000.0,3.5,2.0,-1.5
4,2,189,2,25,3,2019,Dan Gosling,Central Midfield,England,AFC Bournemouth,30,34,-1.0,1.0,-1.0,24,1,0,1264,3,180.0,2500000.0,2000000.0,-500000.0,2.5,2.0,-0.5
5,2,234,4,25,3,2019,Dominic Solanke,Centre-Forward,England,AFC Bournemouth,22,27,-1.0,1.0,-1.0,32,1,0,1651,3,186.0,15000000.0,12000000.0,-3000000.0,15.0,12.0,-3.0
6,2,135,4,25,3,2019,Callum Wilson,Centre-Forward,England,AFC Bournemouth,28,32,-1.0,1.0,-1.0,35,1,0,2894,8,180.0,30000000.0,24000000.0,-6000000.0,30.0,24.0,-6.0
7,2,886,3,25,3,2019,Steve Cook,Centre-Back,England,AFC Bournemouth,29,33,-1.0,1.0,-1.0,29,0,0,2429,1,185.0,12000000.0,9500000.0,-2500000.0,12.0,9.5,-2.5
8,2,709,3,48,3,2019,Nathan Ake,Centre-Back,Netherlands,AFC Bournemouth,25,29,-1.0,1.0,-1.0,29,2,0,2503,2,180.0,35000000.0,28000000.0,-7000000.0,35.0,28.0,-7.0
9,2,494,4,53,3,2019,Joshua King,Centre-Forward,Norway,AFC Bournemouth,28,33,-1.0,1.0,-1.0,26,4,3,2011,6,180.0,20000000.0,16000000.0,-4000000.0,20.0,16.0,-4.0
10,2,832,8,58,3,2019,Ryan Fraser,Left Winger,Scotland,AFC Bournemouth,26,30,-1.0,1.0,-1.0,28,4,0,2067,1,163.0,30000000.0,17500000.0,-12500000.0,30.0,17.5,-12.5
11,2,204,11,74,3,2019,David Brooks,Right Winger,Wales,AFC Bournemouth,23,27,-1.0,1.0,-1.0,9,0,0,506,1,173.0,30000000.0,24000000.0,-6000000.0,30.0,24.0,-6.0
12,2,362,11,74,3,2019,Harry Wilson,Right Winger,Wales,AFC Bournemouth,23,27,-1.0,1.0,-1.0,31,0,0,1660,7,173.0,18000000.0,17500000.0,-500000.0,18.0,17.5,-0.5
13,2,157,3,74,3,2019,Chris Mepham,Centre-Back,Wales,AFC Bournemouth,22,27,-1.0,1.0,-1.0,12,0,0,912,1,190.0,10000000.0,8000000.0,-2000000.0,10.0,8.0,-2.0
14,2,316,8,10,21,2019,Gabriel Martinelli,Left Winger,Brazil,Arsenal FC,19,23,-4.0,0.0,-1.0,14,0,0,663,3,178.0,5000000.0,25000000.0,20000000.0,5.0,25.0,20.0
15,2,206,3,10,21,2019,David Luiz,Centre-Back,Brazil,Arsenal FC,33,37,-4.0,0.0,-1.0,33,1,0,2811,2,189.0,15000000.0,12000000.0,-3000000.0,15.0,12.0,-3.0
16,2,724,11,16,21,2019,Nicolas Pepe,Right Winger,Cote dIvoire,Arsenal FC,25,29,-4.0,0.0,-1.0,31,6,1,2010,5,183.0,75000000.0,52000000.0,-23000000.0,75.0,52.0,-23.0
17,2,132,11,25,21,2019,Bukayo Saka,Right Winger,England,Arsenal FC,18,23,-4.0,0.0,-1.0,26,5,0,1753,1,178.0,7000000.0,20000000.0,13000000.0,7.0,20.0,13.0
18,2,245,4,25,21,2019,Eddie Nketiah,Centre-Forward,England,Arsenal FC,21,25,-4.0,0.0,-1.0,13,0,0,634,2,175.0,,11000000.0,11000000.0,0.0,11.0,11.0
19,2,136,3,25,21,2019,Calum Chambers,Centre-Back,England,Arsenal FC,24,30,-4.0,0.0,-1.0,14,1,0,1102,1,182.0,18000000.0,14500000.0,-3500000.0,18.0,14.5,-3.5
20,2,794,11,25,21,2019,Reiss Nelson,Right Winger,England,Arsenal FC,20,25,-4.0,0.0,-1.0,17,0,0,631,1,175.0,14000000.0,12500000.0,-1500000.0,14.0,12.5,-1.5
21,2,463,2,25,21,2019,Joe Willock,Central Midfield,England,Arsenal FC,20,25,-4.0,0.0,-1.0,29,1,0,856,1,186.0,6000000.0,16000000.0,10000000.0,6.0,16.0,10.0
22,2,34,4,27,21,2019,Alexandre Lacazette,Centre-Forward,France,Arsenal FC,29,33,-4.0,0.0,-1.0,30,5,0,1874,10,175.0,70000000.0,48000000.0,-22000000.0,70.0,48.0,-22.0
23,2,778,4,28,21,2019,Pierre-Emerick Aubameyang,Centre-Forward,Gabon,Arsenal FC,31,35,-4.0,0.0,-1.0,36,3,2,3137,22,187.0,70000000.0,56000000.0,-14000000.0,70.0,56.0,-14.0
24,2,667,1,29,21,2019,Mesut ozil,Attacking Midfield,Germany,Arsenal FC,31,36,-4.0,0.0,-1.0,18,2,0,1438,1,180.0,22000000.0,17500000.0,-4500000.0,22.0,17.5,-4.5
25,2,881,3,31,21,2019,Sokratis Papastathopoulos,Centre-Back,Greece,Arsenal FC,32,36,-4.0,0.0,-1.0,19,0,0,1696,2,186.0,18000000.0,14500000.0,-3500000.0,18.0,14.5,-3.5
26,2,540,9,58,21,2019,Kieran Tierney,Left-Back,Scotland,Arsenal FC,23,27,-4.0,0.0,-1.0,15,1,0,989,1,180.0,25000000.0,20000000.0,-5000000.0,25.0,20.0,-5.0
27,2,366,12,63,21,2019,Hector Bellerin,Right-Back,Spain,Arsenal FC,25,29,-4.0,0.0,-1.0,15,0,0,1158,1,178.0,40000000.0,32000000.0,-8000000.0,40.0,32.0,-8.0
28,2,347,5,65,21,2019,Granit Xhaka,Defensive Midfield,Switzerland,Arsenal FC,27,32,-4.0,0.0,-1.0,31,2,0,2586,1,186.0,40000000.0,24000000.0,-16000000.0,40.0,24.0,-16.0
29,2,578,5,72,21,2019,Lucas Torreira,Defensive Midfield,Uruguay,Arsenal FC,24,28,-4.0,0.0,-1.0,29,1,0,1512,1,166.0,45000000.0,36000000.0,-9000000.0,45.0,36.0,-9.0
30,2,114,3,8,22,2019,Bjorn Engels,Centre-Back,Belgium,Aston Villa,25,30,-3.0,0.0,-1.0,17,0,0,1447,1,195.0,10000000.0,9500000.0,-500000.0,10.0,9.5,-0.5
31,2,959,4,10,22,2019,Wesley Moraes,Centre-Forward,Brazil,Aston Villa,23,28,-3.0,0.0,-1.0,21,1,0,1782,5,191.0,30000000.0,24000000.0,-6000000.0,30.0,24.0,-6.0
32,2,238,2,10,22,2019,Douglas Luiz,Central Midfield,Brazil,Aston Villa,22,26,-3.0,0.0,-1.0,36,2,0,2612,3,177.0,10000000.0,18000000.0,8000000.0,10.0,18.0,8.0
33,2,598,8,24,22,2019,Mahmoud Trezeguet,Left Winger,Egypt,Aston Villa,25,30,-3.0,0.0,-1.0,34,1,0,1951,6,180.0,8000000.0,8000000.0,0.0,8.0,8.0,0.0
34,2,19,12,24,22,2019,Ahmed El Mohamady,Right-Back,Egypt,Aston Villa,32,37,-3.0,0.0,-1.0,18,1,0,1031,1,182.0,2500000.0,2000000.0,-500000.0,2.5,2.0,-0.5
35,2,395,8,25,22,2019,Jack Grealish,Left Winger,England,Aston Villa,24,29,-3.0,0.0,-1.0,36,6,0,3233,8,180.0,35000000.0,30500000.0,-4500000.0,35.0,30.5,-4.5
36,2,935,3,25,22,2019,Tyrone Mings,Centre-Back,England,Aston Villa,27,31,-3.0,0.0,-1.0,33,2,0,2902,2,196.0,18000000.0,22500000.0,4500000.0,18.0,22.5,4.5
37,2,280,3,25,22,2019,Ezri Konsa,Centre-Back,England,Aston Villa,22,27,-3.0,0.0,-1.0,25,2,0,2039,1,183.0,8000000.0,6500000.0,-1500000.0,8.0,6.5,-1.5
38,2,649,9,25,22,2019,Matt Targett,Left-Back,England,Aston Villa,24,29,-3.0,0.0,-1.0,28,2,0,2291,1,183.0,10000000.0,10500000.0,500000.0,10.0,10.5,0.5
39,2,546,3,25,22,2019,Kortney Hause,Centre-Back,England,Aston Villa,25,29,-3.0,0.0,-1.0,18,0,0,1545,1,191.0,3000000.0,6500000.0,3500000.0,3.0,6.5,3.5
40,2,177,2,38,22,2019,Conor Hourihane,Central Midfield,Ireland,Aston Villa,29,33,-3.0,0.0,-1.0,27,5,0,1534,3,181.0,7500000.0,6000000.0,-1500000.0,7.5,6.0,-1.5
41,2,76,11,48,22,2019,Anwar El Ghazi,Right Winger,Netherlands,Aston Villa,25,29,-3.0,0.0,-1.0,34,4,1,2053,4,189.0,10000000.0,8000000.0,-2000000.0,10.0,8.0,-2.0
42,2,474,2,58,22,2019,John McGinn,Central Midfield,Scotland,Aston Villa,25,30,-3.0,0.0,-1.0,28,3,0,2312,3,178.0,20000000.0,16000000.0,-4000000.0,20.0,16.0,-4.0
43,2,42,4,66,22,2019,Ally Samatta,Centre-Forward,Tanzania,Aston Villa,27,32,-3.0,0.0,-1.0,14,0,0,943,1,183.0,12000000.0,9500000.0,-2500000.0,12.0,9.5,-2.5
44,2,4,2,5,43,2019,Aaron Mooy,Central Midfield,Australia,Brighton & Hove Albion,29,34,1.0,0.0,1.0,31,2,0,2086,2,174.0,12000000.0,9500000.0,-2500000.0,12.0,9.5,-2.5
45,2,556,8,8,43,2019,Leandro Trossard,Left Winger,Belgium,Brighton & Hove Albion,25,30,1.0,0.0,1.0,31,3,0,2010,5,172.0,16000000.0,13000000.0,-3000000.0,16.0,13.0,-3.0
46,2,15,3,25,43,2019,Adam Webster,Centre-Back,England,Brighton & Hove Albion,25,30,1.0,0.0,1.0,31,1,0,2668,3,190.0,15000000.0,12000000.0,-3000000.0,15.0,12.0,-3.0
47,2,561,3,25,43,2019,Lewis Dunk,Centre-Back,England,Brighton & Hove Albion,28,33,1.0,0.0,1.0,36,3,0,3230,3,192.0,20000000.0,16000000.0,-4000000.0,20.0,16.0,-4.0
48,2,342,4,25,43,2019,Glenn Murray,Centre-Forward,England,Brighton & Hove Albion,36,41,1.0,0.0,1.0,23,1,0,797,1,186.0,2000000.0,1600000.0,-400000.0,2.0,1.6,-0.4
49,2,715,4,27,43,2019,Neal Maupay,Centre-Forward,France,Brighton & Hove Albion,23,28,1.0,0.0,1.0,37,3,1,2767,10,171.0,18000000.0,17500000.0,-500000.0,18.0,17.5,-0.5
50,2,754,2,29,43,2019,Pascal Gross,Central Midfield,Germany,Brighton & Hove Albion,29,33,1.0,0.0,1.0,29,4,0,1797,2,181.0,12000000.0,9500000.0,-2500000.0,12.0,9.5,-2.5
51,2,39,11,37,43,2019,Alireza Jahanbakhsh,Right Winger,Iran,Brighton & Hove Albion,26,31,1.0,0.0,1.0,10,0,0,311,2,181.0,12000000.0,6500000.0,-5500000.0,12.0,6.5,-5.5
52,2,1,4,38,43,2019,Aaron Connolly,Centre-Forward,Ireland,Brighton & Hove Albion,20,25,1.0,0.0,1.0,24,1,0,1257,3,174.0,2500000.0,4000000.0,1500000.0,2.5,4.0,1.5
53,2,874,3,38,43,2019,Shane Duffy,Centre-Back,Ireland,Brighton & Hove Albion,28,33,1.0,0.0,1.0,19,0,0,1238,1,193.0,12000000.0,9500000.0,-2500000.0,12.0,9.5,-2.5
54,2,981,5,45,43,2019,Yves Bissouma,Defensive Midfield,Mali,Brighton & Hove Albion,23,28,1.0,0.0,1.0,22,0,0,1260,1,182.0,12000000.0,9500000.0,-2500000.0,12.0,9.5,-2.5
55,2,211,2,48,43,2019,Davy Propper,Central Midfield,Netherlands,Brighton & Hove Albion,28,33,1.0,0.0,1.0,35,2,0,2828,1,185.0,17000000.0,13500000.0,-3500000.0,17.0,13.5,-3.5
56,2,300,4,57,43,2019,Florin Andone,Centre-Forward,Romania,Brighton & Hove Albion,26,31,1.0,0.0,1.0,3,0,0,74,1,181.0,4500000.0,3200000.0,-1300000.0,4.5,3.2,-1.3
57,2,631,4,19,46,2019,Matej Vydra,Centre-Forward,Czech Republic,Burnley FC,28,32,8.0,0.0,1.0,19,1,0,819,2,180.0,5000000.0,4000000.0,-1000000.0,5.0,4.0,-1.0
58,2,242,1,25,46,2019,Dwight McNeil,Attacking Midfield,England,Burnley FC,20,25,8.0,0.0,1.0,38,6,0,3338,2,183.0,20000000.0,18000000.0,-2000000.0,20.0,18.0,-2.0
59,2,87,5,25,46,2019,Ashley Westwood,Defensive Midfield,England,Burnley FC,30,34,8.0,0.0,1.0,35,6,0,3150,2,174.0,7000000.0,5500000.0,-1500000.0,7.0,5.5,-1.5
60,2,86,4,25,46,2019,Ashley Barnes,Centre-Forward,England,Burnley FC,30,35,8.0,0.0,1.0,19,0,1,1352,6,185.0,10000000.0,8000000.0,-2000000.0,10.0,8.0,-2.0
61,2,431,4,25,46,2019,Jay Rodriguez,Centre-Forward,England,Burnley FC,30,35,8.0,0.0,1.0,36,2,1,2016,8,185.0,6000000.0,4800000.0,-1200000.0,6.0,4.8,-1.2
62,2,417,3,25,46,2019,James Tarkowski,Centre-Back,England,Burnley FC,27,32,8.0,0.0,1.0,38,2,0,3420,2,185.0,25000000.0,20000000.0,-5000000.0,25.0,20.0,-5.0
63,2,101,3,25,46,2019,Ben Mee,Centre-Back,England,Burnley FC,30,35,8.0,0.0,1.0,32,1,0,2880,1,180.0,10000000.0,8000000.0,-2000000.0,10.0,8.0,-2.0
64,2,469,11,36,46,2019,Johann Berg Gudmundsson,Right Winger,Iceland,Burnley FC,29,34,8.0,0.0,1.0,12,1,0,621,1,186.0,10000000.0,8000000.0,-2000000.0,10.0,8.0,-2.0
65,2,436,2,38,46,2019,Jeff Hendrick,Central Midfield,Ireland,Burnley FC,28,32,8.0,0.0,1.0,24,2,0,1931,2,185.0,11000000.0,9000000.0,-2000000.0,11.0,9.0,-2.0
66,2,805,7,38,46,2019,Robbie Brady,Left Midfield,Ireland,Burnley FC,28,33,8.0,0.0,1.0,17,2,0,454,1,176.0,6000000.0,4800000.0,-1200000.0,6.0,4.8,-1.2
67,2,159,4,49,46,2019,Chris Wood,Centre-Forward,New Zealand,Burnley FC,28,33,8.0,0.0,1.0,32,1,1,2437,14,191.0,18000000.0,14500000.0,-3500000.0,18.0,14.5,-3.5
68,2,675,4,8,50,2019,Michy Batshuayi,Centre-Forward,Belgium,Chelsea FC,26,31,-1.0,0.0,-1.0,16,1,0,238,1,185.0,25000000.0,17500000.0,-7500000.0,25.0,17.5,-7.5
69,2,965,8,10,50,2019,Willian,Left Winger,Brazil,Chelsea FC,31,36,-1.0,0.0,-1.0,36,7,4,2600,9,175.0,35000000.0,22500000.0,-12500000.0,35.0,22.5,-12.5
70,2,633,2,17,50,2019,Mateo Kovacic,Central Midfield,Croatia,Chelsea FC,26,30,-1.0,0.0,-1.0,31,3,0,2074,1,177.0,45000000.0,36000000.0,-9000000.0,45.0,36.0,-9.0
71,2,897,4,25,50,2019,Tammy Abraham,Centre-Forward,England,Chelsea FC,22,27,-1.0,0.0,-1.0,34,3,0,2215,15,194.0,32000000.0,40000000.0,8000000.0,32.0,40.0,8.0
72,2,629,1,25,50,2019,Mason Mount,Attacking Midfield,England,Chelsea FC,21,26,-1.0,0.0,-1.0,37,5,0,2868,7,181.0,35000000.0,40500000.0,5500000.0,35.0,40.5,5.5
73,2,825,2,25,50,2019,Ross Barkley,Central Midfield,England,Chelsea FC,26,31,-1.0,0.0,-1.0,21,4,0,1103,1,189.0,27000000.0,21500000.0,-5500000.0,27.0,21.5,-5.5
74,2,133,8,25,50,2019,Callum Hudson-Odoi,Left Winger,England,Chelsea FC,19,24,-1.0,0.0,-1.0,22,5,0,863,1,178.0,35000000.0,31500000.0,-3500000.0,35.0,31.5,-3.5
75,2,298,3,25,50,2019,Fikayo Tomori,Centre-Back,England,Chelsea FC,22,27,-1.0,0.0,-1.0,15,0,0,1291,1,185.0,10000000.0,16000000.0,6000000.0,10.0,16.0,6.0
76,2,705,5,27,50,2019,NGolo Kante,Defensive Midfield,France,Chelsea FC,29,33,-1.0,0.0,-1.0,22,0,0,1732,3,168.0,100000000.0,80000000.0,-20000000.0,100.0,80.0,-20.0
77,2,740,4,27,50,2019,Olivier Giroud,Centre-Forward,France,Chelsea FC,33,38,-1.0,0.0,-1.0,18,0,0,993,8,192.0,12000000.0,7000000.0,-5000000.0,12.0,7.0,-5.0
78,2,74,3,29,50,2019,Antonio Rudiger,Centre-Back,Germany,Chelsea FC,27,31,-1.0,0.0,-1.0,20,0,0,1710,2,190.0,50000000.0,40000000.0,-10000000.0,50.0,40.0,-10.0
79,2,487,5,40,50,2019,Jorginho,Defensive Midfield,Italy,Chelsea FC,28,33,-1.0,0.0,-1.0,31,2,3,2378,4,178.0,65000000.0,52000000.0,-13000000.0,65.0,52.0,-13.0
80,2,149,3,63,50,2019,Cesar Azpilicueta,Centre-Back,Spain,Chelsea FC,30,35,-1.0,0.0,-1.0,36,6,0,3229,2,178.0,30000000.0,24000000.0,-6000000.0,30.0,24.0,-6.0
81,2,612,9,63,50,2019,Marcos Alonso,Left-Back,Spain,Chelsea FC,29,34,-1.0,0.0,-1.0,18,2,0,1430,4,188.0,32000000.0,20000000.0,-12000000.0,32.0,20.0,-12.0
82,2,768,11,63,50,2019,Pedro,Right Winger,Spain,Chelsea FC,32,37,-1.0,0.0,-1.0,11,1,0,661,1,167.0,17000000.0,9500000.0,-7500000.0,17.0,9.5,-7.5
83,2,164,11,71,50,2019,Christian Pulisic,Right Winger,United States,Chelsea FC,21,26,-1.0,0.0,-1.0,25,4,0,1722,9,177.0,60000000.0,54000000.0,-6000000.0,60.0,54.0,-6.0
84,2,160,4,8,57,2019,Christian Benteke,Centre-Forward,Belgium,Crystal Palace,29,34,-5.0,0.0,-1.0,24,1,0,1262,2,190.0,13000000.0,10500000.0,-2500000.0,13.0,10.5,-2.5
85,2,962,8,16,57,2019,Wilfried Zaha,Left Winger,Cote dIvoire,Crystal Palace,27,32,-5.0,0.0,-1.0,38,3,0,3280,4,180.0,55000000.0,44000000.0,-11000000.0,55.0,44.0,-11.0
86,2,61,11,25,57,2019,Andros Townsend,Right Winger,England,Crystal Palace,29,33,-5.0,0.0,-1.0,24,1,0,1294,1,181.0,15000000.0,12000000.0,-3000000.0,15.0,12.0,-3.0
87,2,418,3,25,57,2019,James Tomkins,Centre-Back,England,Crystal Palace,30,35,-5.0,0.0,-1.0,18,1,0,1584,1,192.0,6000000.0,4000000.0,-2000000.0,6.0,4.0,-2.0
88,2,173,4,25,57,2019,Connor Wickham,Centre-Forward,England,Crystal Palace,26,31,-5.0,0.0,-1.0,6,1,0,96,1,189.0,2500000.0,1200000.0,-1300000.0,2.5,1.2,-1.3
89,2,438,7,30,57,2019,Jeffrey Schlupp,Left Midfield,Ghana,Crystal Palace,27,32,-5.0,0.0,-1.0,17,2,0,1036,3,178.0,12000000.0,9500000.0,-2500000.0,12.0,9.5,-2.5
90,2,484,4,30,57,2019,Jordan Ayew,Centre-Forward,Ghana,Crystal Palace,28,33,-5.0,0.0,-1.0,37,2,0,3148,9,182.0,8000000.0,6500000.0,-1500000.0,8.0,6.5,-1.5
91,2,759,9,48,57,2019,Patrick van Aanholt,Left-Back,Netherlands,Crystal Palace,29,34,-5.0,0.0,-1.0,29,2,1,2507,3,176.0,12000000.0,9500000.0,-2500000.0,12.0,9.5,-2.5
92,2,152,5,59,57,2019,Cheikhou Kouyate,Defensive Midfield,Senegal,Crystal Palace,30,35,-5.0,0.0,-1.0,35,1,0,2527,1,189.0,10000000.0,8000000.0,-2000000.0,10.0,8.0,-2.0
93,2,588,5,60,57,2019,Luka Milivojevic,Defensive Midfield,Serbia,Crystal Palace,29,33,-5.0,0.0,-1.0,31,1,2,2513,3,186.0,25000000.0,20000000.0,-5000000.0,25.0,20.0,-5.0
94,2,799,4,10,66,2019,Richarlison,Centre-Forward,Brazil,Everton FC,23,27,-5.0,0.0,-1.0,36,3,0,3070,13,184.0,60000000.0,52000000.0,-8000000.0,60.0,52.0,-8.0
95,2,108,8,10,66,2019,Bernard,Left Winger,Brazil,Everton FC,27,32,-5.0,0.0,-1.0,27,2,0,1281,3,167.0,20000000.0,16000000.0,-4000000.0,20.0,16.0,-4.0
96,2,975,3,15,66,2019,Yerry Mina,Centre-Back,Colombia,Everton FC,25,30,-5.0,0.0,-1.0,29,1,0,2284,2,195.0,25000000.0,20000000.0,-5000000.0,25.0,20.0,-5.0
97,2,233,4,25,66,2019,Dominic Calvert-Lewin,Centre-Forward,England,Everton FC,23,27,-5.0,0.0,-1.0,36,1,0,2626,13,189.0,22000000.0,24000000.0,2000000.0,22.0,24.0,2.0
98,2,669,3,25,66,2019,Michael Keane,Centre-Back,England,Everton FC,27,32,-5.0,0.0,-1.0,31,0,0,2559,2,188.0,30000000.0,20000000.0,-10000000.0,30.0,20.0,-10.0
99,2,906,11,25,66,2019,Theo Walcott,Right Winger,England,Everton FC,31,35,-5.0,0.0,-1.0,25,3,0,1287,2,175.0,15000000.0,12000000.0,-3000000.0,15.0,12.0,-3.0
100,2,922,2,25,66,2019,Tom Davies,Central Midfield,England,Everton FC,22,26,-5.0,0.0,-1.0,30,0,0,2027,1,180.0,18000000.0,16000000.0,-2000000.0,18.0,16.0,-2.0
101,2,352,1,36,66,2019,Gylfi Sigurdsson,Attacking Midfield,Iceland,Everton FC,30,35,-5.0,0.0,-1.0,35,3,1,2561,2,186.0,28000000.0,22500000.0,-5500000.0,28.0,22.5,-5.5
102,2,689,4,40,66,2019,Moise Kean,Centre-Forward,Italy,Everton FC,20,24,-5.0,0.0,-1.0,29,2,0,851,2,183.0,32000000.0,25000000.0,-7000000.0,32.0,25.0,-7.0
103,2,28,8,50,66,2019,Alex Iwobi,Left Winger,Nigeria,Everton FC,24,28,-5.0,0.0,-1.0,25,0,0,1595,1,183.0,32000000.0,25500000.0,-6500000.0,32.0,25.5,-6.5
104,2,146,12,56,79,2019,Cedric Soares,Right-Back,Portugal,For 2 Clubs,28,33,,,,21,1,0,1555,1,171.0,10000000.0,8000000.0,-2000000.0,10.0,8.0,-2.0
105,2,148,4,68,79,2019,Cenk Tosun,Centre-Forward,Turkiye,For 2 Clubs,28,33,,,,10,0,0,468,2,183.0,15000000.0,12000000.0,-3000000.0,15.0,12.0,-3.0
106,2,356,5,7,108,2019,Hamza Choudhury,Defensive Midfield,Bangladesh,Leicester City,22,27,5.0,0.0,1.0,20,1,0,894,1,178.0,10000000.0,8000000.0,-2000000.0,10.0,8.0,-2.0
107,2,977,2,8,108,2019,Youri Tielemans,Central Midfield,Belgium,Leicester City,23,27,5.0,0.0,1.0,37,6,0,2828,3,177.0,45000000.0,44000000.0,-1000000.0,45.0,44.0,-1.0
108,2,221,2,8,108,2019,Dennis Praet,Central Midfield,Belgium,Leicester City,26,30,5.0,0.0,1.0,27,2,0,1135,1,181.0,24000000.0,19000000.0,-5000000.0,24.0,19.0,-5.0
109,2,422,4,25,108,2019,Jamie Vardy,Centre-Forward,England,Leicester City,33,38,5.0,0.0,1.0,35,5,4,3033,23,179.0,20000000.0,16000000.0,-4000000.0,20.0,16.0,-4.0
110,2,97,9,25,108,2019,Ben Chilwell,Left-Back,England,Leicester City,23,28,5.0,0.0,1.0,27,3,0,2374,3,180.0,50000000.0,40000000.0,-10000000.0,50.0,40.0,-10.0
111,2,413,1,25,108,2019,James Maddison,Attacking Midfield,England,Leicester City,23,28,5.0,0.0,1.0,31,3,0,2624,6,175.0,45000000.0,48000000.0,3000000.0,45.0,48.0,3.0
112,2,363,8,25,108,2019,Harvey Barnes,Left Winger,England,Leicester City,22,27,5.0,0.0,1.0,36,8,0,2082,6,182.0,22000000.0,17500000.0,-4500000.0,22.0,17.5,-4.5
113,2,217,8,41,108,2019,Demarai Gray,Left Winger,Jamaica,Leicester City,24,28,5.0,0.0,1.0,21,3,0,622,2,183.0,18000000.0,14500000.0,-3500000.0,18.0,14.5,-3.5
114,2,530,4,50,108,2019,Kelechi Iheanacho,Centre-Forward,Nigeria,Leicester City,23,28,5.0,0.0,1.0,20,3,0,960,5,185.0,12000000.0,12000000.0,0.0,12.0,12.0,0.0
115,2,960,5,50,108,2019,Wilfred Ndidi,Defensive Midfield,Nigeria,Leicester City,23,28,5.0,0.0,1.0,32,1,0,2674,2,183.0,45000000.0,36000000.0,-9000000.0,45.0,36.0,-9.0
116,2,482,3,52,108,2019,Jonny Evans,Centre-Back,Northern Ireland,Leicester City,32,37,5.0,0.0,1.0,38,1,0,3384,1,188.0,12000000.0,12000000.0,0.0,12.0,12.0,0.0
117,2,797,12,56,108,2019,Ricardo Pereira,Right-Back,Portugal,Leicester City,26,31,5.0,0.0,1.0,28,2,0,2520,3,175.0,30000000.0,32000000.0,2000000.0,30.0,32.0,2.0
118,2,93,4,63,108,2019,Ayoze Perez,Centre-Forward,Spain,Leicester City,26,31,5.0,0.0,1.0,33,4,1,2004,8,178.0,30000000.0,24000000.0,-6000000.0,30.0,24.0,-6.0
119,2,989,3,68,108,2019,caglar Soyuncu,Centre-Back,Turkiye,Leicester City,24,28,5.0,0.0,1.0,34,1,0,3037,1,185.0,20000000.0,32000000.0,12000000.0,20.0,32.0,12.0
120,2,230,4,8,112,2019,Divock Origi,Centre-Forward,Belgium,Liverpool FC,25,29,4.0,0.0,1.0,28,1,0,717,4,189.0,20000000.0,16000000.0,-4000000.0,20.0,16.0,-4.0
121,2,283,5,10,112,2019,Fabinho,Defensive Midfield,Brazil,Liverpool FC,26,31,4.0,0.0,1.0,28,3,0,2079,2,188.0,70000000.0,56000000.0,-14000000.0,70.0,56.0,-14.0
122,2,808,4,10,112,2019,Roberto Firmino,Centre-Forward,Brazil,Liverpool FC,28,33,4.0,0.0,1.0,38,8,0,2988,9,181.0,90000000.0,72000000.0,-18000000.0,90.0,72.0,-18.0
123,2,465,3,12,112,2019,Joel Matip,Centre-Back,Cameroon,Liverpool FC,28,33,4.0,0.0,1.0,9,0,0,703,1,195.0,35000000.0,32000000.0,-3000000.0,35.0,32.0,-3.0
124,2,686,11,24,112,2019,Mohamed Salah,Right Winger,Egypt,Liverpool FC,28,32,4.0,0.0,1.0,34,10,3,2876,19,175.0,150000000.0,120000000.0,-30000000.0,150.0,120.0,-30.0
125,2,185,2,25,112,2019,Curtis Jones,Central Midfield,England,Liverpool FC,19,24,4.0,0.0,1.0,6,0,0,126,1,185.0,1500000.0,1800000.0,300000.0,1.5,1.8,0.3
126,2,486,2,25,112,2019,Jordan Henderson,Central Midfield,England,Liverpool FC,30,34,4.0,0.0,1.0,30,5,0,2238,4,182.0,35000000.0,28000000.0,-7000000.0,35.0,28.0,-7.0
127,2,928,12,25,112,2019,Trent Alexander-Arnold,Right-Back,England,Liverpool FC,21,26,4.0,0.0,1.0,38,13,0,3175,4,175.0,110000000.0,99000000.0,-11000000.0,110.0,99.0,-11.0
128,2,29,2,25,112,2019,Alex Oxlade-Chamberlain,Central Midfield,England,Liverpool FC,26,31,4.0,0.0,1.0,30,1,0,1486,4,180.0,35000000.0,28000000.0,-7000000.0,35.0,28.0,-7.0
129,2,415,2,25,112,2019,James Milner,Central Midfield,England,Liverpool FC,34,39,4.0,0.0,1.0,22,2,2,937,2,175.0,12000000.0,6500000.0,-5500000.0,12.0,6.5,-5.5
130,2,13,1,25,112,2019,Adam Lallana,Attacking Midfield,England,Liverpool FC,32,36,4.0,0.0,1.0,15,1,0,382,1,172.0,12000000.0,9500000.0,-2500000.0,12.0,9.5,-2.5
131,2,706,2,33,112,2019,Naby Keita,Central Midfield,Guinea,Liverpool FC,25,29,4.0,0.0,1.0,18,3,0,814,2,172.0,50000000.0,33500000.0,-16500000.0,50.0,33.5,-16.5
132,2,948,3,48,112,2019,Virgil van Dijk,Centre-Back,Netherlands,Liverpool FC,29,33,4.0,0.0,1.0,38,1,0,3420,5,195.0,100000000.0,80000000.0,-20000000.0,100.0,80.0,-20.0
133,2,331,2,48,112,2019,Georginio Wijnaldum,Central Midfield,Netherlands,Liverpool FC,29,34,4.0,0.0,1.0,37,0,0,2935,4,175.0,50000000.0,40000000.0,-10000000.0,50.0,40.0,-10.0
134,2,58,9,58,112,2019,Andrew Robertson,Left-Back,Scotland,Liverpool FC,26,30,4.0,0.0,1.0,36,12,0,3111,2,178.0,80000000.0,64000000.0,-16000000.0,80.0,64.0,-16.0
135,2,838,8,59,112,2019,Sadio Mane,Left Winger,Senegal,Liverpool FC,28,32,4.0,0.0,1.0,35,7,0,2747,18,174.0,150000000.0,120000000.0,-30000000.0,150.0,120.0,-30.0
136,2,972,1,65,112,2019,Xherdan Shaqiri,Attacking Midfield,Switzerland,Liverpool FC,28,33,4.0,0.0,1.0,7,0,0,185,1,169.0,22000000.0,16000000.0,-6000000.0,22.0,16.0,-6.0
137,2,803,11,2,118,2019,Riyad Mahrez,Right Winger,Algeria,Manchester City,29,33,0.0,0.0,0.0,33,9,1,1944,11,179.0,60000000.0,48000000.0,-12000000.0,60.0,48.0,-12.0
138,2,870,4,4,118,2019,Sergio Aguero,Centre-Forward,Argentina,Manchester City,32,36,0.0,0.0,0.0,24,3,2,1452,16,173.0,65000000.0,52000000.0,-13000000.0,65.0,52.0,-13.0
139,2,723,3,4,118,2019,Nicolas Otamendi,Centre-Back,Argentina,Manchester City,32,36,0.0,0.0,0.0,24,0,0,1715,2,183.0,18000000.0,14500000.0,-3500000.0,18.0,14.5,-3.5
140,2,536,1,8,118,2019,Kevin De Bruyne,Attacking Midfield,Belgium,Manchester City,29,33,0.0,0.0,0.0,35,20,2,2791,13,181.0,150000000.0,120000000.0,-30000000.0,150.0,120.0,-30.0
141,2,313,4,10,118,2019,Gabriel Jesus,Centre-Forward,Brazil,Manchester City,23,27,0.0,0.0,0.0,34,8,0,2030,14,175.0,70000000.0,56000000.0,-14000000.0,70.0,56.0,-14.0
142,2,785,11,25,118,2019,Raheem Sterling,Right Winger,England,Manchester City,25,30,0.0,0.0,0.0,33,1,0,2650,20,170.0,160000000.0,128000000.0,-32000000.0,160.0,128.0,-32.0
143,2,774,11,25,118,2019,Phil Foden,Right Winger,England,Manchester City,20,24,0.0,0.0,0.0,23,2,0,902,5,171.0,30000000.0,27000000.0,-3000000.0,30.0,27.0,-3.0
144,2,551,12,25,118,2019,Kyle Walker,Right-Back,England,Manchester City,30,34,0.0,0.0,0.0,29,4,0,2392,1,183.0,50000000.0,40000000.0,-10000000.0,50.0,40.0,-10.0
145,2,990,2,29,118,2019,ilkay Gundogan,Central Midfield,Germany,Manchester City,29,34,0.0,0.0,0.0,31,1,1,2020,2,180.0,50000000.0,40000000.0,-10000000.0,50.0,40.0,-10.0
146,2,109,1,56,118,2019,Bernardo Silva,Attacking Midfield,Portugal,Manchester City,25,30,0.0,0.0,0.0,34,7,0,2030,6,173.0,100000000.0,80000000.0,-20000000.0,100.0,80.0,-20.0
147,2,811,5,63,118,2019,Rodri,Defensive Midfield,Spain,Manchester City,24,28,0.0,0.0,0.0,35,2,0,2486,3,191.0,80000000.0,64000000.0,-16000000.0,80.0,64.0,-16.0
148,2,209,1,63,118,2019,David Silva,Attacking Midfield,Spain,Manchester City,34,39,0.0,0.0,0.0,27,10,0,1827,6,170.0,15000000.0,12000000.0,-3000000.0,15.0,12.0,-3.0
149,2,92,3,63,118,2019,Aymeric Laporte,Centre-Back,Spain,Manchester City,26,30,0.0,0.0,0.0,15,0,0,1097,1,191.0,75000000.0,60000000.0,-15000000.0,75.0,60.0,-15.0
150,2,54,1,10,119,2019,Andreas Pereira,Attacking Midfield,Brazil,Manchester United,24,29,-2.0,0.0,-1.0,25,3,0,1484,1,178.0,15000000.0,16000000.0,1000000.0,15.0,16.0,1.0
151,2,616,8,25,119,2019,Marcus Rashford,Left Winger,England,Manchester United,22,27,-2.0,0.0,-1.0,31,7,6,2643,17,185.0,80000000.0,64000000.0,-16000000.0,80.0,64.0,-16.0
152,2,360,3,25,119,2019,Harry Maguire,Centre-Back,England,Manchester United,27,31,-2.0,0.0,-1.0,38,1,0,3420,1,194.0,70000000.0,56000000.0,-14000000.0,70.0,56.0,-14.0
153,2,120,9,25,119,2019,Brandon Williams,Left-Back,England,Manchester United,19,24,-2.0,0.0,-1.0,17,0,0,1006,1,180.0,7000000.0,11000000.0,4000000.0,7.0,11.0,4.0
154,2,442,1,25,119,2019,Jesse Lingard,Attacking Midfield,England,Manchester United,27,32,-2.0,0.0,-1.0,22,0,0,935,1,174.0,32000000.0,17500000.0,-14500000.0,32.0,17.5,-14.5
155,2,70,4,27,119,2019,Anthony Martial,Centre-Forward,France,Manchester United,24,29,-2.0,0.0,-1.0,32,6,0,2624,17,181.0,60000000.0,48000000.0,-12000000.0,60.0,48.0,-12.0
156,2,765,2,27,119,2019,Paul Pogba,Central Midfield,France,Manchester United,27,31,-2.0,0.0,-1.0,16,3,0,1204,1,191.0,100000000.0,80000000.0,-20000000.0,100.0,80.0,-20.0
157,2,627,11,41,119,2019,Mason Greenwood,Right Winger,Jamaica,Manchester United,18,23,-2.0,0.0,-1.0,31,1,0,1321,10,181.0,7000000.0,29000000.0,22000000.0,7.0,29.0,22.0
158,2,126,1,56,119,2019,Bruno Fernandes,Attacking Midfield,Portugal,Manchester United,25,30,-2.0,0.0,-1.0,14,7,4,1186,8,179.0,60000000.0,48000000.0,-12000000.0,60.0,48.0,-12.0
159,2,859,2,58,119,2019,Scott McTominay,Central Midfield,Scotland,Manchester United,23,28,-2.0,0.0,-1.0,27,1,0,1771,4,191.0,20000000.0,22500000.0,2500000.0,20.0,22.5,2.5
160,2,942,3,64,119,2019,Victor Lindelof,Centre-Back,Sweden,Manchester United,26,30,-2.0,0.0,-1.0,35,0,0,3092,1,187.0,35000000.0,28000000.0,-7000000.0,35.0,28.0,-7.0
161,2,193,11,74,119,2019,Daniel James,Right Winger,Wales,Manchester United,22,27,-2.0,0.0,-1.0,33,6,0,2287,3,171.0,25000000.0,22500000.0,-2500000.0,25.0,22.5,-2.5
162,2,292,3,4,132,2019,Federico Fernandez,Centre-Back,Argentina,Newcastle United,31,35,-2.0,0.0,-1.0,32,3,0,2620,2,189.0,7000000.0,5500000.0,-1500000.0,7.0,5.5,-1.5
163,2,937,7,6,132,2019,Valentino Lazaro,Left Midfield,Austria,Newcastle United,24,28,-2.0,0.0,-1.0,13,0,0,481,1,181.0,19000000.0,15000000.0,-4000000.0,19.0,15.0,-4.0
164,2,468,2,10,132,2019,Joelinton,Central Midfield,Brazil,Newcastle United,23,28,-2.0,0.0,-1.0,38,2,0,2682,2,186.0,30000000.0,20000000.0,-10000000.0,30.0,20.0,-10.0
165,2,861,2,25,132,2019,Sean Longstaff,Central Midfield,England,Newcastle United,22,27,-2.0,0.0,-1.0,23,1,0,1379,1,187.0,18000000.0,17500000.0,-500000.0,18.0,17.5,-0.5
166,2,241,4,25,132,2019,Dwight Gayle,Centre-Forward,England,Newcastle United,30,35,-2.0,0.0,-1.0,20,2,0,849,4,174.0,12000000.0,9500000.0,-2500000.0,12.0,9.5,-2.5
167,2,481,2,25,132,2019,Jonjo Shelvey,Central Midfield,England,Newcastle United,28,32,-2.0,0.0,-1.0,26,2,0,2120,6,184.0,18000000.0,14500000.0,-3500000.0,18.0,14.5,-3.5
168,2,654,2,25,132,2019,Matty Longstaff,Central Midfield,England,Newcastle United,20,24,-2.0,0.0,-1.0,9,0,0,574,2,171.0,,3600000.0,3600000.0,0.0,3.6,3.6
169,2,409,3,25,132,2019,Jamaal Lascelles,Centre-Back,England,Newcastle United,26,31,-2.0,0.0,-1.0,24,0,0,2076,1,188.0,18000000.0,14500000.0,-3500000.0,18.0,14.5,-3.5
170,2,41,8,27,132,2019,Allan Saint-Maximin,Left Winger,France,Newcastle United,23,27,-2.0,0.0,-1.0,26,5,0,1863,3,173.0,25000000.0,20000000.0,-5000000.0,25.0,20.0,-5.0
171,2,299,3,27,132,2019,Florian Lejeune,Centre-Back,France,Newcastle United,28,33,-2.0,0.0,-1.0,6,0,0,442,2,190.0,6000000.0,4800000.0,-1200000.0,6.0,4.8,-1.2
172,2,169,3,38,132,2019,Ciaran Clark,Centre-Back,Ireland,Newcastle United,30,35,-2.0,0.0,-1.0,14,0,0,1186,2,185.0,6000000.0,4800000.0,-1200000.0,6.0,4.8,-1.2
173,2,382,5,41,132,2019,Isaac Hayden,Defensive Midfield,Jamaica,Newcastle United,25,29,-2.0,0.0,-1.0,29,2,0,2224,1,187.0,10000000.0,8000000.0,-2000000.0,10.0,8.0,-2.0
174,2,444,9,48,132,2019,Jetro Willems,Left-Back,Netherlands,Newcastle United,25,30,-2.0,0.0,-1.0,19,2,0,1496,2,177.0,7000000.0,5500000.0,-1500000.0,7.0,5.5,-1.5
175,2,677,11,54,132,2019,Miguel Almiron,Right Winger,Paraguay,Newcastle United,26,30,-2.0,0.0,-1.0,36,2,0,3021,4,174.0,20000000.0,16000000.0,-4000000.0,20.0,16.0,-4.0
176,2,648,10,58,132,2019,Matt Ritchie,Right Midfield,Scotland,Newcastle United,30,35,-2.0,0.0,-1.0,18,1,0,1313,2,173.0,12000000.0,9500000.0,-2500000.0,12.0,9.5,-2.5
177,2,282,3,65,132,2019,Fabian Schar,Centre-Back,Switzerland,Newcastle United,28,33,-2.0,0.0,-1.0,22,0,0,1672,2,186.0,12000000.0,13000000.0,1000000.0,12.0,13.0,1.0
178,2,212,12,71,132,2019,DeAndre Yedlin,Right-Back,United States,Newcastle United,27,31,-2.0,0.0,-1.0,16,0,0,938,1,173.0,8000000.0,6500000.0,-1500000.0,8.0,6.5,-1.5
179,2,259,1,4,135,2019,Emiliano Buendia,Attacking Midfield,Argentina,Norwich City,23,28,-1.0,1.0,-1.0,36,7,0,2464,1,172.0,18000000.0,14500000.0,-3500000.0,18.0,14.5,-3.5
180,2,620,2,9,135,2019,Mario Vrancic,Central Midfield,Bosnia-Herzegovina,Norwich City,31,35,-1.0,1.0,-1.0,20,0,0,636,1,187.0,2500000.0,2000000.0,-500000.0,2.5,2.0,-0.5
181,2,744,8,18,135,2019,Onel Hernandez,Left Winger,Cuba,Norwich City,27,31,-1.0,1.0,-1.0,26,2,0,1385,1,172.0,4000000.0,3200000.0,-800000.0,4.0,3.2,-0.8
182,2,919,1,25,135,2019,Todd Cantwell,Attacking Midfield,England,Norwich City,22,26,-1.0,1.0,-1.0,37,2,0,2489,6,180.0,7000000.0,20000000.0,13000000.0,7.0,20.0,13.0
183,2,902,4,26,135,2019,Teemu Pukki,Centre-Forward,Finland,Norwich City,30,34,-1.0,1.0,-1.0,36,3,2,2886,11,180.0,9000000.0,8000000.0,-1000000.0,9.0,8.0,-1.0
184,2,222,4,29,135,2019,Dennis Srbeny,Centre-Forward,Germany,Norwich City,25,30,-1.0,1.0,-1.0,8,0,0,47,1,190.0,1000000.0,800000.0,-200000.0,1.0,0.8,-0.2
185,2,410,9,52,135,2019,Jamal Lewis,Left-Back,Northern Ireland,Norwich City,22,27,-1.0,1.0,-1.0,28,0,0,2304,1,178.0,9000000.0,11000000.0,2000000.0,9.0,11.0,2.0
186,2,33,5,53,135,2019,Alexander Tettey,Defensive Midfield,Norway,Norwich City,34,38,-1.0,1.0,-1.0,30,1,0,2338,1,181.0,2000000.0,1600000.0,-400000.0,2.0,1.6,-0.4
187,2,532,2,58,135,2019,Kenny McLean,Central Midfield,Scotland,Norwich City,28,33,-1.0,1.0,-1.0,37,1,0,2968,1,180.0,2500000.0,3500000.0,1000000.0,2.5,3.5,1.0
188,2,495,4,65,135,2019,Josip Drmic,Centre-Forward,Switzerland,Norwich City,27,32,-1.0,1.0,-1.0,21,0,0,647,1,184.0,2000000.0,1600000.0,-400000.0,2.0,1.6,-0.4
189,2,113,4,25,170,2019,Billy Sharp,Centre-Forward,England,Sheffield United,34,38,11.0,0.0,1.0,25,2,0,1052,3,175.0,2000000.0,1600000.0,-400000.0,2.0,1.6,-0.4
190,2,473,5,25,170,2019,John Lundstram,Defensive Midfield,England,Sheffield United,26,30,11.0,0.0,1.0,34,3,0,2458,5,181.0,2000000.0,8000000.0,6000000.0,2.0,8.0,6.0
191,2,595,4,27,170,2019,Lys Mousset,Centre-Forward,France,Sheffield United,24,28,11.0,0.0,1.0,30,4,0,1241,6,186.0,6000000.0,9500000.0,3500000.0,6.0,9.5,3.5
192,2,326,12,31,170,2019,George Baldock,Right-Back,Greece,Sheffield United,27,31,11.0,0.0,1.0,38,3,0,3420,2,178.0,3000000.0,4800000.0,1800000.0,3.0,4.8,1.8
193,2,262,9,38,170,2019,Enda Stevens,Left-Back,Ireland,Sheffield United,30,34,11.0,0.0,1.0,38,4,0,3345,2,183.0,6000000.0,5500000.0,-500000.0,6.0,5.5,-0.5
194,2,207,4,38,170,2019,David McGoldrick,Centre-Forward,Ireland,Sheffield United,32,37,11.0,0.0,1.0,28,2,0,1815,2,184.0,2000000.0,1600000.0,-400000.0,2.0,1.6,-0.4
195,2,470,3,38,170,2019,John Egan,Centre-Back,Ireland,Sheffield United,27,32,11.0,0.0,1.0,36,0,0,3188,2,185.0,7000000.0,9500000.0,2500000.0,7.0,9.5,2.5
196,2,134,4,38,170,2019,Callum Robinson,Centre-Forward,Ireland,Sheffield United,24,29,11.0,0.0,1.0,16,1,0,676,1,178.0,7000000.0,5500000.0,-1500000.0,7.0,5.5,-1.5
197,2,738,2,52,170,2019,Oliver Norwood,Central Midfield,Northern Ireland,Sheffield United,29,33,11.0,0.0,1.0,38,1,1,3090,1,175.0,5000000.0,6500000.0,1500000.0,5.0,6.5,1.5
198,2,850,5,53,170,2019,Sander Berge,Defensive Midfield,Norway,Sheffield United,22,26,11.0,0.0,1.0,14,1,0,943,1,195.0,22000000.0,20000000.0,-2000000.0,22.0,20.0,-2.0
199,2,471,2,58,170,2019,John Fleck,Central Midfield,Scotland,Sheffield United,28,33,11.0,0.0,1.0,30,2,0,2516,5,169.0,6000000.0,6500000.0,500000.0,6.0,6.5,0.5
200,2,736,4,58,170,2019,Oli McBurnie,Centre-Forward,Scotland,Sheffield United,24,28,11.0,0.0,1.0,36,0,0,2113,6,188.0,12000000.0,8000000.0,-4000000.0,12.0,8.0,-4.0
201,2,425,3,21,174,2019,Jannik Vestergaard,Centre-Back,Denmark,Southampton FC,27,32,2.0,0.0,1.0,19,0,0,1497,1,199.0,18000000.0,12000000.0,-6000000.0,18.0,12.0,-6.0
202,2,197,4,25,174,2019,Danny Ings,Centre-Forward,England,Southampton FC,28,32,2.0,0.0,1.0,38,2,1,2804,22,177.0,18000000.0,17500000.0,-500000.0,18.0,17.5,-0.5
203,2,712,11,25,174,2019,Nathan Redmond,Right Winger,England,Southampton FC,26,30,2.0,0.0,1.0,32,4,0,2762,4,173.0,20000000.0,16000000.0,-4000000.0,20.0,16.0,-4.0
204,2,419,2,25,174,2019,James Ward-Prowse,Central Midfield,England,Southampton FC,25,30,2.0,0.0,1.0,38,3,1,3420,5,177.0,18000000.0,14500000.0,-3500000.0,18.0,14.5,-3.5
205,2,399,3,25,174,2019,Jack Stephens,Centre-Back,England,Southampton FC,26,31,2.0,0.0,1.0,28,3,0,2452,1,185.0,7000000.0,5500000.0,-1500000.0,7.0,5.5,-1.5
206,2,830,9,25,174,2019,Ryan Bertrand,Left-Back,England,Southampton FC,30,35,2.0,0.0,1.0,32,1,0,2743,1,179.0,13000000.0,10500000.0,-2500000.0,13.0,10.5,-2.5
207,2,670,4,38,174,2019,Michael Obafemi,Centre-Forward,Ireland,Southampton FC,20,24,2.0,0.0,1.0,21,2,0,665,3,170.0,2000000.0,4500000.0,2500000.0,2.0,4.5,2.5
208,2,875,4,38,174,2019,Shane Long,Centre-Forward,Ireland,Southampton FC,33,38,2.0,0.0,1.0,26,3,0,1395,2,180.0,5000000.0,2800000.0,-2200000.0,5.0,2.8,-2.2
209,2,699,8,45,174,2019,Moussa Djenepo,Left Winger,Mali,Southampton FC,22,26,2.0,0.0,1.0,18,2,0,928,2,177.0,12000000.0,11000000.0,-1000000.0,12.0,11.0,-1.0
210,2,423,3,55,174,2019,Jan Bednarek,Centre-Back,Poland,Southampton FC,24,28,2.0,0.0,1.0,34,1,0,3057,1,189.0,15000000.0,12000000.0,-3000000.0,15.0,12.0,-3.0
211,2,889,2,58,174,2019,Stuart Armstrong,Central Midfield,Scotland,Southampton FC,28,32,2.0,0.0,1.0,30,3,0,1716,5,183.0,8000000.0,6500000.0,-1500000.0,8.0,6.5,-1.5
212,2,151,4,58,174,2019,Che Adams,Centre-Forward,Scotland,Southampton FC,24,28,2.0,0.0,1.0,30,2,0,1111,4,179.0,12000000.0,9500000.0,-2500000.0,12.0,9.5,-2.5
213,2,269,11,4,188,2019,Erik Lamela,Right Winger,Argentina,Tottenham Hotspur,28,32,0.0,0.0,0.0,25,1,0,1215,2,184.0,22000000.0,16000000.0,-6000000.0,22.0,16.0,-6.0
214,2,918,3,8,188,2019,Toby Alderweireld,Centre-Back,Belgium,Tottenham Hotspur,31,35,0.0,0.0,0.0,33,2,0,2957,2,187.0,35000000.0,24000000.0,-11000000.0,35.0,24.0,-11.0
215,2,424,3,8,188,2019,Jan Vertonghen,Centre-Back,Belgium,Tottenham Hotspur,33,37,0.0,0.0,0.0,23,1,0,1645,1,189.0,22000000.0,14500000.0,-7500000.0,22.0,14.5,-7.5
216,2,575,11,10,188,2019,Lucas Moura,Right Winger,Brazil,Tottenham Hotspur,27,32,0.0,0.0,0.0,35,4,0,2242,4,172.0,40000000.0,32000000.0,-8000000.0,40.0,32.0,-8.0
217,2,866,12,16,188,2019,Serge Aurier,Right-Back,Cote dIvoire,Tottenham Hotspur,27,32,0.0,0.0,0.0,33,5,0,2701,1,176.0,15000000.0,16000000.0,1000000.0,15.0,16.0,1.0
218,2,161,2,21,188,2019,Christian Eriksen,Central Midfield,Denmark,Tottenham Hotspur,27,32,0.0,0.0,0.0,20,2,0,1097,2,182.0,90000000.0,68000000.0,-22000000.0,90.0,68.0,-22.0
219,2,359,4,25,188,2019,Harry Kane,Centre-Forward,England,Tottenham Hotspur,26,31,0.0,0.0,0.0,29,2,2,2587,18,188.0,150000000.0,120000000.0,-30000000.0,150.0,120.0,-30.0
220,2,216,1,25,188,2019,Dele Alli,Attacking Midfield,England,Tottenham Hotspur,24,28,0.0,0.0,0.0,25,4,1,1847,8,188.0,90000000.0,64000000.0,-26000000.0,90.0,64.0,-26.0
221,2,701,2,27,188,2019,Moussa Sissoko,Central Midfield,France,Tottenham Hotspur,30,35,0.0,0.0,0.0,29,1,0,2452,2,187.0,25000000.0,20000000.0,-5000000.0,25.0,20.0,-5.0
222,2,898,2,27,188,2019,Tanguy Ndombele,Central Midfield,France,Tottenham Hotspur,23,28,0.0,0.0,0.0,21,2,0,1009,2,181.0,65000000.0,52000000.0,-13000000.0,65.0,52.0,-13.0
223,2,369,8,43,188,2019,Heung-min Son,Left Winger,"Korea, South",Tottenham Hotspur,28,32,0.0,0.0,0.0,30,10,0,2478,11,184.0,80000000.0,64000000.0,-16000000.0,80.0,64.0,-16.0
224,2,888,8,48,188,2019,Steven Bergwijn,Left Winger,Netherlands,Tottenham Hotspur,22,27,0.0,0.0,0.0,14,1,0,704,3,171.0,35000000.0,28000000.0,-7000000.0,35.0,28.0,-7.0
225,2,809,2,4,195,2019,Roberto Pereyra,Central Midfield,Argentina,Watford FC,29,34,-7.0,1.0,-1.0,28,0,1,1648,3,182.0,11000000.0,9000000.0,-2000000.0,11.0,9.0,-2.0
226,2,932,4,25,195,2019,Troy Deeney,Centre-Forward,England,Watford FC,32,36,-7.0,1.0,-1.0,27,2,5,2225,10,184.0,8000000.0,6500000.0,-1500000.0,8.0,6.5,-1.5
227,2,198,4,25,195,2019,Danny Welbeck,Centre-Forward,England,Watford FC,29,34,-7.0,1.0,-1.0,18,0,0,823,2,185.0,9000000.0,5500000.0,-3500000.0,9.0,5.5,-3.5
228,2,178,3,25,195,2019,Craig Dawson,Centre-Back,England,Watford FC,30,34,-7.0,1.0,-1.0,29,0,0,2361,2,188.0,6000000.0,4800000.0,-1200000.0,6.0,4.8,-1.2
229,2,921,2,25,195,2019,Tom Cleverley,Central Midfield,England,Watford FC,30,35,-7.0,1.0,-1.0,18,0,0,971,1,175.0,6000000.0,4800000.0,-1200000.0,6.0,4.8,-1.2
230,2,963,2,25,195,2019,Will Hughes,Central Midfield,England,Watford FC,25,29,-7.0,1.0,-1.0,30,1,0,2252,1,185.0,18000000.0,14500000.0,-3500000.0,18.0,14.5,-3.5
231,2,52,4,41,195,2019,Andre Gray,Centre-Forward,Jamaica,Watford FC,29,33,-7.0,1.0,-1.0,23,0,0,755,2,178.0,12000000.0,9500000.0,-2500000.0,12.0,9.5,-2.5
232,2,8,2,45,195,2019,Abdoulaye Doucoure,Central Midfield,Mali,Watford FC,27,32,-7.0,1.0,-1.0,37,2,0,3156,4,183.0,25000000.0,20000000.0,-5000000.0,25.0,20.0,-5.0
233,2,14,3,47,195,2019,Adam Masina,Centre-Back,Morocco,Watford FC,26,31,-7.0,1.0,-1.0,26,0,0,1821,1,191.0,5000000.0,5500000.0,500000.0,5.0,5.5,0.5
234,2,385,11,59,195,2019,Ismaila Sarr,Right Winger,Senegal,Watford FC,22,26,-7.0,1.0,-1.0,28,4,0,2028,5,185.0,27000000.0,24500000.0,-2500000.0,27.0,24.5,-2.5
235,2,333,4,63,195,2019,Gerard Deulofeu,Centre-Forward,Spain,Watford FC,25,30,-7.0,1.0,-1.0,28,5,1,2097,4,177.0,25000000.0,20000000.0,-5000000.0,25.0,20.0,-5.0
236,2,294,8,10,199,2019,Felipe Anderson,Left Winger,Brazil,West Ham United,27,31,-8.0,0.0,-1.0,25,4,0,1497,1,175.0,45000000.0,32000000.0,-13000000.0,45.0,32.0,-13.0
237,2,862,4,16,199,2019,Sebastien Haller,Centre-Forward,Cote dIvoire,West Ham United,26,30,-8.0,0.0,-1.0,32,1,0,2266,7,190.0,45000000.0,36000000.0,-9000000.0,45.0,36.0,-9.0
238,2,925,5,19,199,2019,Tomas Soucek,Defensive Midfield,Czech Republic,West Ham United,25,29,-8.0,0.0,-1.0,13,0,0,1040,3,192.0,7500000.0,12000000.0,4500000.0,7.5,12.0,4.5
239,2,621,2,25,199,2019,Mark Noble,Central Midfield,England,West Ham United,33,37,-8.0,0.0,-1.0,33,3,3,2674,4,180.0,6000000.0,4800000.0,-1200000.0,6.0,4.8,-1.2
240,2,2,9,25,199,2019,Aaron Cresswell,Left-Back,England,West Ham United,30,35,-8.0,0.0,-1.0,31,0,0,2727,3,170.0,8000000.0,6500000.0,-1500000.0,8.0,6.5,-1.5
241,2,213,2,25,199,2019,Declan Rice,Central Midfield,England,West Ham United,21,26,-8.0,0.0,-1.0,38,3,0,3420,1,188.0,50000000.0,49500000.0,-500000.0,50.0,49.5,-0.5
242,2,428,11,25,199,2019,Jarrod Bowen,Right Winger,England,West Ham United,23,28,-8.0,0.0,-1.0,13,4,0,917,1,176.0,,16000000.0,16000000.0,0.0,16.0,16.0
243,2,387,3,27,199,2019,Issa Diop,Centre-Back,France,West Ham United,23,28,-8.0,0.0,-1.0,32,1,0,2766,3,194.0,35000000.0,28000000.0,-7000000.0,35.0,28.0,-7.0
244,2,65,3,40,199,2019,Angelo Ogbonna,Centre-Back,Italy,West Ham United,32,36,-8.0,0.0,-1.0,31,0,0,2786,2,191.0,8000000.0,6500000.0,-1500000.0,8.0,6.5,-1.5
245,2,673,4,41,199,2019,Michail Antonio,Centre-Forward,Jamaica,West Ham United,30,34,-8.0,0.0,-1.0,24,3,1,1768,10,180.0,12000000.0,9500000.0,-2500000.0,12.0,9.5,-2.5
246,2,154,4,46,199,2019,Chicharito,Centre-Forward,Mexico,West Ham United,31,36,-8.0,0.0,-1.0,2,0,0,107,1,175.0,9000000.0,6800000.0,-2200000.0,9.0,6.8,-2.2
247,2,281,3,54,199,2019,Fabian Balbuena,Centre-Back,Paraguay,West Ham United,28,33,-8.0,0.0,-1.0,17,0,0,1177,1,189.0,12000000.0,9500000.0,-2500000.0,12.0,9.5,-2.5
248,2,807,11,58,199,2019,Robert Snodgrass,Right Winger,Scotland,West Ham United,32,37,-8.0,0.0,-1.0,24,5,0,1509,5,182.0,6000000.0,4800000.0,-1200000.0,6.0,4.8,-1.2
249,2,750,1,63,199,2019,Pablo Fornals,Attacking Midfield,Spain,West Ham United,24,28,-8.0,0.0,-1.0,36,5,0,2172,2,178.0,22000000.0,16000000.0,-6000000.0,22.0,16.0,-6.0
250,2,60,11,70,199,2019,Andriy Yarmolenko,Right Winger,Ukraine,West Ham United,30,35,-8.0,0.0,-1.0,23,1,0,991,5,189.0,15000000.0,9500000.0,-5500000.0,15.0,9.5,-5.5
251,2,555,5,8,202,2019,Leander Dendoncker,Defensive Midfield,Belgium,Wolverhampton Wanderers,25,29,8.0,0.0,1.0,38,0,0,2795,4,188.0,25000000.0,22500000.0,-2500000.0,25.0,22.5,-2.5
252,2,646,12,38,202,2019,Matt Doherty,Right-Back,Ireland,Wolverhampton Wanderers,28,33,8.0,0.0,1.0,36,3,0,2839,4,185.0,20000000.0,16000000.0,-4000000.0,20.0,16.0,-4.0
253,2,757,4,40,202,2019,Patrick Cutrone,Centre-Forward,Italy,Wolverhampton Wanderers,21,27,8.0,0.0,1.0,12,0,0,297,2,183.0,25000000.0,15500000.0,-9500000.0,25.0,15.5,-9.5
254,2,791,4,46,202,2019,Raul Jimenez,Centre-Forward,Mexico,Wolverhampton Wanderers,29,33,8.0,0.0,1.0,38,6,4,3236,17,187.0,42000000.0,40000000.0,-2000000.0,42.0,40.0,-2.0
255,2,820,3,47,202,2019,Romain Saiss,Centre-Back,Morocco,Wolverhampton Wanderers,30,34,8.0,0.0,1.0,33,1,0,2706,2,188.0,5000000.0,4000000.0,-1000000.0,5.0,4.0,-1.0
256,2,769,11,56,202,2019,Pedro Neto,Right Winger,Portugal,Wolverhampton Wanderers,20,24,8.0,0.0,1.0,29,3,0,939,3,174.0,7000000.0,11500000.0,4500000.0,7.0,11.5,4.5
257,2,229,4,56,202,2019,Diogo Jota,Centre-Forward,Portugal,Wolverhampton Wanderers,23,28,8.0,0.0,1.0,34,1,0,2284,7,178.0,35000000.0,28000000.0,-7000000.0,35.0,28.0,-7.0
258,2,828,5,56,202,2019,Ruben Neves,Defensive Midfield,Portugal,Wolverhampton Wanderers,23,27,8.0,0.0,1.0,38,2,0,3056,2,180.0,50000000.0,40000000.0,-10000000.0,50.0,40.0,-10.0
259,2,454,2,56,202,2019,Joao Moutinho,Central Midfield,Portugal,Wolverhampton Wanderers,33,38,8.0,0.0,1.0,38,6,0,3108,1,170.0,10000000.0,8000000.0,-2000000.0,10.0,8.0,-2.0
260,2,195,11,56,202,2019,Daniel Podence,Right Winger,Portugal,Wolverhampton Wanderers,24,29,8.0,0.0,1.0,9,0,0,289,1,170.0,6000000.0,12000000.0,6000000.0,6.0,12.0,6.0
261,2,16,11,63,202,2019,Adama Traore,Right Winger,Spain,Wolverhampton Wanderers,24,29,8.0,0.0,1.0,37,9,0,2605,4,178.0,28000000.0,25500000.0,-2500000.0,28.0,25.5,-2.5
262,2,483,12,63,202,2019,Jonny Otto,Right-Back,Spain,Wolverhampton Wanderers,26,30,8.0,0.0,1.0,35,2,0,2888,2,175.0,20000000.0,16000000.0,-4000000.0,20.0,16.0,-4.0
263,2,316,8,10,21,2020,Gabriel Martinelli,Left Winger,Brazil,Arsenal FC,19,23,-5.0,0.0,-1.0,14,1,0,589,2,178.0,25000000.0,22000000.0,-3000000.0,25.0,22.0,-3.0
264,2,965,8,10,21,2020,Willian,Left Winger,Brazil,Arsenal FC,32,36,-5.0,0.0,-1.0,25,5,0,1406,1,175.0,19000000.0,9000000.0,-10000000.0,19.0,9.0,-10.0
265,2,206,3,10,21,2020,David Luiz,Centre-Back,Brazil,Arsenal FC,34,37,-5.0,0.0,-1.0,20,0,0,1397,1,189.0,8000000.0,4000000.0,-4000000.0,8.0,4.0,-4.0
266,2,314,3,10,21,2020,Gabriel Magalhaes,Centre-Back,Brazil,Arsenal FC,23,27,-5.0,0.0,-1.0,23,0,0,1997,2,190.0,20000000.0,25000000.0,5000000.0,20.0,25.0,5.0
267,2,724,11,16,21,2020,Nicolas Pepe,Right Winger,Cote dIvoire,Arsenal FC,25,29,-5.0,0.0,-1.0,29,1,1,1617,10,183.0,45000000.0,35000000.0,-10000000.0,45.0,35.0,-10.0
268,2,684,5,24,21,2020,Mohamed Elneny,Defensive Midfield,Egypt,Arsenal FC,28,32,-5.0,0.0,-1.0,23,0,0,1544,1,179.0,5000000.0,10000000.0,5000000.0,5.0,10.0,5.0
269,2,258,1,25,21,2020,Emile Smith Rowe,Attacking Midfield,England,Arsenal FC,20,24,-5.0,0.0,-1.0,20,4,0,1440,2,182.0,2700000.0,18000000.0,15300000.0,2.7,18.0,15.3
270,2,132,11,25,21,2020,Bukayo Saka,Right Winger,England,Arsenal FC,19,23,-5.0,0.0,-1.0,32,3,0,2553,5,178.0,35000000.0,65000000.0,30000000.0,35.0,65.0,30.0
271,2,245,4,25,21,2020,Eddie Nketiah,Centre-Forward,England,Arsenal FC,21,25,-5.0,0.0,-1.0,17,1,0,422,2,175.0,15000000.0,16000000.0,1000000.0,15.0,16.0,1.0
272,2,34,4,27,21,2020,Alexandre Lacazette,Centre-Forward,France,Arsenal FC,29,33,-5.0,0.0,-1.0,31,2,3,1924,13,175.0,42000000.0,28000000.0,-14000000.0,42.0,28.0,-14.0
273,2,778,4,28,21,2020,Pierre-Emerick Aubameyang,Centre-Forward,Gabon,Arsenal FC,31,35,-5.0,0.0,-1.0,29,3,2,2333,10,187.0,50000000.0,25000000.0,-25000000.0,50.0,25.0,-25.0
274,2,624,1,53,21,2020,Martin odegaard,Attacking Midfield,Norway,Arsenal FC,22,26,-5.0,0.0,-1.0,14,2,0,866,1,178.0,45000000.0,40000000.0,-5000000.0,45.0,40.0,-5.0
275,2,540,9,58,21,2020,Kieran Tierney,Left-Back,Scotland,Arsenal FC,23,27,-5.0,0.0,-1.0,27,3,0,2299,1,180.0,28000000.0,32000000.0,4000000.0,28.0,32.0,4.0
276,2,366,12,63,21,2020,Hector Bellerin,Right-Back,Spain,Arsenal FC,26,29,-5.0,0.0,-1.0,25,2,0,2089,1,178.0,32000000.0,25000000.0,-7000000.0,32.0,25.0,-7.0
277,2,347,5,65,21,2020,Granit Xhaka,Defensive Midfield,Switzerland,Arsenal FC,28,32,-5.0,0.0,-1.0,31,2,0,2523,1,186.0,28000000.0,22000000.0,-6000000.0,28.0,22.0,-6.0
278,2,110,11,11,22,2020,Bertrand Traore,Right Winger,Burkina Faso,Aston Villa,25,29,0.0,0.0,0.0,36,6,0,2317,7,181.0,13000000.0,20000000.0,7000000.0,13.0,20.0,7.0
279,2,598,8,24,22,2020,Mahmoud Trezeguet,Left Winger,Egypt,Aston Villa,26,30,0.0,0.0,0.0,21,1,0,1166,2,180.0,8000000.0,10000000.0,2000000.0,8.0,10.0,2.0
280,2,741,4,25,22,2020,Ollie Watkins,Centre-Forward,England,Aston Villa,25,29,0.0,0.0,0.0,37,5,1,3329,14,180.0,30000000.0,32000000.0,2000000.0,30.0,32.0,2.0
281,2,395,8,25,22,2020,Jack Grealish,Left Winger,England,Aston Villa,25,29,0.0,0.0,0.0,26,10,0,2185,6,180.0,40000000.0,65000000.0,25000000.0,40.0,65.0,25.0
282,2,280,3,25,22,2020,Ezri Konsa,Centre-Back,England,Aston Villa,23,27,0.0,0.0,0.0,36,0,0,3196,2,183.0,9000000.0,25000000.0,16000000.0,9.0,25.0,16.0
283,2,528,4,25,22,2020,Keinan Davis,Centre-Forward,England,Aston Villa,23,26,0.0,0.0,0.0,15,1,0,277,1,189.0,2300000.0,3000000.0,700000.0,2.3,3.0,0.7
284,2,935,3,25,22,2020,Tyrone Mings,Centre-Back,England,Aston Villa,28,31,0.0,0.0,0.0,36,2,0,3195,2,196.0,27000000.0,30000000.0,3000000.0,27.0,30.0,3.0
285,2,546,3,25,22,2020,Kortney Hause,Centre-Back,England,Aston Villa,25,29,0.0,0.0,0.0,7,0,0,630,1,191.0,6500000.0,5000000.0,-1500000.0,6.5,5.0,-1.5
286,2,177,2,38,22,2020,Conor Hourihane,Central Midfield,Ireland,Aston Villa,29,33,0.0,0.0,0.0,4,1,0,226,1,181.0,6000000.0,3500000.0,-2500000.0,6.0,3.5,-2.5
287,2,76,11,48,22,2020,Anwar El Ghazi,Right Winger,Netherlands,Aston Villa,26,29,0.0,0.0,0.0,28,0,4,1613,10,189.0,8000000.0,13000000.0,5000000.0,8.0,13.0,5.0
288,2,474,2,58,22,2020,John McGinn,Central Midfield,Scotland,Aston Villa,26,30,0.0,0.0,0.0,37,5,0,3330,3,178.0,16000000.0,30000000.0,14000000.0,16.0,30.0,14.0
289,2,35,2,4,43,2020,Alexis Mac Allister,Central Midfield,Argentina,Brighton & Hove Albion,22,26,0.0,0.0,0.0,21,1,0,1115,1,176.0,11000000.0,10000000.0,-1000000.0,11.0,10.0,-1.0
290,2,556,8,8,43,2020,Leandro Trossard,Left Winger,Belgium,Brighton & Hove Albion,26,30,0.0,0.0,0.0,35,5,0,2607,5,172.0,15000000.0,17000000.0,2000000.0,15.0,17.0,2.0
291,2,887,2,15,43,2020,Steven Alzate,Central Midfield,Colombia,Brighton & Hove Albion,22,26,0.0,0.0,0.0,15,0,0,896,1,180.0,7000000.0,6000000.0,-1000000.0,7.0,6.0,-1.0
292,2,188,3,25,43,2020,Dan Burn,Centre-Back,England,Brighton & Hove Albion,29,32,0.0,0.0,0.0,27,0,0,2061,1,201.0,5000000.0,5000000.0,0.0,5.0,5.0,0.0
293,2,561,3,25,43,2020,Lewis Dunk,Centre-Back,England,Brighton & Hove Albion,29,33,0.0,0.0,0.0,33,0,0,2933,5,192.0,20000000.0,25000000.0,5000000.0,20.0,25.0,5.0
294,2,198,4,25,43,2020,Danny Welbeck,Centre-Forward,England,Brighton & Hove Albion,30,34,0.0,0.0,0.0,24,1,0,1545,6,185.0,,4000000.0,4000000.0,0.0,4.0,4.0
295,2,13,1,25,43,2020,Adam Lallana,Attacking Midfield,England,Brighton & Hove Albion,33,36,0.0,0.0,0.0,30,1,0,1595,1,172.0,8000000.0,4000000.0,-4000000.0,8.0,4.0,-4.0
296,2,882,11,25,43,2020,Solly March,Right Winger,England,Brighton & Hove Albion,26,30,0.0,0.0,0.0,21,1,0,1672,2,180.0,9000000.0,9000000.0,0.0,9.0,9.0,0.0
297,2,15,3,25,43,2020,Adam Webster,Centre-Back,England,Brighton & Hove Albion,26,30,0.0,0.0,0.0,29,0,0,2594,1,190.0,15000000.0,18000000.0,3000000.0,15.0,18.0,3.0
298,2,715,4,27,43,2020,Neal Maupay,Centre-Forward,France,Brighton & Hove Albion,24,28,0.0,0.0,0.0,33,2,3,2513,8,171.0,20000000.0,20000000.0,0.0,20.0,20.0,0.0
299,2,754,2,29,43,2020,Pascal Gross,Central Midfield,Germany,Brighton & Hove Albion,29,33,0.0,0.0,0.0,34,8,3,2484,3,181.0,7000000.0,7000000.0,0.0,7.0,7.0,0.0
300,2,899,12,30,43,2020,Tariq Lamptey,Right-Back,Ghana,Brighton & Hove Albion,20,24,0.0,0.0,0.0,11,1,0,887,1,163.0,8000000.0,18000000.0,10000000.0,8.0,18.0,10.0
301,2,1,4,38,43,2020,Aaron Connolly,Centre-Forward,Ireland,Brighton & Hove Albion,21,25,0.0,0.0,0.0,17,1,0,791,2,174.0,7000000.0,7000000.0,0.0,7.0,7.0,0.0
302,2,981,5,45,43,2020,Yves Bissouma,Defensive Midfield,Mali,Brighton & Hove Albion,24,28,0.0,0.0,0.0,36,0,0,3112,1,182.0,13000000.0,25000000.0,12000000.0,13.0,25.0,12.0
303,2,466,12,48,43,2020,Joel Veltman,Right-Back,Netherlands,Brighton & Hove Albion,29,33,0.0,0.0,0.0,28,1,0,2281,1,184.0,5000000.0,6000000.0,1000000.0,5.0,6.0,1.0
304,2,631,4,19,46,2020,Matej Vydra,Centre-Forward,Czech Republic,Burnley FC,29,32,1.0,0.0,1.0,28,2,0,1370,3,180.0,4000000.0,3000000.0,-1000000.0,4.0,3.0,-1.0
305,2,242,1,25,46,2020,Dwight McNeil,Attacking Midfield,England,Burnley FC,21,25,1.0,0.0,1.0,36,5,0,3069,2,183.0,25000000.0,22000000.0,-3000000.0,25.0,22.0,-3.0
306,2,86,4,25,46,2020,Ashley Barnes,Centre-Forward,England,Burnley FC,31,35,1.0,0.0,1.0,22,0,1,1331,3,185.0,6500000.0,3500000.0,-3000000.0,6.5,3.5,-3.0
307,2,87,5,25,46,2020,Ashley Westwood,Defensive Midfield,England,Burnley FC,31,34,1.0,0.0,1.0,38,3,0,3410,3,174.0,5500000.0,5000000.0,-500000.0,5.5,5.0,-0.5
308,2,651,12,25,46,2020,Matthew Lowton,Right-Back,England,Burnley FC,31,35,1.0,0.0,1.0,34,1,0,3060,1,180.0,4000000.0,2500000.0,-1500000.0,4.0,2.5,-1.5
309,2,417,3,25,46,2020,James Tarkowski,Centre-Back,England,Burnley FC,28,32,1.0,0.0,1.0,36,0,0,3240,1,185.0,28000000.0,25000000.0,-3000000.0,28.0,25.0,-3.0
310,2,431,4,25,46,2020,Jay Rodriguez,Centre-Forward,England,Burnley FC,31,35,1.0,0.0,1.0,31,2,0,1265,1,185.0,6000000.0,4000000.0,-2000000.0,6.0,4.0,-2.0
311,2,101,3,25,46,2020,Ben Mee,Centre-Back,England,Burnley FC,31,35,1.0,0.0,1.0,30,0,0,2693,2,180.0,8000000.0,6000000.0,-2000000.0,8.0,6.0,-2.0
312,2,469,11,36,46,2020,Johann Berg Gudmundsson,Right Winger,Iceland,Burnley FC,30,34,1.0,0.0,1.0,22,0,0,1363,2,186.0,6500000.0,3000000.0,-3500000.0,6.5,3.0,-3.5
313,2,449,3,38,46,2020,Jimmy Dunne,Centre-Back,Ireland,Burnley FC,23,27,1.0,0.0,1.0,3,0,0,270,1,191.0,200000.0,600000.0,400000.0,0.2,0.6,0.4
314,2,805,7,38,46,2020,Robbie Brady,Left Midfield,Ireland,Burnley FC,29,33,1.0,0.0,1.0,19,1,0,1052,1,176.0,4800000.0,3000000.0,-1800000.0,4.8,3.0,-1.8
315,2,159,4,49,46,2020,Chris Wood,Centre-Forward,New Zealand,Burnley FC,29,33,1.0,0.0,1.0,33,3,2,2742,12,191.0,12000000.0,8000000.0,-4000000.0,12.0,8.0,-4.0
316,2,909,3,10,50,2020,Thiago Silva,Centre-Back,Brazil,Chelsea FC,36,40,-2.0,0.0,-1.0,23,0,0,1936,2,181.0,4500000.0,3000000.0,-1500000.0,4.5,3.0,-1.5
317,2,897,4,25,50,2020,Tammy Abraham,Centre-Forward,England,Chelsea FC,23,27,-2.0,0.0,-1.0,22,1,0,1040,6,194.0,40000000.0,38000000.0,-2000000.0,40.0,38.0,-2.0
318,2,629,1,25,50,2020,Mason Mount,Attacking Midfield,England,Chelsea FC,22,26,-2.0,0.0,-1.0,36,6,1,2891,6,181.0,45000000.0,75000000.0,30000000.0,45.0,75.0,30.0
319,2,97,9,25,50,2020,Ben Chilwell,Left-Back,England,Chelsea FC,24,28,-2.0,0.0,-1.0,27,5,0,2286,3,180.0,50000000.0,45000000.0,-5000000.0,50.0,45.0,-5.0
320,2,793,12,25,50,2020,Reece James,Right-Back,England,Chelsea FC,21,25,-2.0,0.0,-1.0,32,2,0,2373,1,180.0,30000000.0,40000000.0,10000000.0,30.0,40.0,10.0
321,2,133,8,25,50,2020,Callum Hudson-Odoi,Left Winger,England,Chelsea FC,20,24,-2.0,0.0,-1.0,23,3,0,1059,2,178.0,35000000.0,32000000.0,-3000000.0,35.0,32.0,-3.0
322,2,549,3,27,50,2020,Kurt Zouma,Centre-Back,France,Chelsea FC,26,30,-2.0,0.0,-1.0,24,0,0,2029,5,190.0,30000000.0,32000000.0,2000000.0,30.0,32.0,2.0
323,2,740,4,27,50,2020,Olivier Giroud,Centre-Forward,France,Chelsea FC,34,38,-2.0,0.0,-1.0,17,0,0,748,4,192.0,5000000.0,4000000.0,-1000000.0,5.0,4.0,-1.0
324,2,515,4,29,50,2020,Kai Havertz,Centre-Forward,Germany,Chelsea FC,21,25,-2.0,0.0,-1.0,27,3,0,1519,4,193.0,81000000.0,70000000.0,-11000000.0,81.0,70.0,-11.0
325,2,915,8,29,50,2020,Timo Werner,Left Winger,Germany,Chelsea FC,25,28,-2.0,0.0,-1.0,35,8,0,2602,6,180.0,70000000.0,65000000.0,-5000000.0,70.0,65.0,-5.0
326,2,74,3,29,50,2020,Antonio Rudiger,Centre-Back,Germany,Chelsea FC,28,31,-2.0,0.0,-1.0,19,0,0,1710,1,190.0,30000000.0,28000000.0,-2000000.0,30.0,28.0,-2.0
327,2,487,5,40,50,2020,Jorginho,Defensive Midfield,Italy,Chelsea FC,29,33,-2.0,0.0,-1.0,28,1,7,2010,7,178.0,50000000.0,45000000.0,-5000000.0,50.0,45.0,-5.0
328,2,354,11,47,50,2020,Hakim Ziyech,Right Winger,Morocco,Chelsea FC,28,31,-2.0,0.0,-1.0,23,3,0,1171,2,180.0,40000000.0,38000000.0,-2000000.0,40.0,38.0,-2.0
329,2,149,3,63,50,2020,Cesar Azpilicueta,Centre-Back,Spain,Chelsea FC,31,35,-2.0,0.0,-1.0,26,2,0,2189,1,178.0,20000000.0,13000000.0,-7000000.0,20.0,13.0,-7.0
330,2,612,9,63,50,2020,Marcos Alonso,Left-Back,Spain,Chelsea FC,30,34,-2.0,0.0,-1.0,13,0,0,960,2,188.0,18000000.0,12000000.0,-6000000.0,18.0,12.0,-6.0
331,2,164,11,71,50,2020,Christian Pulisic,Right Winger,United States,Chelsea FC,22,26,-2.0,0.0,-1.0,27,2,0,1739,4,177.0,60000000.0,50000000.0,-10000000.0,60.0,50.0,-10.0
332,2,160,4,8,57,2020,Christian Benteke,Centre-Forward,Belgium,Crystal Palace,30,34,-6.0,0.0,-1.0,30,1,0,1817,10,190.0,9000000.0,9000000.0,0.0,9.0,9.0,0.0
333,2,675,4,8,57,2020,Michy Batshuayi,Centre-Forward,Belgium,Crystal Palace,27,31,-6.0,0.0,-1.0,18,1,0,728,2,185.0,14000000.0,10000000.0,-4000000.0,14.0,10.0,-4.0
334,2,962,8,16,57,2020,Wilfried Zaha,Left Winger,Cote dIvoire,Crystal Palace,28,32,-6.0,0.0,-1.0,30,2,2,2612,11,180.0,50000000.0,45000000.0,-5000000.0,50.0,45.0,-5.0
335,2,244,1,25,57,2020,Eberechi Eze,Attacking Midfield,England,Crystal Palace,22,26,-6.0,0.0,-1.0,34,6,0,2559,4,178.0,18000000.0,20000000.0,2000000.0,18.0,20.0,2.0
336,2,61,11,25,57,2020,Andros Townsend,Right Winger,England,Crystal Palace,29,33,-6.0,0.0,-1.0,34,5,0,2258,1,181.0,9500000.0,7000000.0,-2500000.0,9.5,7.0,-2.5
337,2,934,9,25,57,2020,Tyrick Mitchell,Left-Back,England,Crystal Palace,21,25,-6.0,0.0,-1.0,19,1,0,1710,1,181.0,5000000.0,7000000.0,2000000.0,5.0,7.0,2.0
338,2,323,3,25,57,2020,Gary Cahill,Centre-Back,England,Crystal Palace,35,39,-6.0,0.0,-1.0,20,1,0,1800,1,193.0,2500000.0,1500000.0,-1000000.0,2.5,1.5,-1.0
339,2,858,3,25,57,2020,Scott Dann,Centre-Back,England,Crystal Palace,34,37,-6.0,0.0,-1.0,15,0,0,1350,1,194.0,2800000.0,1500000.0,-1300000.0,2.8,1.5,-1.3
340,2,434,4,27,57,2020,Jean-Philippe Mateta,Centre-Forward,France,Crystal Palace,23,27,-6.0,0.0,-1.0,7,0,0,221,1,192.0,15000000.0,13000000.0,-2000000.0,15.0,13.0,-2.0
341,2,438,7,30,57,2020,Jeffrey Schlupp,Left Midfield,Ghana,Crystal Palace,28,32,-6.0,0.0,-1.0,27,3,0,1428,2,178.0,10000000.0,9000000.0,-1000000.0,10.0,9.0,-1.0
342,2,484,4,30,57,2020,Jordan Ayew,Centre-Forward,Ghana,Crystal Palace,29,33,-6.0,0.0,-1.0,33,3,0,2096,1,182.0,10000000.0,8000000.0,-2000000.0,10.0,8.0,-2.0
343,2,407,5,48,57,2020,Jairo Riedewald,Defensive Midfield,Netherlands,Crystal Palace,24,28,-6.0,0.0,-1.0,33,0,0,1820,2,182.0,4500000.0,8000000.0,3500000.0,4.5,8.0,3.5
344,2,152,5,59,57,2020,Cheikhou Kouyate,Defensive Midfield,Senegal,Crystal Palace,31,35,-6.0,0.0,-1.0,36,0,0,3121,1,189.0,8000000.0,6000000.0,-2000000.0,8.0,6.0,-2.0
345,2,588,5,60,57,2020,Luka Milivojevic,Defensive Midfield,Serbia,Crystal Palace,30,33,-6.0,0.0,-1.0,31,1,1,2360,1,186.0,16000000.0,8000000.0,-8000000.0,16.0,8.0,-8.0
346,2,799,4,10,66,2020,Richarlison,Centre-Forward,Brazil,Everton FC,24,27,-4.0,0.0,-1.0,34,3,1,2862,7,184.0,60000000.0,55000000.0,-5000000.0,60.0,55.0,-5.0
347,2,108,8,10,66,2020,Bernard,Left Winger,Brazil,Everton FC,28,32,-4.0,0.0,-1.0,12,0,0,455,1,167.0,15000000.0,12000000.0,-3000000.0,15.0,12.0,-3.0
348,2,416,1,15,66,2020,James Rodriguez,Attacking Midfield,Colombia,Everton FC,29,33,-4.0,0.0,-1.0,23,4,0,1764,6,180.0,35000000.0,28000000.0,-7000000.0,35.0,28.0,-7.0
349,2,975,3,15,66,2020,Yerry Mina,Centre-Back,Colombia,Everton FC,26,30,-4.0,0.0,-1.0,24,0,0,1937,2,195.0,20000000.0,20000000.0,0.0,20.0,20.0,0.0
350,2,233,4,25,66,2020,Dominic Calvert-Lewin,Centre-Forward,England,Everton FC,24,27,-4.0,0.0,-1.0,33,1,0,2871,16,189.0,40000000.0,45000000.0,5000000.0,40.0,45.0,5.0
351,2,669,3,25,66,2020,Michael Keane,Centre-Back,England,Everton FC,28,32,-4.0,0.0,-1.0,35,1,0,2991,3,188.0,28000000.0,25000000.0,-3000000.0,28.0,25.0,-3.0
352,2,352,1,36,66,2020,Gylfi Sigurdsson,Attacking Midfield,Iceland,Everton FC,31,35,-4.0,0.0,-1.0,36,5,3,2253,6,186.0,18000000.0,13000000.0,-5000000.0,18.0,13.0,-5.0
353,2,628,3,41,66,2020,Mason Holgate,Centre-Back,Jamaica,Everton FC,24,28,-4.0,0.0,-1.0,28,0,0,2287,1,187.0,18000000.0,20000000.0,2000000.0,18.0,20.0,2.0
354,2,8,2,45,66,2020,Abdoulaye Doucoure,Central Midfield,Mali,Everton FC,28,32,-4.0,0.0,-1.0,29,3,0,2443,2,183.0,25000000.0,25000000.0,0.0,25.0,25.0,0.0
355,2,28,8,50,66,2020,Alex Iwobi,Left Winger,Nigeria,Everton FC,25,28,-4.0,0.0,-1.0,30,2,0,1542,1,183.0,25500000.0,22000000.0,-3500000.0,25.5,22.0,-3.5
356,2,825,2,25,79,2020,Ross Barkley,Central Midfield,England,For 2 Clubs,27,31,,,-1.0,26,1,0,1573,3,189.0,21500000.0,20000000.0,-1500000.0,21.5,20.0,-1.5
357,2,463,2,25,79,2020,Joe Willock,Central Midfield,England,For 2 Clubs,21,25,,,-1.0,21,0,0,1216,8,186.0,16000000.0,16000000.0,0.0,16.0,16.0,0.0
358,2,442,1,25,79,2020,Jesse Lingard,Attacking Midfield,England,For 2 Clubs,28,32,,,-1.0,16,4,1,1420,9,174.0,14000000.0,22000000.0,8000000.0,14.0,22.0,8.0
359,2,906,11,25,79,2020,Theo Walcott,Right Winger,England,For 2 Clubs,32,35,,,-1.0,22,3,0,1631,3,175.0,10000000.0,5000000.0,-5000000.0,10.0,5.0,-5.0
360,2,827,2,25,79,2020,Ruben Loftus-Cheek,Central Midfield,England,For 2 Clubs,25,29,,,-1.0,31,0,0,1969,1,191.0,24000000.0,18000000.0,-6000000.0,24.0,18.0,-6.0
361,2,896,8,42,79,2020,Takumi Minamino,Left Winger,Japan,For 2 Clubs,26,30,,,-1.0,19,0,0,1004,3,172.0,10000000.0,12000000.0,2000000.0,10.0,12.0,2.0
362,2,229,4,56,79,2020,Diogo Jota,Centre-Forward,Portugal,For 2 Clubs,24,28,,,-1.0,19,0,0,1112,9,178.0,40000000.0,45000000.0,5000000.0,40.0,45.0,5.0
363,2,389,8,3,81,2020,Ivan Cavaleiro,Left Winger,Angola,Fulham FC,27,31,-4.0,1.0,-1.0,36,0,1,2472,3,175.0,8000000.0,7000000.0,-1000000.0,8.0,7.0,-1.0
364,2,450,3,21,81,2020,Joachim Andersen,Centre-Back,Denmark,Fulham FC,24,28,-4.0,1.0,-1.0,31,1,0,2731,1,192.0,13000000.0,22000000.0,9000000.0,13.0,22.0,9.0
365,2,461,9,25,81,2020,Joe Bryan,Left-Back,England,Fulham FC,27,31,-4.0,1.0,-1.0,16,0,0,669,1,170.0,5500000.0,5000000.0,-500000.0,5.5,5.0,-0.5
366,2,619,5,28,81,2020,Mario Lemina,Defensive Midfield,Gabon,Fulham FC,27,31,-4.0,1.0,-1.0,28,0,0,1703,1,184.0,10000000.0,10000000.0,0.0,10.0,10.0,0.0
367,2,115,11,41,81,2020,Bobby De Cordova-Reid,Right Winger,Jamaica,Fulham FC,28,31,-4.0,1.0,-1.0,33,2,0,2372,5,170.0,8000000.0,10000000.0,2000000.0,8.0,10.0,2.0
368,2,492,4,50,81,2020,Josh Maja,Centre-Forward,Nigeria,Fulham FC,22,26,-4.0,1.0,-1.0,15,0,1,810,3,181.0,6500000.0,5000000.0,-1500000.0,6.5,5.0,-1.5
369,2,18,13,50,81,2020,Ademola Lookman,Second Striker,Nigeria,Fulham FC,23,27,-4.0,1.0,-1.0,34,4,0,2747,4,174.0,10000000.0,11000000.0,1000000.0,10.0,11.0,1.0
370,2,734,12,50,81,2020,Ola Aina,Right-Back,Nigeria,Fulham FC,24,28,-4.0,1.0,-1.0,31,1,0,2664,2,184.0,7000000.0,6000000.0,-1000000.0,7.0,6.0,-1.0
371,2,284,1,56,81,2020,Fabio Carvalho,Attacking Midfield,Portugal,Fulham FC,18,22,-4.0,1.0,-1.0,4,0,0,255,1,170.0,,250000.0,250000.0,0.0,0.25,0.25
372,2,920,2,58,81,2020,Tom Cairney,Central Midfield,Scotland,Fulham FC,29,34,-4.0,1.0,-1.0,10,1,0,759,1,185.0,9000000.0,9000000.0,0.0,9.0,9.0,0.0
373,2,26,4,60,81,2020,Aleksandar Mitrovic,Centre-Forward,Serbia,Fulham FC,26,30,-4.0,1.0,-1.0,27,3,1,1402,3,189.0,22000000.0,16000000.0,-6000000.0,22.0,16.0,-6.0
374,2,368,11,3,107,2020,Helder Costa,Right Winger,Angola,Leeds United,27,31,10.0,0.0,1.0,22,3,0,1156,3,179.0,12000000.0,10000000.0,-2000000.0,12.0,10.0,-2.0
375,2,788,8,10,107,2020,Raphinha,Left Winger,Brazil,Leeds United,24,28,10.0,0.0,1.0,30,9,0,2360,6,176.0,18000000.0,30000000.0,12000000.0,18.0,30.0,12.0
376,2,756,4,25,107,2020,Patrick Bamford,Centre-Forward,England,Leeds United,27,31,10.0,0.0,1.0,38,7,2,3050,17,185.0,10000000.0,22000000.0,12000000.0,10.0,22.0,12.0
377,2,396,11,25,107,2020,Jack Harrison,Right Winger,England,Leeds United,24,28,10.0,0.0,1.0,36,8,0,2847,8,175.0,7000000.0,15000000.0,8000000.0,7.0,15.0,8.0
378,2,517,5,25,107,2020,Kalvin Phillips,Defensive Midfield,England,Leeds United,25,29,10.0,0.0,1.0,29,2,0,2428,1,179.0,22000000.0,40000000.0,18000000.0,22.0,40.0,18.0
379,2,755,3,48,107,2020,Pascal Struijk,Centre-Back,Netherlands,Leeds United,21,25,10.0,0.0,1.0,27,0,0,2075,1,190.0,750000.0,9000000.0,8250000.0,0.75,9.0,8.25
380,2,279,9,51,107,2020,Ezgjan Alioski,Left-Back,North Macedonia,Leeds United,29,32,10.0,0.0,1.0,36,3,0,2460,2,171.0,3500000.0,5000000.0,1500000.0,3.5,5.0,1.5
381,2,890,7,52,107,2020,Stuart Dallas,Left Midfield,Northern Ireland,Leeds United,30,33,10.0,0.0,1.0,38,2,0,3409,8,183.0,3000000.0,4000000.0,1000000.0,3.0,4.0,1.0
382,2,635,2,55,107,2020,Mateusz Klich,Central Midfield,Poland,Leeds United,30,34,10.0,0.0,1.0,35,5,2,2394,4,183.0,3500000.0,4000000.0,500000.0,3.5,4.0,0.5
383,2,565,3,58,107,2020,Liam Cooper,Centre-Back,Scotland,Leeds United,29,33,10.0,0.0,1.0,25,0,0,2186,1,186.0,7000000.0,7000000.0,0.0,7.0,7.0,0.0
384,2,812,4,63,107,2020,Rodrigo,Centre-Forward,Spain,Leeds United,30,33,10.0,0.0,1.0,26,2,0,1288,7,182.0,30000000.0,18000000.0,-12000000.0,30.0,18.0,-12.0
385,2,225,3,63,107,2020,Diego Llorente,Centre-Back,Spain,Leeds United,27,31,10.0,0.0,1.0,15,0,0,1204,1,186.0,20000000.0,20000000.0,0.0,20.0,20.0,0.0
386,2,933,4,74,107,2020,Tyler Roberts,Centre-Forward,Wales,Leeds United,22,26,10.0,0.0,1.0,27,2,0,1340,1,180.0,3600000.0,6000000.0,2400000.0,3.6,6.0,2.4
387,2,916,12,8,108,2020,Timothy Castagne,Right-Back,Belgium,Leicester City,25,29,4.0,0.0,1.0,27,3,0,2345,2,185.0,18000000.0,28000000.0,10000000.0,18.0,28.0,10.0
388,2,977,2,8,108,2020,Youri Tielemans,Central Midfield,Belgium,Leicester City,24,27,4.0,0.0,1.0,38,4,2,3357,6,177.0,45000000.0,55000000.0,10000000.0,45.0,55.0,10.0
389,2,221,2,8,108,2020,Dennis Praet,Central Midfield,Belgium,Leicester City,27,30,4.0,0.0,1.0,15,1,0,718,1,181.0,22000000.0,18000000.0,-4000000.0,22.0,18.0,-4.0
390,2,422,4,25,108,2020,Jamie Vardy,Centre-Forward,England,Leicester City,34,38,4.0,0.0,1.0,34,9,8,2840,15,179.0,16000000.0,7000000.0,-9000000.0,16.0,7.0,-9.0
391,2,413,1,25,108,2020,James Maddison,Attacking Midfield,England,Leicester City,24,28,4.0,0.0,1.0,31,5,0,2099,8,175.0,55000000.0,55000000.0,0.0,55.0,55.0,0.0
392,2,363,8,25,108,2020,Harvey Barnes,Left Winger,England,Leicester City,23,27,4.0,0.0,1.0,25,4,0,1945,9,182.0,22000000.0,35000000.0,13000000.0,22.0,35.0,13.0
393,2,606,10,25,108,2020,Marc Albrighton,Right Midfield,England,Leicester City,31,35,4.0,0.0,1.0,31,5,0,1746,1,175.0,5000000.0,4000000.0,-1000000.0,5.0,4.0,-1.0
394,2,412,12,25,108,2020,James Justin,Right-Back,England,Leicester City,22,26,4.0,0.0,1.0,23,1,0,2070,2,183.0,6000000.0,17000000.0,11000000.0,6.0,17.0,11.0
395,2,592,9,25,108,2020,Luke Thomas,Left-Back,England,Leicester City,19,23,4.0,0.0,1.0,14,0,0,969,1,181.0,1000000.0,5000000.0,4000000.0,1.0,5.0,4.0
396,2,192,3,30,108,2020,Daniel Amartey,Centre-Back,Ghana,Leicester City,26,30,4.0,0.0,1.0,12,0,0,722,1,186.0,3500000.0,5000000.0,1500000.0,3.5,5.0,1.5
397,2,960,5,50,108,2020,Wilfred Ndidi,Defensive Midfield,Nigeria,Leicester City,24,28,4.0,0.0,1.0,26,4,0,2176,1,183.0,45000000.0,60000000.0,15000000.0,45.0,60.0,15.0
398,2,530,4,50,108,2020,Kelechi Iheanacho,Centre-Forward,Nigeria,Leicester City,24,28,4.0,0.0,1.0,25,2,0,1459,12,185.0,15000000.0,20000000.0,5000000.0,15.0,20.0,5.0
399,2,482,3,52,108,2020,Jonny Evans,Centre-Back,Northern Ireland,Leicester City,33,37,4.0,0.0,1.0,28,2,0,2473,2,188.0,10000000.0,7000000.0,-3000000.0,10.0,7.0,-3.0
400,2,93,4,63,108,2020,Ayoze Perez,Centre-Forward,Spain,Leicester City,27,31,4.0,0.0,1.0,25,1,0,1331,2,178.0,20000000.0,18000000.0,-2000000.0,20.0,18.0,-2.0
401,2,989,3,68,108,2020,caglar Soyuncu,Centre-Back,Turkiye,Leicester City,25,28,4.0,0.0,1.0,23,0,0,1819,1,185.0,40000000.0,45000000.0,5000000.0,40.0,45.0,5.0
402,2,808,4,10,112,2020,Roberto Firmino,Centre-Forward,Brazil,Liverpool FC,29,33,3.0,0.0,1.0,36,7,0,2838,9,181.0,72000000.0,50000000.0,-22000000.0,72.0,50.0,-22.0
403,2,40,6,10,112,2020,Alisson,Goalkeeper,Brazil,Liverpool FC,28,32,3.0,0.0,1.0,33,0,0,2970,1,193.0,80000000.0,60000000.0,-20000000.0,80.0,60.0,-20.0
404,2,465,3,12,112,2020,Joel Matip,Centre-Back,Cameroon,Liverpool FC,29,33,3.0,0.0,1.0,10,2,0,691,1,195.0,32000000.0,18000000.0,-14000000.0,32.0,18.0,-14.0
405,2,686,11,24,112,2020,Mohamed Salah,Right Winger,Egypt,Liverpool FC,28,32,3.0,0.0,1.0,37,5,6,3078,22,175.0,120000000.0,100000000.0,-20000000.0,120.0,100.0,-20.0
406,2,486,2,25,112,2020,Jordan Henderson,Central Midfield,England,Liverpool FC,30,34,3.0,0.0,1.0,21,1,0,1704,1,182.0,28000000.0,20000000.0,-8000000.0,28.0,20.0,-8.0
407,2,928,12,25,112,2020,Trent Alexander-Arnold,Right-Back,England,Liverpool FC,22,26,3.0,0.0,1.0,36,7,0,3031,2,175.0,110000000.0,75000000.0,-35000000.0,110.0,75.0,-35.0
408,2,185,2,25,112,2020,Curtis Jones,Central Midfield,England,Liverpool FC,20,24,3.0,0.0,1.0,24,2,0,1179,1,185.0,5000000.0,30000000.0,25000000.0,5.0,30.0,25.0
409,2,29,2,25,112,2020,Alex Oxlade-Chamberlain,Central Midfield,England,Liverpool FC,27,31,3.0,0.0,1.0,13,1,0,253,1,180.0,24000000.0,18000000.0,-6000000.0,24.0,18.0,-6.0
410,2,708,3,25,112,2020,Nat Phillips,Centre-Back,England,Liverpool FC,24,27,3.0,0.0,1.0,17,1,0,1456,1,190.0,1800000.0,8000000.0,6200000.0,1.8,8.0,6.2
411,2,331,2,48,112,2020,Georginio Wijnaldum,Central Midfield,Netherlands,Liverpool FC,30,34,3.0,0.0,1.0,38,0,0,2941,2,175.0,40000000.0,30000000.0,-10000000.0,40.0,30.0,-10.0
412,2,948,3,48,112,2020,Virgil van Dijk,Centre-Back,Netherlands,Liverpool FC,29,33,3.0,0.0,1.0,5,0,0,370,1,195.0,80000000.0,55000000.0,-25000000.0,80.0,55.0,-25.0
413,2,58,9,58,112,2020,Andrew Robertson,Left-Back,Scotland,Liverpool FC,27,30,3.0,0.0,1.0,38,7,0,3383,1,178.0,75000000.0,65000000.0,-10000000.0,75.0,65.0,-10.0
414,2,838,8,59,112,2020,Sadio Mane,Left Winger,Senegal,Liverpool FC,29,32,3.0,0.0,1.0,35,7,0,2810,11,174.0,120000000.0,85000000.0,-35000000.0,120.0,85.0,-35.0
415,2,907,2,63,112,2020,Thiago Alcantara,Central Midfield,Spain,Liverpool FC,30,33,3.0,0.0,1.0,24,0,0,1854,1,174.0,48000000.0,30000000.0,-18000000.0,48.0,30.0,-18.0
416,2,803,11,2,118,2020,Riyad Mahrez,Right Winger,Algeria,Manchester City,30,33,3.0,0.0,1.0,27,6,0,1949,9,179.0,48000000.0,42000000.0,-6000000.0,48.0,42.0,-6.0
417,2,870,4,4,118,2020,Sergio Aguero,Centre-Forward,Argentina,Manchester City,32,36,3.0,0.0,1.0,12,1,1,559,4,173.0,42000000.0,18000000.0,-24000000.0,42.0,18.0,-24.0
418,2,536,1,8,118,2020,Kevin De Bruyne,Attacking Midfield,Belgium,Manchester City,29,33,3.0,0.0,1.0,25,12,2,1997,6,181.0,120000000.0,100000000.0,-20000000.0,120.0,100.0,-20.0
419,2,313,4,10,118,2020,Gabriel Jesus,Centre-Forward,Brazil,Manchester City,24,27,3.0,0.0,1.0,29,4,0,2063,9,175.0,60000000.0,60000000.0,0.0,60.0,60.0,0.0
420,2,774,11,25,118,2020,Phil Foden,Right Winger,England,Manchester City,20,24,3.0,0.0,1.0,28,5,0,1616,9,171.0,40000000.0,80000000.0,40000000.0,40.0,80.0,40.0
421,2,475,3,25,118,2020,John Stones,Centre-Back,England,Manchester City,26,30,3.0,0.0,1.0,22,0,0,1934,4,188.0,30000000.0,30000000.0,0.0,30.0,30.0,0.0
422,2,551,12,25,118,2020,Kyle Walker,Right-Back,England,Manchester City,30,34,3.0,0.0,1.0,24,1,0,1946,1,183.0,40000000.0,28000000.0,-12000000.0,40.0,28.0,-12.0
423,2,785,11,25,118,2020,Raheem Sterling,Right Winger,England,Manchester City,26,30,3.0,0.0,1.0,31,7,0,2536,10,170.0,128000000.0,90000000.0,-38000000.0,128.0,90.0,-38.0
424,2,104,9,27,118,2020,Benjamin Mendy,Left-Back,France,Manchester City,26,30,3.0,0.0,1.0,13,1,0,953,2,185.0,28000000.0,20000000.0,-8000000.0,28.0,20.0,-8.0
425,2,990,2,29,118,2020,ilkay Gundogan,Central Midfield,Germany,Manchester City,30,34,3.0,0.0,1.0,28,2,1,2029,13,180.0,40000000.0,40000000.0,0.0,40.0,40.0,0.0
426,2,709,3,48,118,2020,Nathan Ake,Centre-Back,Netherlands,Manchester City,26,29,3.0,0.0,1.0,10,0,0,797,1,180.0,40000000.0,32000000.0,-8000000.0,40.0,32.0,-8.0
427,2,451,12,56,118,2020,Joao Cancelo,Right-Back,Portugal,Manchester City,26,30,3.0,0.0,1.0,28,3,0,2300,2,182.0,36000000.0,55000000.0,19000000.0,36.0,55.0,19.0
428,2,109,1,56,118,2020,Bernardo Silva,Attacking Midfield,Portugal,Manchester City,26,30,3.0,0.0,1.0,26,6,0,2065,2,173.0,80000000.0,70000000.0,-10000000.0,80.0,70.0,-10.0
429,2,826,3,56,118,2020,Ruben Dias,Centre-Back,Portugal,Manchester City,24,27,3.0,0.0,1.0,32,0,0,2843,1,187.0,35000000.0,75000000.0,40000000.0,35.0,75.0,40.0
430,2,297,11,63,118,2020,Ferran Torres,Right Winger,Spain,Manchester City,21,24,3.0,0.0,1.0,24,2,0,1306,7,184.0,45000000.0,50000000.0,5000000.0,45.0,50.0,5.0
431,2,811,5,63,118,2020,Rodri,Defensive Midfield,Spain,Manchester City,24,28,3.0,0.0,1.0,34,2,1,2748,2,191.0,64000000.0,70000000.0,6000000.0,64.0,70.0,6.0
432,2,310,2,10,119,2020,Fred,Central Midfield,Brazil,Manchester United,28,31,-1.0,0.0,-1.0,30,0,0,2390,1,169.0,17500000.0,22000000.0,4500000.0,17.5,22.0,4.5
433,2,616,8,25,119,2020,Marcus Rashford,Left Winger,England,Manchester United,23,27,-1.0,0.0,-1.0,37,9,0,2916,11,185.0,80000000.0,85000000.0,5000000.0,80.0,85.0,5.0
434,2,360,3,25,119,2020,Harry Maguire,Centre-Back,England,Manchester United,28,31,-1.0,0.0,-1.0,34,1,0,3047,2,194.0,50000000.0,50000000.0,0.0,50.0,50.0,0.0
435,2,5,12,25,119,2020,Aaron Wan-Bissaka,Right-Back,England,Manchester United,23,27,-1.0,0.0,-1.0,34,4,0,3060,2,183.0,40000000.0,40000000.0,0.0,40.0,40.0,0.0
436,2,591,9,25,119,2020,Luke Shaw,Left-Back,England,Manchester United,25,29,-1.0,0.0,-1.0,32,5,0,2654,1,178.0,22000000.0,42000000.0,20000000.0,22.0,42.0,20.0
437,2,70,4,27,119,2020,Anthony Martial,Centre-Forward,France,Manchester United,25,29,-1.0,0.0,-1.0,22,3,0,1481,4,181.0,58000000.0,45000000.0,-13000000.0,58.0,45.0,-13.0
438,2,765,2,27,119,2020,Paul Pogba,Central Midfield,France,Manchester United,28,31,-1.0,0.0,-1.0,26,3,0,1897,3,191.0,80000000.0,60000000.0,-20000000.0,80.0,60.0,-20.0
439,2,627,11,41,119,2020,Mason Greenwood,Right Winger,Jamaica,Manchester United,19,23,-1.0,0.0,-1.0,31,2,0,1822,7,181.0,45000000.0,50000000.0,5000000.0,45.0,50.0,5.0
440,2,236,2,48,119,2020,Donny van de Beek,Central Midfield,Netherlands,Manchester United,24,27,-1.0,0.0,-1.0,19,1,0,526,1,184.0,44000000.0,30000000.0,-14000000.0,44.0,30.0,-14.0
441,2,126,1,56,119,2020,Bruno Fernandes,Attacking Midfield,Portugal,Manchester United,26,30,-1.0,0.0,-1.0,37,11,9,3099,18,179.0,70000000.0,90000000.0,20000000.0,70.0,90.0,20.0
442,2,859,2,58,119,2020,Scott McTominay,Central Midfield,Scotland,Manchester United,24,28,-1.0,0.0,-1.0,32,1,0,2129,4,191.0,22500000.0,35000000.0,12500000.0,22.5,35.0,12.5
443,2,502,1,63,119,2020,Juan Mata,Attacking Midfield,Spain,Manchester United,33,36,-1.0,0.0,-1.0,9,2,1,509,1,170.0,7500000.0,4000000.0,-3500000.0,7.5,4.0,-3.5
444,2,68,11,64,119,2020,Anthony Elanga,Right Winger,Sweden,Manchester United,19,22,-1.0,0.0,-1.0,2,0,0,155,1,178.0,,800000.0,800000.0,0.0,0.8,0.8
445,2,942,3,64,119,2020,Victor Lindelof,Centre-Back,Sweden,Manchester United,26,30,-1.0,0.0,-1.0,29,1,0,2585,1,187.0,24000000.0,24000000.0,0.0,24.0,24.0,0.0
446,2,246,4,72,119,2020,Edinson Cavani,Centre-Forward,Uruguay,Manchester United,34,37,-1.0,0.0,-1.0,26,3,0,1376,10,184.0,12000000.0,6000000.0,-6000000.0,12.0,6.0,-6.0
447,2,193,11,74,119,2020,Daniel James,Right Winger,Wales,Manchester United,23,27,-1.0,0.0,-1.0,15,1,0,910,3,171.0,19000000.0,18000000.0,-1000000.0,19.0,18.0,-1.0
448,2,468,2,10,132,2020,Joelinton,Central Midfield,Brazil,Newcastle United,24,28,0.0,0.0,0.0,31,2,1,1984,4,186.0,20000000.0,17000000.0,-3000000.0,20.0,17.0,-3.0
449,2,135,4,25,132,2020,Callum Wilson,Centre-Forward,England,Newcastle United,29,32,0.0,0.0,0.0,26,5,4,2084,12,180.0,20000000.0,22000000.0,2000000.0,20.0,22.0,2.0
450,2,402,11,25,132,2020,Jacob Murphy,Right Winger,England,Newcastle United,26,29,0.0,0.0,0.0,26,3,0,1626,2,179.0,3500000.0,4000000.0,500000.0,3.5,4.0,0.5
451,2,481,2,25,132,2020,Jonjo Shelvey,Central Midfield,England,Newcastle United,29,32,0.0,0.0,0.0,30,3,0,2617,1,184.0,14500000.0,13000000.0,-1500000.0,14.5,13.0,-1.5
452,2,62,4,25,132,2020,Andy Carroll,Centre-Forward,England,Newcastle United,32,36,0.0,0.0,0.0,18,0,0,392,1,194.0,3200000.0,1500000.0,-1700000.0,3.2,1.5,-1.7
453,2,409,3,25,132,2020,Jamaal Lascelles,Centre-Back,England,Newcastle United,27,31,0.0,0.0,0.0,19,0,0,1625,2,188.0,14500000.0,13000000.0,-1500000.0,14.5,13.0,-1.5
454,2,241,4,25,132,2020,Dwight Gayle,Centre-Forward,England,Newcastle United,31,35,0.0,0.0,0.0,18,1,0,514,1,174.0,8000000.0,4000000.0,-4000000.0,8.0,4.0,-4.0
455,2,41,8,27,132,2020,Allan Saint-Maximin,Left Winger,France,Newcastle United,24,27,0.0,0.0,0.0,25,4,0,1559,3,173.0,28000000.0,30000000.0,2000000.0,28.0,30.0,2.0
456,2,436,2,38,132,2020,Jeff Hendrick,Central Midfield,Ireland,Newcastle United,29,32,0.0,0.0,0.0,22,1,0,1423,2,185.0,9000000.0,9000000.0,0.0,9.0,9.0,0.0
457,2,169,3,38,132,2020,Ciaran Clark,Centre-Back,Ireland,Newcastle United,31,35,0.0,0.0,0.0,22,0,0,1891,1,185.0,4800000.0,3000000.0,-1800000.0,4.8,3.0,-1.8
458,2,677,11,54,132,2020,Miguel Almiron,Right Winger,Paraguay,Newcastle United,27,30,0.0,0.0,0.0,34,1,0,2428,4,174.0,16000000.0,17500000.0,1500000.0,16.0,17.5,1.5
459,2,257,12,64,132,2020,Emil Krafth,Right-Back,Sweden,Newcastle United,26,30,0.0,0.0,0.0,16,0,0,1288,1,184.0,4000000.0,3500000.0,-500000.0,4.0,3.5,-0.5
460,2,282,3,65,132,2020,Fabian Schar,Centre-Back,Switzerland,Newcastle United,29,33,0.0,0.0,0.0,18,0,1,1246,1,186.0,13000000.0,9000000.0,-4000000.0,13.0,9.0,-4.0
461,2,763,9,74,132,2020,Paul Dummett,Left-Back,Wales,Newcastle United,29,33,0.0,0.0,0.0,15,0,0,1255,1,183.0,4500000.0,3000000.0,-1500000.0,4.5,3.0,-1.5
462,2,194,4,13,170,2020,Daniel Jebbison,Centre-Forward,Canada,Sheffield United,17,21,0.0,1.0,-1.0,4,0,0,284,1,190.0,,1000000.0,1000000.0,0.0,1.0,1.0
463,2,113,4,25,170,2020,Billy Sharp,Centre-Forward,England,Sheffield United,35,38,0.0,1.0,-1.0,16,0,2,734,3,175.0,1000000.0,500000.0,-500000.0,1.0,0.5,-0.5
464,2,432,12,25,170,2020,Jayden Bogle,Right-Back,England,Sheffield United,20,24,0.0,1.0,-1.0,16,0,0,1110,2,178.0,6300000.0,7000000.0,700000.0,6.3,7.0,0.7
465,2,102,2,25,170,2020,Ben Osborn,Central Midfield,England,Sheffield United,26,30,0.0,1.0,-1.0,24,0,0,1604,1,176.0,2000000.0,2000000.0,0.0,2.0,2.0,0.0
466,2,526,3,25,170,2020,Kean Bryan,Centre-Back,England,Sheffield United,24,28,0.0,1.0,-1.0,13,0,0,1004,1,185.0,250000.0,2000000.0,1750000.0,0.25,2.0,1.75
467,2,207,4,38,170,2020,David McGoldrick,Centre-Forward,Ireland,Sheffield United,33,37,0.0,1.0,-1.0,35,1,0,2397,8,184.0,2000000.0,1500000.0,-500000.0,2.0,1.5,-0.5
468,2,850,5,53,170,2020,Sander Berge,Defensive Midfield,Norway,Sheffield United,23,26,0.0,1.0,-1.0,15,1,1,1120,1,195.0,18000000.0,18000000.0,0.0,18.0,18.0,0.0
469,2,737,11,58,170,2020,Oliver Burke,Right Winger,Scotland,Sheffield United,24,27,0.0,1.0,-1.0,25,1,0,1270,1,188.0,5500000.0,6000000.0,500000.0,5.5,6.0,0.5
470,2,736,4,58,170,2020,Oli McBurnie,Centre-Forward,Scotland,Sheffield United,24,28,0.0,1.0,-1.0,23,0,0,1324,1,188.0,12000000.0,10000000.0,-2000000.0,12.0,10.0,-2.0
471,2,425,3,21,174,2020,Jannik Vestergaard,Centre-Back,Denmark,Southampton FC,28,32,-2.0,0.0,-1.0,30,0,0,2575,3,199.0,12000000.0,18000000.0,6000000.0,12.0,18.0,6.0
472,2,197,4,25,174,2020,Danny Ings,Centre-Forward,England,Southampton FC,28,32,-2.0,0.0,-1.0,29,4,2,2173,12,177.0,20000000.0,22000000.0,2000000.0,20.0,22.0,2.0
473,2,712,11,25,174,2020,Nathan Redmond,Right Winger,England,Southampton FC,27,30,-2.0,0.0,-1.0,29,3,0,1738,2,173.0,18000000.0,18000000.0,0.0,18.0,18.0,0.0
474,2,419,2,25,174,2020,James Ward-Prowse,Central Midfield,England,Southampton FC,26,30,-2.0,0.0,-1.0,38,7,3,3420,8,177.0,18000000.0,30000000.0,12000000.0,18.0,30.0,12.0
475,2,699,8,45,174,2020,Moussa Djenepo,Left Winger,Mali,Southampton FC,22,26,-2.0,0.0,-1.0,27,0,0,1240,1,177.0,13000000.0,13000000.0,0.0,13.0,13.0,0.0
476,2,713,10,50,174,2020,Nathan Tella,Right Midfield,Nigeria,Southampton FC,21,25,-2.0,0.0,-1.0,18,1,0,745,1,173.0,750000.0,2000000.0,1250000.0,0.75,2.0,1.25
477,2,423,3,55,174,2020,Jan Bednarek,Centre-Back,Poland,Southampton FC,25,28,-2.0,0.0,-1.0,36,1,0,3101,1,189.0,15000000.0,25000000.0,10000000.0,15.0,25.0,10.0
478,2,151,4,58,174,2020,Che Adams,Centre-Forward,Scotland,Southampton FC,24,28,-2.0,0.0,-1.0,36,5,0,2667,9,179.0,12000000.0,20000000.0,8000000.0,12.0,20.0,8.0
479,2,889,2,58,174,2020,Stuart Armstrong,Central Midfield,Scotland,Southampton FC,29,32,-2.0,0.0,-1.0,33,5,0,2764,4,183.0,6500000.0,8000000.0,1500000.0,6.5,8.0,1.5
480,2,746,5,63,174,2020,Oriol Romeu,Defensive Midfield,Spain,Southampton FC,29,33,-2.0,0.0,-1.0,21,1,0,1763,1,183.0,8000000.0,6000000.0,-2000000.0,8.0,6.0,-2.0
481,2,340,2,4,188,2020,Giovani Lo Celso,Central Midfield,Argentina,Tottenham Hotspur,25,28,-2.0,0.0,-1.0,18,1,0,945,1,177.0,35000000.0,27000000.0,-8000000.0,35.0,27.0,-8.0
482,2,269,11,4,188,2020,Erik Lamela,Right Winger,Argentina,Tottenham Hotspur,29,32,-2.0,0.0,-1.0,23,0,0,718,1,184.0,16000000.0,16000000.0,0.0,16.0,16.0,0.0
483,2,918,3,8,188,2020,Toby Alderweireld,Centre-Back,Belgium,Tottenham Hotspur,32,35,-2.0,0.0,-1.0,25,0,0,2240,1,187.0,20000000.0,11000000.0,-9000000.0,20.0,11.0,-9.0
484,2,575,11,10,188,2020,Lucas Moura,Right Winger,Brazil,Tottenham Hotspur,28,32,-2.0,0.0,-1.0,30,4,0,1411,3,172.0,25000000.0,25000000.0,0.0,25.0,25.0,0.0
485,2,141,4,10,188,2020,Carlos Vinicius,Centre-Forward,Brazil,Tottenham Hotspur,26,29,-2.0,0.0,-1.0,9,0,0,309,1,190.0,20000000.0,18000000.0,-2000000.0,20.0,18.0,-2.0
486,2,866,12,16,188,2020,Serge Aurier,Right-Back,Cote dIvoire,Tottenham Hotspur,28,32,-2.0,0.0,-1.0,19,3,0,1605,2,176.0,16000000.0,20000000.0,4000000.0,16.0,20.0,4.0
487,2,779,5,21,188,2020,Pierre-Emile Hojbjerg,Defensive Midfield,Denmark,Tottenham Hotspur,25,29,-2.0,0.0,-1.0,38,4,0,3420,2,185.0,20000000.0,40000000.0,20000000.0,20.0,40.0,20.0
488,2,359,4,25,188,2020,Harry Kane,Centre-Forward,England,Tottenham Hotspur,27,31,-2.0,0.0,-1.0,35,14,4,3082,23,188.0,120000000.0,120000000.0,0.0,120.0,120.0,0.0
489,2,898,2,27,188,2020,Tanguy Ndombele,Central Midfield,France,Tottenham Hotspur,24,28,-2.0,0.0,-1.0,33,2,0,2091,3,181.0,45000000.0,50000000.0,5000000.0,45.0,50.0,5.0
490,2,369,8,43,188,2020,Heung-min Son,Left Winger,"Korea, South",Tottenham Hotspur,28,32,-2.0,0.0,-1.0,37,10,1,3114,17,184.0,75000000.0,85000000.0,10000000.0,75.0,85.0,10.0
491,2,888,8,48,188,2020,Steven Bergwijn,Left Winger,Netherlands,Tottenham Hotspur,23,27,-2.0,0.0,-1.0,21,3,0,1208,1,171.0,28000000.0,22000000.0,-6000000.0,28.0,22.0,-6.0
492,2,322,11,74,188,2020,Gareth Bale,Right Winger,Wales,Tottenham Hotspur,31,35,-2.0,0.0,-1.0,20,2,0,920,11,186.0,28000000.0,18000000.0,-10000000.0,28.0,18.0,-10.0
493,2,640,1,10,197,2020,Matheus Pereira,Attacking Midfield,Brazil,West Bromwich Albion,25,28,-2.0,1.0,-1.0,33,6,4,2578,11,175.0,13000000.0,15000000.0,2000000.0,13.0,15.0,2.0
494,2,346,11,20,197,2020,Grady Diangana,Right Winger,DR Congo,West Bromwich Albion,23,26,-2.0,1.0,-1.0,20,0,0,1235,1,180.0,12000000.0,10000000.0,-2000000.0,12.0,10.0,-2.0
495,2,550,3,25,197,2020,Kyle Bartley,Centre-Back,England,West Bromwich Albion,30,33,-2.0,1.0,-1.0,30,1,0,2584,3,194.0,2800000.0,2500000.0,-300000.0,2.8,2.5,-0.3
496,2,200,12,25,197,2020,Darnell Furlong,Right-Back,England,West Bromwich Albion,25,29,-2.0,1.0,-1.0,35,3,0,2931,1,183.0,3200000.0,5000000.0,1800000.0,3.2,5.0,1.8
497,2,176,2,25,197,2020,Conor Gallagher,Central Midfield,England,West Bromwich Albion,21,24,-2.0,1.0,-1.0,30,2,0,2531,2,182.0,5400000.0,15000000.0,9600000.0,5.4,15.0,9.6
498,2,523,4,25,197,2020,Karlan Grant,Centre-Forward,England,West Bromwich Albion,23,27,-2.0,1.0,-1.0,21,0,0,1127,1,183.0,8000000.0,8000000.0,0.0,8.0,8.0,0.0
499,2,134,4,38,197,2020,Callum Robinson,Centre-Forward,Ireland,West Bromwich Albion,26,29,-2.0,1.0,-1.0,28,0,0,1560,5,178.0,8000000.0,6000000.0,-2000000.0,8.0,6.0,-2.0
500,2,864,3,50,197,2020,Semi Ajayi,Centre-Back,Nigeria,West Bromwich Albion,27,31,-2.0,1.0,-1.0,33,0,0,2781,2,193.0,5000000.0,6000000.0,1000000.0,5.0,6.0,1.0
501,2,647,11,58,197,2020,Matt Phillips,Right Winger,Scotland,West Bromwich Albion,30,33,-2.0,1.0,-1.0,33,1,0,1828,2,183.0,5500000.0,4000000.0,-1500000.0,5.5,4.0,-1.5
502,2,662,4,59,197,2020,Mbaye Diagne,Centre-Forward,Senegal,West Bromwich Albion,29,33,-2.0,1.0,-1.0,16,2,0,1188,3,191.0,3200000.0,3000000.0,-200000.0,3.2,3.0,-0.2
503,2,355,4,74,197,2020,Hal Robson-Kanu,Centre-Forward,Wales,West Bromwich Albion,32,35,-2.0,1.0,-1.0,19,0,0,562,2,183.0,2400000.0,0.0,-2400000.0,2.4,0.0,-2.4
504,2,840,8,2,199,2020,Said Benrahma,Left Winger,Algeria,West Ham United,25,29,4.0,0.0,1.0,30,6,0,1391,1,172.0,22000000.0,22000000.0,0.0,22.0,22.0,0.0
505,2,605,1,4,199,2020,Manuel Lanzini,Attacking Midfield,Argentina,West Ham United,28,31,4.0,0.0,1.0,17,1,0,568,1,170.0,14000000.0,10000000.0,-4000000.0,14.0,10.0,-4.0
506,2,862,4,16,199,2020,Sebastien Haller,Centre-Forward,Cote dIvoire,West Ham United,26,30,4.0,0.0,1.0,16,0,0,937,3,190.0,30000000.0,27000000.0,-3000000.0,30.0,27.0,-3.0
507,2,925,5,19,199,2020,Tomas Soucek,Defensive Midfield,Czech Republic,West Ham United,26,29,4.0,0.0,1.0,38,1,0,3420,10,192.0,18000000.0,40000000.0,22000000.0,18.0,40.0,22.0
508,2,178,3,25,199,2020,Craig Dawson,Centre-Back,England,West Ham United,31,34,4.0,0.0,1.0,22,0,0,1926,3,188.0,4000000.0,3000000.0,-1000000.0,4.0,3.0,-1.0
509,2,428,11,25,199,2020,Jarrod Bowen,Right Winger,England,West Ham United,24,28,4.0,0.0,1.0,38,5,0,2561,8,176.0,25000000.0,30000000.0,5000000.0,25.0,30.0,5.0
510,2,213,2,25,199,2020,Declan Rice,Central Midfield,England,West Ham United,22,26,4.0,0.0,1.0,32,1,1,2879,2,188.0,55000000.0,70000000.0,15000000.0,55.0,70.0,15.0
511,2,833,12,25,199,2020,Ryan Fredericks,Right-Back,England,West Ham United,28,32,4.0,0.0,1.0,14,1,0,569,1,181.0,4000000.0,2500000.0,-1500000.0,4.0,2.5,-1.5
512,2,100,12,25,199,2020,Ben Johnson,Right-Back,England,West Ham United,21,25,4.0,0.0,1.0,14,0,0,523,1,184.0,1000000.0,3000000.0,2000000.0,1.0,3.0,2.0
513,2,387,3,27,199,2020,Issa Diop,Centre-Back,France,West Ham United,24,28,4.0,0.0,1.0,18,0,0,1381,2,194.0,25000000.0,18000000.0,-7000000.0,25.0,18.0,-7.0
514,2,65,3,40,199,2020,Angelo Ogbonna,Centre-Back,Italy,West Ham United,33,36,4.0,0.0,1.0,28,0,0,2492,3,191.0,5000000.0,2500000.0,-2500000.0,5.0,2.5,-2.5
515,2,673,4,41,199,2020,Michail Antonio,Centre-Forward,Jamaica,West Ham United,31,34,4.0,0.0,1.0,26,5,0,1974,10,180.0,12000000.0,12000000.0,0.0,12.0,12.0,0.0
516,2,281,3,54,199,2020,Fabian Balbuena,Centre-Back,Paraguay,West Ham United,29,33,4.0,0.0,1.0,14,0,0,1199,1,189.0,8000000.0,5000000.0,-3000000.0,8.0,5.0,-3.0
517,2,750,1,63,199,2020,Pablo Fornals,Attacking Midfield,Spain,West Ham United,25,28,4.0,0.0,1.0,33,4,0,2572,5,178.0,18000000.0,18000000.0,0.0,18.0,18.0,0.0
518,2,792,9,2,202,2020,Rayan Ait-Nouri,Left-Back,Algeria,Wolverhampton Wanderers,19,23,2.0,0.0,1.0,21,1,0,1404,1,180.0,20000000.0,18000000.0,-2000000.0,20.0,18.0,-2.0
519,2,555,5,8,202,2020,Leander Dendoncker,Defensive Midfield,Belgium,Wolverhampton Wanderers,26,29,2.0,0.0,1.0,33,0,0,2503,1,188.0,28000000.0,30000000.0,2000000.0,28.0,30.0,2.0
520,2,966,4,10,202,2020,Willian Jose,Centre-Forward,Brazil,Wolverhampton Wanderers,29,33,2.0,0.0,1.0,17,0,0,1110,1,186.0,24000000.0,18000000.0,-6000000.0,24.0,18.0,-6.0
521,2,967,3,16,202,2020,Willy Boly,Centre-Back,Cote dIvoire,Wolverhampton Wanderers,30,33,2.0,0.0,1.0,21,1,0,1879,1,195.0,16000000.0,14000000.0,-2000000.0,16.0,14.0,-2.0
522,2,175,3,25,202,2020,Conor Coady,Centre-Back,England,Wolverhampton Wanderers,28,31,2.0,0.0,1.0,37,0,0,3303,1,185.0,18000000.0,25000000.0,7000000.0,18.0,25.0,7.0
523,2,691,1,25,202,2020,Morgan Gibbs-White,Attacking Midfield,England,Wolverhampton Wanderers,21,25,2.0,0.0,1.0,11,0,0,414,1,171.0,6000000.0,7000000.0,1000000.0,6.0,7.0,1.0
524,2,791,4,46,202,2020,Raul Jimenez,Centre-Forward,Mexico,Wolverhampton Wanderers,29,33,2.0,0.0,1.0,10,0,0,823,4,187.0,40000000.0,28000000.0,-12000000.0,40.0,28.0,-12.0
525,2,820,3,47,202,2020,Romain Saiss,Centre-Back,Morocco,Wolverhampton Wanderers,31,34,2.0,0.0,1.0,27,0,0,2407,3,188.0,8000000.0,10000000.0,2000000.0,8.0,10.0,2.0
526,2,285,4,56,202,2020,Fabio Silva,Centre-Forward,Portugal,Wolverhampton Wanderers,18,22,2.0,0.0,1.0,32,3,1,1369,4,185.0,12000000.0,25000000.0,13000000.0,12.0,25.0,13.0
527,2,828,5,56,202,2020,Ruben Neves,Defensive Midfield,Portugal,Wolverhampton Wanderers,24,27,2.0,0.0,1.0,36,1,3,2675,5,180.0,50000000.0,45000000.0,-5000000.0,50.0,45.0,-5.0
528,2,769,11,56,202,2020,Pedro Neto,Right Winger,Portugal,Wolverhampton Wanderers,21,24,2.0,0.0,1.0,31,6,0,2550,5,174.0,15000000.0,35000000.0,20000000.0,15.0,35.0,20.0
529,2,195,11,56,202,2020,Daniel Podence,Right Winger,Portugal,Wolverhampton Wanderers,25,29,2.0,0.0,1.0,24,2,0,1661,3,170.0,17000000.0,25000000.0,8000000.0,17.0,25.0,8.0
530,2,454,2,56,202,2020,Joao Moutinho,Central Midfield,Portugal,Wolverhampton Wanderers,34,38,2.0,0.0,1.0,33,1,0,2529,1,170.0,5000000.0,4000000.0,-1000000.0,5.0,4.0,-1.0
531,2,717,12,56,202,2020,Nelson Semedo,Right-Back,Portugal,Wolverhampton Wanderers,27,31,2.0,0.0,1.0,34,1,0,2983,1,177.0,40000000.0,28000000.0,-12000000.0,40.0,28.0,-12.0
532,2,16,11,63,202,2020,Adama Traore,Right Winger,Spain,Wolverhampton Wanderers,25,29,2.0,0.0,1.0,37,2,0,2649,2,178.0,35000000.0,30000000.0,-5000000.0,35.0,30.0,-5.0
533,2,316,8,10,21,2021,Gabriel Martinelli,Left Winger,Brazil,Arsenal FC,20,23,0.0,0.0,0.0,29,6,1,1861,6,178.0,28000000.0,40000000.0,12000000.0,28.0,40.0,12.0
534,2,315,3,10,21,2021,Gabriel Magalhces,Centre-Back,Brazil,Arsenal FC,24,27,0.0,0.0,0.0,35,0,0,3064,5,190.0,25000000.0,38000000.0,13000000.0,25.0,38.0,13.0
535,2,724,11,16,21,2021,Nicolas Pepe,Right Winger,Cote dIvoire,Arsenal FC,26,29,0.0,0.0,0.0,20,2,0,696,1,183.0,30000000.0,25000000.0,-5000000.0,30.0,25.0,-5.0
536,2,804,3,25,21,2021,Rob Holding,Centre-Back,England,Arsenal FC,26,29,0.0,0.0,0.0,15,0,0,846,1,189.0,12000000.0,10000000.0,-2000000.0,12.0,10.0,-2.0
537,2,258,1,25,21,2021,Emile Smith Rowe,Attacking Midfield,England,Arsenal FC,21,24,0.0,0.0,0.0,33,2,0,1921,10,182.0,28000000.0,40000000.0,12000000.0,28.0,40.0,12.0
538,2,245,4,25,21,2021,Eddie Nketiah,Centre-Forward,England,Arsenal FC,22,25,0.0,0.0,0.0,21,1,0,835,5,175.0,12000000.0,16000000.0,4000000.0,12.0,16.0,4.0
539,2,132,11,25,21,2021,Bukayo Saka,Right Winger,England,Arsenal FC,20,23,0.0,0.0,0.0,38,7,2,2978,11,178.0,65000000.0,65000000.0,0.0,65.0,65.0,0.0
540,2,34,4,27,21,2021,Alexandre Lacazette,Centre-Forward,France,Arsenal FC,30,33,0.0,0.0,0.0,30,7,2,1781,4,175.0,22000000.0,15000000.0,-7000000.0,22.0,15.0,-7.0
541,2,778,4,28,21,2021,Pierre-Emerick Aubameyang,Centre-Forward,Gabon,Arsenal FC,32,35,0.0,0.0,0.0,14,1,0,1037,4,187.0,15000000.0,15000000.0,0.0,15.0,15.0,0.0
542,2,912,5,30,21,2021,Thomas Partey,Defensive Midfield,Ghana,Arsenal FC,28,31,0.0,0.0,0.0,24,1,0,2028,2,185.0,40000000.0,38000000.0,-2000000.0,40.0,38.0,-2.0
543,2,624,1,53,21,2021,Martin odegaard,Attacking Midfield,Norway,Arsenal FC,23,26,0.0,0.0,0.0,36,4,0,2785,7,178.0,42000000.0,45000000.0,3000000.0,42.0,45.0,3.0
544,2,146,12,56,21,2021,Cedric Soares,Right-Back,Portugal,Arsenal FC,30,33,0.0,0.0,0.0,21,1,0,1485,1,171.0,5000000.0,6000000.0,1000000.0,5.0,6.0,1.0
545,2,732,9,56,21,2021,Nuno Tavares,Left-Back,Portugal,Arsenal FC,22,25,0.0,0.0,0.0,22,1,0,1177,1,183.0,13000000.0,15000000.0,2000000.0,13.0,15.0,2.0
546,2,540,9,58,21,2021,Kieran Tierney,Left-Back,Scotland,Arsenal FC,24,27,0.0,0.0,0.0,22,3,0,1915,1,180.0,32000000.0,32000000.0,0.0,32.0,32.0,0.0
547,2,347,5,65,21,2021,Granit Xhaka,Defensive Midfield,Switzerland,Arsenal FC,29,32,0.0,0.0,0.0,27,2,0,2328,1,186.0,20000000.0,20000000.0,0.0,20.0,20.0,0.0
548,2,259,1,4,22,2021,Emiliano Buendia,Attacking Midfield,Argentina,Aston Villa,25,28,-6.0,0.0,-1.0,35,6,0,1897,4,172.0,35000000.0,32000000.0,-3000000.0,35.0,32.0,-3.0
549,2,238,2,10,22,2021,Douglas Luiz,Central Midfield,Brazil,Aston Villa,24,26,-6.0,0.0,-1.0,34,3,0,2716,2,177.0,35000000.0,38000000.0,3000000.0,35.0,38.0,3.0
550,2,776,1,10,22,2021,Philippe Coutinho,Attacking Midfield,Brazil,Aston Villa,29,32,-6.0,0.0,-1.0,19,3,0,1330,5,172.0,20000000.0,20000000.0,0.0,20.0,20.0,0.0
551,2,935,3,25,22,2021,Tyrone Mings,Centre-Back,England,Aston Villa,29,31,-6.0,0.0,-1.0,36,3,0,3189,1,196.0,32000000.0,30000000.0,-2000000.0,32.0,30.0,-2.0
552,2,280,3,25,22,2021,Ezri Konsa,Centre-Back,England,Aston Villa,24,27,-6.0,0.0,-1.0,29,0,0,2479,2,183.0,25000000.0,22000000.0,-3000000.0,25.0,22.0,-3.0
553,2,546,3,25,22,2021,Kortney Hause,Centre-Back,England,Aston Villa,26,29,-6.0,0.0,-1.0,7,0,0,397,1,191.0,5000000.0,4000000.0,-1000000.0,5.0,4.0,-1.0
554,2,197,4,25,22,2021,Danny Ings,Centre-Forward,England,Aston Villa,29,32,-6.0,0.0,-1.0,30,6,1,1898,7,177.0,22000000.0,20000000.0,-2000000.0,22.0,20.0,-2.0
555,2,403,7,25,22,2021,Jacob Ramsey,Left Midfield,England,Aston Villa,20,23,-6.0,0.0,-1.0,34,1,0,2468,6,180.0,8000000.0,25000000.0,17000000.0,8.0,25.0,17.0
556,2,741,4,25,22,2021,Ollie Watkins,Centre-Forward,England,Aston Villa,26,29,-6.0,0.0,-1.0,35,2,1,2952,11,180.0,35000000.0,35000000.0,0.0,35.0,35.0,0.0
557,2,557,11,41,22,2021,Leon Bailey,Right Winger,Jamaica,Aston Villa,24,27,-6.0,0.0,-1.0,18,2,0,760,1,178.0,32000000.0,25000000.0,-7000000.0,32.0,25.0,-7.0
558,2,653,12,55,22,2021,Matty Cash,Right-Back,Poland,Aston Villa,24,27,-6.0,0.0,-1.0,38,3,0,3377,4,185.0,22000000.0,25000000.0,3000000.0,22.0,25.0,3.0
559,2,474,2,58,22,2021,John McGinn,Central Midfield,Scotland,Aston Villa,27,30,-6.0,0.0,-1.0,35,4,0,3090,3,178.0,30000000.0,32000000.0,2000000.0,30.0,32.0,2.0
560,2,130,11,12,41,2021,Bryan Mbeumo,Right Winger,Cameroon,Brentford FC,22,25,7.0,0.0,1.0,35,7,1,2905,4,171.0,16000000.0,22000000.0,6000000.0,16.0,22.0,6.0
561,2,985,3,21,41,2021,Zanka,Centre-Back,Denmark,Brentford FC,31,34,7.0,0.0,1.0,8,0,0,518,1,189.0,1500000.0,1200000.0,-300000.0,1.5,1.2,-0.3
562,2,161,2,21,41,2021,Christian Eriksen,Central Midfield,Denmark,Brentford FC,30,32,7.0,0.0,1.0,11,4,0,939,1,182.0,15000000.0,20000000.0,5000000.0,15.0,20.0,5.0
563,2,597,12,21,41,2021,Mads Roerslev,Right-Back,Denmark,Brentford FC,22,25,7.0,0.0,1.0,21,1,0,1240,1,184.0,1500000.0,2500000.0,1000000.0,1.5,2.5,1.0
564,2,163,5,21,41,2021,Christian Norgaard,Defensive Midfield,Denmark,Brentford FC,28,30,7.0,0.0,1.0,35,4,0,3054,3,187.0,6000000.0,14000000.0,8000000.0,6.0,14.0,8.0
565,2,976,4,20,41,2021,Yoane Wissa,Centre-Forward,DR Congo,Brentford FC,25,28,7.0,0.0,1.0,30,1,0,1284,7,176.0,10000000.0,12000000.0,2000000.0,10.0,12.0,2.0
566,2,391,4,25,41,2021,Ivan Toney,Centre-Forward,England,Brentford FC,26,28,7.0,0.0,1.0,33,5,5,2909,12,185.0,32000000.0,35000000.0,3000000.0,32.0,35.0,3.0
567,2,800,9,25,41,2021,Rico Henry,Left-Back,England,Brentford FC,24,27,7.0,0.0,1.0,34,0,0,2776,3,170.0,10000000.0,20000000.0,10000000.0,10.0,20.0,10.0
568,2,950,5,29,41,2021,Vitaly Janelt,Defensive Midfield,Germany,Brentford FC,24,26,7.0,0.0,1.0,31,0,0,2298,4,184.0,10000000.0,14000000.0,4000000.0,10.0,14.0,4.0
569,2,873,2,32,41,2021,Shandon Baptiste,Central Midfield,Grenada,Brentford FC,24,26,7.0,0.0,1.0,22,0,0,912,1,180.0,1000000.0,3000000.0,2000000.0,1.0,3.0,2.0
570,2,844,1,37,41,2021,Saman Ghoddos,Attacking Midfield,Iran,Brentford FC,28,31,7.0,0.0,1.0,17,1,0,536,1,175.0,3000000.0,2500000.0,-500000.0,3.0,2.5,-0.5
571,2,274,3,41,41,2021,Ethan Pinnock,Centre-Back,Jamaica,Brentford FC,28,31,7.0,0.0,1.0,32,1,0,2694,1,194.0,10000000.0,12000000.0,2000000.0,10.0,12.0,2.0
572,2,547,3,53,41,2021,Kristoffer Ajer,Centre-Back,Norway,Brentford FC,24,26,7.0,0.0,1.0,24,2,0,1980,1,198.0,17000000.0,18000000.0,1000000.0,17.0,18.0,1.0
573,2,869,8,63,41,2021,Sergi Canos,Left Winger,Spain,Brentford FC,25,27,7.0,0.0,1.0,31,2,0,2084,3,177.0,14000000.0,14000000.0,0.0,14.0,14.0,0.0
574,2,780,3,64,41,2021,Pontus Jansson,Centre-Back,Sweden,Brentford FC,31,33,7.0,0.0,1.0,37,2,0,3321,3,196.0,6000000.0,7000000.0,1000000.0,6.0,7.0,1.0
575,2,35,2,4,43,2021,Alexis Mac Allister,Central Midfield,Argentina,Brighton & Hove Albion,23,26,7.0,0.0,1.0,33,2,2,2122,5,176.0,10000000.0,16000000.0,6000000.0,10.0,16.0,6.0
576,2,556,8,8,43,2021,Leandro Trossard,Left Winger,Belgium,Brighton & Hove Albion,27,30,7.0,0.0,1.0,34,3,1,2802,8,172.0,17000000.0,20000000.0,3000000.0,17.0,20.0,3.0
577,2,690,5,23,43,2021,Moises Caicedo,Defensive Midfield,Ecuador,Brighton & Hove Albion,20,23,7.0,0.0,1.0,8,1,0,660,1,178.0,,6000000.0,6000000.0,0.0,6.0,6.0
578,2,561,3,25,43,2021,Lewis Dunk,Centre-Back,England,Brighton & Hove Albion,30,33,7.0,0.0,1.0,29,0,0,2574,1,192.0,22000000.0,20000000.0,-2000000.0,22.0,20.0,-2.0
579,2,15,3,25,43,2021,Adam Webster,Centre-Back,England,Brighton & Hove Albion,27,30,7.0,0.0,1.0,22,0,0,1435,2,190.0,18000000.0,17000000.0,-1000000.0,18.0,17.0,-1.0
580,2,198,4,25,43,2021,Danny Welbeck,Centre-Forward,England,Brighton & Hove Albion,31,34,7.0,0.0,1.0,25,2,0,1477,6,185.0,3000000.0,4000000.0,1000000.0,3.0,4.0,1.0
581,2,715,4,27,43,2021,Neal Maupay,Centre-Forward,France,Brighton & Hove Albion,25,28,7.0,0.0,1.0,32,2,1,2275,8,171.0,20000000.0,18000000.0,-2000000.0,20.0,18.0,-2.0
582,2,754,2,29,43,2021,Pascal Gross,Central Midfield,Germany,Brighton & Hove Albion,30,33,7.0,0.0,1.0,29,4,0,2038,2,181.0,7000000.0,6000000.0,-1000000.0,7.0,6.0,-1.0
583,2,874,3,38,43,2021,Shane Duffy,Centre-Back,Ireland,Brighton & Hove Albion,30,33,7.0,0.0,1.0,18,0,0,1436,1,193.0,5000000.0,5000000.0,0.0,5.0,5.0,0.0
584,2,981,5,45,43,2021,Yves Bissouma,Defensive Midfield,Mali,Brighton & Hove Albion,25,28,7.0,0.0,1.0,26,2,0,2111,1,182.0,25000000.0,35000000.0,10000000.0,25.0,35.0,10.0
585,2,466,12,48,43,2021,Joel Veltman,Right-Back,Netherlands,Brighton & Hove Albion,30,33,7.0,0.0,1.0,34,1,0,2874,1,184.0,8000000.0,10000000.0,2000000.0,8.0,10.0,2.0
586,2,607,9,63,43,2021,Marc Cucurella,Left-Back,Spain,Brighton & Hove Albion,23,26,7.0,0.0,1.0,35,1,0,3089,1,173.0,20000000.0,28000000.0,8000000.0,20.0,28.0,8.0
587,2,265,2,75,43,2021,Enock Mwepu,Central Midfield,Zambia,Brighton & Hove Albion,24,27,7.0,0.0,1.0,18,4,0,996,2,184.0,20000000.0,18000000.0,-2000000.0,20.0,18.0,-2.0
588,2,661,8,16,46,2021,Maxwel Cornet,Left Winger,Cote dIvoire,Burnley FC,25,28,-1.0,1.0,-1.0,26,1,0,1766,9,179.0,14000000.0,15000000.0,1000000.0,14.0,15.0,1.0
589,2,631,4,19,46,2021,Matej Vydra,Centre-Forward,Czech Republic,Burnley FC,29,32,-1.0,1.0,-1.0,22,3,0,680,2,180.0,3000000.0,2000000.0,-1000000.0,3.0,2.0,-1.0
590,2,3,11,25,46,2021,Aaron Lennon,Right Winger,England,Burnley FC,35,37,-1.0,1.0,-1.0,28,0,0,1551,2,165.0,1000000.0,1000000.0,0.0,1.0,1.0,0.0
591,2,431,4,25,46,2021,Jay Rodriguez,Centre-Forward,England,Burnley FC,32,35,-1.0,1.0,-1.0,29,2,0,1379,2,185.0,3000000.0,2000000.0,-1000000.0,3.0,2.0,-1.0
592,2,489,2,25,46,2021,Josh Brownhill,Central Midfield,England,Burnley FC,26,29,-1.0,1.0,-1.0,35,3,0,2955,2,179.0,7000000.0,7000000.0,0.0,7.0,7.0,0.0
593,2,86,4,25,46,2021,Ashley Barnes,Centre-Forward,England,Burnley FC,32,35,-1.0,1.0,-1.0,23,0,1,808,1,185.0,2000000.0,1500000.0,-500000.0,2.0,1.5,-0.5
594,2,394,5,25,46,2021,Jack Cork,Defensive Midfield,England,Burnley FC,32,35,-1.0,1.0,-1.0,20,0,0,1670,1,185.0,3000000.0,1800000.0,-1200000.0,3.0,1.8,-1.2
595,2,417,3,25,46,2021,James Tarkowski,Centre-Back,England,Burnley FC,29,32,-1.0,1.0,-1.0,35,2,0,3106,1,185.0,22000000.0,22000000.0,0.0,22.0,22.0,0.0
596,2,651,12,25,46,2021,Matthew Lowton,Right-Back,England,Burnley FC,32,35,-1.0,1.0,-1.0,25,2,0,1774,1,180.0,2000000.0,1200000.0,-800000.0,2.0,1.2,-0.8
597,2,101,3,25,46,2021,Ben Mee,Centre-Back,England,Burnley FC,32,35,-1.0,1.0,-1.0,21,0,0,1839,3,180.0,4000000.0,2500000.0,-1500000.0,4.0,2.5,-1.5
598,2,710,3,38,46,2021,Nathan Collins,Centre-Back,Ireland,Burnley FC,21,23,-1.0,1.0,-1.0,19,0,0,1671,2,193.0,8000000.0,10000000.0,2000000.0,8.0,10.0,2.0
599,2,971,4,48,46,2021,Wout Weghorst,Centre-Forward,Netherlands,Burnley FC,29,32,-1.0,1.0,-1.0,20,3,0,1450,2,197.0,20000000.0,14000000.0,-6000000.0,20.0,14.0,-6.0
600,2,172,12,74,46,2021,Connor Roberts,Right-Back,Wales,Burnley FC,26,29,-1.0,1.0,-1.0,21,1,0,1691,1,175.0,3000000.0,2500000.0,-500000.0,3.0,2.5,-0.5
601,2,821,4,8,50,2021,Romelu Lukaku,Centre-Forward,Belgium,Chelsea FC,29,31,-1.0,0.0,-1.0,26,0,1,1589,8,191.0,100000000.0,70000000.0,-30000000.0,100.0,70.0,-30.0
602,2,909,3,10,50,2021,Thiago Silva,Centre-Back,Brazil,Chelsea FC,37,40,-1.0,0.0,-1.0,32,0,0,2650,3,181.0,2500000.0,2500000.0,0.0,2.5,2.5,0.0
603,2,633,2,17,50,2021,Mateo Kovacic,Central Midfield,Croatia,Chelsea FC,28,30,-1.0,0.0,-1.0,25,5,0,1558,2,177.0,45000000.0,42000000.0,-3000000.0,45.0,42.0,-3.0
604,2,629,1,25,50,2021,Mason Mount,Attacking Midfield,England,Chelsea FC,23,26,-1.0,0.0,-1.0,32,10,1,2363,11,181.0,75000000.0,75000000.0,0.0,75.0,75.0,0.0
605,2,825,2,25,50,2021,Ross Barkley,Central Midfield,England,Chelsea FC,28,31,-1.0,0.0,-1.0,6,0,0,179,1,189.0,17000000.0,12000000.0,-5000000.0,17.0,12.0,-5.0
606,2,133,8,25,50,2021,Callum Hudson-Odoi,Left Winger,England,Chelsea FC,21,24,-1.0,0.0,-1.0,15,2,0,962,1,178.0,32000000.0,25000000.0,-7000000.0,32.0,25.0,-7.0
607,2,97,9,25,50,2021,Ben Chilwell,Left-Back,England,Chelsea FC,25,28,-1.0,0.0,-1.0,7,1,0,542,3,180.0,38000000.0,38000000.0,0.0,38.0,38.0,0.0
608,2,929,3,25,50,2021,Trevoh Chalobah,Centre-Back,England,Chelsea FC,22,25,-1.0,0.0,-1.0,20,1,0,1448,3,192.0,10000000.0,20000000.0,10000000.0,10.0,20.0,10.0
609,2,793,12,25,50,2021,Reece James,Right-Back,England,Chelsea FC,22,25,-1.0,0.0,-1.0,26,9,0,1865,5,180.0,45000000.0,60000000.0,15000000.0,45.0,60.0,15.0
610,2,705,5,27,50,2021,NGolo Kante,Defensive Midfield,France,Chelsea FC,31,33,-1.0,0.0,-1.0,26,4,0,1773,2,168.0,50000000.0,40000000.0,-10000000.0,50.0,40.0,-10.0
611,2,74,3,29,50,2021,Antonio Rudiger,Centre-Back,Germany,Chelsea FC,29,31,-1.0,0.0,-1.0,34,0,0,3035,3,190.0,35000000.0,40000000.0,5000000.0,35.0,40.0,5.0
612,2,515,4,29,50,2021,Kai Havertz,Centre-Forward,Germany,Chelsea FC,22,25,-1.0,0.0,-1.0,29,3,0,1809,8,193.0,70000000.0,70000000.0,0.0,70.0,70.0,0.0
613,2,915,8,29,50,2021,Timo Werner,Left Winger,Germany,Chelsea FC,26,28,-1.0,0.0,-1.0,21,1,0,1283,4,180.0,55000000.0,35000000.0,-20000000.0,55.0,35.0,-20.0
614,2,487,5,40,50,2021,Jorginho,Defensive Midfield,Italy,Chelsea FC,30,33,-1.0,0.0,-1.0,29,2,6,2274,6,178.0,45000000.0,40000000.0,-5000000.0,45.0,40.0,-5.0
615,2,354,11,47,50,2021,Hakim Ziyech,Right Winger,Morocco,Chelsea FC,29,31,-1.0,0.0,-1.0,23,3,0,1319,4,180.0,35000000.0,28000000.0,-7000000.0,35.0,28.0,-7.0
616,2,149,3,63,50,2021,Cesar Azpilicueta,Centre-Back,Spain,Chelsea FC,32,35,-1.0,0.0,-1.0,27,2,0,2070,1,178.0,11000000.0,9000000.0,-2000000.0,11.0,9.0,-2.0
617,2,612,9,63,50,2021,Marcos Alonso,Left-Back,Spain,Chelsea FC,31,34,-1.0,0.0,-1.0,28,5,0,2167,4,188.0,15000000.0,12000000.0,-3000000.0,15.0,12.0,-3.0
618,2,164,11,71,50,2021,Christian Pulisic,Right Winger,United States,Chelsea FC,23,26,-1.0,0.0,-1.0,22,2,0,1290,6,177.0,45000000.0,42000000.0,-3000000.0,45.0,42.0,-3.0
619,2,160,4,8,57,2021,Christian Benteke,Centre-Forward,Belgium,Crystal Palace,31,34,0.0,0.0,0.0,25,1,0,1146,4,190.0,7000000.0,6000000.0,-1000000.0,7.0,6.0,-1.0
620,2,962,8,16,57,2021,Wilfried Zaha,Left Winger,Cote dIvoire,Crystal Palace,29,32,0.0,0.0,0.0,33,1,5,2762,14,180.0,40000000.0,38000000.0,-2000000.0,40.0,38.0,-2.0
621,2,418,3,25,57,2021,James Tomkins,Centre-Back,England,Crystal Palace,33,35,0.0,0.0,0.0,8,0,0,547,1,192.0,2000000.0,1500000.0,-500000.0,2.0,1.5,-0.5
622,2,608,3,25,57,2021,Marc Guehi,Centre-Back,England,Crystal Palace,21,24,0.0,0.0,0.0,36,1,0,3222,2,182.0,20000000.0,32000000.0,12000000.0,20.0,32.0,12.0
623,2,244,1,25,57,2021,Eberechi Eze,Attacking Midfield,England,Crystal Palace,23,26,0.0,0.0,0.0,13,1,0,605,1,178.0,20000000.0,22000000.0,2000000.0,20.0,22.0,2.0
624,2,176,2,25,57,2021,Conor Gallagher,Central Midfield,England,Crystal Palace,22,24,0.0,0.0,0.0,34,3,0,2845,8,182.0,22000000.0,25000000.0,3000000.0,22.0,25.0,3.0
625,2,671,11,27,57,2021,Michael Olise,Right Winger,France,Crystal Palace,20,23,0.0,0.0,0.0,26,5,0,1140,2,184.0,18000000.0,22000000.0,4000000.0,18.0,22.0,4.0
626,2,733,4,27,57,2021,Odsonne Edouard,Centre-Forward,France,Crystal Palace,24,27,0.0,0.0,0.0,28,3,1,1563,6,187.0,17000000.0,17000000.0,0.0,17.0,17.0,0.0
627,2,434,4,27,57,2021,Jean-Philippe Mateta,Centre-Forward,France,Crystal Palace,24,27,0.0,0.0,0.0,22,1,0,1145,5,192.0,8000000.0,10000000.0,2000000.0,8.0,10.0,2.0
628,2,484,4,30,57,2021,Jordan Ayew,Centre-Forward,Ghana,Crystal Palace,30,33,0.0,0.0,0.0,31,3,0,2020,3,182.0,6000000.0,6000000.0,0.0,6.0,6.0,0.0
629,2,438,7,30,57,2021,Jeffrey Schlupp,Left Midfield,Ghana,Crystal Palace,29,32,0.0,0.0,0.0,32,1,0,1851,4,178.0,8000000.0,8000000.0,0.0,8.0,8.0,0.0
630,2,799,4,10,66,2021,Richarlison,Centre-Forward,Brazil,Everton FC,25,27,-9.0,0.0,-1.0,30,5,3,2523,10,184.0,55000000.0,48000000.0,-7000000.0,55.0,48.0,-7.0
631,2,427,3,25,66,2021,Jarrad Branthwaite,Centre-Back,England,Everton FC,19,22,-9.0,0.0,-1.0,6,0,0,389,1,195.0,3000000.0,3000000.0,0.0,3.0,3.0,0.0
632,2,922,2,25,66,2021,Tom Davies,Central Midfield,England,Everton FC,23,26,-9.0,0.0,-1.0,6,0,0,236,1,180.0,18000000.0,18000000.0,0.0,18.0,18.0,0.0
633,2,669,3,25,66,2021,Michael Keane,Centre-Back,England,Everton FC,29,32,-9.0,0.0,-1.0,32,2,0,2793,3,188.0,25000000.0,20000000.0,-5000000.0,25.0,20.0,-5.0
634,2,61,11,25,66,2021,Andros Townsend,Right Winger,England,Everton FC,30,33,-9.0,0.0,-1.0,21,2,1,1455,3,181.0,7000000.0,5000000.0,-2000000.0,7.0,5.0,-2.0
635,2,233,4,25,66,2021,Dominic Calvert-Lewin,Centre-Forward,England,Everton FC,25,27,-9.0,0.0,-1.0,17,2,2,1283,5,189.0,45000000.0,40000000.0,-5000000.0,45.0,40.0,-5.0
636,2,69,8,25,66,2021,Anthony Gordon,Left Winger,England,Everton FC,21,23,-9.0,0.0,-1.0,35,2,0,2285,4,183.0,8000000.0,20000000.0,12000000.0,8.0,20.0,12.0
637,2,860,12,38,66,2021,Seamus Coleman,Right-Back,Ireland,Everton FC,33,36,-9.0,0.0,-1.0,30,0,0,2656,1,177.0,3500000.0,3000000.0,-500000.0,3.5,3.0,-0.5
638,2,628,3,41,66,2021,Mason Holgate,Centre-Back,Jamaica,Everton FC,25,28,-9.0,0.0,-1.0,25,1,0,2135,2,187.0,18000000.0,18000000.0,0.0,18.0,18.0,0.0
639,2,217,8,41,66,2021,Demarai Gray,Left Winger,Jamaica,Everton FC,25,28,-9.0,0.0,-1.0,34,4,0,2338,5,183.0,15000000.0,22000000.0,7000000.0,15.0,22.0,7.0
640,2,8,2,45,66,2021,Abdoulaye Doucoure,Central Midfield,Mali,Everton FC,29,32,-9.0,0.0,-1.0,30,4,0,2537,2,183.0,25000000.0,22000000.0,-3000000.0,25.0,22.0,-3.0
641,2,28,8,50,66,2021,Alex Iwobi,Left Winger,Nigeria,Everton FC,26,28,-9.0,0.0,-1.0,28,2,0,2034,2,183.0,18000000.0,18000000.0,0.0,18.0,18.0,0.0
642,2,949,9,70,66,2021,Vitaliy Mykolenko,Left-Back,Ukraine,Everton FC,22,25,-9.0,0.0,-1.0,13,0,0,1055,1,180.0,17000000.0,18000000.0,1000000.0,17.0,18.0,1.0
643,2,841,4,73,66,2021,Salomon Rondon,Centre-Forward,Venezuela,Everton FC,32,35,-9.0,0.0,-1.0,20,1,0,791,1,189.0,5000000.0,2500000.0,-2500000.0,5.0,2.5,-2.5
644,2,136,3,25,79,2021,Calum Chambers,Centre-Back,England,For 2 Clubs,27,30,,,,13,0,0,1001,1,182.0,12000000.0,10000000.0,-2000000.0,12.0,10.0,-2.0
645,2,216,1,25,79,2021,Dele Alli,Attacking Midfield,England,For 2 Clubs,26,28,,,,21,0,1,995,1,188.0,25000000.0,16000000.0,-9000000.0,25.0,16.0,-9.0
646,2,188,3,25,79,2021,Dan Burn,Centre-Back,England,For 2 Clubs,30,32,,,,29,1,0,2462,1,201.0,3500000.0,12000000.0,8500000.0,3.5,12.0,8.5
647,2,649,9,25,79,2021,Matt Targett,Left-Back,England,For 2 Clubs,26,29,,,,33,1,0,2871,1,183.0,17000000.0,17000000.0,0.0,17.0,17.0,0.0
648,2,549,3,27,79,2021,Kurt Zouma,Centre-Back,France,For 2 Clubs,27,30,,,,24,0,0,2078,1,190.0,32000000.0,28000000.0,-4000000.0,32.0,28.0,-4.0
649,2,701,2,27,79,2021,Moussa Sissoko,Central Midfield,France,For 2 Clubs,32,35,,,,36,1,0,3220,2,187.0,8000000.0,4500000.0,-3500000.0,8.0,4.5,-3.5
650,2,236,2,48,79,2021,Donny van de Beek,Central Midfield,Netherlands,For 2 Clubs,25,27,,,,15,0,0,559,2,184.0,25000000.0,25000000.0,0.0,25.0,25.0,0.0
651,2,76,11,48,79,2021,Anwar El Ghazi,Right Winger,Netherlands,For 2 Clubs,26,29,,,,11,1,1,399,1,189.0,10000000.0,9000000.0,-1000000.0,10.0,9.0,-1.0
652,2,159,4,49,79,2021,Chris Wood,Centre-Forward,New Zealand,For 2 Clubs,30,33,,,,34,0,1,2695,5,191.0,6000000.0,10000000.0,4000000.0,6.0,10.0,4.0
653,2,193,11,74,79,2021,Daniel James,Right Winger,Wales,For 2 Clubs,24,27,,,,34,4,0,2492,4,171.0,18000000.0,18000000.0,0.0,18.0,18.0,0.0
654,2,788,8,10,107,2021,Raphinha,Left Winger,Brazil,Leeds United,25,28,1.0,0.0,1.0,35,3,4,2916,11,176.0,32000000.0,45000000.0,13000000.0,32.0,45.0,13.0
655,2,462,4,25,107,2021,Joe Gelhardt,Centre-Forward,England,Leeds United,20,22,1.0,0.0,1.0,20,2,0,744,2,179.0,3000000.0,6000000.0,3000000.0,3.0,6.0,3.0
656,2,756,4,25,107,2021,Patrick Bamford,Centre-Forward,England,Leeds United,28,31,1.0,0.0,1.0,9,2,0,559,2,185.0,20000000.0,16000000.0,-4000000.0,20.0,16.0,-4.0
657,2,589,12,25,107,2021,Luke Ayling,Right-Back,England,Leeds United,30,33,1.0,0.0,1.0,26,2,0,2273,2,183.0,4000000.0,4000000.0,0.0,4.0,4.0,0.0
658,2,396,11,25,107,2021,Jack Harrison,Right Winger,England,Leeds United,25,28,1.0,0.0,1.0,35,1,0,2639,8,175.0,15000000.0,18000000.0,3000000.0,15.0,18.0,3.0
659,2,755,3,48,107,2021,Pascal Struijk,Centre-Back,Netherlands,Leeds United,22,25,1.0,0.0,1.0,29,0,0,2056,1,190.0,9000000.0,15000000.0,6000000.0,9.0,15.0,6.0
660,2,890,7,52,107,2021,Stuart Dallas,Left Midfield,Northern Ireland,Leeds United,31,33,1.0,0.0,1.0,34,1,0,2919,1,183.0,4000000.0,4000000.0,0.0,4.0,4.0,0.0
661,2,635,2,55,107,2021,Mateusz Klich,Central Midfield,Poland,Leeds United,31,34,1.0,0.0,1.0,33,2,0,2074,1,183.0,4000000.0,3000000.0,-1000000.0,4.0,3.0,-1.0
662,2,812,4,63,107,2021,Rodrigo,Centre-Forward,Spain,Leeds United,31,33,1.0,0.0,1.0,31,1,1,2265,6,182.0,15000000.0,12000000.0,-3000000.0,15.0,12.0,-3.0
663,2,225,3,63,107,2021,Diego Llorente,Centre-Back,Spain,Leeds United,28,31,1.0,0.0,1.0,28,0,0,2340,3,186.0,18000000.0,18000000.0,0.0,18.0,18.0,0.0
664,2,933,4,74,107,2021,Tyler Roberts,Centre-Forward,Wales,Leeds United,23,26,1.0,0.0,1.0,23,1,0,987,1,180.0,8000000.0,8000000.0,0.0,8.0,8.0,0.0
665,2,916,12,8,108,2021,Timothy Castagne,Right-Back,Belgium,Leicester City,26,29,1.0,0.0,1.0,27,0,0,2127,1,185.0,28000000.0,28000000.0,0.0,28.0,28.0,0.0
666,2,977,2,8,108,2021,Youri Tielemans,Central Midfield,Belgium,Leicester City,25,27,1.0,0.0,1.0,32,4,2,2632,6,177.0,55000000.0,55000000.0,0.0,55.0,55.0,0.0
667,2,422,4,25,108,2021,Jamie Vardy,Centre-Forward,England,Leicester City,35,38,1.0,0.0,1.0,25,2,0,1806,15,179.0,5000000.0,5000000.0,0.0,5.0,5.0,0.0
668,2,413,1,25,108,2021,James Maddison,Attacking Midfield,England,Leicester City,25,28,1.0,0.0,1.0,35,8,0,2460,12,175.0,50000000.0,50000000.0,0.0,50.0,50.0,0.0
669,2,542,2,25,108,2021,Kiernan Dewsbury-Hall,Central Midfield,England,Leicester City,23,26,1.0,0.0,1.0,28,2,0,2105,1,176.0,2000000.0,8000000.0,6000000.0,2.0,8.0,6.0
670,2,606,10,25,108,2021,Marc Albrighton,Right Midfield,England,Leicester City,32,35,1.0,0.0,1.0,17,2,0,1132,1,175.0,2500000.0,2500000.0,0.0,2.5,2.5,0.0
671,2,363,8,25,108,2021,Harvey Barnes,Left Winger,England,Leicester City,24,27,1.0,0.0,1.0,32,10,0,2101,6,182.0,32000000.0,32000000.0,0.0,32.0,32.0,0.0
672,2,18,13,50,108,2021,Ademola Lookman,Second Striker,Nigeria,Leicester City,24,27,1.0,0.0,1.0,26,0,0,1453,6,174.0,9000000.0,10000000.0,1000000.0,9.0,10.0,1.0
673,2,530,4,50,108,2021,Kelechi Iheanacho,Centre-Forward,Nigeria,Leicester City,25,28,1.0,0.0,1.0,26,5,0,1264,4,185.0,20000000.0,20000000.0,0.0,20.0,20.0,0.0
674,2,482,3,52,108,2021,Jonny Evans,Centre-Back,Northern Ireland,Leicester City,34,37,1.0,0.0,1.0,18,1,0,1348,1,188.0,5000000.0,4000000.0,-1000000.0,5.0,4.0,-1.0
675,2,797,12,56,108,2021,Ricardo Pereira,Right-Back,Portugal,Leicester City,28,31,1.0,0.0,1.0,14,3,0,991,1,175.0,25000000.0,20000000.0,-5000000.0,25.0,20.0,-5.0
676,2,93,4,63,108,2021,Ayoze Perez,Centre-Forward,Spain,Leicester City,28,31,1.0,0.0,1.0,14,3,0,446,2,178.0,15000000.0,10000000.0,-5000000.0,15.0,10.0,-5.0
677,2,989,3,68,108,2021,caglar Soyuncu,Centre-Back,Turkiye,Leicester City,25,28,1.0,0.0,1.0,28,0,0,2497,1,185.0,45000000.0,40000000.0,-5000000.0,45.0,40.0,-5.0
678,2,761,4,75,108,2021,Patson Daka,Centre-Forward,Zambia,Leicester City,23,26,1.0,0.0,1.0,23,3,0,1158,5,183.0,22000000.0,20000000.0,-2000000.0,22.0,20.0,-2.0
679,2,230,4,8,112,2021,Divock Origi,Centre-Forward,Belgium,Liverpool FC,27,29,2.0,0.0,1.0,7,1,0,133,3,189.0,12000000.0,12000000.0,0.0,12.0,12.0,0.0
680,2,808,4,10,112,2021,Roberto Firmino,Centre-Forward,Brazil,Liverpool FC,30,33,2.0,0.0,1.0,20,4,0,988,5,181.0,40000000.0,32000000.0,-8000000.0,40.0,32.0,-8.0
681,2,283,5,10,112,2021,Fabinho,Defensive Midfield,Brazil,Liverpool FC,28,31,2.0,0.0,1.0,29,1,2,2314,5,188.0,60000000.0,60000000.0,0.0,60.0,60.0,0.0
682,2,465,3,12,112,2021,Joel Matip,Centre-Back,Cameroon,Liverpool FC,30,33,2.0,0.0,1.0,31,3,0,2790,3,195.0,18000000.0,18000000.0,0.0,18.0,18.0,0.0
683,2,582,8,15,112,2021,Luis Diaz,Left Winger,Colombia,Liverpool FC,25,28,2.0,0.0,1.0,13,3,0,958,4,180.0,25000000.0,65000000.0,40000000.0,25.0,65.0,40.0
684,2,686,11,24,112,2021,Mohamed Salah,Right Winger,Egypt,Liverpool FC,29,32,2.0,0.0,1.0,35,13,5,2762,23,175.0,100000000.0,90000000.0,-10000000.0,100.0,90.0,-10.0
685,2,486,2,25,112,2021,Jordan Henderson,Central Midfield,England,Liverpool FC,31,34,2.0,0.0,1.0,35,5,0,2597,2,182.0,18000000.0,15000000.0,-3000000.0,18.0,15.0,-3.0
686,2,928,12,25,112,2021,Trent Alexander-Arnold,Right-Back,England,Liverpool FC,23,26,2.0,0.0,1.0,32,12,0,2852,2,175.0,80000000.0,80000000.0,0.0,80.0,80.0,0.0
687,2,29,2,25,112,2021,Alex Oxlade-Chamberlain,Central Midfield,England,Liverpool FC,28,31,2.0,0.0,1.0,17,1,0,786,2,180.0,18000000.0,16000000.0,-2000000.0,18.0,16.0,-2.0
688,2,185,2,25,112,2021,Curtis Jones,Central Midfield,England,Liverpool FC,21,24,2.0,0.0,1.0,15,1,0,852,1,185.0,30000000.0,28000000.0,-2000000.0,30.0,28.0,-2.0
689,2,706,2,33,112,2021,Naby Keita,Central Midfield,Guinea,Liverpool FC,27,29,2.0,0.0,1.0,23,1,0,1173,3,172.0,30000000.0,25000000.0,-5000000.0,30.0,25.0,-5.0
690,2,896,8,42,112,2021,Takumi Minamino,Left Winger,Japan,Liverpool FC,27,30,2.0,0.0,1.0,11,0,0,186,3,172.0,12000000.0,12000000.0,0.0,12.0,12.0,0.0
691,2,948,3,48,112,2021,Virgil van Dijk,Centre-Back,Netherlands,Liverpool FC,30,33,2.0,0.0,1.0,34,2,0,3060,3,195.0,55000000.0,55000000.0,0.0,55.0,55.0,0.0
692,2,229,4,56,112,2021,Diogo Jota,Centre-Forward,Portugal,Liverpool FC,25,28,2.0,0.0,1.0,35,4,0,2365,15,178.0,60000000.0,60000000.0,0.0,60.0,60.0,0.0
693,2,58,9,58,112,2021,Andrew Robertson,Left-Back,Scotland,Liverpool FC,28,30,2.0,0.0,1.0,29,10,0,2538,3,178.0,65000000.0,65000000.0,0.0,65.0,65.0,0.0
694,2,838,8,59,112,2021,Sadio Mane,Left Winger,Senegal,Liverpool FC,30,32,2.0,0.0,1.0,34,3,0,2820,16,174.0,80000000.0,70000000.0,-10000000.0,80.0,70.0,-10.0
695,2,907,2,63,112,2021,Thiago Alcantara,Central Midfield,Spain,Liverpool FC,31,33,2.0,0.0,1.0,25,4,0,1534,1,174.0,25000000.0,20000000.0,-5000000.0,25.0,20.0,-5.0
696,2,803,11,2,118,2021,Riyad Mahrez,Right Winger,Algeria,Manchester City,31,33,2.0,0.0,1.0,28,5,4,1499,11,179.0,40000000.0,35000000.0,-5000000.0,40.0,35.0,-5.0
697,2,536,1,8,118,2021,Kevin De Bruyne,Attacking Midfield,Belgium,Manchester City,30,33,2.0,0.0,1.0,30,8,0,2202,15,181.0,90000000.0,85000000.0,-5000000.0,90.0,85.0,-5.0
698,2,295,5,10,118,2021,Fernandinho,Defensive Midfield,Brazil,Manchester City,37,39,2.0,0.0,1.0,19,1,0,964,2,179.0,2000000.0,1500000.0,-500000.0,2.0,1.5,-0.5
699,2,313,4,10,118,2021,Gabriel Jesus,Centre-Forward,Brazil,Manchester City,25,27,2.0,0.0,1.0,28,9,1,1877,8,175.0,60000000.0,50000000.0,-10000000.0,60.0,50.0,-10.0
700,2,785,11,25,118,2021,Raheem Sterling,Right Winger,England,Manchester City,27,30,2.0,0.0,1.0,30,5,2,2128,13,170.0,85000000.0,70000000.0,-15000000.0,85.0,70.0,-15.0
701,2,475,3,25,118,2021,John Stones,Centre-Back,England,Manchester City,27,30,2.0,0.0,1.0,14,0,0,1119,1,188.0,28000000.0,28000000.0,0.0,28.0,28.0,0.0
702,2,395,8,25,118,2021,Jack Grealish,Left Winger,England,Manchester City,26,29,2.0,0.0,1.0,26,3,0,1913,3,180.0,100000000.0,70000000.0,-30000000.0,100.0,70.0,-30.0
703,2,774,11,25,118,2021,Phil Foden,Right Winger,England,Manchester City,21,24,2.0,0.0,1.0,28,5,0,2129,9,171.0,85000000.0,90000000.0,5000000.0,85.0,90.0,5.0
704,2,990,2,29,118,2021,ilkay Gundogan,Central Midfield,Germany,Manchester City,31,34,2.0,0.0,1.0,27,3,0,1856,8,180.0,35000000.0,25000000.0,-10000000.0,35.0,25.0,-10.0
705,2,709,3,48,118,2021,Nathan Ake,Centre-Back,Netherlands,Manchester City,27,29,2.0,0.0,1.0,14,0,0,923,2,180.0,28000000.0,25000000.0,-3000000.0,28.0,25.0,-3.0
706,2,826,3,56,118,2021,Ruben Dias,Centre-Back,Portugal,Manchester City,24,27,2.0,0.0,1.0,29,4,0,2402,2,187.0,75000000.0,75000000.0,0.0,75.0,75.0,0.0
707,2,457,12,56,118,2021,Joco Cancelo,Right-Back,Portugal,Manchester City,27,30,2.0,0.0,1.0,36,7,0,3227,1,182.0,60000000.0,65000000.0,5000000.0,60.0,65.0,5.0
708,2,109,1,56,118,2021,Bernardo Silva,Attacking Midfield,Portugal,Manchester City,27,30,2.0,0.0,1.0,35,4,0,2857,8,173.0,75000000.0,80000000.0,5000000.0,75.0,80.0,5.0
709,2,297,11,63,118,2021,Ferran Torres,Right Winger,Spain,Manchester City,21,24,2.0,0.0,1.0,4,1,0,303,2,184.0,45000000.0,45000000.0,0.0,45.0,45.0,0.0
710,2,92,3,63,118,2021,Aymeric Laporte,Centre-Back,Spain,Manchester City,27,30,2.0,0.0,1.0,33,0,0,2829,4,191.0,45000000.0,45000000.0,0.0,45.0,45.0,0.0
711,2,811,5,63,118,2021,Rodri,Defensive Midfield,Spain,Manchester City,25,28,2.0,0.0,1.0,33,2,0,2884,7,191.0,70000000.0,80000000.0,10000000.0,70.0,80.0,10.0
712,2,310,2,10,119,2021,Fred,Central Midfield,Brazil,Manchester United,29,31,-5.0,0.0,-1.0,28,4,0,2028,4,169.0,22000000.0,20000000.0,-2000000.0,22.0,20.0,-2.0
713,2,442,1,25,119,2021,Jesse Lingard,Attacking Midfield,England,Manchester United,29,32,-5.0,0.0,-1.0,16,0,0,367,2,174.0,20000000.0,18000000.0,-2000000.0,20.0,18.0,-2.0
714,2,360,3,25,119,2021,Harry Maguire,Centre-Back,England,Manchester United,29,31,-5.0,0.0,-1.0,30,0,0,2516,1,194.0,50000000.0,38000000.0,-12000000.0,50.0,38.0,-12.0
715,2,405,8,25,119,2021,Jadon Sancho,Left Winger,England,Manchester United,22,24,-5.0,0.0,-1.0,29,3,0,1898,3,180.0,90000000.0,75000000.0,-15000000.0,90.0,75.0,-15.0
716,2,616,8,25,119,2021,Marcus Rashford,Left Winger,England,Manchester United,24,27,-5.0,0.0,-1.0,25,2,0,1236,4,185.0,85000000.0,60000000.0,-25000000.0,85.0,60.0,-25.0
717,2,70,4,27,119,2021,Anthony Martial,Centre-Forward,France,Manchester United,26,29,-5.0,0.0,-1.0,8,0,0,214,1,181.0,35000000.0,16000000.0,-19000000.0,35.0,16.0,-19.0
718,2,765,2,27,119,2021,Paul Pogba,Central Midfield,France,Manchester United,29,31,-5.0,0.0,-1.0,20,9,0,1350,1,191.0,55000000.0,48000000.0,-7000000.0,55.0,48.0,-7.0
719,2,787,3,27,119,2021,Raphael Varane,Centre-Back,France,Manchester United,29,31,-5.0,0.0,-1.0,22,1,0,1831,1,191.0,65000000.0,48000000.0,-17000000.0,65.0,48.0,-17.0
720,2,627,11,41,119,2021,Mason Greenwood,Right Winger,Jamaica,Manchester United,20,23,-5.0,0.0,-1.0,18,1,0,1270,5,181.0,50000000.0,0.0,-50000000.0,50.0,0.0,-50.0
721,2,181,4,56,119,2021,Cristiano Ronaldo,Centre-Forward,Portugal,Manchester United,37,39,-5.0,0.0,-1.0,30,3,3,2456,18,188.0,35000000.0,30000000.0,-5000000.0,35.0,30.0,-5.0
722,2,126,1,56,119,2021,Bruno Fernandes,Attacking Midfield,Portugal,Manchester United,27,30,-5.0,0.0,-1.0,36,6,0,3110,10,179.0,90000000.0,85000000.0,-5000000.0,90.0,85.0,-5.0
723,2,859,2,58,119,2021,Scott McTominay,Central Midfield,Scotland,Manchester United,25,28,-5.0,0.0,-1.0,30,1,0,2386,1,191.0,35000000.0,32000000.0,-3000000.0,35.0,32.0,-3.0
724,2,68,11,64,119,2021,Anthony Elanga,Right Winger,Sweden,Manchester United,20,22,-5.0,0.0,-1.0,21,2,0,1213,2,178.0,4000000.0,20000000.0,16000000.0,4.0,20.0,16.0
725,2,246,4,72,119,2021,Edinson Cavani,Centre-Forward,Uruguay,Manchester United,35,37,-5.0,0.0,-1.0,15,1,0,768,2,184.0,4000000.0,4000000.0,0.0,4.0,4.0,0.0
726,2,468,2,10,132,2021,Joelinton,Central Midfield,Brazil,Newcastle United,25,28,0.0,0.0,0.0,35,1,0,2558,4,186.0,15000000.0,20000000.0,5000000.0,15.0,20.0,5.0
727,2,128,5,10,132,2021,Bruno Guimarces,Defensive Midfield,Brazil,Newcastle United,24,27,0.0,0.0,0.0,17,1,0,1034,5,182.0,30000000.0,40000000.0,10000000.0,30.0,40.0,10.0
728,2,463,2,25,132,2021,Joe Willock,Central Midfield,England,Newcastle United,22,25,0.0,0.0,0.0,29,0,0,2036,2,186.0,22000000.0,22000000.0,0.0,22.0,22.0,0.0
729,2,409,3,25,132,2021,Jamaal Lascelles,Centre-Back,England,Newcastle United,28,31,0.0,0.0,0.0,26,0,0,2059,1,188.0,11000000.0,10000000.0,-1000000.0,11.0,10.0,-1.0
730,2,481,2,25,132,2021,Jonjo Shelvey,Central Midfield,England,Newcastle United,30,32,0.0,0.0,0.0,24,1,0,1985,2,184.0,11000000.0,10000000.0,-1000000.0,11.0,10.0,-1.0
731,2,402,11,25,132,2021,Jacob Murphy,Right Winger,England,Newcastle United,27,29,0.0,0.0,0.0,33,2,0,1473,1,179.0,5000000.0,5000000.0,0.0,5.0,5.0,0.0
732,2,541,12,25,132,2021,Kieran Trippier,Right-Back,England,Newcastle United,31,34,0.0,0.0,0.0,6,0,0,429,2,173.0,,15000000.0,15000000.0,0.0,15.0,15.0
733,2,861,2,25,132,2021,Sean Longstaff,Central Midfield,England,Newcastle United,24,27,0.0,0.0,0.0,24,1,0,1463,1,187.0,13000000.0,13000000.0,0.0,13.0,13.0,0.0
734,2,135,4,25,132,2021,Callum Wilson,Centre-Forward,England,Newcastle United,30,32,0.0,0.0,0.0,18,0,2,1386,8,180.0,20000000.0,18000000.0,-2000000.0,20.0,18.0,-2.0
735,2,41,8,27,132,2021,Allan Saint-Maximin,Left Winger,France,Newcastle United,25,27,0.0,0.0,0.0,35,5,0,2804,5,173.0,32000000.0,32000000.0,0.0,32.0,32.0,0.0
736,2,436,2,38,132,2021,Jeff Hendrick,Central Midfield,Ireland,Newcastle United,29,32,0.0,0.0,0.0,3,0,0,73,1,185.0,7000000.0,5000000.0,-2000000.0,7.0,5.0,-2.0
737,2,382,5,41,132,2021,Isaac Hayden,Defensive Midfield,Jamaica,Newcastle United,26,29,0.0,0.0,0.0,14,0,0,1001,1,187.0,10000000.0,8000000.0,-2000000.0,10.0,8.0,-2.0
738,2,677,11,54,132,2021,Miguel Almiron,Right Winger,Paraguay,Newcastle United,28,30,0.0,0.0,0.0,30,0,0,1716,1,174.0,17500000.0,16000000.0,-1500000.0,17.5,16.0,-1.5
739,2,832,8,58,132,2021,Ryan Fraser,Left Winger,Scotland,Newcastle United,28,30,0.0,0.0,0.0,27,3,0,1466,2,163.0,8000000.0,10000000.0,2000000.0,8.0,10.0,2.0
740,2,430,12,63,132,2021,Javier Manquillo,Right-Back,Spain,Newcastle United,28,30,0.0,0.0,0.0,19,2,0,1257,1,178.0,3000000.0,3000000.0,0.0,3.0,3.0,0.0
741,2,282,3,65,132,2021,Fabian Schar,Centre-Back,Switzerland,Newcastle United,30,33,0.0,0.0,0.0,25,2,0,2158,2,186.0,7000000.0,7000000.0,0.0,7.0,7.0,0.0
742,2,539,1,25,135,2021,Kieran Dowell,Attacking Midfield,England,Norwich City,24,27,-1.0,1.0,-1.0,19,1,0,911,1,183.0,3000000.0,2500000.0,-500000.0,3.0,2.5,-0.5
743,2,902,4,26,135,2021,Teemu Pukki,Centre-Forward,Finland,Norwich City,32,34,-1.0,1.0,-1.0,37,3,3,3253,11,180.0,5000000.0,4000000.0,-1000000.0,5.0,4.0,-1.0
744,2,777,5,27,135,2021,Pierre Lees-Melou,Defensive Midfield,France,Norwich City,28,31,-1.0,1.0,-1.0,33,0,0,2267,1,185.0,7000000.0,5000000.0,-2000000.0,7.0,5.0,-2.0
745,2,57,3,38,135,2021,Andrew Omobamidele,Centre-Back,Ireland,Norwich City,19,22,-1.0,1.0,-1.0,5,0,0,382,1,188.0,1200000.0,1200000.0,0.0,1.2,1.2,0.0
746,2,12,4,38,135,2021,Adam Idah,Centre-Forward,Ireland,Norwich City,20,23,-1.0,1.0,-1.0,17,1,0,625,1,190.0,3000000.0,3000000.0,0.0,3.0,3.0,0.0
747,2,681,11,44,135,2021,Milot Rashica,Right Winger,Kosovo,Norwich City,25,28,-1.0,1.0,-1.0,31,2,0,2230,1,178.0,8000000.0,7000000.0,-1000000.0,8.0,7.0,-1.0
748,2,643,5,53,135,2021,Mathias Normann,Defensive Midfield,Norway,Norwich City,25,28,-1.0,1.0,-1.0,23,2,0,1644,1,179.0,13000000.0,10000000.0,-3000000.0,13.0,10.0,-3.0
749,2,348,3,58,135,2021,Grant Hanley,Centre-Back,Scotland,Norwich City,30,33,-1.0,1.0,-1.0,33,0,0,2897,1,188.0,4000000.0,3500000.0,-500000.0,4.0,3.5,-0.5
750,2,532,2,58,135,2021,Kenny McLean,Central Midfield,Scotland,Norwich City,30,33,-1.0,1.0,-1.0,31,0,0,2706,1,180.0,3000000.0,2500000.0,-500000.0,3.0,2.5,-0.5
751,2,493,4,71,135,2021,Josh Sargent,Centre-Forward,United States,Norwich City,22,24,-1.0,1.0,-1.0,26,1,0,1572,2,185.0,8000000.0,7000000.0,-1000000.0,8.0,7.0,-1.0
752,2,78,4,1,174,2021,Armando Broja,Centre-Forward,Albania,Southampton FC,20,23,-1.0,0.0,-1.0,32,0,0,1975,6,191.0,9000000.0,22000000.0,13000000.0,9.0,22.0,13.0
753,2,10,4,25,174,2021,Adam Armstrong,Centre-Forward,England,Southampton FC,25,27,-1.0,0.0,-1.0,23,2,0,1414,2,173.0,18000000.0,15000000.0,-3000000.0,18.0,15.0,-3.0
754,2,552,12,25,174,2021,Kyle Walker-Peters,Right-Back,England,Southampton FC,25,27,-1.0,0.0,-1.0,32,2,0,2633,1,173.0,18000000.0,22000000.0,4000000.0,18.0,22.0,4.0
755,2,712,11,25,174,2021,Nathan Redmond,Right Winger,England,Southampton FC,28,30,-1.0,0.0,-1.0,27,5,0,1833,1,173.0,18000000.0,18000000.0,0.0,18.0,18.0,0.0
756,2,917,12,25,174,2021,Tino Livramento,Right-Back,England,Southampton FC,19,22,-1.0,0.0,-1.0,28,1,0,2202,1,182.0,5000000.0,25000000.0,20000000.0,5.0,25.0,20.0
757,2,419,2,25,174,2021,James Ward-Prowse,Central Midfield,England,Southampton FC,27,30,-1.0,0.0,-1.0,36,5,4,3216,10,177.0,32000000.0,32000000.0,0.0,32.0,32.0,0.0
758,2,875,4,38,174,2021,Shane Long,Centre-Forward,Ireland,Southampton FC,35,38,-1.0,0.0,-1.0,13,0,0,308,1,180.0,800000.0,800000.0,0.0,0.8,0.8,0.0
759,2,685,8,53,174,2021,Mohamed Elyounoussi,Left Winger,Norway,Southampton FC,27,30,-1.0,0.0,-1.0,30,2,0,2041,4,178.0,10000000.0,12000000.0,2000000.0,10.0,12.0,2.0
760,2,423,3,55,174,2021,Jan Bednarek,Centre-Back,Poland,Southampton FC,26,28,-1.0,0.0,-1.0,31,0,0,2629,4,189.0,22000000.0,22000000.0,0.0,22.0,22.0,0.0
761,2,889,2,58,174,2021,Stuart Armstrong,Central Midfield,Scotland,Southampton FC,30,32,-1.0,0.0,-1.0,25,0,0,1473,2,183.0,6000000.0,6000000.0,0.0,6.0,6.0,0.0
762,2,151,4,58,174,2021,Che Adams,Centre-Forward,Scotland,Southampton FC,25,28,-1.0,0.0,-1.0,30,3,0,2039,7,179.0,20000000.0,18000000.0,-2000000.0,20.0,18.0,-2.0
763,2,746,5,63,174,2021,Oriol Romeu,Defensive Midfield,Spain,Southampton FC,30,33,-1.0,0.0,-1.0,36,2,0,2888,2,183.0,5000000.0,5000000.0,0.0,5.0,5.0,0.0
764,2,180,3,4,188,2021,Cristian Romero,Centre-Back,Argentina,Tottenham Hotspur,24,26,2.0,0.0,1.0,22,0,0,1844,1,185.0,35000000.0,48000000.0,13000000.0,35.0,48.0,13.0
765,2,575,11,10,188,2021,Lucas Moura,Right Winger,Brazil,Tottenham Hotspur,29,32,2.0,0.0,1.0,34,6,0,1775,2,172.0,22000000.0,20000000.0,-2000000.0,22.0,20.0,-2.0
766,2,256,12,10,188,2021,Emerson Royal,Right-Back,Brazil,Tottenham Hotspur,23,26,2.0,0.0,1.0,31,1,0,2285,1,183.0,25000000.0,25000000.0,0.0,25.0,25.0,0.0
767,2,210,3,15,188,2021,Davinson Sanchez,Centre-Back,Colombia,Tottenham Hotspur,25,28,2.0,0.0,1.0,23,0,0,1631,2,187.0,30000000.0,28000000.0,-2000000.0,30.0,28.0,-2.0
768,2,779,5,21,188,2021,Pierre-Emile Hojbjerg,Defensive Midfield,Denmark,Tottenham Hotspur,26,29,2.0,0.0,1.0,36,2,0,3196,2,185.0,40000000.0,40000000.0,0.0,40.0,40.0,0.0
769,2,359,4,25,188,2021,Harry Kane,Centre-Forward,England,Tottenham Hotspur,28,31,2.0,0.0,1.0,37,9,4,3232,17,188.0,100000000.0,90000000.0,-10000000.0,100.0,90.0,-10.0
770,2,898,2,27,188,2021,Tanguy Ndombele,Central Midfield,France,Tottenham Hotspur,25,28,2.0,0.0,1.0,9,1,0,484,1,181.0,45000000.0,30000000.0,-15000000.0,45.0,30.0,-15.0
771,2,646,12,38,188,2021,Matt Doherty,Right-Back,Ireland,Tottenham Hotspur,30,33,2.0,0.0,1.0,15,4,0,875,2,185.0,12000000.0,12000000.0,0.0,12.0,12.0,0.0
772,2,369,8,43,188,2021,Heung-min Son,Left Winger,"Korea, South",Tottenham Hotspur,29,32,2.0,0.0,1.0,35,7,0,3007,23,184.0,80000000.0,75000000.0,-5000000.0,80.0,75.0,-5.0
773,2,888,8,48,188,2021,Steven Bergwijn,Left Winger,Netherlands,Tottenham Hotspur,24,27,2.0,0.0,1.0,25,1,0,564,3,171.0,18000000.0,18000000.0,0.0,18.0,18.0,0.0
774,2,871,9,63,188,2021,Sergio Reguilon,Left-Back,Spain,Tottenham Hotspur,25,28,2.0,0.0,1.0,25,3,0,1916,2,178.0,28000000.0,25000000.0,-3000000.0,28.0,25.0,-3.0
775,2,215,1,64,188,2021,Dejan Kulusevski,Attacking Midfield,Sweden,Tottenham Hotspur,22,24,2.0,0.0,1.0,18,8,0,1261,5,186.0,35000000.0,40000000.0,5000000.0,35.0,40.0,5.0
776,2,98,3,74,188,2021,Ben Davies,Centre-Back,Wales,Tottenham Hotspur,29,31,2.0,0.0,1.0,29,1,0,2538,1,181.0,18000000.0,20000000.0,2000000.0,18.0,20.0,2.0
777,2,459,4,10,195,2021,Joco Pedro,Centre-Forward,Brazil,Watford FC,20,23,-3.0,1.0,-1.0,28,1,0,1644,3,182.0,10000000.0,14000000.0,4000000.0,10.0,14.0,4.0
778,2,183,4,15,195,2021,Cucho Hernandez,Centre-Forward,Colombia,Watford FC,23,25,-3.0,1.0,-1.0,25,2,0,1147,5,176.0,9000000.0,9000000.0,0.0,9.0,9.0,0.0
779,2,365,9,16,195,2021,Hassane Kamara,Left-Back,Cote dIvoire,Watford FC,28,30,-3.0,1.0,-1.0,19,0,0,1624,1,170.0,7000000.0,4000000.0,-3000000.0,7.0,4.0,-3.0
780,2,189,2,25,195,2021,Dan Gosling,Central Midfield,England,Watford FC,32,34,-3.0,1.0,-1.0,4,0,0,166,1,180.0,1000000.0,1000000.0,0.0,1.0,1.0,0.0
781,2,261,4,50,195,2021,Emmanuel Dennis,Centre-Forward,Nigeria,Watford FC,24,27,-3.0,1.0,-1.0,33,6,0,2582,10,175.0,8000000.0,14000000.0,6000000.0,8.0,14.0,6.0
782,2,494,4,53,195,2021,Joshua King,Centre-Forward,Norway,Watford FC,30,33,-3.0,1.0,-1.0,32,3,1,2248,5,180.0,8000000.0,8000000.0,0.0,8.0,8.0,0.0
783,2,385,11,59,195,2021,Ismaila Sarr,Right Winger,Senegal,Watford FC,24,26,-3.0,1.0,-1.0,22,2,0,1861,5,185.0,27000000.0,27000000.0,0.0,27.0,27.0,0.0
784,2,510,2,61,195,2021,Juraj Kucka,Central Midfield,Slovakia,Watford FC,35,37,-3.0,1.0,-1.0,26,1,0,1921,1,186.0,2000000.0,1800000.0,-200000.0,2.0,1.8,-0.2
785,2,840,8,2,199,2021,Said Benrahma,Left Winger,Algeria,West Ham United,26,29,3.0,0.0,1.0,32,6,0,2168,8,172.0,25000000.0,25000000.0,0.0,25.0,25.0,0.0
786,2,605,1,4,199,2021,Manuel Lanzini,Attacking Midfield,Argentina,West Ham United,29,31,3.0,0.0,1.0,30,3,3,1786,5,170.0,10000000.0,12000000.0,2000000.0,10.0,12.0,2.0
787,2,727,1,17,199,2021,Nikola Vlasic,Attacking Midfield,Croatia,West Ham United,24,27,3.0,0.0,1.0,19,0,0,560,1,179.0,27000000.0,22000000.0,-5000000.0,27.0,22.0,-5.0
788,2,925,5,19,199,2021,Tomas Soucek,Defensive Midfield,Czech Republic,West Ham United,27,29,3.0,0.0,1.0,35,1,0,3062,5,192.0,42000000.0,45000000.0,3000000.0,42.0,45.0,3.0
789,2,84,9,20,199,2021,Arthur Masuaku,Left-Back,DR Congo,West Ham United,28,31,3.0,0.0,1.0,13,1,0,651,1,179.0,5000000.0,5000000.0,0.0,5.0,5.0,0.0
790,2,428,11,25,199,2021,Jarrod Bowen,Right Winger,England,West Ham United,25,28,3.0,0.0,1.0,36,10,0,2983,12,176.0,35000000.0,42000000.0,7000000.0,35.0,42.0,7.0
791,2,178,3,25,199,2021,Craig Dawson,Centre-Back,England,West Ham United,32,34,3.0,0.0,1.0,34,2,0,2755,2,188.0,3000000.0,3000000.0,0.0,3.0,3.0,0.0
792,2,2,9,25,199,2021,Aaron Cresswell,Left-Back,England,West Ham United,32,35,3.0,0.0,1.0,31,3,0,2726,2,170.0,4000000.0,3000000.0,-1000000.0,4.0,3.0,-1.0
793,2,621,2,25,199,2021,Mark Noble,Central Midfield,England,West Ham United,35,37,3.0,0.0,1.0,11,0,1,332,1,180.0,1000000.0,0.0,-1000000.0,1.0,0.0,-1.0
794,2,100,12,25,199,2021,Ben Johnson,Right-Back,England,West Ham United,22,25,3.0,0.0,1.0,20,0,0,1397,1,184.0,3000000.0,9000000.0,6000000.0,3.0,9.0,6.0
795,2,213,2,25,199,2021,Declan Rice,Central Midfield,England,West Ham United,23,26,3.0,0.0,1.0,36,4,0,3179,1,188.0,70000000.0,80000000.0,10000000.0,70.0,80.0,10.0
796,2,65,3,40,199,2021,Angelo Ogbonna,Centre-Back,Italy,West Ham United,33,36,3.0,0.0,1.0,11,0,0,921,1,191.0,2000000.0,1200000.0,-800000.0,2.0,1.2,-0.8
797,2,673,4,41,199,2021,Michail Antonio,Centre-Forward,Jamaica,West Ham United,32,34,3.0,0.0,1.0,36,8,0,2972,10,180.0,12000000.0,10000000.0,-2000000.0,12.0,10.0,-2.0
798,2,750,1,63,199,2021,Pablo Fornals,Attacking Midfield,Spain,West Ham United,26,28,3.0,0.0,1.0,36,3,0,2794,6,178.0,20000000.0,22000000.0,2000000.0,20.0,22.0,2.0
799,2,60,11,70,199,2021,Andriy Yarmolenko,Right Winger,Ukraine,West Ham United,32,35,3.0,0.0,1.0,19,0,0,316,1,189.0,3500000.0,2500000.0,-1000000.0,3.5,2.5,-1.0
800,2,792,9,2,202,2021,Rayan Ait-Nouri,Left-Back,Algeria,Wolverhampton Wanderers,20,23,3.0,0.0,1.0,23,2,0,1828,1,180.0,15000000.0,20000000.0,5000000.0,15.0,20.0,5.0
801,2,555,5,8,202,2021,Leander Dendoncker,Defensive Midfield,Belgium,Wolverhampton Wanderers,27,29,3.0,0.0,1.0,30,2,0,1950,2,188.0,30000000.0,28000000.0,-2000000.0,30.0,28.0,-2.0
802,2,659,3,25,202,2021,Maximilian Kilman,Centre-Back,England,Wolverhampton Wanderers,24,27,3.0,0.0,1.0,30,0,0,2687,1,194.0,9000000.0,16000000.0,7000000.0,9.0,16.0,7.0
803,2,175,3,25,202,2021,Conor Coady,Centre-Back,England,Wolverhampton Wanderers,29,31,3.0,0.0,1.0,38,0,0,3361,4,185.0,25000000.0,25000000.0,0.0,25.0,25.0,0.0
804,2,367,4,43,202,2021,Hee-chan Hwang,Centre-Forward,"Korea, South",Wolverhampton Wanderers,26,29,3.0,0.0,1.0,30,1,0,1815,5,177.0,13000000.0,16000000.0,3000000.0,13.0,16.0,3.0
805,2,791,4,46,202,2021,Raul Jimenez,Centre-Forward,Mexico,Wolverhampton Wanderers,31,33,3.0,0.0,1.0,34,4,1,2633,6,187.0,22000000.0,18000000.0,-4000000.0,22.0,18.0,-4.0
806,2,820,3,47,202,2021,Romain Saiss,Centre-Back,Morocco,Wolverhampton Wanderers,32,34,3.0,0.0,1.0,31,0,0,2706,2,188.0,9000000.0,8000000.0,-1000000.0,9.0,8.0,-1.0
807,2,195,11,56,202,2021,Daniel Podence,Right Winger,Portugal,Wolverhampton Wanderers,26,29,3.0,0.0,1.0,26,3,0,1484,2,170.0,22000000.0,20000000.0,-2000000.0,22.0,20.0,-2.0
808,2,930,11,56,202,2021,Trincco,Right Winger,Portugal,Wolverhampton Wanderers,22,25,3.0,0.0,1.0,28,1,0,1337,2,184.0,22000000.0,20000000.0,-2000000.0,22.0,20.0,-2.0
809,2,458,2,56,202,2021,Joco Moutinho,Central Midfield,Portugal,Wolverhampton Wanderers,35,38,3.0,0.0,1.0,35,1,0,2971,2,170.0,2500000.0,2500000.0,0.0,2.5,2.5,0.0
810,2,769,11,56,202,2021,Pedro Neto,Right Winger,Portugal,Wolverhampton Wanderers,22,24,3.0,0.0,1.0,13,1,0,466,1,174.0,35000000.0,32000000.0,-3000000.0,35.0,32.0,-3.0
811,2,828,5,56,202,2021,Ruben Neves,Defensive Midfield,Portugal,Wolverhampton Wanderers,25,27,3.0,0.0,1.0,33,2,0,2660,4,180.0,42000000.0,40000000.0,-2000000.0,42.0,40.0,-2.0
812,2,16,11,63,202,2021,Adama Traore,Right Winger,Spain,Wolverhampton Wanderers,25,29,3.0,0.0,1.0,20,0,0,1066,1,178.0,28000000.0,20000000.0,-8000000.0,28.0,20.0,-8.0
813,2,483,12,63,202,2021,Jonny Otto,Right-Back,Spain,Wolverhampton Wanderers,28,30,3.0,0.0,1.0,13,0,0,1024,2,175.0,15000000.0,15000000.0,0.0,15.0,15.0,0.0
814,2,614,3,4,3,2022,Marcos Senesi,Centre-Back,Argentina,AFC Bournemouth,26,27,3.0,0.0,1.0,31,0,0,2491,2,185.0,17000000.0,22000000.0,5000000.0,17.0,22.0,5.0
815,2,191,8,11,3,2022,Dango Ouattara,Left Winger,Burkina Faso,AFC Bournemouth,21,22,3.0,0.0,1.0,19,3,0,1241,1,177.0,7000000.0,25000000.0,18000000.0,7.0,25.0,18.0
816,2,437,5,15,3,2022,Jefferson Lerma,Defensive Midfield,Colombia,AFC Bournemouth,28,30,3.0,0.0,1.0,37,0,0,3252,5,179.0,15000000.0,20000000.0,5000000.0,15.0,20.0,5.0
817,2,775,2,21,3,2022,Philip Billing,Central Midfield,Denmark,AFC Bournemouth,26,28,3.0,0.0,1.0,36,1,0,2765,7,193.0,18000000.0,20000000.0,2000000.0,18.0,20.0,2.0
818,2,234,4,25,3,2022,Dominic Solanke,Centre-Forward,England,AFC Bournemouth,25,27,3.0,0.0,1.0,33,7,0,2860,6,186.0,18000000.0,20000000.0,2000000.0,18.0,20.0,2.0
819,2,617,7,25,3,2022,Marcus Tavernier,Left Midfield,England,AFC Bournemouth,24,25,3.0,0.0,1.0,23,4,0,1743,5,178.0,10000000.0,17000000.0,7000000.0,10.0,17.0,7.0
820,2,406,8,25,3,2022,Jaidon Anthony,Left Winger,England,AFC Bournemouth,23,25,3.0,0.0,1.0,30,1,0,1258,3,183.0,5000000.0,9000000.0,4000000.0,5.0,9.0,4.0
821,2,72,11,30,3,2022,Antoine Semenyo,Right Winger,Ghana,AFC Bournemouth,23,25,3.0,0.0,1.0,11,0,0,258,1,185.0,3000000.0,9000000.0,6000000.0,3.0,9.0,6.0
822,2,831,2,58,3,2022,Ryan Christie,Central Midfield,Scotland,AFC Bournemouth,28,29,3.0,0.0,1.0,32,1,0,1834,1,178.0,9000000.0,10000000.0,1000000.0,9.0,10.0,1.0
823,2,645,9,72,3,2022,Matias Vina,Left-Back,Uruguay,AFC Bournemouth,25,27,3.0,0.0,1.0,12,0,0,458,2,175.0,6000000.0,8000000.0,2000000.0,6.0,8.0,2.0
824,2,538,4,74,3,2022,Kieffer Moore,Centre-Forward,Wales,AFC Bournemouth,30,32,3.0,0.0,1.0,27,0,0,1278,4,196.0,4000000.0,4000000.0,0.0,4.0,4.0,0.0
825,2,316,8,10,21,2022,Gabriel Martinelli,Left Winger,Brazil,Arsenal FC,21,23,3.0,0.0,1.0,36,5,0,2789,15,178.0,60000000.0,80000000.0,20000000.0,60.0,80.0,20.0
826,2,313,4,10,21,2022,Gabriel Jesus,Centre-Forward,Brazil,Arsenal FC,26,27,3.0,0.0,1.0,26,6,1,2064,11,175.0,65000000.0,75000000.0,10000000.0,65.0,75.0,10.0
827,2,314,3,10,21,2022,Gabriel Magalhaes,Centre-Back,Brazil,Arsenal FC,25,27,3.0,0.0,1.0,38,0,0,3409,3,190.0,40000000.0,55000000.0,15000000.0,40.0,55.0,15.0
828,2,132,11,25,21,2022,Bukayo Saka,Right Winger,England,Arsenal FC,21,23,3.0,0.0,1.0,38,11,2,3181,14,178.0,70000000.0,120000000.0,50000000.0,70.0,120.0,50.0
829,2,794,11,25,21,2022,Reiss Nelson,Right Winger,England,Arsenal FC,23,25,3.0,0.0,1.0,11,2,0,212,3,175.0,7000000.0,12000000.0,5000000.0,7.0,12.0,5.0
830,2,245,4,25,21,2022,Eddie Nketiah,Centre-Forward,England,Arsenal FC,23,25,3.0,0.0,1.0,30,1,0,1089,4,175.0,18000000.0,25000000.0,7000000.0,18.0,25.0,7.0
831,2,103,12,25,21,2022,Ben White,Right-Back,England,Arsenal FC,25,27,3.0,0.0,1.0,38,5,0,3054,2,186.0,45000000.0,55000000.0,10000000.0,45.0,55.0,10.0
832,2,804,3,25,21,2022,Rob Holding,Centre-Back,England,Arsenal FC,27,29,3.0,0.0,1.0,14,0,0,566,1,189.0,10000000.0,8000000.0,-2000000.0,10.0,8.0,-2.0
833,2,964,3,27,21,2022,William Saliba,Centre-Back,France,Arsenal FC,21,23,3.0,0.0,1.0,27,1,0,2415,2,192.0,40000000.0,65000000.0,25000000.0,40.0,65.0,25.0
834,2,912,5,30,21,2022,Thomas Partey,Defensive Midfield,Ghana,Arsenal FC,29,31,3.0,0.0,1.0,33,0,0,2483,3,185.0,38000000.0,35000000.0,-3000000.0,38.0,35.0,-3.0
835,2,624,1,53,21,2022,Martin odegaard,Attacking Midfield,Norway,Arsenal FC,24,26,3.0,0.0,1.0,37,7,0,3127,15,178.0,50000000.0,90000000.0,40000000.0,50.0,90.0,40.0
836,2,408,3,55,21,2022,Jakub Kiwior,Centre-Back,Poland,Arsenal FC,23,24,3.0,0.0,1.0,7,0,0,427,1,189.0,6000000.0,25000000.0,19000000.0,6.0,25.0,19.0
837,2,286,1,56,21,2022,Fabio Vieira,Attacking Midfield,Portugal,Arsenal FC,22,24,3.0,0.0,1.0,22,2,0,514,1,170.0,30000000.0,25000000.0,-5000000.0,30.0,25.0,-5.0
838,2,347,5,65,21,2022,Granit Xhaka,Defensive Midfield,Switzerland,Arsenal FC,30,32,3.0,0.0,1.0,37,7,0,2993,7,186.0,25000000.0,20000000.0,-5000000.0,25.0,20.0,-5.0
839,2,735,9,70,21,2022,Oleksandr Zinchenko,Left-Back,Ukraine,Arsenal FC,26,28,3.0,0.0,1.0,27,2,0,2119,1,175.0,32000000.0,42000000.0,10000000.0,32.0,42.0,10.0
840,2,259,1,4,22,2022,Emiliano Buendia,Attacking Midfield,Argentina,Aston Villa,26,28,0.0,0.0,0.0,38,2,0,2412,5,172.0,28000000.0,28000000.0,0.0,28.0,28.0,0.0
841,2,238,2,10,22,2022,Douglas Luiz,Central Midfield,Brazil,Aston Villa,25,26,0.0,0.0,0.0,37,6,0,2927,6,177.0,35000000.0,40000000.0,5000000.0,35.0,40.0,5.0
842,2,776,1,10,22,2022,Philippe Coutinho,Attacking Midfield,Brazil,Aston Villa,30,32,0.0,0.0,0.0,20,0,0,786,1,172.0,18000000.0,10000000.0,-8000000.0,18.0,10.0,-8.0
843,2,110,11,11,22,2022,Bertrand Traore,Right Winger,Burkina Faso,Aston Villa,27,29,0.0,0.0,0.0,8,0,0,233,2,181.0,14000000.0,12000000.0,-2000000.0,14.0,12.0,-2.0
844,2,741,4,25,22,2022,Ollie Watkins,Centre-Forward,England,Aston Villa,27,29,0.0,0.0,0.0,37,6,1,3127,15,180.0,32000000.0,40000000.0,8000000.0,32.0,40.0,8.0
845,2,403,7,25,22,2022,Jacob Ramsey,Left Midfield,England,Aston Villa,22,23,0.0,0.0,0.0,35,7,0,2637,6,180.0,28000000.0,42000000.0,14000000.0,28.0,42.0,14.0
846,2,935,3,25,22,2022,Tyrone Mings,Centre-Back,England,Aston Villa,30,31,0.0,0.0,0.0,35,2,0,3150,1,196.0,25000000.0,22000000.0,-3000000.0,25.0,22.0,-3.0
847,2,88,9,25,22,2022,Ashley Young,Left-Back,England,Aston Villa,37,39,0.0,0.0,0.0,29,0,0,2036,1,175.0,1000000.0,600000.0,-400000.0,1.0,0.6,-0.4
848,2,574,9,27,22,2022,Lucas Digne,Left-Back,France,Aston Villa,29,31,0.0,0.0,0.0,28,0,0,1503,1,178.0,22000000.0,15000000.0,-7000000.0,22.0,15.0,-7.0
849,2,557,11,41,22,2022,Leon Bailey,Right Winger,Jamaica,Aston Villa,25,27,0.0,0.0,0.0,33,4,0,1968,4,178.0,25000000.0,28000000.0,3000000.0,25.0,28.0,3.0
850,2,474,2,58,22,2022,John McGinn,Central Midfield,Scotland,Aston Villa,28,30,0.0,0.0,0.0,34,3,0,2694,1,178.0,30000000.0,27000000.0,-3000000.0,30.0,27.0,-3.0
851,2,130,11,12,41,2022,Bryan Mbeumo,Right Winger,Cameroon,Brentford FC,23,25,11.0,0.0,1.0,38,8,1,2904,9,171.0,25000000.0,35000000.0,10000000.0,25.0,35.0,10.0
852,2,642,2,21,41,2022,Mathias Jensen,Central Midfield,Denmark,Brentford FC,27,29,11.0,0.0,1.0,37,6,0,2804,5,180.0,12000000.0,22000000.0,10000000.0,12.0,22.0,10.0
853,2,163,5,21,41,2022,Christian Norgaard,Defensive Midfield,Denmark,Brentford FC,29,30,11.0,0.0,1.0,22,4,0,1763,1,187.0,14000000.0,16000000.0,2000000.0,14.0,16.0,2.0
854,2,976,4,20,41,2022,Yoane Wissa,Centre-Forward,DR Congo,Brentford FC,26,28,11.0,0.0,1.0,38,3,0,1607,7,176.0,15000000.0,18000000.0,3000000.0,15.0,18.0,3.0
855,2,391,4,25,41,2022,Ivan Toney,Centre-Forward,England,Brentford FC,27,28,11.0,0.0,1.0,33,4,6,2951,20,185.0,40000000.0,35000000.0,-5000000.0,40.0,35.0,-5.0
856,2,101,3,25,41,2022,Ben Mee,Centre-Back,England,Brentford FC,33,35,11.0,0.0,1.0,37,2,0,3269,3,180.0,1800000.0,2000000.0,200000.0,1.8,2.0,0.2
857,2,491,2,25,41,2022,Josh Dasilva,Central Midfield,England,Brentford FC,24,26,11.0,0.0,1.0,36,2,0,1389,4,184.0,9000000.0,16000000.0,7000000.0,9.0,16.0,7.0
858,2,950,5,29,41,2022,Vitaly Janelt,Defensive Midfield,Germany,Brentford FC,25,26,11.0,0.0,1.0,35,1,0,2210,3,184.0,16000000.0,20000000.0,4000000.0,16.0,20.0,4.0
859,2,274,3,41,41,2022,Ethan Pinnock,Centre-Back,Jamaica,Brentford FC,29,31,11.0,0.0,1.0,30,0,0,2700,3,194.0,12000000.0,14000000.0,2000000.0,12.0,14.0,2.0
860,2,780,3,64,41,2022,Pontus Jansson,Centre-Back,Sweden,Brentford FC,32,33,11.0,0.0,1.0,12,0,0,723,1,196.0,5000000.0,2500000.0,-2500000.0,5.0,2.5,-2.5
861,2,287,1,4,43,2022,Facundo Buonanotte,Attacking Midfield,Argentina,Brighton & Hove Albion,18,20,13.0,0.0,1.0,13,1,0,564,1,174.0,6000000.0,12000000.0,6000000.0,6.0,12.0,6.0
862,2,35,2,4,43,2022,Alexis Mac Allister,Central Midfield,Argentina,Brighton & Hove Albion,24,26,13.0,0.0,1.0,35,2,6,2886,10,176.0,25000000.0,65000000.0,40000000.0,25.0,65.0,40.0
863,2,772,9,23,43,2022,Pervis Estupinan,Left-Back,Ecuador,Brighton & Hove Albion,25,27,13.0,0.0,1.0,35,6,0,2677,1,175.0,20000000.0,32000000.0,12000000.0,20.0,32.0,12.0
864,2,690,5,23,43,2022,Moises Caicedo,Defensive Midfield,Ecuador,Brighton & Hove Albion,21,23,13.0,0.0,1.0,37,1,0,3139,1,178.0,25000000.0,75000000.0,50000000.0,25.0,75.0,50.0
865,2,198,4,25,43,2022,Danny Welbeck,Centre-Forward,England,Brighton & Hove Albion,32,34,13.0,0.0,1.0,31,4,0,1853,6,185.0,6000000.0,7000000.0,1000000.0,6.0,7.0,1.0
866,2,13,1,25,43,2022,Adam Lallana,Attacking Midfield,England,Brighton & Hove Albion,34,36,13.0,0.0,1.0,16,1,0,721,2,172.0,1500000.0,1200000.0,-300000.0,1.5,1.2,-0.3
867,2,882,11,25,43,2022,Solly March,Right Winger,England,Brighton & Hove Albion,28,30,13.0,0.0,1.0,33,7,0,2716,7,180.0,12000000.0,22000000.0,10000000.0,12.0,22.0,10.0
868,2,561,3,25,43,2022,Lewis Dunk,Centre-Back,England,Brighton & Hove Albion,31,33,13.0,0.0,1.0,36,0,0,3239,1,192.0,18000000.0,16000000.0,-2000000.0,18.0,16.0,-2.0
869,2,754,2,29,43,2022,Pascal Gross,Central Midfield,Germany,Brighton & Hove Albion,31,33,13.0,0.0,1.0,37,8,0,3239,9,181.0,8000000.0,8000000.0,0.0,8.0,8.0,0.0
870,2,219,4,29,43,2022,Deniz Undav,Centre-Forward,Germany,Brighton & Hove Albion,26,28,13.0,0.0,1.0,22,0,0,628,5,179.0,6000000.0,10000000.0,4000000.0,6.0,10.0,4.0
871,2,275,4,38,43,2022,Evan Ferguson,Centre-Forward,Ireland,Brighton & Hove Albion,18,20,13.0,0.0,1.0,19,2,0,949,6,188.0,1000000.0,30000000.0,29000000.0,1.0,30.0,29.0
872,2,519,8,42,43,2022,Kaoru Mitoma,Left Winger,Japan,Brighton & Hove Albion,26,27,13.0,0.0,1.0,33,6,0,2317,7,178.0,3000000.0,32000000.0,29000000.0,3.0,32.0,29.0
873,2,466,12,48,43,2022,Joel Veltman,Right-Back,Netherlands,Brighton & Hove Albion,31,33,13.0,0.0,1.0,31,1,0,2188,1,184.0,10000000.0,10000000.0,0.0,10.0,10.0,0.0
874,2,505,1,54,43,2022,Julio Enciso,Attacking Midfield,Paraguay,Brighton & Hove Albion,19,21,13.0,0.0,1.0,20,2,0,806,4,173.0,11000000.0,22000000.0,11000000.0,11.0,22.0,11.0
875,2,78,4,1,50,2022,Armando Broja,Centre-Forward,Albania,Chelsea FC,21,23,-10.0,0.0,-1.0,12,1,0,294,1,191.0,25000000.0,28000000.0,3000000.0,25.0,28.0,3.0
876,2,633,2,17,50,2022,Mateo Kovacic,Central Midfield,Croatia,Chelsea FC,29,30,-10.0,0.0,-1.0,27,2,0,1707,1,177.0,40000000.0,38000000.0,-2000000.0,40.0,38.0,-2.0
877,2,629,1,25,50,2022,Mason Mount,Attacking Midfield,England,Chelsea FC,24,26,-10.0,0.0,-1.0,24,2,0,1647,3,181.0,75000000.0,60000000.0,-15000000.0,75.0,60.0,-15.0
878,2,785,11,25,50,2022,Raheem Sterling,Right Winger,England,Chelsea FC,28,30,-10.0,0.0,-1.0,28,3,0,1890,6,170.0,70000000.0,55000000.0,-15000000.0,70.0,55.0,-15.0
879,2,176,2,25,50,2022,Conor Gallagher,Central Midfield,England,Chelsea FC,23,24,-10.0,0.0,-1.0,35,1,0,1623,3,182.0,30000000.0,32000000.0,2000000.0,30.0,32.0,2.0
880,2,97,9,25,50,2022,Ben Chilwell,Left-Back,England,Chelsea FC,26,28,-10.0,0.0,-1.0,23,2,0,1410,2,180.0,38000000.0,35000000.0,-3000000.0,38.0,35.0,-3.0
881,2,793,12,25,50,2022,Reece James,Right-Back,England,Chelsea FC,23,25,-10.0,0.0,-1.0,16,1,0,1244,1,180.0,70000000.0,65000000.0,-5000000.0,70.0,65.0,-5.0
882,2,730,11,25,50,2022,Noni Madueke,Right Winger,England,Chelsea FC,21,22,-10.0,0.0,-1.0,12,0,0,643,1,182.0,15000000.0,30000000.0,15000000.0,15.0,30.0,15.0
883,2,107,3,27,50,2022,Benoit Badiashile,Centre-Back,France,Chelsea FC,22,23,-10.0,0.0,-1.0,11,0,0,905,1,194.0,40000000.0,40000000.0,0.0,40.0,40.0,0.0
884,2,778,4,28,50,2022,Pierre-Emerick Aubameyang,Centre-Forward,Gabon,Chelsea FC,33,35,-10.0,0.0,-1.0,15,0,0,555,1,187.0,12000000.0,4000000.0,-8000000.0,12.0,4.0,-8.0
885,2,515,4,29,50,2022,Kai Havertz,Centre-Forward,Germany,Chelsea FC,23,25,-10.0,0.0,-1.0,35,1,1,2569,7,193.0,70000000.0,55000000.0,-15000000.0,70.0,55.0,-15.0
886,2,452,13,56,50,2022,Joao Felix,Second Striker,Portugal,Chelsea FC,23,25,-10.0,0.0,-1.0,16,0,0,941,4,181.0,50000000.0,50000000.0,0.0,50.0,50.0,0.0
887,2,516,3,59,50,2022,Kalidou Koulibaly,Centre-Back,Senegal,Chelsea FC,31,33,-10.0,0.0,-1.0,23,1,0,1801,2,186.0,35000000.0,15000000.0,-20000000.0,35.0,15.0,-20.0
888,2,164,11,71,50,2022,Christian Pulisic,Right Winger,United States,Chelsea FC,24,26,-10.0,0.0,-1.0,24,1,0,820,1,177.0,38000000.0,25000000.0,-13000000.0,38.0,25.0,-13.0
889,2,962,8,16,57,2022,Wilfried Zaha,Left Winger,Cote dIvoire,Crystal Palace,30,32,2.0,0.0,1.0,27,2,0,2288,7,180.0,32000000.0,22000000.0,-10000000.0,32.0,22.0,-10.0
890,2,450,3,21,57,2022,Joachim Andersen,Centre-Back,Denmark,Crystal Palace,26,28,2.0,0.0,1.0,32,0,0,2782,1,192.0,28000000.0,30000000.0,2000000.0,28.0,30.0,2.0
891,2,418,3,25,57,2022,James Tomkins,Centre-Back,England,Crystal Palace,34,35,2.0,0.0,1.0,6,0,0,338,1,192.0,1000000.0,800000.0,-200000.0,1.0,0.8,-0.2
892,2,467,12,25,57,2022,Joel Ward,Right-Back,England,Crystal Palace,33,35,2.0,0.0,1.0,28,0,0,2256,1,186.0,2000000.0,1200000.0,-800000.0,2.0,1.2,-0.8
893,2,608,3,25,57,2022,Marc Guehi,Centre-Back,England,Crystal Palace,22,24,2.0,0.0,1.0,37,0,0,3329,1,182.0,35000000.0,35000000.0,0.0,35.0,35.0,0.0
894,2,963,2,25,57,2022,Will Hughes,Central Midfield,England,Crystal Palace,28,29,2.0,0.0,1.0,27,1,0,842,1,185.0,5000000.0,5000000.0,0.0,5.0,5.0,0.0
895,2,244,1,25,57,2022,Eberechi Eze,Attacking Midfield,England,Crystal Palace,24,26,2.0,0.0,1.0,38,4,1,2637,10,178.0,25000000.0,40000000.0,15000000.0,25.0,40.0,15.0
896,2,671,11,27,57,2022,Michael Olise,Right Winger,France,Crystal Palace,21,23,2.0,0.0,1.0,37,11,0,2748,2,184.0,22000000.0,38000000.0,16000000.0,22.0,38.0,16.0
897,2,434,4,27,57,2022,Jean-Philippe Mateta,Centre-Forward,France,Crystal Palace,25,27,2.0,0.0,1.0,29,0,0,770,2,192.0,9000000.0,7000000.0,-2000000.0,9.0,7.0,-2.0
898,2,733,4,27,57,2022,Odsonne Edouard,Centre-Forward,France,Crystal Palace,25,27,2.0,0.0,1.0,35,2,0,1803,5,187.0,15000000.0,15000000.0,0.0,15.0,15.0,0.0
899,2,438,7,30,57,2022,Jeffrey Schlupp,Left Midfield,Ghana,Crystal Palace,30,32,2.0,0.0,1.0,34,1,0,2532,3,178.0,8000000.0,7000000.0,-1000000.0,8.0,7.0,-1.0
900,2,484,4,30,57,2022,Jordan Ayew,Centre-Forward,Ghana,Crystal Palace,31,33,2.0,0.0,1.0,38,3,0,2715,4,182.0,6000000.0,5000000.0,-1000000.0,6.0,5.0,-1.0
901,2,44,5,8,66,2022,Amadou Onana,Defensive Midfield,Belgium,Everton FC,21,23,-7.0,0.0,-1.0,33,2,0,2487,1,195.0,30000000.0,45000000.0,15000000.0,30.0,45.0,15.0
902,2,975,3,15,66,2022,Yerry Mina,Centre-Back,Colombia,Everton FC,28,30,-7.0,0.0,-1.0,7,0,0,594,2,195.0,18000000.0,10000000.0,-8000000.0,18.0,10.0,-8.0
903,2,233,4,25,66,2022,Dominic Calvert-Lewin,Centre-Forward,England,Everton FC,26,27,-7.0,0.0,-1.0,17,1,1,1167,2,189.0,30000000.0,25000000.0,-5000000.0,30.0,25.0,-5.0
904,2,242,1,25,66,2022,Dwight McNeil,Attacking Midfield,England,Everton FC,23,25,-7.0,0.0,-1.0,36,3,0,2497,7,183.0,18000000.0,20000000.0,2000000.0,18.0,20.0,2.0
905,2,417,3,25,66,2022,James Tarkowski,Centre-Back,England,Everton FC,30,32,-7.0,0.0,-1.0,38,1,0,3420,1,185.0,22000000.0,18000000.0,-4000000.0,22.0,18.0,-4.0
906,2,669,3,25,66,2022,Michael Keane,Centre-Back,England,Everton FC,30,32,-7.0,0.0,-1.0,12,2,0,985,1,188.0,16000000.0,10000000.0,-6000000.0,16.0,10.0,-6.0
907,2,252,4,25,66,2022,Ellis Simms,Centre-Forward,England,Everton FC,22,24,-7.0,0.0,-1.0,11,0,0,226,1,191.0,600000.0,4000000.0,3400000.0,0.6,4.0,3.4
908,2,860,12,38,66,2022,Seamus Coleman,Right-Back,Ireland,Everton FC,34,36,-7.0,0.0,-1.0,23,0,0,1656,1,177.0,1800000.0,1000000.0,-800000.0,1.8,1.0,-0.8
909,2,217,8,41,66,2022,Demarai Gray,Left Winger,Jamaica,Everton FC,26,28,-7.0,0.0,-1.0,33,1,2,2506,4,183.0,20000000.0,20000000.0,0.0,20.0,20.0,0.0
910,2,8,2,45,66,2022,Abdoulaye Doucoure,Central Midfield,Mali,Everton FC,30,32,-7.0,0.0,-1.0,25,2,0,1534,5,183.0,18000000.0,12000000.0,-6000000.0,18.0,12.0,-6.0
911,2,28,8,50,66,2022,Alex Iwobi,Left Winger,Nigeria,Everton FC,27,28,-7.0,0.0,-1.0,38,7,0,3378,2,183.0,22000000.0,28000000.0,6000000.0,22.0,28.0,6.0
912,2,556,8,8,79,2022,Leandro Trossard,Left Winger,Belgium,For 2 Clubs,28,30,,,-1.0,36,12,0,2247,8,172.0,25000000.0,35000000.0,10000000.0,25.0,35.0,10.0
913,2,197,4,25,79,2022,Danny Ings,Centre-Forward,England,For 2 Clubs,30,32,,,-1.0,35,2,2,1598,8,177.0,16000000.0,12000000.0,-4000000.0,16.0,12.0,-4.0
914,2,691,1,25,79,2022,Morgan Gibbs-White,Attacking Midfield,England,For 2 Clubs,23,25,,,-1.0,37,8,2,3152,5,171.0,25000000.0,40000000.0,15000000.0,25.0,40.0,15.0
915,2,69,8,25,79,2022,Anthony Gordon,Left Winger,England,For 2 Clubs,22,23,,,-1.0,32,0,0,1583,4,183.0,40000000.0,38000000.0,-2000000.0,40.0,38.0,-2.0
916,2,175,3,25,79,2022,Conor Coady,Centre-Back,England,For 2 Clubs,30,31,,,-1.0,24,1,0,2095,1,185.0,18000000.0,12000000.0,-6000000.0,18.0,12.0,-6.0
917,2,178,3,25,79,2022,Craig Dawson,Centre-Back,England,For 2 Clubs,33,34,,,-1.0,25,0,0,2134,1,188.0,2500000.0,2000000.0,-500000.0,2.5,2.0,-0.5
918,2,958,3,27,79,2022,Wesley Fofana,Centre-Back,France,For 2 Clubs,22,24,,,-1.0,17,0,0,1363,1,185.0,65000000.0,55000000.0,-10000000.0,65.0,55.0,-10.0
919,2,715,4,27,79,2022,Neal Maupay,Centre-Forward,France,For 2 Clubs,26,28,,,-1.0,27,0,0,1119,1,171.0,15000000.0,10000000.0,-5000000.0,15.0,10.0,-5.0
920,2,487,5,40,79,2022,Jorginho,Defensive Midfield,Italy,For 2 Clubs,31,33,,,-1.0,32,1,2,2133,2,178.0,35000000.0,25000000.0,-10000000.0,35.0,25.0,-10.0
921,2,159,4,49,79,2022,Chris Wood,Centre-Forward,New Zealand,For 2 Clubs,31,33,,,-1.0,25,0,1,819,3,191.0,10000000.0,8000000.0,-2000000.0,10.0,8.0,-2.0
922,2,193,11,74,79,2022,Daniel James,Right Winger,Wales,For 2 Clubs,25,27,,,-1.0,24,1,0,817,2,171.0,16000000.0,12000000.0,-4000000.0,16.0,12.0,-4.0
923,2,141,4,10,81,2022,Carlos Vinicius,Centre-Forward,Brazil,Fulham FC,28,29,5.0,0.0,1.0,28,2,0,1109,5,190.0,6000000.0,6000000.0,0.0,6.0,6.0,0.0
924,2,965,8,10,81,2022,Willian,Left Winger,Brazil,Fulham FC,34,36,5.0,0.0,1.0,27,5,0,2126,5,175.0,4000000.0,3000000.0,-1000000.0,4.0,3.0,-1.0
925,2,54,1,10,81,2022,Andreas Pereira,Attacking Midfield,Brazil,Fulham FC,27,29,5.0,0.0,1.0,33,6,1,2692,4,178.0,7000000.0,18000000.0,11000000.0,7.0,18.0,11.0
926,2,358,2,25,81,2022,Harrison Reed,Central Midfield,England,Fulham FC,28,30,5.0,0.0,1.0,37,4,0,2866,3,181.0,15000000.0,18000000.0,3000000.0,15.0,18.0,3.0
927,2,926,3,25,81,2022,Tosin Adarabioyo,Centre-Back,England,Fulham FC,25,27,5.0,0.0,1.0,25,0,0,2085,1,197.0,18000000.0,16000000.0,-2000000.0,18.0,16.0,-2.0
928,2,387,3,27,81,2022,Issa Diop,Centre-Back,France,Fulham FC,26,28,5.0,0.0,1.0,25,0,0,2011,1,194.0,13000000.0,18000000.0,5000000.0,13.0,18.0,5.0
929,2,603,8,39,81,2022,Manor Solomon,Left Winger,Israel,Fulham FC,23,25,5.0,0.0,1.0,19,0,0,573,4,170.0,18000000.0,18000000.0,0.0,18.0,18.0,0.0
930,2,115,11,41,81,2022,Bobby De Cordova-Reid,Right Winger,Jamaica,Fulham FC,30,31,5.0,0.0,1.0,36,1,0,2476,4,170.0,7000000.0,7000000.0,0.0,7.0,7.0,0.0
931,2,533,12,48,81,2022,Kenny Tete,Right-Back,Netherlands,Fulham FC,27,29,5.0,0.0,1.0,31,5,0,2569,1,180.0,7000000.0,15000000.0,8000000.0,7.0,15.0,8.0
932,2,455,5,56,81,2022,Joao Palhinha,Defensive Midfield,Portugal,Fulham FC,27,29,5.0,0.0,1.0,35,0,0,3108,3,190.0,28000000.0,40000000.0,12000000.0,28.0,40.0,12.0
933,2,920,2,58,81,2022,Tom Cairney,Central Midfield,Scotland,Fulham FC,32,34,5.0,0.0,1.0,33,0,0,988,2,185.0,3000000.0,2000000.0,-1000000.0,3.0,2.0,-1.0
934,2,26,4,60,81,2022,Aleksandar Mitrovic,Centre-Forward,Serbia,Fulham FC,28,30,5.0,0.0,1.0,24,1,4,2008,14,189.0,25000000.0,28000000.0,3000000.0,25.0,28.0,3.0
935,2,914,3,71,81,2022,Tim Ream,Centre-Back,United States,Fulham FC,35,37,5.0,0.0,1.0,33,0,0,2898,1,186.0,800000.0,1000000.0,200000.0,0.8,1.0,0.2
936,2,362,11,74,81,2022,Harry Wilson,Right Winger,Wales,Fulham FC,26,27,5.0,0.0,1.0,29,3,0,1100,2,173.0,17000000.0,16000000.0,-1000000.0,17.0,16.0,-1.0
937,2,585,8,15,107,2022,Luis Sinisterra,Left Winger,Colombia,Leeds United,23,25,-2.0,1.0,-1.0,19,0,0,869,5,172.0,22000000.0,22000000.0,0.0,22.0,22.0,0.0
938,2,790,12,21,107,2022,Rasmus Kristensen,Right-Back,Denmark,Leeds United,25,27,-2.0,1.0,-1.0,26,1,0,1960,3,187.0,15000000.0,13000000.0,-2000000.0,15.0,13.0,-2.0
939,2,507,9,22,107,2022,Junior Firpo,Left-Back,Dominican Republic,Leeds United,26,28,-2.0,1.0,-1.0,19,1,0,1369,1,184.0,12000000.0,10000000.0,-2000000.0,12.0,10.0,-2.0
940,2,842,1,25,107,2022,Sam Greenwood,Attacking Midfield,England,Leeds United,21,23,-2.0,1.0,-1.0,18,2,0,423,1,180.0,3000000.0,5000000.0,2000000.0,3.0,5.0,2.0
941,2,396,11,25,107,2022,Jack Harrison,Right Winger,England,Leeds United,26,28,-2.0,1.0,-1.0,36,7,0,2708,5,175.0,28000000.0,22000000.0,-6000000.0,28.0,22.0,-6.0
942,2,756,4,25,107,2022,Patrick Bamford,Centre-Forward,England,Leeds United,29,31,-2.0,1.0,-1.0,28,2,0,1515,4,185.0,14000000.0,9000000.0,-5000000.0,14.0,9.0,-5.0
943,2,589,12,25,107,2022,Luke Ayling,Right-Back,England,Leeds United,31,33,-2.0,1.0,-1.0,29,1,0,2054,2,183.0,3000000.0,1800000.0,-1200000.0,3.0,1.8,-1.2
944,2,961,11,40,107,2022,Wilfried Gnonto,Right Winger,Italy,Leeds United,19,21,-2.0,1.0,-1.0,24,4,0,1354,2,170.0,10000000.0,18000000.0,8000000.0,10.0,18.0,8.0
945,2,182,8,48,107,2022,Crysencio Summerville,Left Winger,Netherlands,Leeds United,21,23,-2.0,1.0,-1.0,28,2,0,1426,4,174.0,3000000.0,15000000.0,12000000.0,3.0,15.0,12.0
946,2,755,3,48,107,2022,Pascal Struijk,Centre-Back,Netherlands,Leeds United,23,25,-2.0,1.0,-1.0,29,1,0,2199,2,190.0,18000000.0,18000000.0,0.0,18.0,18.0,0.0
947,2,565,3,58,107,2022,Liam Cooper,Centre-Back,Scotland,Leeds United,31,33,-2.0,1.0,-1.0,18,0,0,1426,1,186.0,5000000.0,3000000.0,-2000000.0,5.0,3.0,-2.0
948,2,812,4,63,107,2022,Rodrigo,Centre-Forward,Spain,Leeds United,32,33,-2.0,1.0,-1.0,31,1,1,1935,13,182.0,9000000.0,6000000.0,-3000000.0,9.0,6.0,-3.0
949,2,610,5,63,107,2022,Marc Roca,Defensive Midfield,Spain,Leeds United,26,28,-2.0,1.0,-1.0,32,2,0,2316,1,184.0,12000000.0,10000000.0,-2000000.0,12.0,10.0,-2.0
950,2,122,1,71,107,2022,Brenden Aaronson,Attacking Midfield,United States,Leeds United,22,24,-2.0,1.0,-1.0,36,3,0,2371,1,177.0,30000000.0,25000000.0,-5000000.0,30.0,25.0,-5.0
951,2,977,2,8,108,2022,Youri Tielemans,Central Midfield,Belgium,Leicester City,26,27,-7.0,1.0,-1.0,31,2,1,2344,3,177.0,45000000.0,25000000.0,-20000000.0,45.0,25.0,-20.0
952,2,970,3,8,108,2022,Wout Faes,Centre-Back,Belgium,Leicester City,25,26,-7.0,1.0,-1.0,31,2,0,2787,1,187.0,15000000.0,20000000.0,5000000.0,15.0,20.0,5.0
953,2,916,12,8,108,2022,Timothy Castagne,Right-Back,Belgium,Leicester City,27,29,-7.0,1.0,-1.0,37,3,0,3254,2,185.0,28000000.0,25000000.0,-3000000.0,28.0,25.0,-3.0
954,2,221,2,8,108,2022,Dennis Praet,Central Midfield,Belgium,Leicester City,29,30,-7.0,1.0,-1.0,22,0,0,650,1,181.0,11000000.0,7000000.0,-4000000.0,11.0,7.0,-4.0
955,2,904,11,10,108,2022,Tete,Right Winger,Brazil,Leicester City,23,24,-7.0,1.0,-1.0,13,0,0,733,1,175.0,28000000.0,25000000.0,-3000000.0,28.0,25.0,-3.0
956,2,363,8,25,108,2022,Harvey Barnes,Left Winger,England,Leicester City,25,27,-7.0,1.0,-1.0,34,1,0,2711,13,182.0,32000000.0,35000000.0,3000000.0,32.0,35.0,3.0
957,2,422,4,25,108,2022,Jamie Vardy,Centre-Forward,England,Leicester City,36,38,-7.0,1.0,-1.0,37,4,0,1858,3,179.0,4000000.0,2500000.0,-1500000.0,4.0,2.5,-1.5
958,2,542,2,25,108,2022,Kiernan Dewsbury-Hall,Central Midfield,England,Leicester City,24,26,-7.0,1.0,-1.0,31,2,0,2308,2,176.0,15000000.0,25000000.0,10000000.0,15.0,25.0,10.0
959,2,606,10,25,108,2022,Marc Albrighton,Right Midfield,England,Leicester City,33,35,-7.0,1.0,-1.0,6,0,0,237,1,175.0,2000000.0,1000000.0,-1000000.0,2.0,1.0,-1.0
960,2,413,1,25,108,2022,James Maddison,Attacking Midfield,England,Leicester City,26,28,-7.0,1.0,-1.0,30,9,1,2480,10,175.0,55000000.0,60000000.0,5000000.0,55.0,60.0,5.0
961,2,530,4,50,108,2022,Kelechi Iheanacho,Centre-Forward,Nigeria,Leicester City,26,28,-7.0,1.0,-1.0,28,5,1,1127,5,185.0,17000000.0,18000000.0,1000000.0,17.0,18.0,1.0
962,2,797,12,56,108,2022,Ricardo Pereira,Right-Back,Portugal,Leicester City,29,31,-7.0,1.0,-1.0,10,1,0,454,1,175.0,18000000.0,10000000.0,-8000000.0,18.0,10.0,-8.0
963,2,707,5,59,108,2022,Nampalys Mendy,Defensive Midfield,Senegal,Leicester City,30,32,-7.0,1.0,-1.0,19,0,0,756,1,168.0,3500000.0,2500000.0,-1000000.0,3.5,2.5,-1.0
964,2,989,3,68,108,2022,caglar Soyuncu,Centre-Back,Turkiye,Leicester City,26,28,-7.0,1.0,-1.0,7,0,0,529,1,185.0,28000000.0,15000000.0,-13000000.0,28.0,15.0,-13.0
965,2,761,4,75,108,2022,Patson Daka,Centre-Forward,Zambia,Leicester City,24,26,-7.0,1.0,-1.0,30,4,0,1186,4,183.0,20000000.0,18000000.0,-2000000.0,20.0,18.0,-2.0
966,2,808,4,10,112,2022,Roberto Firmino,Centre-Forward,Brazil,Liverpool FC,31,33,-1.0,0.0,-1.0,25,4,0,1213,11,181.0,28000000.0,18000000.0,-10000000.0,28.0,18.0,-10.0
967,2,465,3,12,112,2022,Joel Matip,Centre-Back,Cameroon,Liverpool FC,31,33,-1.0,0.0,-1.0,14,0,0,1092,1,195.0,16000000.0,12000000.0,-4000000.0,16.0,12.0,-4.0
968,2,582,8,15,112,2022,Luis Diaz,Left Winger,Colombia,Liverpool FC,26,28,-1.0,0.0,-1.0,17,2,0,996,4,180.0,75000000.0,75000000.0,0.0,75.0,75.0,0.0
969,2,686,11,24,112,2022,Mohamed Salah,Right Winger,Egypt,Liverpool FC,30,32,-1.0,0.0,-1.0,38,12,2,3290,19,175.0,80000000.0,65000000.0,-15000000.0,80.0,65.0,-15.0
970,2,364,2,25,112,2022,Harvey Elliott,Central Midfield,England,Liverpool FC,20,21,-1.0,0.0,-1.0,32,2,0,1612,1,170.0,35000000.0,35000000.0,0.0,35.0,35.0,0.0
971,2,185,2,25,112,2022,Curtis Jones,Central Midfield,England,Liverpool FC,22,24,-1.0,0.0,-1.0,18,1,0,1035,3,185.0,25000000.0,25000000.0,0.0,25.0,25.0,0.0
972,2,928,12,25,112,2022,Trent Alexander-Arnold,Right-Back,England,Liverpool FC,24,26,-1.0,0.0,-1.0,37,9,0,2923,2,175.0,70000000.0,65000000.0,-5000000.0,70.0,65.0,-5.0
973,2,29,2,25,112,2022,Alex Oxlade-Chamberlain,Central Midfield,England,Liverpool FC,29,31,-1.0,0.0,-1.0,9,0,0,335,1,180.0,13000000.0,7000000.0,-6000000.0,13.0,7.0,-6.0
974,2,170,8,48,112,2022,Cody Gakpo,Left Winger,Netherlands,Liverpool FC,24,25,-1.0,0.0,-1.0,21,3,0,1458,7,193.0,35000000.0,55000000.0,20000000.0,35.0,55.0,20.0
975,2,948,3,48,112,2022,Virgil van Dijk,Centre-Back,Netherlands,Liverpool FC,31,33,-1.0,0.0,-1.0,32,1,0,2835,3,195.0,50000000.0,35000000.0,-15000000.0,50.0,35.0,-15.0
976,2,284,1,56,112,2022,Fabio Carvalho,Attacking Midfield,Portugal,Liverpool FC,20,22,-1.0,0.0,-1.0,13,0,0,347,2,170.0,15000000.0,16000000.0,1000000.0,15.0,16.0,1.0
977,2,229,4,56,112,2022,Diogo Jota,Centre-Forward,Portugal,Liverpool FC,26,28,-1.0,0.0,-1.0,22,4,0,1132,7,178.0,55000000.0,50000000.0,-5000000.0,55.0,50.0,-5.0
978,2,884,5,63,112,2022,Stefan Bajcetic,Defensive Midfield,Spain,Liverpool FC,18,20,-1.0,0.0,-1.0,11,0,0,528,1,185.0,1000000.0,13000000.0,12000000.0,1.0,13.0,12.0
979,2,202,4,72,112,2022,Darwin Nunez,Centre-Forward,Uruguay,Liverpool FC,23,25,-1.0,0.0,-1.0,29,3,0,1695,9,187.0,70000000.0,65000000.0,-5000000.0,70.0,65.0,-5.0
980,2,803,11,2,118,2022,Riyad Mahrez,Right Winger,Algeria,Manchester City,32,33,2.0,0.0,1.0,30,10,1,1921,5,179.0,30000000.0,20000000.0,-10000000.0,30.0,20.0,-10.0
981,2,503,4,4,118,2022,Julian Alvarez,Centre-Forward,Argentina,Manchester City,23,24,2.0,0.0,1.0,31,0,1,1465,9,170.0,28000000.0,60000000.0,32000000.0,28.0,60.0,32.0
982,2,536,1,8,118,2022,Kevin De Bruyne,Attacking Midfield,Belgium,Manchester City,31,33,2.0,0.0,1.0,32,16,0,2417,7,181.0,80000000.0,70000000.0,-10000000.0,80.0,70.0,-10.0
983,2,774,11,25,118,2022,Phil Foden,Right Winger,England,Manchester City,23,24,2.0,0.0,1.0,32,5,0,1842,11,171.0,110000000.0,110000000.0,0.0,110.0,110.0,0.0
984,2,395,8,25,118,2022,Jack Grealish,Left Winger,England,Manchester City,27,29,2.0,0.0,1.0,28,7,0,2055,5,180.0,70000000.0,75000000.0,5000000.0,70.0,75.0,5.0
985,2,475,3,25,118,2022,John Stones,Centre-Back,England,Manchester City,29,30,2.0,0.0,1.0,23,2,0,1846,2,188.0,30000000.0,40000000.0,10000000.0,30.0,40.0,10.0
986,2,990,2,29,118,2022,ilkay Gundogan,Central Midfield,Germany,Manchester City,32,34,2.0,0.0,1.0,31,4,0,2353,8,180.0,25000000.0,20000000.0,-5000000.0,25.0,20.0,-5.0
987,2,709,3,48,118,2022,Nathan Ake,Centre-Back,Netherlands,Manchester City,28,29,2.0,0.0,1.0,26,0,0,1874,1,180.0,30000000.0,42000000.0,12000000.0,30.0,42.0,12.0
988,2,270,4,53,118,2022,Erling Haaland,Centre-Forward,Norway,Manchester City,22,24,2.0,0.0,1.0,35,8,7,2769,36,195.0,170000000.0,180000000.0,10000000.0,170.0,180.0,10.0
989,2,451,12,56,118,2022,Joao Cancelo,Right-Back,Portugal,Manchester City,28,30,2.0,0.0,1.0,17,1,0,1275,2,182.0,70000000.0,50000000.0,-20000000.0,70.0,50.0,-20.0
990,2,109,1,56,118,2022,Bernardo Silva,Attacking Midfield,Portugal,Manchester City,28,30,2.0,0.0,1.0,34,5,0,2204,4,173.0,80000000.0,80000000.0,0.0,80.0,80.0,0.0
991,2,811,5,63,118,2022,Rodri,Defensive Midfield,Spain,Manchester City,26,28,2.0,0.0,1.0,36,6,0,2911,2,191.0,80000000.0,90000000.0,10000000.0,80.0,90.0,10.0
992,2,23,8,4,119,2022,Alejandro Garnacho,Left Winger,Argentina,Manchester United,18,20,-2.0,0.0,-1.0,19,2,0,568,3,180.0,2000000.0,25000000.0,23000000.0,2.0,25.0,23.0
993,2,568,3,4,119,2022,Lisandro Martinez,Centre-Back,Argentina,Manchester United,25,27,-2.0,0.0,-1.0,27,0,0,2115,1,175.0,50000000.0,50000000.0,0.0,50.0,50.0,0.0
994,2,144,5,10,119,2022,Casemiro,Defensive Midfield,Brazil,Manchester United,31,32,-2.0,0.0,-1.0,28,3,0,2127,4,185.0,50000000.0,40000000.0,-10000000.0,50.0,40.0,-10.0
995,2,75,11,10,119,2022,Antony,Right Winger,Brazil,Manchester United,23,24,-2.0,0.0,-1.0,25,2,0,1802,4,172.0,75000000.0,60000000.0,-15000000.0,75.0,60.0,-15.0
996,2,310,2,10,119,2022,Fred,Central Midfield,Brazil,Manchester United,30,31,-2.0,0.0,-1.0,35,2,0,1249,2,169.0,20000000.0,20000000.0,0.0,20.0,20.0,0.0
997,2,161,2,21,119,2022,Christian Eriksen,Central Midfield,Denmark,Manchester United,31,32,-2.0,0.0,-1.0,28,8,0,2048,1,182.0,22000000.0,22000000.0,0.0,22.0,22.0,0.0
998,2,616,8,25,119,2022,Marcus Rashford,Left Winger,England,Manchester United,25,27,-2.0,0.0,-1.0,35,5,0,2880,17,185.0,55000000.0,80000000.0,25000000.0,55.0,80.0,25.0
999,2,591,9,25,119,2022,Luke Shaw,Left-Back,England,Manchester United,27,29,-2.0,0.0,-1.0,31,2,0,2552,1,178.0,30000000.0,42000000.0,12000000.0,30.0,42.0,12.0
1000,2,405,8,25,119,2022,Jadon Sancho,Left Winger,England,Manchester United,23,24,-2.0,0.0,-1.0,26,3,0,1687,6,180.0,60000000.0,45000000.0,-15000000.0,60.0,45.0,-15.0
1001,2,70,4,27,119,2022,Anthony Martial,Centre-Forward,France,Manchester United,27,29,-2.0,0.0,-1.0,21,2,1,979,6,181.0,15000000.0,15000000.0,0.0,15.0,15.0,0.0
1002,2,126,1,56,119,2022,Bruno Fernandes,Attacking Midfield,Portugal,Manchester United,28,30,-2.0,0.0,-1.0,37,8,2,3316,8,179.0,75000000.0,75000000.0,0.0,75.0,75.0,0.0
1003,2,228,12,56,119,2022,Diogo Dalot,Right-Back,Portugal,Manchester United,24,25,-2.0,0.0,-1.0,26,2,0,2154,1,183.0,28000000.0,40000000.0,12000000.0,28.0,40.0,12.0
1004,2,181,4,56,119,2022,Cristiano Ronaldo,Centre-Forward,Portugal,Manchester United,37,39,-2.0,0.0,-1.0,10,0,0,525,1,188.0,20000000.0,15000000.0,-5000000.0,20.0,15.0,-5.0
1005,2,859,2,58,119,2022,Scott McTominay,Central Midfield,Scotland,Manchester United,26,28,-2.0,0.0,-1.0,24,0,0,1160,1,191.0,30000000.0,25000000.0,-5000000.0,30.0,25.0,-5.0
1006,2,468,2,10,132,2022,Joelinton,Central Midfield,Brazil,Newcastle United,26,28,4.0,0.0,1.0,32,2,0,2661,6,186.0,28000000.0,42000000.0,14000000.0,28.0,42.0,14.0
1007,2,127,5,10,132,2022,Bruno Guimaraes,Defensive Midfield,Brazil,Newcastle United,25,27,4.0,0.0,1.0,32,5,0,2726,4,182.0,50000000.0,70000000.0,20000000.0,50.0,70.0,20.0
1008,2,135,4,25,132,2022,Callum Wilson,Centre-Forward,England,Newcastle United,31,32,4.0,0.0,1.0,31,5,3,1877,18,180.0,18000000.0,16000000.0,-2000000.0,18.0,16.0,-2.0
1009,2,541,12,25,132,2022,Kieran Trippier,Right-Back,England,Newcastle United,32,34,4.0,0.0,1.0,38,7,0,3341,1,173.0,13000000.0,11000000.0,-2000000.0,13.0,11.0,-2.0
1010,2,861,2,25,132,2022,Sean Longstaff,Central Midfield,England,Newcastle United,25,27,4.0,0.0,1.0,33,4,0,2518,1,187.0,15000000.0,25000000.0,10000000.0,15.0,25.0,10.0
1011,2,463,2,25,132,2022,Joe Willock,Central Midfield,England,Newcastle United,23,25,4.0,0.0,1.0,35,6,0,2558,3,186.0,25000000.0,38000000.0,13000000.0,25.0,38.0,13.0
1012,2,402,11,25,132,2022,Jacob Murphy,Right Winger,England,Newcastle United,28,29,4.0,0.0,1.0,36,2,0,1252,4,179.0,7000000.0,15000000.0,8000000.0,7.0,15.0,8.0
1013,2,188,3,25,132,2022,Dan Burn,Centre-Back,England,Newcastle United,31,32,4.0,0.0,1.0,38,0,0,3111,1,201.0,12000000.0,10000000.0,-2000000.0,12.0,10.0,-2.0
1014,2,41,8,27,132,2022,Allan Saint-Maximin,Left Winger,France,Newcastle United,26,27,4.0,0.0,1.0,25,5,0,1119,1,173.0,40000000.0,32000000.0,-8000000.0,40.0,32.0,-8.0
1015,2,677,11,54,132,2022,Miguel Almiron,Right Winger,Paraguay,Newcastle United,29,30,4.0,0.0,1.0,34,2,0,2490,11,174.0,18000000.0,32000000.0,14000000.0,18.0,32.0,14.0
1016,2,31,4,64,132,2022,Alexander Isak,Centre-Forward,Sweden,Newcastle United,23,25,4.0,0.0,1.0,22,1,2,1521,10,192.0,50000000.0,70000000.0,20000000.0,50.0,70.0,20.0
1017,2,282,3,65,132,2022,Fabian Schar,Centre-Back,Switzerland,Newcastle United,31,33,4.0,0.0,1.0,36,3,0,3206,1,186.0,9000000.0,10000000.0,1000000.0,9.0,10.0,1.0
1018,2,745,5,8,136,2022,Orel Mangala,Defensive Midfield,Belgium,Nottingham Forest,25,26,-4.0,0.0,-1.0,27,1,0,1549,1,178.0,12000000.0,16000000.0,4000000.0,12.0,16.0,4.0
1019,2,196,5,10,136,2022,Danilo,Defensive Midfield,Brazil,Nottingham Forest,22,23,-4.0,0.0,-1.0,13,2,0,976,3,177.0,25000000.0,28000000.0,3000000.0,25.0,28.0,3.0
1020,2,866,12,16,136,2022,Serge Aurier,Right-Back,Cote dIvoire,Nottingham Forest,30,32,-4.0,0.0,-1.0,24,0,0,1943,1,176.0,8000000.0,8000000.0,0.0,8.0,8.0,0.0
1021,2,464,3,25,136,2022,Joe Worrall,Centre-Back,England,Nottingham Forest,26,28,-4.0,0.0,-1.0,30,0,0,2224,1,190.0,10000000.0,12000000.0,2000000.0,10.0,12.0,2.0
1022,2,564,2,25,136,2022,Lewis OBrien,Central Midfield,England,Nottingham Forest,24,26,-4.0,0.0,-1.0,13,0,0,584,1,173.0,8000000.0,,-8000000.0,8.0,0.0,-8.0
1023,2,843,4,25,136,2022,Sam Surridge,Centre-Forward,England,Nottingham Forest,24,26,-4.0,0.0,-1.0,20,0,0,323,1,190.0,2500000.0,5000000.0,2500000.0,2.5,5.0,2.5
1024,2,261,4,50,136,2022,Emmanuel Dennis,Centre-Forward,Nigeria,Nottingham Forest,25,27,-4.0,0.0,-1.0,19,2,0,722,2,175.0,12000000.0,8000000.0,-4000000.0,12.0,8.0,-4.0
1025,2,894,4,50,136,2022,Taiwo Awoniyi,Centre-Forward,Nigeria,Nottingham Forest,25,27,-4.0,0.0,-1.0,27,1,0,1404,10,183.0,20000000.0,25000000.0,5000000.0,20.0,25.0,5.0
1026,2,152,5,59,136,2022,Cheikhou Kouyate,Defensive Midfield,Senegal,Nottingham Forest,33,35,-4.0,0.0,-1.0,21,0,0,881,1,189.0,3000000.0,2000000.0,-1000000.0,3.0,2.0,-1.0
1027,2,123,11,74,136,2022,Brennan Johnson,Right Winger,Wales,Nottingham Forest,22,23,-4.0,0.0,-1.0,38,3,1,2934,8,186.0,20000000.0,38000000.0,18000000.0,20.0,38.0,18.0
1028,2,716,12,74,136,2022,Neco Williams,Right-Back,Wales,Nottingham Forest,22,23,-4.0,0.0,-1.0,31,0,0,1883,1,183.0,15000000.0,20000000.0,5000000.0,15.0,20.0,5.0
1029,2,139,2,4,174,2022,Carlos Alcaraz,Central Midfield,Argentina,Southampton FC,20,22,-4.0,1.0,-1.0,18,2,0,1029,4,183.0,8500000.0,15000000.0,6500000.0,8.5,15.0,6.5
1030,2,822,5,8,174,2022,Romeo Lavia,Defensive Midfield,Belgium,Southampton FC,19,21,-4.0,1.0,-1.0,29,0,0,2221,1,181.0,25000000.0,32000000.0,7000000.0,25.0,32.0,7.0
1031,2,593,3,10,174,2022,Lyanco,Centre-Back,Brazil,Southampton FC,26,27,-4.0,1.0,-1.0,21,1,0,1180,1,187.0,4000000.0,3500000.0,-500000.0,4.0,3.5,-0.5
1032,2,239,3,17,174,2022,Duje Caleta-Car,Centre-Back,Croatia,Southampton FC,26,28,-4.0,1.0,-1.0,13,0,0,946,1,193.0,14000000.0,11000000.0,-3000000.0,14.0,11.0,-3.0
1033,2,419,2,25,174,2022,James Ward-Prowse,Central Midfield,England,Southampton FC,28,30,-4.0,1.0,-1.0,38,4,2,3371,9,177.0,35000000.0,38000000.0,3000000.0,35.0,38.0,3.0
1034,2,10,4,25,174,2022,Adam Armstrong,Centre-Forward,England,Southampton FC,26,27,-4.0,1.0,-1.0,30,1,0,1336,2,173.0,15000000.0,10000000.0,-5000000.0,15.0,10.0,-5.0
1035,2,906,11,25,174,2022,Theo Walcott,Right Winger,England,Southampton FC,34,35,-4.0,1.0,-1.0,20,2,0,1129,2,175.0,1800000.0,1000000.0,-800000.0,1.8,1.0,-0.8
1036,2,552,12,25,174,2022,Kyle Walker-Peters,Right-Back,England,Southampton FC,26,27,-4.0,1.0,-1.0,31,0,0,2650,1,173.0,25000000.0,25000000.0,0.0,25.0,25.0,0.0
1037,2,863,4,27,174,2022,Sekou Mara,Centre-Forward,France,Southampton FC,20,22,-4.0,1.0,-1.0,22,2,0,555,1,184.0,12000000.0,10000000.0,-2000000.0,12.0,10.0,-2.0
1038,2,819,9,27,174,2022,Romain Perraud,Left-Back,France,Southampton FC,25,27,-4.0,1.0,-1.0,29,2,0,1835,2,173.0,10000000.0,12000000.0,2000000.0,10.0,12.0,2.0
1039,2,518,8,30,174,2022,Kamaldeen Sulemana,Left Winger,Ghana,Southampton FC,21,22,-4.0,1.0,-1.0,18,1,0,966,2,175.0,18000000.0,22000000.0,4000000.0,18.0,22.0,4.0
1040,2,460,2,50,174,2022,Joe Aribo,Central Midfield,Nigeria,Southampton FC,26,28,-4.0,1.0,-1.0,21,0,0,1225,2,183.0,15000000.0,11000000.0,-4000000.0,15.0,11.0,-4.0
1041,2,685,8,53,174,2022,Mohamed Elyounoussi,Left Winger,Norway,Southampton FC,28,30,-4.0,1.0,-1.0,33,1,0,2168,1,178.0,12000000.0,9000000.0,-3000000.0,12.0,9.0,-3.0
1042,2,151,4,58,174,2022,Che Adams,Centre-Forward,Scotland,Southampton FC,26,28,-4.0,1.0,-1.0,28,3,0,1992,5,179.0,22000000.0,20000000.0,-2000000.0,22.0,20.0,-2.0
1043,2,889,2,58,174,2022,Stuart Armstrong,Central Midfield,Scotland,Southampton FC,31,32,-4.0,1.0,-1.0,32,1,0,1407,2,183.0,6000000.0,4500000.0,-1500000.0,6.0,4.5,-1.5
1044,2,575,11,10,188,2022,Lucas Moura,Right Winger,Brazil,Tottenham Hotspur,30,32,-2.0,0.0,-1.0,15,0,0,155,1,172.0,15000000.0,6000000.0,-9000000.0,15.0,6.0,-9.0
1045,2,256,12,10,188,2022,Emerson Royal,Right-Back,Brazil,Tottenham Hotspur,24,26,-2.0,0.0,-1.0,26,1,0,1735,2,183.0,30000000.0,20000000.0,-10000000.0,30.0,20.0,-10.0
1046,2,799,4,10,188,2022,Richarlison,Centre-Forward,Brazil,Tottenham Hotspur,26,27,-2.0,0.0,-1.0,27,4,0,1010,1,184.0,50000000.0,48000000.0,-2000000.0,50.0,48.0,-2.0
1047,2,390,8,17,188,2022,Ivan Perisic,Left Winger,Croatia,Tottenham Hotspur,34,35,-2.0,0.0,-1.0,34,8,0,2108,1,186.0,10000000.0,7000000.0,-3000000.0,10.0,7.0,-3.0
1048,2,779,5,21,188,2022,Pierre-Emile Hojbjerg,Defensive Midfield,Denmark,Tottenham Hotspur,27,29,-2.0,0.0,-1.0,35,5,0,3131,4,185.0,42000000.0,45000000.0,3000000.0,42.0,45.0,3.0
1049,2,359,4,25,188,2022,Harry Kane,Centre-Forward,England,Tottenham Hotspur,29,31,-2.0,0.0,-1.0,38,3,5,3405,30,188.0,90000000.0,90000000.0,0.0,90.0,90.0,0.0
1050,2,835,9,25,188,2022,Ryan Sessegnon,Left-Back,England,Tottenham Hotspur,22,24,-2.0,0.0,-1.0,17,0,0,813,2,178.0,22000000.0,18000000.0,-4000000.0,22.0,18.0,-4.0
1051,2,268,3,25,188,2022,Eric Dier,Centre-Back,England,Tottenham Hotspur,29,31,-2.0,0.0,-1.0,33,1,0,2817,2,191.0,30000000.0,18000000.0,-12000000.0,30.0,18.0,-12.0
1052,2,739,5,25,188,2022,Oliver Skipp,Defensive Midfield,England,Tottenham Hotspur,22,24,-2.0,0.0,-1.0,23,0,0,1490,1,175.0,15000000.0,15000000.0,0.0,15.0,15.0,0.0
1053,2,646,12,38,188,2022,Matt Doherty,Right-Back,Ireland,Tottenham Hotspur,31,33,-2.0,0.0,-1.0,12,0,0,668,1,185.0,12000000.0,5000000.0,-7000000.0,12.0,5.0,-7.0
1054,2,369,8,43,188,2022,Heung-min Son,Left Winger,"Korea, South",Tottenham Hotspur,30,32,-2.0,0.0,-1.0,36,6,0,2888,10,184.0,70000000.0,50000000.0,-20000000.0,70.0,50.0,-20.0
1055,2,81,8,48,188,2022,Arnaut Danjuma,Left Winger,Netherlands,Tottenham Hotspur,26,27,-2.0,0.0,-1.0,9,0,0,169,1,178.0,35000000.0,25000000.0,-10000000.0,35.0,25.0,-10.0
1056,2,770,12,63,188,2022,Pedro Porro,Right-Back,Spain,Tottenham Hotspur,23,25,-2.0,0.0,-1.0,15,3,0,1131,3,173.0,25000000.0,40000000.0,15000000.0,25.0,40.0,15.0
1057,2,215,1,64,188,2022,Dejan Kulusevski,Attacking Midfield,Sweden,Tottenham Hotspur,23,24,-2.0,0.0,-1.0,30,7,0,2067,2,186.0,50000000.0,50000000.0,0.0,50.0,50.0,0.0
1058,2,813,5,72,188,2022,Rodrigo Bentancur,Defensive Midfield,Uruguay,Tottenham Hotspur,25,27,-2.0,0.0,-1.0,18,2,0,1500,5,187.0,35000000.0,40000000.0,5000000.0,35.0,40.0,5.0
1059,2,98,3,74,188,2022,Ben Davies,Centre-Back,Wales,Tottenham Hotspur,30,31,-2.0,0.0,-1.0,31,2,0,2288,2,181.0,20000000.0,15000000.0,-5000000.0,20.0,15.0,-5.0
1060,2,840,8,2,199,2022,Said Benrahma,Left Winger,Algeria,West Ham United,27,29,-5.0,0.0,-1.0,35,3,4,2069,6,172.0,22000000.0,25000000.0,3000000.0,22.0,25.0,3.0
1061,2,605,1,4,199,2022,Manuel Lanzini,Attacking Midfield,Argentina,West Ham United,30,31,-5.0,0.0,-1.0,10,0,0,251,1,170.0,10000000.0,6000000.0,-4000000.0,10.0,6.0,-4.0
1062,2,577,1,10,199,2022,Lucas Paqueta,Attacking Midfield,Brazil,West Ham United,25,27,-5.0,0.0,-1.0,28,3,1,2153,4,180.0,45000000.0,45000000.0,0.0,45.0,45.0,0.0
1063,2,925,5,19,199,2022,Tomas Soucek,Defensive Midfield,Czech Republic,West Ham United,28,29,-5.0,0.0,-1.0,36,3,0,2815,2,192.0,45000000.0,35000000.0,-10000000.0,45.0,35.0,-10.0
1064,2,428,11,25,199,2022,Jarrod Bowen,Right Winger,England,West Ham United,26,28,-5.0,0.0,-1.0,38,6,1,3233,6,176.0,42000000.0,38000000.0,-4000000.0,42.0,38.0,-4.0
1065,2,213,2,25,199,2022,Declan Rice,Central Midfield,England,West Ham United,24,26,-5.0,0.0,-1.0,37,2,0,3273,4,188.0,80000000.0,90000000.0,10000000.0,80.0,90.0,10.0
1066,2,549,3,27,199,2022,Kurt Zouma,Centre-Back,France,West Ham United,28,30,-5.0,0.0,-1.0,25,0,0,1989,2,190.0,32000000.0,22000000.0,-10000000.0,32.0,22.0,-10.0
1067,2,337,4,40,199,2022,Gianluca Scamacca,Centre-Forward,Italy,West Ham United,24,26,-5.0,0.0,-1.0,16,0,0,926,3,195.0,30000000.0,22000000.0,-8000000.0,30.0,22.0,-8.0
1068,2,255,9,40,199,2022,Emerson,Left-Back,Italy,West Ham United,28,30,-5.0,0.0,-1.0,22,0,0,1321,1,176.0,15000000.0,12000000.0,-3000000.0,15.0,12.0,-3.0
1069,2,673,4,41,199,2022,Michail Antonio,Centre-Forward,Jamaica,West Ham United,33,34,-5.0,0.0,-1.0,33,3,0,1830,5,180.0,9000000.0,7000000.0,-2000000.0,9.0,7.0,-2.0
1070,2,714,3,47,199,2022,Nayef Aguerd,Centre-Back,Morocco,West Ham United,27,28,-5.0,0.0,-1.0,18,0,0,1595,2,190.0,25000000.0,35000000.0,10000000.0,25.0,35.0,10.0
1071,2,750,1,63,199,2022,Pablo Fornals,Attacking Midfield,Spain,West Ham United,27,28,-5.0,0.0,-1.0,32,1,0,1502,3,178.0,25000000.0,22000000.0,-3000000.0,25.0,22.0,-3.0
1072,2,792,9,2,202,2022,Rayan Ait-Nouri,Left-Back,Algeria,Wolverhampton Wanderers,21,23,1.0,0.0,1.0,21,0,0,1077,1,180.0,22000000.0,22000000.0,0.0,22.0,22.0,0.0
1073,2,636,4,10,202,2022,Matheus Cunha,Centre-Forward,Brazil,Wolverhampton Wanderers,24,25,1.0,0.0,1.0,17,0,0,965,2,183.0,20000000.0,25000000.0,5000000.0,20.0,25.0,5.0
1074,2,453,2,10,202,2022,Joao Gomes,Central Midfield,Brazil,Wolverhampton Wanderers,22,23,1.0,0.0,1.0,11,0,0,653,1,176.0,10000000.0,18000000.0,8000000.0,10.0,18.0,8.0
1075,2,367,4,43,202,2022,Hee-chan Hwang,Centre-Forward,"Korea, South",Wolverhampton Wanderers,27,29,1.0,0.0,1.0,27,1,0,1130,3,177.0,12000000.0,12000000.0,0.0,12.0,12.0,0.0
1076,2,639,2,56,202,2022,Matheus Nunes,Central Midfield,Portugal,Wolverhampton Wanderers,24,26,1.0,0.0,1.0,34,1,0,2467,1,183.0,45000000.0,45000000.0,0.0,45.0,45.0,0.0
1077,2,195,11,56,202,2022,Daniel Podence,Right Winger,Portugal,Wolverhampton Wanderers,27,29,1.0,0.0,1.0,32,0,0,1771,6,170.0,20000000.0,20000000.0,0.0,20.0,20.0,0.0
1078,2,828,5,56,202,2022,Ruben Neves,Defensive Midfield,Portugal,Wolverhampton Wanderers,26,27,1.0,0.0,1.0,35,1,3,3020,6,180.0,40000000.0,40000000.0,0.0,40.0,40.0,0.0
1079,2,343,8,56,202,2022,Goncalo Guedes,Left Winger,Portugal,Wolverhampton Wanderers,26,28,1.0,0.0,1.0,13,1,0,707,1,179.0,35000000.0,23000000.0,-12000000.0,35.0,23.0,-12.0
1080,2,927,3,56,202,2022,Toti,Centre-Back,Portugal,Wolverhampton Wanderers,24,26,1.0,0.0,1.0,17,0,0,984,1,187.0,2500000.0,6000000.0,3500000.0,2.5,6.0,3.5
1081,2,16,11,63,202,2022,Adama Traore,Right Winger,Spain,Wolverhampton Wanderers,27,29,1.0,0.0,1.0,34,1,0,1494,2,178.0,15000000.0,10000000.0,-5000000.0,15.0,10.0,-5.0
1082,2,751,11,63,202,2022,Pablo Sarabia,Right Winger,Spain,Wolverhampton Wanderers,31,32,1.0,0.0,1.0,13,0,0,765,1,174.0,22000000.0,14000000.0,-8000000.0,22.0,14.0,-8.0
1083,2,483,12,63,202,2022,Jonny Otto,Right-Back,Spain,Wolverhampton Wanderers,29,30,1.0,0.0,1.0,18,0,0,1261,1,175.0,17000000.0,13000000.0,-4000000.0,17.0,13.0,-4.0
1084,2,224,4,63,202,2022,Diego Costa,Centre-Forward,Spain,Wolverhampton Wanderers,34,36,1.0,0.0,1.0,23,0,0,1242,1,186.0,3500000.0,2000000.0,-1500000.0,3.5,2.0,-1.5
1085,2,614,3,4,3,2023,Marcos Senesi,Centre-Back,Argentina,AFC Bournemouth,27,27,3.0,0.0,1.0,31,5,0,2242,4,185.0,20000000.0,22000000.0,2000000.0,20.0,22.0,2.0
1086,2,191,8,11,3,2023,Dango Ouattara,Left Winger,Burkina Faso,AFC Bournemouth,22,22,3.0,0.0,1.0,30,2,0,1229,1,177.0,20000000.0,20000000.0,0.0,20.0,20.0,0.0
1087,2,585,8,15,3,2023,Luis Sinisterra,Left Winger,Colombia,AFC Bournemouth,24,25,3.0,0.0,1.0,20,2,0,698,2,172.0,20000000.0,17000000.0,-3000000.0,20.0,17.0,-3.0
1088,2,775,2,21,3,2023,Philip Billing,Central Midfield,Denmark,AFC Bournemouth,27,28,3.0,0.0,1.0,29,2,0,1401,2,193.0,22000000.0,22000000.0,0.0,22.0,22.0,0.0
1089,2,234,4,25,3,2023,Dominic Solanke,Centre-Forward,England,AFC Bournemouth,26,27,3.0,0.0,1.0,38,3,2,3325,19,186.0,25000000.0,40000000.0,15000000.0,25.0,40.0,15.0
1090,2,617,7,25,3,2023,Marcus Tavernier,Left Midfield,England,AFC Bournemouth,25,25,3.0,0.0,1.0,30,4,0,2118,3,178.0,17000000.0,20000000.0,3000000.0,17.0,20.0,3.0
1091,2,30,2,25,3,2023,Alex Scott,Central Midfield,England,AFC Bournemouth,20,21,3.0,0.0,1.0,23,1,0,1013,1,178.0,20000000.0,20000000.0,0.0,20.0,20.0,0.0
1092,2,72,11,30,3,2023,Antoine Semenyo,Right Winger,Ghana,AFC Bournemouth,24,25,3.0,0.0,1.0,33,2,0,2106,8,185.0,10000000.0,10000000.0,0.0,10.0,10.0,0.0
1093,2,511,8,48,3,2023,Justin Kluivert,Left Winger,Netherlands,AFC Bournemouth,25,25,3.0,0.0,1.0,32,1,0,1915,7,172.0,11000000.0,14000000.0,3000000.0,11.0,14.0,3.0
1094,2,263,4,69,3,2023,Enes unal,Centre-Forward,T脙录rkiye,AFC Bournemouth,27,27,3.0,0.0,1.0,16,2,0,328,2,187.0,25000000.0,18000000.0,-7000000.0,25.0,18.0,-7.0
1095,2,381,3,70,3,2023,Ilya Zabarnyi,Centre-Back,Ukraine,AFC Bournemouth,21,22,3.0,0.0,1.0,37,0,0,333,1,189.0,25000000.0,32000000.0,7000000.0,25.0,32.0,7.0
1096,2,538,4,74,3,2023,Kieffer Moore,Centre-Forward,Wales,AFC Bournemouth,31,32,3.0,0.0,1.0,8,0,0,108,1,196.0,2500000.0,2000000.0,-500000.0,2.5,2.0,-0.5
1097,2,204,11,74,3,2023,David Brooks,Right Winger,Wales,AFC Bournemouth,26,27,3.0,0.0,1.0,13,1,0,282,1,173.0,9000000.0,8000000.0,-1000000.0,9.0,8.0,-1.0
1098,2,556,8,8,21,2023,Leandro Trossard,Left Winger,Belgium,Arsenal FC,29,30,1.0,0.0,1.0,34,1,0,1649,12,172.0,38000000.0,35000000.0,-3000000.0,38.0,35.0,-3.0
1099,2,316,8,10,21,2023,Gabriel Martinelli,Left Winger,Brazil,Arsenal FC,22,23,1.0,0.0,1.0,35,4,0,2019,6,178.0,85000000.0,70000000.0,-15000000.0,85.0,70.0,-15.0
1100,2,313,4,10,21,2023,Gabriel Jesus,Centre-Forward,Brazil,Arsenal FC,27,27,1.0,0.0,1.0,27,5,0,1479,4,175.0,70000000.0,65000000.0,-5000000.0,70.0,65.0,-5.0
1101,2,314,3,10,21,2023,Gabriel Magalhaes,Centre-Back,Brazil,Arsenal FC,26,27,1.0,0.0,1.0,36,0,0,3044,4,190.0,60000000.0,70000000.0,10000000.0,60.0,70.0,10.0
1102,2,132,11,25,21,2023,Bukayo Saka,Right Winger,England,Arsenal FC,22,23,1.0,0.0,1.0,35,9,6,2919,16,178.0,120000000.0,140000000.0,20000000.0,120.0,140.0,20.0
1103,2,103,12,25,21,2023,Ben White,Right-Back,England,Arsenal FC,26,27,1.0,0.0,1.0,37,4,0,2988,4,186.0,55000000.0,55000000.0,0.0,55.0,55.0,0.0
1104,2,245,4,25,21,2023,Eddie Nketiah,Centre-Forward,England,Arsenal FC,24,25,1.0,0.0,1.0,27,2,0,1081,5,175.0,30000000.0,30000000.0,0.0,30.0,30.0,0.0
1105,2,213,2,25,21,2023,Declan Rice,Central Midfield,England,Arsenal FC,25,26,1.0,0.0,1.0,38,9,0,3225,7,188.0,100000000.0,120000000.0,20000000.0,100.0,120.0,20.0
1106,2,964,3,27,21,2023,William Saliba,Centre-Back,France,Arsenal FC,23,23,1.0,0.0,1.0,38,1,0,342,2,192.0,70000000.0,80000000.0,10000000.0,70.0,80.0,10.0
1107,2,515,4,29,21,2023,Kai Havertz,Centre-Forward,Germany,Arsenal FC,24,25,1.0,0.0,1.0,37,7,1,2634,13,193.0,60000000.0,70000000.0,10000000.0,60.0,70.0,10.0
1108,2,895,12,42,21,2023,Takehiro Tomiyasu,Right-Back,Japan,Arsenal FC,25,26,1.0,0.0,1.0,22,1,0,1151,2,188.0,30000000.0,35000000.0,5000000.0,30.0,35.0,5.0
1109,2,624,1,53,21,2023,Martin odegaard,Attacking Midfield,Norway,Arsenal FC,25,26,1.0,0.0,1.0,35,10,2,3091,8,178.0,90000000.0,110000000.0,20000000.0,90.0,110.0,20.0
1110,2,408,3,55,21,2023,Jakub Kiwior,Centre-Back,Poland,Arsenal FC,24,24,1.0,0.0,1.0,20,3,0,946,1,189.0,25000000.0,30000000.0,5000000.0,25.0,30.0,5.0
1111,2,286,1,56,21,2023,Fabio Vieira,Attacking Midfield,Portugal,Arsenal FC,23,24,1.0,0.0,1.0,11,2,1,299,1,170.0,28000000.0,22000000.0,-6000000.0,28.0,22.0,-6.0
1112,2,735,9,70,21,2023,Oleksandr Zinchenko,Left-Back,Ukraine,Arsenal FC,27,28,1.0,0.0,1.0,27,2,0,1721,1,175.0,42000000.0,38000000.0,-4000000.0,42.0,38.0,-4.0
1113,2,977,2,8,22,2023,Youri Tielemans,Central Midfield,Belgium,Aston Villa,27,27,3.0,0.0,1.0,32,6,0,1622,2,177.0,20000000.0,25000000.0,5000000.0,20.0,25.0,5.0
1114,2,555,5,8,22,2023,Leander Dendoncker,Defensive Midfield,Belgium,Aston Villa,28,29,3.0,0.0,1.0,8,0,0,120,1,188.0,11000000.0,7000000.0,-4000000.0,11.0,7.0,-4.0
1115,2,238,2,10,22,2023,Douglas Luiz,Central Midfield,Brazil,Aston Villa,26,26,3.0,0.0,1.0,35,5,4,2994,9,177.0,55000000.0,70000000.0,15000000.0,55.0,70.0,15.0
1116,2,447,4,15,22,2023,Jhon Duran,Centre-Forward,Colombia,Aston Villa,20,21,3.0,0.0,1.0,23,0,0,475,5,185.0,17000000.0,20000000.0,3000000.0,17.0,20.0,3.0
1117,2,741,4,25,22,2023,Ollie Watkins,Centre-Forward,England,Aston Villa,28,29,3.0,0.0,1.0,37,13,0,3217,19,180.0,55000000.0,65000000.0,10000000.0,55.0,65.0,10.0
1118,2,692,1,25,22,2023,Morgan Rogers,Attacking Midfield,England,Aston Villa,21,22,3.0,0.0,1.0,11,1,0,638,3,187.0,2200000.0,15000000.0,12800000.0,2.2,15.0,12.8
1119,2,280,3,25,22,2023,Ezri Konsa,Centre-Back,England,Aston Villa,26,27,3.0,0.0,1.0,35,0,0,3069,1,183.0,35000000.0,35000000.0,0.0,35.0,35.0,0.0
1120,2,403,7,25,22,2023,Jacob Ramsey,Left Midfield,England,Aston Villa,22,23,3.0,0.0,1.0,16,1,0,853,1,180.0,42000000.0,35000000.0,-7000000.0,42.0,35.0,-7.0
1121,2,698,11,27,22,2023,Moussa Diaby,Right Winger,France,Aston Villa,24,25,3.0,0.0,1.0,38,8,0,2174,6,170.0,55000000.0,55000000.0,0.0,55.0,55.0,0.0
1122,2,574,9,27,22,2023,Lucas Digne,Left-Back,France,Aston Villa,30,31,3.0,0.0,1.0,33,3,0,241,1,178.0,15000000.0,12000000.0,-3000000.0,15.0,12.0,-3.0
1123,2,726,1,40,22,2023,Nicolo Zaniolo,Attacking Midfield,Italy,Aston Villa,24,25,3.0,0.0,1.0,25,0,0,839,2,190.0,25000000.0,20000000.0,-5000000.0,25.0,20.0,-5.0
1124,2,557,11,41,22,2023,Leon Bailey,Right Winger,Jamaica,Aston Villa,26,27,3.0,0.0,1.0,35,9,0,2068,10,178.0,30000000.0,42000000.0,12000000.0,30.0,42.0,12.0
1125,2,653,12,55,22,2023,Matty Cash,Right-Back,Poland,Aston Villa,26,27,3.0,0.0,1.0,29,2,0,2142,2,185.0,28000000.0,28000000.0,0.0,28.0,28.0,0.0
1126,2,474,2,58,22,2023,John McGinn,Central Midfield,Scotland,Aston Villa,29,30,3.0,0.0,1.0,35,4,0,3,6,178.0,30000000.0,30000000.0,0.0,30.0,30.0,0.0
1127,2,988,9,63,22,2023,alex Moreno,Left-Back,Spain,Aston Villa,30,31,3.0,0.0,1.0,21,0,0,1031,2,179.0,10000000.0,13000000.0,3000000.0,10.0,13.0,3.0
1128,2,762,3,63,22,2023,Pau Torres,Centre-Back,Spain,Aston Villa,27,28,3.0,0.0,1.0,29,0,0,2464,2,192.0,45000000.0,45000000.0,0.0,45.0,45.0,0.0
1129,2,130,11,12,41,2023,Bryan Mbeumo,Right Winger,Cameroon,Brentford FC,24,25,1.0,0.0,1.0,25,6,3,196,9,171.0,38000000.0,40000000.0,2000000.0,38.0,40.0,2.0
1130,2,642,2,21,41,2023,Mathias Jensen,Central Midfield,Denmark,Brentford FC,28,29,1.0,0.0,1.0,32,3,0,2204,3,180.0,28000000.0,28000000.0,0.0,28.0,28.0,0.0
1131,2,163,5,21,41,2023,Christian Norgaard,Defensive Midfield,Denmark,Brentford FC,30,30,1.0,0.0,1.0,31,1,0,2505,2,187.0,20000000.0,18000000.0,-2000000.0,20.0,18.0,-2.0
1132,2,597,12,21,41,2023,Mads Roerslev,Right-Back,Denmark,Brentford FC,24,25,1.0,0.0,1.0,34,2,0,1986,1,184.0,8000000.0,10000000.0,2000000.0,8.0,10.0,2.0
1133,2,985,3,21,41,2023,Zanka,Centre-Back,Denmark,Brentford FC,34,34,1.0,0.0,1.0,14,0,0,1087,1,189.0,1000000.0,1000000.0,0.0,1.0,1.0,0.0
1134,2,976,4,20,41,2023,Yoane Wissa,Centre-Forward,DR Congo,Brentford FC,27,28,1.0,0.0,1.0,34,3,0,2493,12,176.0,25000000.0,28000000.0,3000000.0,25.0,28.0,3.0
1135,2,391,4,25,41,2023,Ivan Toney,Centre-Forward,England,Brentford FC,28,28,1.0,0.0,1.0,17,2,0,145,4,185.0,35000000.0,50000000.0,15000000.0,35.0,50.0,15.0
1136,2,101,3,25,41,2023,Ben Mee,Centre-Back,England,Brentford FC,34,35,1.0,0.0,1.0,16,0,0,1273,2,180.0,1000000.0,1000000.0,0.0,1.0,1.0,0.0
1137,2,527,8,25,41,2023,Keane Lewis-Potter,Left Winger,England,Brentford FC,23,23,1.0,0.0,1.0,30,1,0,1441,3,170.0,12000000.0,15000000.0,3000000.0,12.0,15.0,3.0
1138,2,537,8,29,41,2023,Kevin Schade,Left Winger,Germany,Brentford FC,22,23,1.0,0.0,1.0,11,1,0,334,2,185.0,25000000.0,22000000.0,-3000000.0,25.0,22.0,-3.0
1139,2,950,5,29,41,2023,Vitaly Janelt,Defensive Midfield,Germany,Brentford FC,26,26,1.0,0.0,1.0,38,3,0,3054,1,184.0,22000000.0,22000000.0,0.0,22.0,22.0,0.0
1140,2,873,2,32,41,2023,Shandon Baptiste,Central Midfield,Grenada,Brentford FC,26,26,1.0,0.0,1.0,10,1,0,229,1,180.0,2500000.0,2500000.0,0.0,2.5,2.5,0.0
1141,2,844,1,37,41,2023,Saman Ghoddos,Attacking Midfield,Iran,Brentford FC,30,31,1.0,0.0,1.0,19,0,0,739,1,175.0,2000000.0,2000000.0,0.0,2.0,2.0,0.0
1142,2,710,3,38,41,2023,Nathan Collins,Centre-Back,Ireland,Brentford FC,23,23,1.0,0.0,1.0,32,1,0,2652,1,193.0,25000000.0,25000000.0,0.0,25.0,25.0,0.0
1143,2,274,3,41,41,2023,Ethan Pinnock,Centre-Back,Jamaica,Brentford FC,30,31,1.0,0.0,1.0,29,0,0,2521,2,194.0,15000000.0,12000000.0,-3000000.0,15.0,12.0,-3.0
1144,2,309,2,50,41,2023,Frank Onyeka,Central Midfield,Nigeria,Brentford FC,26,27,1.0,0.0,1.0,26,2,0,1159,1,183.0,9000000.0,9000000.0,0.0,9.0,9.0,0.0
1145,2,547,3,53,41,2023,Kristoffer Ajer,Centre-Back,Norway,Brentford FC,26,26,1.0,0.0,1.0,28,1,0,1831,2,198.0,18000000.0,15000000.0,-3000000.0,18.0,15.0,-3.0
1146,2,287,1,4,43,2023,Facundo Buonanotte,Attacking Midfield,Argentina,Brighton & Hove Albion,19,20,3.0,0.0,1.0,27,1,0,1364,3,174.0,12000000.0,18000000.0,6000000.0,12.0,18.0,6.0
1147,2,456,4,10,43,2023,Joao Pedro,Centre-Forward,Brazil,Brighton & Hove Albion,22,23,3.0,0.0,1.0,31,3,4,2046,9,182.0,35000000.0,45000000.0,10000000.0,35.0,45.0,10.0
1148,2,878,8,16,43,2023,Simon Adingra,Left Winger,Cote dIvoire,Brighton & Hove Albion,22,23,3.0,0.0,1.0,31,1,0,2222,6,175.0,15000000.0,30000000.0,15000000.0,15.0,30.0,15.0
1149,2,772,9,23,43,2023,Pervis Estupinan,Left-Back,Ecuador,Brighton & Hove Albion,26,27,3.0,0.0,1.0,19,3,0,1244,2,175.0,35000000.0,30000000.0,-5000000.0,35.0,30.0,-5.0
1150,2,198,4,25,43,2023,Danny Welbeck,Centre-Forward,England,Brighton & Hove Albion,33,34,3.0,0.0,1.0,29,1,0,1693,5,185.0,6000000.0,5000000.0,-1000000.0,6.0,5.0,-1.0
1151,2,397,2,25,43,2023,Jack Hinshelwood,Central Midfield,England,Brighton & Hove Albion,18,19,3.0,0.0,1.0,12,0,0,870,3,182.0,1000000.0,16000000.0,15000000.0,1.0,16.0,15.0
1152,2,882,11,25,43,2023,Solly March,Right Winger,England,Brighton & Hove Albion,29,30,3.0,0.0,1.0,7,1,0,554,3,180.0,22000000.0,18000000.0,-4000000.0,22.0,18.0,-4.0
1153,2,561,3,25,43,2023,Lewis Dunk,Centre-Back,England,Brighton & Hove Albion,32,33,3.0,0.0,1.0,33,1,0,287,3,192.0,14000000.0,12000000.0,-2000000.0,14.0,12.0,-2.0
1154,2,754,2,29,43,2023,Pascal Gross,Central Midfield,Germany,Brighton & Hove Albion,32,33,3.0,0.0,1.0,36,10,1,3114,4,181.0,8000000.0,8000000.0,0.0,8.0,8.0,0.0
1155,2,275,4,38,43,2023,Evan Ferguson,Centre-Forward,Ireland,Brighton & Hove Albion,19,20,3.0,0.0,1.0,27,0,0,1367,6,188.0,65000000.0,50000000.0,-15000000.0,65.0,50.0,-15.0
1156,2,519,8,42,43,2023,Kaoru Mitoma,Left Winger,Japan,Brighton & Hove Albion,26,27,3.0,0.0,1.0,19,4,0,1486,3,178.0,50000000.0,45000000.0,-5000000.0,50.0,45.0,-5.0
1157,2,466,12,48,43,2023,Joel Veltman,Right-Back,Netherlands,Brighton & Hove Albion,32,33,3.0,0.0,1.0,27,1,0,1588,1,184.0,10000000.0,10000000.0,0.0,10.0,10.0,0.0
1158,2,67,8,63,43,2023,Ansu Fati,Left Winger,Spain,Brighton & Hove Albion,21,22,3.0,0.0,1.0,19,0,0,521,2,178.0,30000000.0,25000000.0,-5000000.0,30.0,25.0,-5.0
1159,2,45,3,8,46,2023,Ameen Al-Dakhil,Centre-Back,Belgium,Burnley FC,21,22,-1.0,1.0,-1.0,13,0,0,1056,1,187.0,11000000.0,12000000.0,1000000.0,11.0,12.0,1.0
1160,2,205,4,16,46,2023,David Datro Fofana,Centre-Forward,Cote dIvoire,Burnley FC,21,22,-1.0,1.0,-1.0,15,1,0,879,4,180.0,8000000.0,12000000.0,4000000.0,8.0,12.0,4.0
1161,2,401,8,21,46,2023,Jacob Bruun Larsen,Left Winger,Denmark,Burnley FC,25,26,-1.0,1.0,-1.0,32,0,1,1249,6,183.0,3000000.0,8000000.0,5000000.0,3.0,8.0,5.0
1162,2,150,9,25,46,2023,Charlie Taylor,Left-Back,England,Burnley FC,30,31,-1.0,1.0,-1.0,28,1,0,2331,1,183.0,3000000.0,3000000.0,0.0,3.0,3.0,0.0
1163,2,431,4,25,46,2023,Jay Rodriguez,Centre-Forward,England,Burnley FC,34,35,-1.0,1.0,-1.0,21,1,1,822,2,185.0,1000000.0,1000000.0,0.0,1.0,1.0,0.0
1164,2,489,2,25,46,2023,Josh Brownhill,Central Midfield,England,Burnley FC,28,29,-1.0,1.0,-1.0,33,2,0,2253,4,179.0,18000000.0,15000000.0,-3000000.0,18.0,15.0,-3.0
1165,2,968,11,27,46,2023,Wilson Odobert,Right Winger,France,Burnley FC,19,20,-1.0,1.0,-1.0,29,3,0,2098,3,182.0,9000000.0,10000000.0,1000000.0,9.0,10.0,1.0
1166,2,569,12,27,46,2023,Lorenz Assignon,Right-Back,France,Burnley FC,23,24,-1.0,1.0,-1.0,15,2,0,1235,1,181.0,10000000.0,10000000.0,0.0,10.0,10.0,0.0
1167,2,469,11,36,46,2023,Johann Berg Gudmundsson,Right Winger,Iceland,Burnley FC,33,34,-1.0,1.0,-1.0,26,3,0,1191,1,186.0,1000000.0,1000000.0,0.0,1.0,1.0,0.0
1168,2,199,3,38,46,2023,Dara OShea,Centre-Back,Ireland,Burnley FC,25,25,-1.0,1.0,-1.0,33,4,0,2893,3,189.0,7000000.0,7000000.0,0.0,7.0,7.0,0.0
1169,2,490,5,38,46,2023,Josh Cullen,Defensive Midfield,Ireland,Burnley FC,28,28,-1.0,1.0,-1.0,25,3,0,2057,2,175.0,13000000.0,10000000.0,-3000000.0,13.0,10.0,-3.0
1170,2,572,11,40,46,2023,Luca Koleosho,Right Winger,Italy,Burnley FC,19,20,-1.0,1.0,-1.0,15,1,0,974,1,175.0,6000000.0,7000000.0,1000000.0,6.0,7.0,1.0
1171,2,850,5,53,46,2023,Sander Berge,Defensive Midfield,Norway,Burnley FC,26,26,-1.0,1.0,-1.0,37,2,0,3005,1,195.0,20000000.0,20000000.0,0.0,20.0,20.0,0.0
1172,2,594,4,62,46,2023,Lyle Foster,Centre-Forward,South Africa,Burnley FC,23,24,-1.0,1.0,-1.0,24,3,0,1899,5,185.0,13000000.0,13000000.0,0.0,13.0,13.0,0.0
1173,2,986,4,65,46,2023,Zeki Amdouni,Centre-Forward,Switzerland,Burnley FC,23,24,-1.0,1.0,-1.0,34,1,1,1956,5,185.0,15000000.0,12000000.0,-3000000.0,15.0,12.0,-3.0
1174,2,266,2,4,50,2023,Enzo Fernandez,Central Midfield,Argentina,Chelsea FC,23,24,-2.0,0.0,-1.0,28,2,1,2209,3,178.0,80000000.0,75000000.0,-5000000.0,80.0,75.0,-5.0
1175,2,909,3,10,50,2023,Thiago Silva,Centre-Back,Brazil,Chelsea FC,39,40,-2.0,0.0,-1.0,31,1,0,2527,3,181.0,2000000.0,1000000.0,-1000000.0,2.0,1.0,-1.0
1176,2,690,5,23,50,2023,Moises Caicedo,Defensive Midfield,Ecuador,Chelsea FC,22,23,-2.0,0.0,-1.0,35,3,0,2866,1,178.0,90000000.0,75000000.0,-15000000.0,90.0,75.0,-15.0
1177,2,176,2,25,50,2023,Conor Gallagher,Central Midfield,England,Chelsea FC,24,24,-2.0,0.0,-1.0,37,7,0,3129,5,182.0,40000000.0,50000000.0,10000000.0,40.0,50.0,10.0
1178,2,38,3,25,50,2023,Alfie Gilchrist,Centre-Back,England,Chelsea FC,20,21,-2.0,0.0,-1.0,11,0,0,206,1,183.0,200000.0,5000000.0,4800000.0,0.2,5.0,4.8
1179,2,730,11,25,50,2023,Noni Madueke,Right Winger,England,Chelsea FC,22,22,-2.0,0.0,-1.0,23,2,1,1053,5,182.0,25000000.0,28000000.0,3000000.0,25.0,28.0,3.0
1180,2,929,3,25,50,2023,Trevoh Chalobah,Centre-Back,England,Chelsea FC,24,25,-2.0,0.0,-1.0,13,0,0,952,1,192.0,18000000.0,13000000.0,-5000000.0,18.0,13.0,-5.0
1181,2,143,2,25,50,2023,Carney Chukwuemeka,Central Midfield,England,Chelsea FC,20,21,-2.0,0.0,-1.0,9,1,0,227,1,188.0,15000000.0,15000000.0,0.0,15.0,15.0,0.0
1182,2,558,3,25,50,2023,Levi Colwill,Centre-Back,England,Chelsea FC,21,21,-2.0,0.0,-1.0,23,1,0,1797,1,187.0,35000000.0,50000000.0,15000000.0,35.0,50.0,15.0
1183,2,785,11,25,50,2023,Raheem Sterling,Right Winger,England,Chelsea FC,29,30,-2.0,0.0,-1.0,31,4,0,1979,8,170.0,50000000.0,35000000.0,-15000000.0,50.0,35.0,-15.0
1184,2,90,3,27,50,2023,Axel Disasi,Centre-Back,France,Chelsea FC,26,26,-2.0,0.0,-1.0,31,0,0,258,2,191.0,40000000.0,40000000.0,0.0,40.0,40.0,0.0
1185,2,165,4,27,50,2023,Christopher Nkunku,Centre-Forward,France,Chelsea FC,26,27,-2.0,0.0,-1.0,11,0,0,444,3,177.0,75000000.0,65000000.0,-10000000.0,75.0,65.0,-10.0
1186,2,722,4,59,50,2023,Nicolas Jackson,Centre-Forward,Senegal,Chelsea FC,22,23,-2.0,0.0,-1.0,35,5,0,2799,14,187.0,35000000.0,35000000.0,0.0,35.0,35.0,0.0
1187,2,703,8,70,50,2023,Mykhaylo Mudryk,Left Winger,Ukraine,Chelsea FC,23,24,-2.0,0.0,-1.0,31,2,0,1575,5,175.0,45000000.0,35000000.0,-10000000.0,45.0,35.0,-10.0
1188,2,437,5,15,57,2023,Jefferson Lerma,Defensive Midfield,Colombia,Crystal Palace,29,30,2.0,0.0,1.0,28,1,0,24,1,179.0,20000000.0,20000000.0,0.0,20.0,20.0,0.0
1189,2,450,3,21,57,2023,Joachim Andersen,Centre-Back,Denmark,Crystal Palace,27,28,2.0,0.0,1.0,38,3,0,3415,2,192.0,35000000.0,35000000.0,0.0,35.0,35.0,0.0
1190,2,934,9,25,57,2023,Tyrick Mitchell,Left-Back,England,Crystal Palace,24,25,2.0,0.0,1.0,37,3,0,3204,2,181.0,22000000.0,25000000.0,3000000.0,22.0,25.0,3.0
1191,2,244,1,25,57,2023,Eberechi Eze,Attacking Midfield,England,Crystal Palace,25,26,2.0,0.0,1.0,27,4,1,2056,11,178.0,48000000.0,55000000.0,7000000.0,48.0,55.0,7.0
1192,2,434,4,27,57,2023,Jean-Philippe Mateta,Centre-Forward,France,Crystal Palace,26,27,2.0,0.0,1.0,35,5,2,2282,16,192.0,7000000.0,20000000.0,13000000.0,7.0,20.0,13.0
1193,2,733,4,27,57,2023,Odsonne Edouard,Centre-Forward,France,Crystal Palace,26,27,2.0,0.0,1.0,30,0,0,1555,7,187.0,20000000.0,18000000.0,-2000000.0,20.0,18.0,-2.0
1194,2,671,11,27,57,2023,Michael Olise,Right Winger,France,Crystal Palace,22,23,2.0,0.0,1.0,19,6,1,1276,10,184.0,50000000.0,55000000.0,5000000.0,50.0,55.0,5.0
1195,2,484,4,30,57,2023,Jordan Ayew,Centre-Forward,Ghana,Crystal Palace,32,33,2.0,0.0,1.0,35,7,0,2544,4,182.0,4000000.0,4000000.0,0.0,4.0,4.0,0.0
1196,2,438,7,30,57,2023,Jeffrey Schlupp,Left Midfield,Ghana,Crystal Palace,31,32,2.0,0.0,1.0,29,2,0,1351,2,178.0,7000000.0,7000000.0,0.0,7.0,7.0,0.0
1197,2,158,3,71,57,2023,Chris Richards,Centre-Back,United States,Crystal Palace,24,24,2.0,0.0,1.0,26,1,0,2094,1,188.0,8000000.0,12000000.0,4000000.0,8.0,12.0,4.0
1198,2,44,5,8,66,2023,Amadou Onana,Defensive Midfield,Belgium,Everton FC,22,23,-5.0,0.0,-1.0,30,0,0,2091,2,195.0,50000000.0,50000000.0,0.0,50.0,50.0,0.0
1199,2,669,3,25,66,2023,Michael Keane,Centre-Back,England,Everton FC,31,32,-5.0,0.0,-1.0,9,0,0,439,1,188.0,7000000.0,6000000.0,-1000000.0,7.0,6.0,-1.0
1200,2,396,11,25,66,2023,Jack Harrison,Right Winger,England,Everton FC,27,28,-5.0,0.0,-1.0,29,3,0,2214,3,175.0,22000000.0,18000000.0,-4000000.0,22.0,18.0,-4.0
1201,2,233,4,25,66,2023,Dominic Calvert-Lewin,Centre-Forward,England,Everton FC,27,27,-5.0,0.0,-1.0,32,2,2,217,7,189.0,22000000.0,22000000.0,0.0,22.0,22.0,0.0
1202,2,242,1,25,66,2023,Dwight McNeil,Attacking Midfield,England,Everton FC,24,25,-5.0,0.0,-1.0,35,6,0,2892,3,183.0,20000000.0,22000000.0,2000000.0,20.0,22.0,2.0
1203,2,427,3,25,66,2023,Jarrad Branthwaite,Centre-Back,England,Everton FC,21,22,-5.0,0.0,-1.0,35,0,0,3116,3,195.0,18000000.0,42000000.0,24000000.0,18.0,42.0,24.0
1204,2,560,8,25,66,2023,Lewis Dobbin,Left Winger,England,Everton FC,21,22,-5.0,0.0,-1.0,12,0,0,232,1,175.0,1000000.0,2500000.0,1500000.0,1.0,2.5,1.5
1205,2,411,5,25,66,2023,James Garner,Defensive Midfield,England,Everton FC,23,23,-5.0,0.0,-1.0,37,2,0,3004,1,182.0,16000000.0,22000000.0,6000000.0,16.0,22.0,6.0
1206,2,417,3,25,66,2023,James Tarkowski,Centre-Back,England,Everton FC,31,32,-5.0,0.0,-1.0,38,1,0,3419,1,185.0,13000000.0,13000000.0,0.0,13.0,13.0,0.0
1207,2,112,4,34,66,2023,Beto,Centre-Forward,Guinea-Bissau,Everton FC,26,26,-5.0,0.0,-1.0,30,0,0,952,3,194.0,22000000.0,20000000.0,-2000000.0,22.0,20.0,-2.0
1208,2,8,2,45,66,2023,Abdoulaye Doucoure,Central Midfield,Mali,Everton FC,31,32,-5.0,0.0,-1.0,32,2,0,2628,7,183.0,12000000.0,10000000.0,-2000000.0,12.0,10.0,-2.0
1209,2,81,8,48,66,2023,Arnaut Danjuma,Left Winger,Netherlands,Everton FC,27,27,-5.0,0.0,-1.0,14,0,0,595,1,178.0,20000000.0,13000000.0,-7000000.0,20.0,13.0,-7.0
1210,2,51,2,56,66,2023,Andre Gomes,Central Midfield,Portugal,Everton FC,30,31,-5.0,0.0,-1.0,12,0,0,509,1,190.0,12000000.0,10000000.0,-2000000.0,12.0,10.0,-2.0
1211,2,376,2,59,66,2023,Idrissa Gueye,Central Midfield,Senegal,Everton FC,34,35,-5.0,0.0,-1.0,25,0,0,1884,4,174.0,4000000.0,3000000.0,-1000000.0,4.0,3.0,-1.0
1212,2,949,9,70,66,2023,Vitaliy Mykolenko,Left-Back,Ukraine,Everton FC,24,25,-5.0,0.0,-1.0,28,0,0,2469,2,180.0,28000000.0,28000000.0,0.0,28.0,28.0,0.0
1213,2,78,4,1,79,2023,Armando Broja,Centre-Forward,Albania,For 2 Clubs,22,23,,,,21,2,0,542,1,191.0,28000000.0,22000000.0,-6000000.0,28.0,22.0,-6.0
1214,2,171,1,25,79,2023,Cole Palmer,Attacking Midfield,England,For 2 Clubs,22,22,,,,34,11,9,2618,22,185.0,18000000.0,80000000.0,62000000.0,18.0,80.0,62.0
1215,2,414,1,25,79,2023,James McAtee,Attacking Midfield,England,For 2 Clubs,21,22,,,,31,3,1,1823,3,180.0,12000000.0,12000000.0,0.0,12.0,12.0,0.0
1216,2,138,4,25,79,2023,Cameron Archer,Centre-Forward,England,For 2 Clubs,22,23,,,,30,1,0,1838,4,175.0,18000000.0,13000000.0,-5000000.0,18.0,13.0,-5.0
1217,2,715,4,27,79,2023,Neal Maupay,Centre-Forward,France,For 2 Clubs,27,28,,,,31,3,0,1432,6,171.0,10000000.0,12000000.0,2000000.0,10.0,12.0,2.0
1218,2,28,8,50,79,2023,Alex Iwobi,Left Winger,Nigeria,For 2 Clubs,28,28,,,,32,2,0,2332,5,183.0,28000000.0,25000000.0,-3000000.0,28.0,25.0,-3.0
1219,2,123,11,74,79,2023,Brennan Johnson,Right Winger,Wales,For 2 Clubs,22,23,,,,35,10,0,2322,5,186.0,48000000.0,48000000.0,0.0,48.0,48.0,0.0
1220,2,916,12,8,81,2023,Timothy Castagne,Right-Back,Belgium,Fulham FC,28,29,0.0,0.0,0.0,34,3,0,2634,1,185.0,17000000.0,17000000.0,0.0,17.0,17.0,0.0
1221,2,965,8,10,81,2023,Willian,Left Winger,Brazil,Fulham FC,35,36,0.0,0.0,0.0,31,2,2,2052,4,175.0,3000000.0,3000000.0,0.0,3.0,3.0,0.0
1222,2,141,4,10,81,2023,Carlos Vinicius,Centre-Forward,Brazil,Fulham FC,28,29,0.0,0.0,0.0,13,0,0,315,2,190.0,6000000.0,4000000.0,-2000000.0,6.0,4.0,-2.0
1223,2,54,1,10,81,2023,Andreas Pereira,Attacking Midfield,Brazil,Fulham FC,28,29,0.0,0.0,0.0,37,7,0,2614,3,178.0,20000000.0,20000000.0,0.0,20.0,20.0,0.0
1224,2,814,4,10,81,2023,Rodrigo Muniz,Centre-Forward,Brazil,Fulham FC,23,23,0.0,0.0,0.0,26,1,0,1594,9,186.0,5000000.0,20000000.0,15000000.0,5.0,20.0,15.0
1225,2,926,3,25,81,2023,Tosin Adarabioyo,Centre-Back,England,Fulham FC,26,27,0.0,0.0,0.0,20,0,0,1617,2,197.0,12000000.0,20000000.0,8000000.0,12.0,20.0,8.0
1226,2,115,11,41,81,2023,Bobby De Cordova-Reid,Right Winger,Jamaica,Fulham FC,31,31,0.0,0.0,0.0,33,2,0,1424,6,170.0,6000000.0,5000000.0,-1000000.0,6.0,5.0,-1.0
1227,2,781,4,46,81,2023,Rael Jimenez,Centre-Forward,Mexico,Fulham FC,33,33,0.0,0.0,0.0,24,0,0,1395,7,187.0,6000000.0,5000000.0,-1000000.0,6.0,5.0,-1.0
1228,2,533,12,48,81,2023,Kenny Tete,Right-Back,Netherlands,Fulham FC,28,29,0.0,0.0,0.0,14,0,0,867,1,180.0,15000000.0,15000000.0,0.0,15.0,15.0,0.0
1229,2,137,3,50,81,2023,Calvin Bassey,Centre-Back,Nigeria,Fulham FC,24,25,0.0,0.0,0.0,29,0,0,2303,1,185.0,16000000.0,16000000.0,0.0,16.0,16.0,0.0
1230,2,455,5,56,81,2023,Joao Palhinha,Defensive Midfield,Portugal,Fulham FC,28,29,0.0,0.0,0.0,33,1,0,2698,4,190.0,55000000.0,55000000.0,0.0,55.0,55.0,0.0
1231,2,920,2,58,81,2023,Tom Cairney,Central Midfield,Scotland,Fulham FC,33,34,0.0,0.0,0.0,34,4,0,1488,1,185.0,2000000.0,2000000.0,0.0,2.0,2.0,0.0
1232,2,856,2,60,81,2023,Sasa Lukic,Central Midfield,Serbia,Fulham FC,27,28,0.0,0.0,0.0,24,0,0,1121,1,182.0,10000000.0,10000000.0,0.0,10.0,10.0,0.0
1233,2,16,11,63,81,2023,Adama Traore,Right Winger,Spain,Fulham FC,28,29,0.0,0.0,0.0,17,3,0,377,2,178.0,9000000.0,9000000.0,0.0,9.0,9.0,0.0
1234,2,914,3,71,81,2023,Tim Ream,Centre-Back,United States,Fulham FC,36,37,0.0,0.0,0.0,18,0,0,1505,1,186.0,1000000.0,800000.0,-200000.0,1.0,0.8,-0.2
1235,2,362,11,74,81,2023,Harry Wilson,Right Winger,Wales,Fulham FC,27,27,0.0,0.0,0.0,35,6,0,1619,4,173.0,17000000.0,17000000.0,0.0,17.0,17.0,0.0
1236,2,35,2,4,112,2023,Alexis Mac Allister,Central Midfield,Argentina,Liverpool FC,25,26,2.0,0.0,1.0,33,5,1,2602,5,176.0,65000000.0,75000000.0,10000000.0,65.0,75.0,10.0
1237,2,582,8,15,112,2023,Luis Diaz,Left Winger,Colombia,Liverpool FC,27,28,2.0,0.0,1.0,37,5,0,2629,8,180.0,75000000.0,75000000.0,0.0,75.0,75.0,0.0
1238,2,686,11,24,112,2023,Mohamed Salah,Right Winger,Egypt,Liverpool FC,31,32,2.0,0.0,1.0,32,10,5,2534,18,175.0,65000000.0,55000000.0,-10000000.0,65.0,55.0,-10.0
1239,2,426,3,25,112,2023,Jarell Quansah,Centre-Back,England,Liverpool FC,21,22,2.0,0.0,1.0,17,0,0,119,2,190.0,2000000.0,22000000.0,20000000.0,2.0,22.0,20.0
1240,2,928,12,25,112,2023,Trent Alexander-Arnold,Right-Back,England,Liverpool FC,25,26,2.0,0.0,1.0,28,4,0,2156,3,175.0,70000000.0,70000000.0,0.0,70.0,70.0,0.0
1241,2,364,2,25,112,2023,Harvey Elliott,Central Midfield,England,Liverpool FC,21,21,2.0,0.0,1.0,34,6,0,1351,3,170.0,30000000.0,35000000.0,5000000.0,30.0,35.0,5.0
1242,2,185,2,25,112,2023,Curtis Jones,Central Midfield,England,Liverpool FC,23,24,2.0,0.0,1.0,23,1,0,1166,1,185.0,25000000.0,35000000.0,10000000.0,25.0,35.0,10.0
1243,2,235,2,35,112,2023,Dominik Szoboszlai,Central Midfield,Hungary,Liverpool FC,23,24,2.0,0.0,1.0,33,2,0,2104,3,187.0,70000000.0,75000000.0,5000000.0,70.0,75.0,5.0
1244,2,956,5,42,112,2023,Wataru Endo,Defensive Midfield,Japan,Liverpool FC,31,31,2.0,0.0,1.0,29,0,0,1722,1,178.0,13000000.0,13000000.0,0.0,13.0,13.0,0.0
1245,2,948,3,48,112,2023,Virgil van Dijk,Centre-Back,Netherlands,Liverpool FC,32,33,2.0,0.0,1.0,36,2,0,3178,2,195.0,32000000.0,30000000.0,-2000000.0,32.0,30.0,-2.0
1246,2,834,5,48,112,2023,Ryan Gravenberch,Defensive Midfield,Netherlands,Liverpool FC,22,22,2.0,0.0,1.0,26,0,0,1121,1,190.0,35000000.0,35000000.0,0.0,35.0,35.0,0.0
1247,2,170,8,48,112,2023,Cody Gakpo,Left Winger,Netherlands,Liverpool FC,25,25,2.0,0.0,1.0,35,5,0,165,8,193.0,50000000.0,55000000.0,5000000.0,50.0,55.0,5.0
1248,2,174,12,52,112,2023,Conor Bradley,Right-Back,Northern Ireland,Liverpool FC,20,21,2.0,0.0,1.0,11,3,0,753,1,181.0,2000000.0,15000000.0,13000000.0,2.0,15.0,13.0
1249,2,229,4,56,112,2023,Diogo Jota,Centre-Forward,Portugal,Liverpool FC,27,28,2.0,0.0,1.0,21,3,0,1146,10,178.0,50000000.0,50000000.0,0.0,50.0,50.0,0.0
1250,2,58,9,58,112,2023,Andrew Robertson,Left-Back,Scotland,Liverpool FC,30,30,2.0,0.0,1.0,23,2,0,1693,3,178.0,35000000.0,30000000.0,-5000000.0,35.0,30.0,-5.0
1251,2,201,4,72,112,2023,Darwin Nenez,Centre-Forward,Uruguay,Liverpool FC,24,25,2.0,0.0,1.0,36,8,0,2047,11,187.0,65000000.0,70000000.0,5000000.0,65.0,70.0,5.0
1252,2,22,2,8,116,2023,Albert Sambi Lokonga,Central Midfield,Belgium,Luton Town,24,25,2.0,1.0,1.0,17,3,0,1304,1,183.0,12000000.0,15000000.0,3000000.0,12.0,15.0,3.0
1253,2,596,3,21,116,2023,Mads Andersen,Centre-Back,Denmark,Luton Town,26,27,2.0,1.0,1.0,8,0,0,400,1,194.0,3000000.0,3000000.0,0.0,3.0,3.0,0.0
1254,2,590,2,25,116,2023,Luke Berry,Central Midfield,England,Luton Town,31,32,2.0,1.0,1.0,17,1,0,323,2,177.0,400000.0,400000.0,0.0,0.4,0.4,0.0
1255,2,825,2,25,116,2023,Ross Barkley,Central Midfield,England,Luton Town,30,31,2.0,1.0,1.0,32,4,0,2618,5,189.0,4500000.0,8000000.0,3500000.0,4.5,8.0,3.5
1256,2,37,7,25,116,2023,Alfie Doughty,Left Midfield,England,Luton Town,24,25,2.0,1.0,1.0,37,8,0,2925,2,183.0,4500000.0,10000000.0,5500000.0,4.5,10.0,5.5
1257,2,901,3,25,116,2023,Teden Mengi,Centre-Back,England,Luton Town,22,22,2.0,1.0,1.0,30,0,0,2469,1,186.0,7000000.0,12000000.0,5000000.0,7.0,12.0,5.0
1258,2,485,2,25,116,2023,Jordan Clark,Central Midfield,England,Luton Town,30,31,2.0,1.0,1.0,23,1,0,1304,1,183.0,1000000.0,1000000.0,0.0,1.0,1.0,0.0
1259,2,145,4,25,116,2023,Cauley Woodrow,Centre-Forward,England,Luton Town,29,30,2.0,1.0,1.0,24,1,0,426,1,184.0,1000000.0,1000000.0,0.0,1.0,1.0,0.0
1260,2,61,11,25,116,2023,Andros Townsend,Right Winger,England,Luton Town,32,33,2.0,1.0,1.0,27,3,0,1209,1,181.0,1800000.0,1800000.0,0.0,1.8,1.8,0.0
1261,2,142,4,25,116,2023,Carlton Morris,Centre-Forward,England,Luton Town,28,29,2.0,1.0,1.0,38,4,5,2864,11,185.0,10000000.0,13000000.0,3000000.0,10.0,13.0,3.0
1262,2,251,4,25,116,2023,Elijah Adebayo,Centre-Forward,England,Luton Town,26,27,2.0,1.0,1.0,27,0,0,1416,10,193.0,7000000.0,12000000.0,5000000.0,7.0,12.0,5.0
1263,2,155,11,38,116,2023,Chiedozie Ogbene,Right Winger,Ireland,Luton Town,27,27,2.0,1.0,1.0,30,1,0,1995,4,181.0,3000000.0,8000000.0,5000000.0,3.0,8.0,5.0
1264,2,893,11,48,116,2023,Tahith Chong,Right Winger,Netherlands,Luton Town,24,25,2.0,1.0,1.0,33,0,0,1985,4,185.0,4500000.0,6000000.0,1500000.0,4.5,6.0,1.5
1265,2,317,3,50,116,2023,Gabriel Osho,Centre-Back,Nigeria,Luton Town,25,26,2.0,1.0,1.0,21,0,0,1846,2,185.0,1000000.0,3000000.0,2000000.0,1.0,3.0,2.0
1266,2,400,4,58,116,2023,Jacob Brown,Centre-Forward,Scotland,Luton Town,25,26,2.0,1.0,1.0,19,0,0,1019,2,178.0,4000000.0,4000000.0,0.0,4.0,4.0,0.0
1267,2,923,3,74,116,2023,Tom Lockyer,Centre-Back,Wales,Luton Town,29,30,2.0,1.0,1.0,14,1,0,1169,1,185.0,3500000.0,2500000.0,-1000000.0,3.5,2.5,-1.0
1268,2,503,4,4,118,2023,Julian Alvarez,Centre-Forward,Argentina,Manchester City,24,24,1.0,0.0,1.0,36,9,2,2647,11,170.0,80000000.0,90000000.0,10000000.0,80.0,90.0,10.0
1269,2,536,1,8,118,2023,Kevin De Bruyne,Attacking Midfield,Belgium,Manchester City,32,33,1.0,0.0,1.0,18,10,0,1221,4,181.0,60000000.0,50000000.0,-10000000.0,60.0,50.0,-10.0
1270,2,439,8,8,118,2023,Jeremy Doku,Left Winger,Belgium,Manchester City,21,22,1.0,0.0,1.0,29,7,0,1595,3,173.0,60000000.0,65000000.0,5000000.0,60.0,65.0,5.0
1271,2,496,9,17,118,2023,Josko Gvardiol,Left-Back,Croatia,Manchester City,22,23,1.0,0.0,1.0,28,1,0,2328,4,185.0,80000000.0,75000000.0,-5000000.0,80.0,75.0,-5.0
1272,2,633,2,17,118,2023,Mateo Kovacic,Central Midfield,Croatia,Manchester City,30,30,1.0,0.0,1.0,30,0,0,1551,1,177.0,38000000.0,30000000.0,-8000000.0,38.0,30.0,-8.0
1273,2,774,11,25,118,2023,Phil Foden,Right Winger,England,Manchester City,23,24,1.0,0.0,1.0,35,8,0,2858,19,171.0,110000000.0,150000000.0,40000000.0,110.0,150.0,40.0
1274,2,801,12,25,118,2023,Rico Lewis,Right-Back,England,Manchester City,19,20,1.0,0.0,1.0,16,0,0,809,2,169.0,38000000.0,38000000.0,0.0,38.0,38.0,0.0
1275,2,395,8,25,118,2023,Jack Grealish,Left Winger,England,Manchester City,28,29,1.0,0.0,1.0,20,1,0,1008,3,180.0,70000000.0,60000000.0,-10000000.0,70.0,60.0,-10.0
1276,2,475,3,25,118,2023,John Stones,Centre-Back,England,Manchester City,29,30,1.0,0.0,1.0,16,0,0,1064,1,188.0,38000000.0,38000000.0,0.0,38.0,38.0,0.0
1277,2,709,3,48,118,2023,Nathan Ake,Centre-Back,Netherlands,Manchester City,29,29,1.0,0.0,1.0,29,2,0,2042,2,180.0,40000000.0,40000000.0,0.0,40.0,40.0,0.0
1278,2,270,4,53,118,2023,Erling Haaland,Centre-Forward,Norway,Manchester City,23,24,1.0,0.0,1.0,31,4,7,2552,27,195.0,180000000.0,180000000.0,0.0,180.0,180.0,0.0
1279,2,748,11,53,118,2023,Oscar Bobb,Right Winger,Norway,Manchester City,20,21,1.0,0.0,1.0,14,1,0,302,1,175.0,10000000.0,25000000.0,15000000.0,10.0,25.0,15.0
1280,2,109,1,56,118,2023,Bernardo Silva,Attacking Midfield,Portugal,Manchester City,29,30,1.0,0.0,1.0,33,9,0,2578,6,173.0,80000000.0,70000000.0,-10000000.0,80.0,70.0,-10.0
1281,2,811,5,63,118,2023,Rodri,Defensive Midfield,Spain,Manchester City,27,28,1.0,0.0,1.0,34,9,0,2932,8,191.0,100000000.0,130000000.0,30000000.0,100.0,130.0,30.0
1282,2,604,3,65,118,2023,Manuel Akanji,Centre-Back,Switzerland,Manchester City,28,29,1.0,0.0,1.0,30,0,0,2512,2,188.0,42000000.0,45000000.0,3000000.0,42.0,45.0,3.0
1283,2,23,8,4,119,2023,Alejandro Garnacho,Left Winger,Argentina,Manchester United,19,20,-7.0,0.0,-1.0,36,4,0,2565,7,180.0,30000000.0,45000000.0,15000000.0,30.0,45.0,15.0
1284,2,144,5,10,119,2023,Casemiro,Defensive Midfield,Brazil,Manchester United,32,32,-7.0,0.0,-1.0,25,2,0,1982,1,185.0,30000000.0,20000000.0,-10000000.0,30.0,20.0,-10.0
1285,2,75,11,10,119,2023,Antony,Right Winger,Brazil,Manchester United,24,24,-7.0,0.0,-1.0,29,1,0,1324,1,172.0,50000000.0,25000000.0,-25000000.0,50.0,25.0,-25.0
1286,2,43,11,16,119,2023,Amad Diallo,Right Winger,Cote dIvoire,Manchester United,21,22,-7.0,0.0,-1.0,9,1,0,390,1,173.0,18000000.0,18000000.0,0.0,18.0,18.0,0.0
1287,2,161,2,21,119,2023,Christian Eriksen,Central Midfield,Denmark,Manchester United,32,32,-7.0,0.0,-1.0,22,2,0,1141,1,182.0,18000000.0,8000000.0,-10000000.0,18.0,8.0,-10.0
1288,2,789,4,21,119,2023,Rasmus Hojlund,Centre-Forward,Denmark,Manchester United,21,21,-7.0,0.0,-1.0,30,2,0,2159,10,191.0,65000000.0,65000000.0,0.0,65.0,65.0,0.0
1289,2,629,1,25,119,2023,Mason Mount,Attacking Midfield,England,Manchester United,25,26,-7.0,0.0,-1.0,14,0,0,516,1,181.0,45000000.0,35000000.0,-10000000.0,45.0,35.0,-10.0
1290,2,543,2,25,119,2023,Kobbie Mainoo,Central Midfield,England,Manchester United,19,19,-7.0,0.0,-1.0,24,1,0,1924,3,180.0,6000000.0,55000000.0,49000000.0,6.0,55.0,49.0
1291,2,360,3,25,119,2023,Harry Maguire,Centre-Back,England,Manchester United,31,31,-7.0,0.0,-1.0,22,2,0,1653,2,194.0,20000000.0,18000000.0,-2000000.0,20.0,18.0,-2.0
1292,2,616,8,25,119,2023,Marcus Rashford,Left Winger,England,Manchester United,26,27,-7.0,0.0,-1.0,33,2,2,2271,7,185.0,75000000.0,60000000.0,-15000000.0,75.0,60.0,-15.0
1293,2,787,3,27,119,2023,Raphael Varane,Centre-Back,France,Manchester United,31,31,-7.0,0.0,-1.0,22,0,0,1375,1,191.0,25000000.0,20000000.0,-5000000.0,25.0,20.0,-5.0
1294,2,70,4,27,119,2023,Anthony Martial,Centre-Forward,France,Manchester United,28,29,-7.0,0.0,-1.0,13,0,0,447,1,181.0,15000000.0,10000000.0,-5000000.0,15.0,10.0,-5.0
1295,2,228,12,56,119,2023,Diogo Dalot,Right-Back,Portugal,Manchester United,25,25,-7.0,0.0,-1.0,36,3,0,3175,2,183.0,35000000.0,35000000.0,0.0,35.0,35.0,0.0
1296,2,126,1,56,119,2023,Bruno Fernandes,Attacking Midfield,Portugal,Manchester United,29,30,-7.0,0.0,-1.0,35,8,4,3118,10,179.0,70000000.0,70000000.0,0.0,70.0,70.0,0.0
1297,2,859,2,58,119,2023,Scott McTominay,Central Midfield,Scotland,Manchester United,27,28,-7.0,0.0,-1.0,32,1,0,1901,7,191.0,28000000.0,32000000.0,4000000.0,28.0,32.0,4.0
1298,2,942,3,64,119,2023,Victor Lindelof,Centre-Back,Sweden,Manchester United,29,30,-7.0,0.0,-1.0,19,1,0,1328,1,187.0,18000000.0,15000000.0,-3000000.0,18.0,15.0,-3.0
1299,2,357,1,67,119,2023,Hannibal,Attacking Midfield,Tunisia,Manchester United,20,22,-7.0,0.0,-1.0,5,0,0,134,1,183.0,12000000.0,9000000.0,-3000000.0,12.0,9.0,-3.0
1300,2,468,2,10,132,2023,Joelinton,Central Midfield,Brazil,Newcastle United,27,28,2.0,0.0,1.0,20,1,0,1279,2,186.0,42000000.0,40000000.0,-2000000.0,42.0,40.0,-2.0
1301,2,127,5,10,132,2023,Bruno Guimaraes,Defensive Midfield,Brazil,Newcastle United,26,27,2.0,0.0,1.0,37,8,0,3263,7,182.0,85000000.0,85000000.0,0.0,85.0,85.0,0.0
1302,2,861,2,25,132,2023,Sean Longstaff,Central Midfield,England,Newcastle United,26,27,2.0,0.0,1.0,35,2,0,2747,6,187.0,25000000.0,25000000.0,0.0,25.0,25.0,0.0
1303,2,541,12,25,132,2023,Kieran Trippier,Right-Back,England,Newcastle United,33,34,2.0,0.0,1.0,28,10,0,2236,1,173.0,11000000.0,10000000.0,-1000000.0,11.0,10.0,-1.0
1304,2,363,8,25,132,2023,Harvey Barnes,Left Winger,England,Newcastle United,26,27,2.0,0.0,1.0,21,3,0,802,5,182.0,35000000.0,35000000.0,0.0,35.0,35.0,0.0
1305,2,402,11,25,132,2023,Jacob Murphy,Right Winger,England,Newcastle United,29,29,2.0,0.0,1.0,21,7,0,1189,3,179.0,15000000.0,15000000.0,0.0,15.0,15.0,0.0
1306,2,188,3,25,132,2023,Dan Burn,Centre-Back,England,Newcastle United,32,32,2.0,0.0,1.0,33,2,0,2726,2,201.0,10000000.0,8000000.0,-2000000.0,10.0,8.0,-2.0
1307,2,463,2,25,132,2023,Joe Willock,Central Midfield,England,Newcastle United,24,25,2.0,0.0,1.0,9,0,0,418,1,186.0,35000000.0,30000000.0,-5000000.0,35.0,30.0,-5.0
1308,2,562,9,25,132,2023,Lewis Hall,Left-Back,England,Newcastle United,19,20,2.0,0.0,1.0,18,0,0,781,1,179.0,18000000.0,18000000.0,0.0,18.0,18.0,0.0
1309,2,917,12,25,132,2023,Tino Livramento,Right-Back,England,Newcastle United,21,22,2.0,0.0,1.0,26,0,0,1313,1,182.0,30000000.0,35000000.0,5000000.0,30.0,35.0,5.0
1310,2,563,2,25,132,2023,Lewis Miley,Central Midfield,England,Newcastle United,17,18,2.0,0.0,1.0,17,3,0,1203,1,189.0,2500000.0,22000000.0,19500000.0,2.5,22.0,19.5
1311,2,409,3,25,132,2023,Jamaal Lascelles,Centre-Back,England,Newcastle United,30,31,2.0,0.0,1.0,16,0,0,108,1,188.0,7000000.0,7000000.0,0.0,7.0,7.0,0.0
1312,2,69,8,25,132,2023,Anthony Gordon,Left Winger,England,Newcastle United,23,23,2.0,0.0,1.0,35,10,1,2891,11,183.0,38000000.0,60000000.0,22000000.0,38.0,60.0,22.0
1313,2,135,4,25,132,2023,Callum Wilson,Centre-Forward,England,Newcastle United,32,32,2.0,0.0,1.0,20,1,2,991,9,180.0,13000000.0,13000000.0,0.0,13.0,13.0,0.0
1314,2,851,2,40,132,2023,Sandro Tonali,Central Midfield,Italy,Newcastle United,23,24,2.0,0.0,1.0,8,0,0,439,1,181.0,60000000.0,38000000.0,-22000000.0,60.0,38.0,-22.0
1315,2,891,3,48,132,2023,Sven Botman,Centre-Back,Netherlands,Newcastle United,24,25,2.0,0.0,1.0,17,2,0,1377,2,195.0,45000000.0,45000000.0,0.0,45.0,45.0,0.0
1316,2,677,11,54,132,2023,Miguel Almiron,Right Winger,Paraguay,Newcastle United,30,30,2.0,0.0,1.0,33,1,0,1938,3,174.0,30000000.0,20000000.0,-10000000.0,30.0,20.0,-10.0
1317,2,648,10,58,132,2023,Matt Ritchie,Right Midfield,Scotland,Newcastle United,34,35,2.0,0.0,1.0,13,0,0,128,1,173.0,1000000.0,1000000.0,0.0,1.0,1.0,0.0
1318,2,31,4,64,132,2023,Alexander Isak,Centre-Forward,Sweden,Newcastle United,24,25,2.0,0.0,1.0,30,2,5,2255,21,192.0,70000000.0,75000000.0,5000000.0,70.0,75.0,5.0
1319,2,282,3,65,132,2023,Fabian Schar,Centre-Back,Switzerland,Newcastle United,32,33,2.0,0.0,1.0,36,1,0,3054,4,186.0,10000000.0,10000000.0,0.0,10.0,10.0,0.0
1320,2,721,2,4,136,2023,Nicolas Dominguez,Central Midfield,Argentina,Nottingham Forest,25,26,-6.0,0.0,-1.0,26,2,0,1495,2,179.0,17000000.0,17000000.0,0.0,17.0,17.0,0.0
1321,2,745,5,8,136,2023,Orel Mangala,Defensive Midfield,Belgium,Nottingham Forest,25,26,-6.0,0.0,-1.0,20,0,0,1563,1,178.0,20000000.0,20000000.0,0.0,20.0,20.0,0.0
1322,2,196,5,10,136,2023,Danilo,Defensive Midfield,Brazil,Nottingham Forest,23,23,-6.0,0.0,-1.0,29,2,0,1791,2,177.0,28000000.0,28000000.0,0.0,28.0,28.0,0.0
1323,2,967,3,16,136,2023,Willy Boly,Centre-Back,Cote dIvoire,Nottingham Forest,33,33,-6.0,0.0,-1.0,20,1,0,144,2,195.0,2500000.0,2500000.0,0.0,2.5,2.5,0.0
1324,2,691,1,25,136,2023,Morgan Gibbs-White,Attacking Midfield,England,Nottingham Forest,24,25,-6.0,0.0,-1.0,37,10,1,3155,5,171.0,40000000.0,40000000.0,0.0,40.0,40.0,0.0
1325,2,361,9,25,136,2023,Harry Toffolo,Left-Back,England,Nottingham Forest,28,29,-6.0,0.0,-1.0,23,3,0,1459,1,183.0,5000000.0,5000000.0,0.0,5.0,5.0,0.0
1326,2,836,2,25,136,2023,Ryan Yates,Central Midfield,England,Nottingham Forest,26,27,-6.0,0.0,-1.0,35,1,0,1992,1,190.0,12000000.0,12000000.0,0.0,12.0,12.0,0.0
1327,2,133,8,25,136,2023,Callum Hudson-Odoi,Left Winger,England,Nottingham Forest,23,24,-6.0,0.0,-1.0,29,1,0,1854,8,178.0,12000000.0,18000000.0,6000000.0,12.0,18.0,6.0
1328,2,159,4,49,136,2023,Chris Wood,Centre-Forward,New Zealand,Nottingham Forest,32,33,-6.0,0.0,-1.0,31,1,0,1811,14,191.0,7000000.0,7000000.0,0.0,7.0,7.0,0.0
1329,2,894,4,50,136,2023,Taiwo Awoniyi,Centre-Forward,Nigeria,Nottingham Forest,26,27,-6.0,0.0,-1.0,20,3,0,1042,6,183.0,30000000.0,28000000.0,-2000000.0,30.0,28.0,-2.0
1330,2,734,12,50,136,2023,Ola Aina,Right-Back,Nigeria,Nottingham Forest,27,28,-6.0,0.0,-1.0,22,1,0,1692,1,184.0,5000000.0,12000000.0,7000000.0,5.0,12.0,7.0
1331,2,700,3,59,136,2023,Moussa Niakhate,Centre-Back,Senegal,Nottingham Forest,28,28,-6.0,0.0,-1.0,21,0,0,1461,1,190.0,16000000.0,16000000.0,0.0,16.0,16.0,0.0
1332,2,68,11,64,136,2023,Anthony Elanga,Right Winger,Sweden,Nottingham Forest,22,22,-6.0,0.0,-1.0,36,9,0,2434,5,178.0,18000000.0,22000000.0,4000000.0,18.0,22.0,4.0
1333,2,63,3,9,170,2023,Anel Ahmedhodzic,Centre-Back,Bosnia-Herzegovina,Sheffield United,25,25,-1.0,1.0,-1.0,31,0,0,265,2,190.0,18000000.0,18000000.0,0.0,18.0,18.0,0.0
1334,2,947,5,10,170,2023,Vini Souza,Defensive Midfield,Brazil,Sheffield United,24,25,-1.0,1.0,-1.0,36,0,0,2668,1,187.0,12000000.0,12000000.0,0.0,12.0,12.0,0.0
1335,2,95,4,14,170,2023,Ben Brereton Diaz,Centre-Forward,Chile,Sheffield United,25,25,-1.0,1.0,-1.0,14,1,1,1105,6,185.0,10000000.0,8000000.0,-2000000.0,10.0,8.0,-2.0
1336,2,398,3,25,170,2023,Jack Robinson,Centre-Back,England,Sheffield United,30,31,-1.0,1.0,-1.0,34,1,0,2885,1,180.0,1000000.0,1000000.0,0.0,1.0,1.0,0.0
1337,2,432,12,25,170,2023,Jayden Bogle,Right-Back,England,Sheffield United,23,24,-1.0,1.0,-1.0,34,0,0,2788,3,178.0,3800000.0,3800000.0,0.0,3.8,3.8,0.0
1338,2,350,2,48,170,2023,Gustavo Hamer,Central Midfield,Netherlands,Sheffield United,26,27,-1.0,1.0,-1.0,36,6,0,2909,4,169.0,16000000.0,15000000.0,-1000000.0,16.0,15.0,-1.0
1339,2,738,2,52,170,2023,Oliver Norwood,Central Midfield,Northern Ireland,Sheffield United,33,33,-1.0,1.0,-1.0,27,0,1,144,1,175.0,1500000.0,1000000.0,-500000.0,1.5,1.0,-0.5
1340,2,736,4,58,170,2023,Oli McBurnie,Centre-Forward,Scotland,Sheffield United,27,28,-1.0,1.0,-1.0,21,3,2,1282,6,188.0,4500000.0,4500000.0,0.0,4.5,4.5,0.0
1341,2,180,3,4,188,2023,Cristian Romero,Centre-Back,Argentina,Tottenham Hotspur,26,26,1.0,0.0,1.0,33,0,0,2791,5,185.0,65000000.0,65000000.0,0.0,65.0,65.0,0.0
1342,2,340,2,4,188,2023,Giovani Lo Celso,Central Midfield,Argentina,Tottenham Hotspur,28,28,1.0,0.0,1.0,22,2,0,506,2,177.0,16000000.0,16000000.0,0.0,16.0,16.0,0.0
1343,2,24,4,4,188,2023,Alejo Veliz,Centre-Forward,Argentina,Tottenham Hotspur,20,21,1.0,0.0,1.0,8,0,0,49,1,186.0,7000000.0,9000000.0,2000000.0,7.0,9.0,2.0
1344,2,256,12,10,188,2023,Emerson Royal,Right-Back,Brazil,Tottenham Hotspur,25,26,1.0,0.0,1.0,22,0,0,1161,1,183.0,18000000.0,18000000.0,0.0,18.0,18.0,0.0
1345,2,799,4,10,188,2023,Richarlison,Centre-Forward,Brazil,Tottenham Hotspur,26,27,1.0,0.0,1.0,28,4,0,1491,11,184.0,40000000.0,38000000.0,-2000000.0,40.0,38.0,-2.0
1346,2,413,1,25,188,2023,James Maddison,Attacking Midfield,England,Tottenham Hotspur,27,28,1.0,0.0,1.0,28,9,0,2134,4,175.0,70000000.0,70000000.0,0.0,70.0,70.0,0.0
1347,2,915,8,29,188,2023,Timo Werner,Left Winger,Germany,Tottenham Hotspur,28,28,1.0,0.0,1.0,13,3,0,810,2,180.0,20000000.0,17000000.0,-3000000.0,20.0,17.0,-3.0
1348,2,223,9,40,188,2023,Destiny Udogie,Left-Back,Italy,Tottenham Hotspur,21,22,1.0,0.0,1.0,28,3,0,2392,2,188.0,38000000.0,45000000.0,7000000.0,38.0,45.0,7.0
1349,2,369,8,43,188,2023,Heung-min Son,Left Winger,"Korea, South",Tottenham Hotspur,31,32,1.0,0.0,1.0,35,10,2,2934,17,184.0,50000000.0,45000000.0,-5000000.0,50.0,45.0,-5.0
1350,2,676,3,48,188,2023,Micky van de Ven,Centre-Back,Netherlands,Tottenham Hotspur,23,23,1.0,0.0,1.0,27,0,0,2339,3,193.0,40000000.0,55000000.0,15000000.0,40.0,55.0,15.0
1351,2,753,2,59,188,2023,Pape Matar Sarr,Central Midfield,Senegal,Tottenham Hotspur,21,22,1.0,0.0,1.0,34,3,0,2069,3,184.0,35000000.0,45000000.0,10000000.0,35.0,45.0,10.0
1352,2,770,12,63,188,2023,Pedro Porro,Right-Back,Spain,Tottenham Hotspur,24,25,1.0,0.0,1.0,35,7,0,3089,3,173.0,45000000.0,45000000.0,0.0,45.0,45.0,0.0
1353,2,215,1,64,188,2023,Dejan Kulusevski,Attacking Midfield,Sweden,Tottenham Hotspur,24,24,1.0,0.0,1.0,36,3,0,2762,8,186.0,55000000.0,55000000.0,0.0,55.0,55.0,0.0
1354,2,813,5,72,188,2023,Rodrigo Bentancur,Defensive Midfield,Uruguay,Tottenham Hotspur,26,27,1.0,0.0,1.0,23,1,0,1005,1,187.0,35000000.0,35000000.0,0.0,35.0,35.0,0.0
1355,2,98,3,74,188,2023,Ben Davies,Centre-Back,Wales,Tottenham Hotspur,31,31,1.0,0.0,1.0,17,0,0,109,1,181.0,15000000.0,10000000.0,-5000000.0,15.0,10.0,-5.0
1356,2,577,1,10,199,2023,Lucas Paqueta,Attacking Midfield,Brazil,West Ham United,26,27,-1.0,0.0,-1.0,31,6,2,2623,4,180.0,65000000.0,65000000.0,0.0,65.0,65.0,0.0
1357,2,661,8,16,199,2023,Maxwel Cornet,Left Winger,Cote dIvoire,West Ham United,27,28,-1.0,0.0,-1.0,7,0,0,112,1,179.0,10000000.0,9000000.0,-1000000.0,10.0,9.0,-1.0
1358,2,925,5,19,199,2023,Tomas Soucek,Defensive Midfield,Czech Republic,West Ham United,29,29,-1.0,0.0,-1.0,37,2,0,287,7,192.0,35000000.0,30000000.0,-5000000.0,35.0,30.0,-5.0
1359,2,428,11,25,199,2023,Jarrod Bowen,Right Winger,England,West Ham United,27,28,-1.0,0.0,-1.0,34,6,0,3019,16,176.0,48000000.0,50000000.0,2000000.0,48.0,50.0,2.0
1360,2,327,1,25,199,2023,George Earthy,Attacking Midfield,England,West Ham United,19,20,-1.0,0.0,-1.0,3,0,0,34,1,180.0,,1000000.0,1000000.0,0.0,1.0,1.0
1361,2,197,4,25,199,2023,Danny Ings,Centre-Forward,England,West Ham United,31,32,-1.0,0.0,-1.0,20,0,0,403,1,177.0,9000000.0,8000000.0,-1000000.0,9.0,8.0,-1.0
1362,2,419,2,25,199,2023,James Ward-Prowse,Central Midfield,England,West Ham United,29,30,-1.0,0.0,-1.0,37,7,2,3001,7,177.0,38000000.0,30000000.0,-8000000.0,38.0,30.0,-8.0
1363,2,549,3,27,199,2023,Kurt Zouma,Centre-Back,France,West Ham United,29,30,-1.0,0.0,-1.0,33,0,0,2838,3,190.0,25000000.0,25000000.0,0.0,25.0,25.0,0.0
1364,2,688,11,30,199,2023,Mohammed Kudus,Right Winger,Ghana,West Ham United,23,24,-1.0,0.0,-1.0,33,6,0,2485,8,177.0,45000000.0,50000000.0,5000000.0,45.0,50.0,5.0
1365,2,545,3,31,199,2023,Konstantinos Mavropanos,Centre-Back,Greece,West Ham United,26,27,-1.0,0.0,-1.0,19,0,0,15,1,194.0,14000000.0,20000000.0,6000000.0,14.0,20.0,6.0
1366,2,255,9,40,199,2023,Emerson,Left-Back,Italy,West Ham United,29,30,-1.0,0.0,-1.0,36,2,0,3137,1,176.0,12000000.0,12000000.0,0.0,12.0,12.0,0.0
1367,2,673,4,41,199,2023,Michail Antonio,Centre-Forward,Jamaica,West Ham United,34,34,-1.0,0.0,-1.0,26,2,0,1695,6,180.0,6000000.0,4000000.0,-2000000.0,6.0,4.0,-2.0
1368,2,248,5,46,199,2023,Edson alvarez,Defensive Midfield,Mexico,West Ham United,26,27,-1.0,0.0,-1.0,31,1,0,2377,1,190.0,35000000.0,35000000.0,0.0,35.0,35.0,0.0
1369,2,714,3,47,199,2023,Nayef Aguerd,Centre-Back,Morocco,West Ham United,28,28,-1.0,0.0,-1.0,21,0,0,1858,1,190.0,38000000.0,35000000.0,-3000000.0,38.0,35.0,-3.0
1370,2,792,9,2,202,2023,Rayan Ait-Nouri,Left-Back,Algeria,Wolverhampton Wanderers,22,23,2.0,0.0,1.0,33,1,0,2329,2,180.0,25000000.0,35000000.0,10000000.0,25.0,35.0,10.0
1371,2,855,4,6,202,2023,Sasa Kalajdzic,Centre-Forward,Austria,Wolverhampton Wanderers,26,27,2.0,0.0,1.0,11,0,0,166,2,200.0,12000000.0,5000000.0,-7000000.0,12.0,5.0,-7.0
1372,2,636,4,10,202,2023,Matheus Cunha,Centre-Forward,Brazil,Wolverhampton Wanderers,24,25,2.0,0.0,1.0,32,7,1,244,12,183.0,28000000.0,45000000.0,17000000.0,28.0,45.0,17.0
1373,2,453,2,10,202,2023,Joao Gomes,Central Midfield,Brazil,Wolverhampton Wanderers,23,23,2.0,0.0,1.0,34,1,0,2648,2,176.0,22000000.0,35000000.0,13000000.0,22.0,35.0,13.0
1374,2,659,3,25,202,2023,Maximilian Kilman,Centre-Back,England,Wolverhampton Wanderers,26,27,2.0,0.0,1.0,38,0,0,342,2,194.0,35000000.0,32000000.0,-3000000.0,35.0,32.0,-3.0
1375,2,178,3,25,202,2023,Craig Dawson,Centre-Back,England,Wolverhampton Wanderers,33,34,2.0,0.0,1.0,25,1,0,2209,1,188.0,2000000.0,2000000.0,0.0,2.0,2.0,0.0
1376,2,435,2,27,202,2023,Jean-Ricner Bellegarde,Central Midfield,France,Wolverhampton Wanderers,25,26,2.0,0.0,1.0,22,1,0,959,2,172.0,15000000.0,15000000.0,0.0,15.0,15.0,0.0
1377,2,619,5,28,202,2023,Mario Lemina,Defensive Midfield,Gabon,Wolverhampton Wanderers,30,31,2.0,0.0,1.0,35,1,0,297,4,184.0,10000000.0,10000000.0,0.0,10.0,10.0,0.0
1378,2,646,12,38,202,2023,Matt Doherty,Right-Back,Ireland,Wolverhampton Wanderers,32,33,2.0,0.0,1.0,30,0,0,115,1,185.0,4000000.0,3000000.0,-1000000.0,4.0,3.0,-1.0
1379,2,367,4,43,202,2023,Hee-chan Hwang,Centre-Forward,"Korea, South",Wolverhampton Wanderers,28,29,2.0,0.0,1.0,29,3,1,2119,12,177.0,18000000.0,25000000.0,7000000.0,18.0,25.0,7.0
1380,2,769,11,56,202,2023,Pedro Neto,Right Winger,Portugal,Wolverhampton Wanderers,24,24,2.0,0.0,1.0,20,9,0,1516,2,174.0,32000000.0,55000000.0,23000000.0,32.0,55.0,23.0
1381,2,927,3,56,202,2023,Toti,Centre-Back,Portugal,Wolverhampton Wanderers,25,26,2.0,0.0,1.0,35,3,0,2772,1,187.0,14000000.0,20000000.0,6000000.0,14.0,20.0,6.0
1382,2,751,11,63,202,2023,Pablo Sarabia,Right Winger,Spain,Wolverhampton Wanderers,32,32,2.0,0.0,1.0,30,7,2,1746,4,174.0,12000000.0,10000000.0,-2000000.0,12.0,10.0,-2.0
1383,2,359,4,25,188,2020,Harry Kane,Centre-Forward,England,Tottenham Hotspur,27,31,,,,35,14,4,3082,23,188.0,120000000.0,120000000.0,0.0,120.0,120.0,0.0
1384,2,422,4,25,108,2020,Jamie Vardy,Centre-Forward,England,Leicester City,34,38,,,,34,9,8,2840,15,179.0,16000000.0,7000000.0,-9000000.0,16.0,7.0,-9.0
1385,2,233,4,25,66,2020,Dominic Calvert-Lewin,Centre-Forward,England,Everton FC,24,27,,,,33,1,0,2871,16,189.0,40000000.0,45000000.0,5000000.0,40.0,45.0,5.0
1386,2,34,4,27,21,2020,Alexandre Lacazette,Centre-Forward,France,Arsenal FC,29,33,,,,31,2,3,1924,13,175.0,42000000.0,28000000.0,-14000000.0,42.0,28.0,-14.0
1387,2,756,4,25,107,2020,Patrick Bamford,Centre-Forward,England,Leeds United,27,31,,,,38,7,2,3050,17,185.0,10000000.0,22000000.0,12000000.0,10.0,22.0,12.0
1388,2,126,1,56,119,2020,Bruno Fernandes,Attacking Midfield,Portugal,Manchester United,26,30,,,,37,11,9,3099,18,179.0,70000000.0,90000000.0,20000000.0,70.0,90.0,20.0
1389,2,686,11,24,112,2020,Mohamed Salah,Right Winger,Egypt,Liverpool FC,28,32,,,,37,5,6,3078,22,175.0,120000000.0,100000000.0,-20000000.0,120.0,100.0,-20.0
1390,2,159,4,49,46,2020,Chris Wood,Centre-Forward,New Zealand,Burnley FC,29,33,,,,33,3,2,2742,12,191.0,12000000.0,8000000.0,-4000000.0,12.0,8.0,-4.0
1391,2,369,8,43,188,2020,Heung-min Son,Left Winger,"Korea, South",Tottenham Hotspur,28,32,,,,37,10,1,3114,17,184.0,75000000.0,85000000.0,10000000.0,75.0,85.0,10.0
1392,2,838,8,59,112,2020,Sadio Mane,Left Winger,Senegal,Liverpool FC,29,32,,,,35,7,0,2810,11,174.0,120000000.0,85000000.0,-35000000.0,120.0,85.0,-35.0
1393,2,990,2,29,118,2020,ilkay Gundogan,Central Midfield,Germany,Manchester City,30,34,,,,28,2,1,2029,13,180.0,40000000.0,40000000.0,0.0,40.0,40.0,0.0
1394,2,616,8,25,119,2020,Marcus Rashford,Left Winger,England,Manchester United,23,27,,,,37,9,0,2916,11,185.0,80000000.0,85000000.0,5000000.0,80.0,85.0,5.0
1395,2,741,4,25,22,2020,Ollie Watkins,Centre-Forward,England,Aston Villa,25,29,,,,37,5,1,3329,14,180.0,30000000.0,32000000.0,2000000.0,30.0,32.0,2.0
1396,2,135,4,25,132,2020,Callum Wilson,Centre-Forward,England,Newcastle United,29,32,,,,26,5,4,2084,12,180.0,20000000.0,22000000.0,2000000.0,20.0,22.0,2.0
1397,2,640,1,10,197,2020,Matheus Pereira,Attacking Midfield,Brazil,West Bromwich Albion,25,28,,,,33,6,4,2578,11,175.0,13000000.0,15000000.0,2000000.0,13.0,15.0,2.0
1398,2,246,4,72,119,2020,Edinson Cavani,Centre-Forward,Uruguay,Manchester United,34,37,,,,26,3,0,1376,10,184.0,12000000.0,6000000.0,-6000000.0,12.0,6.0,-6.0
1399,2,68,11,64,119,2020,Anthony Elanga,Right Winger,Sweden,Manchester United,19,22,,,,2,0,0,155,1,178.0,,800000.0,800000.0,0.0,0.8,0.8
1400,2,197,4,25,174,2020,Danny Ings,Centre-Forward,England,Southampton FC,28,32,,,,29,4,2,2173,12,177.0,20000000.0,22000000.0,2000000.0,20.0,22.0,2.0
1401,2,188,3,25,43,2020,Dan Burn,Centre-Back,England,Brighton & Hove Albion,29,32,,,,27,0,0,2061,1,201.0,5000000.0,5000000.0,0.0,5.0,5.0,0.0
1402,2,449,3,38,46,2020,Jimmy Dunne,Centre-Back,Ireland,Burnley FC,23,27,,,,3,0,0,270,1,191.0,200000.0,600000.0,400000.0,0.2,0.6,0.4
1403,2,925,5,19,199,2020,Tomas Soucek,Defensive Midfield,Czech Republic,West Ham United,26,29,,,,38,1,0,3420,10,192.0,18000000.0,40000000.0,22000000.0,18.0,40.0,22.0
1404,2,755,3,48,107,2020,Pascal Struijk,Centre-Back,Netherlands,Leeds United,21,25,,,,27,0,0,2075,1,190.0,750000.0,9000000.0,8250000.0,0.75,9.0,8.25
1405,2,669,3,25,66,2020,Michael Keane,Centre-Back,England,Everton FC,28,32,,,,35,1,0,2991,3,188.0,28000000.0,25000000.0,-3000000.0,28.0,25.0,-3.0
1406,2,628,3,41,66,2020,Mason Holgate,Centre-Back,Jamaica,Everton FC,24,28,,,,28,0,0,2287,1,187.0,18000000.0,20000000.0,2000000.0,18.0,20.0,2.0
1407,2,825,2,25,79,2020,Ross Barkley,Central Midfield,England,For 2 Clubs,27,31,,,,26,1,0,1573,3,189.0,21500000.0,20000000.0,-1500000.0,21.5,20.0,-1.5
1408,2,486,2,25,112,2020,Jordan Henderson,Central Midfield,England,Liverpool FC,30,34,,,,21,1,0,1704,1,182.0,28000000.0,20000000.0,-8000000.0,28.0,20.0,-8.0
1409,2,550,3,25,197,2020,Kyle Bartley,Centre-Back,England,West Bromwich Albion,30,33,,,,30,1,0,2584,3,194.0,2800000.0,2500000.0,-300000.0,2.8,2.5,-0.3
1410,2,354,11,47,50,2020,Hakim Ziyech,Right Winger,Morocco,Chelsea FC,28,31,,,,23,3,0,1171,2,180.0,40000000.0,38000000.0,-2000000.0,40.0,38.0,-2.0
1411,2,536,1,8,118,2020,Kevin De Bruyne,Attacking Midfield,Belgium,Manchester City,29,33,,,,25,12,2,1997,6,181.0,120000000.0,100000000.0,-20000000.0,120.0,100.0,-20.0
1412,2,360,3,25,119,2020,Harry Maguire,Centre-Back,England,Manchester United,28,31,,,,34,1,0,3047,2,194.0,50000000.0,50000000.0,0.0,50.0,50.0,0.0
1413,2,619,5,28,81,2020,Mario Lemina,Defensive Midfield,Gabon,Fulham FC,27,31,,,,28,0,0,1703,1,184.0,10000000.0,10000000.0,0.0,10.0,10.0,0.0
1414,2,402,11,25,132,2020,Jacob Murphy,Right Winger,England,Newcastle United,26,29,,,,26,3,0,1626,2,179.0,3500000.0,4000000.0,500000.0,3.5,4.0,0.5
1415,2,70,4,27,119,2020,Anthony Martial,Centre-Forward,France,Manchester United,25,29,,,,22,3,0,1481,4,181.0,58000000.0,45000000.0,-13000000.0,58.0,45.0,-13.0
1416,2,438,7,30,57,2020,Jeffrey Schlupp,Left Midfield,Ghana,Crystal Palace,28,32,,,,27,3,0,1428,2,178.0,10000000.0,9000000.0,-1000000.0,10.0,9.0,-1.0
1417,2,712,11,25,174,2020,Nathan Redmond,Right Winger,England,Southampton FC,27,30,,,,29,3,0,1738,2,173.0,18000000.0,18000000.0,0.0,18.0,18.0,0.0
1418,2,279,9,51,107,2020,Ezgjan Alioski,Left-Back,North Macedonia,Leeds United,29,32,,,,36,3,0,2460,2,171.0,3500000.0,5000000.0,1500000.0,3.5,5.0,1.5
1419,2,916,12,8,108,2020,Timothy Castagne,Right-Back,Belgium,Leicester City,25,29,,,,27,3,0,2345,2,185.0,18000000.0,28000000.0,10000000.0,18.0,28.0,10.0
1420,2,5,12,25,119,2020,Aaron Wan-Bissaka,Right-Back,England,Manchester United,23,27,,,,34,4,0,3060,2,183.0,40000000.0,40000000.0,0.0,40.0,40.0,0.0
1421,2,242,1,25,46,2020,Dwight McNeil,Attacking Midfield,England,Burnley FC,21,25,,,,36,5,0,3069,2,183.0,25000000.0,22000000.0,-3000000.0,25.0,22.0,-3.0
1422,2,779,5,21,188,2020,Pierre-Emile Hojbjerg,Defensive Midfield,Denmark,Tottenham Hotspur,25,29,,,,38,4,0,3420,2,185.0,20000000.0,40000000.0,20000000.0,20.0,40.0,20.0
1423,2,451,12,56,118,2020,Joao Cancelo,Right-Back,Portugal,Manchester City,26,30,,,,28,3,0,2300,2,182.0,36000000.0,55000000.0,19000000.0,36.0,55.0,19.0
1424,2,258,1,25,21,2020,Emile Smith Rowe,Attacking Midfield,England,Arsenal FC,20,24,,,,20,4,0,1440,2,182.0,2700000.0,18000000.0,15300000.0,2.7,18.0,15.3
1425,2,492,4,50,81,2020,Josh Maja,Centre-Forward,Nigeria,Fulham FC,22,26,,,,15,0,1,810,3,181.0,6500000.0,5000000.0,-1500000.0,6.5,5.0,-1.5
1426,2,928,12,25,112,2020,Trent Alexander-Arnold,Right-Back,England,Liverpool FC,22,26,,,,36,7,0,3031,2,175.0,110000000.0,75000000.0,-35000000.0,110.0,75.0,-35.0
1427,2,862,4,16,199,2020,Sebastien Haller,Centre-Forward,Cote dIvoire,West Ham United,26,30,,,,16,0,0,937,3,190.0,30000000.0,27000000.0,-3000000.0,30.0,27.0,-3.0
1428,2,896,8,42,79,2020,Takumi Minamino,Left Winger,Japan,For 2 Clubs,26,30,,,,19,0,0,1004,3,172.0,10000000.0,12000000.0,2000000.0,10.0,12.0,2.0
1429,2,86,4,25,46,2020,Ashley Barnes,Centre-Forward,England,Burnley FC,31,35,,,,22,0,1,1331,3,185.0,6500000.0,3500000.0,-3000000.0,6.5,3.5,-3.0
1430,2,113,4,25,170,2020,Billy Sharp,Centre-Forward,England,Sheffield United,35,38,,,,16,0,2,734,3,175.0,1000000.0,500000.0,-500000.0,1.0,0.5,-0.5
1431,2,109,1,56,118,2020,Bernardo Silva,Attacking Midfield,Portugal,Manchester City,26,30,,,,26,6,0,2065,2,173.0,80000000.0,70000000.0,-10000000.0,80.0,70.0,-10.0
1432,2,425,3,21,174,2020,Jannik Vestergaard,Centre-Back,Denmark,Southampton FC,28,32,,,,30,0,0,2575,3,199.0,12000000.0,18000000.0,6000000.0,12.0,18.0,6.0
1433,2,820,3,47,202,2020,Romain Saiss,Centre-Back,Morocco,Wolverhampton Wanderers,31,34,,,,27,0,0,2407,3,188.0,8000000.0,10000000.0,2000000.0,8.0,10.0,2.0
1434,2,487,5,40,50,2020,Jorginho,Defensive Midfield,Italy,Chelsea FC,29,33,,,,28,1,7,2010,7,178.0,50000000.0,45000000.0,-5000000.0,50.0,45.0,-5.0
1435,2,65,3,40,199,2020,Angelo Ogbonna,Centre-Back,Italy,West Ham United,33,36,,,,28,0,0,2492,3,191.0,5000000.0,2500000.0,-2500000.0,5.0,2.5,-2.5
1436,2,389,8,3,81,2020,Ivan Cavaleiro,Left Winger,Angola,Fulham FC,27,31,,,,36,0,1,2472,3,175.0,8000000.0,7000000.0,-1000000.0,8.0,7.0,-1.0
1437,2,178,3,25,199,2020,Craig Dawson,Centre-Back,England,West Ham United,31,34,,,,22,0,0,1926,3,188.0,4000000.0,3000000.0,-1000000.0,4.0,3.0,-1.0
1438,2,8,2,45,66,2020,Abdoulaye Doucoure,Central Midfield,Mali,Everton FC,28,32,,,,29,3,0,2443,2,183.0,25000000.0,25000000.0,0.0,25.0,25.0,0.0
1439,2,297,11,63,118,2020,Ferran Torres,Right Winger,Spain,Manchester City,21,24,,,,24,2,0,1306,7,184.0,45000000.0,50000000.0,5000000.0,45.0,50.0,5.0
1440,2,812,4,63,107,2020,Rodrigo,Centre-Forward,Spain,Leeds United,30,33,,,,26,2,0,1288,7,182.0,30000000.0,18000000.0,-12000000.0,30.0,18.0,-12.0
1441,2,799,4,10,66,2020,Richarlison,Centre-Forward,Brazil,Everton FC,24,27,,,,34,3,1,2862,7,184.0,60000000.0,55000000.0,-5000000.0,60.0,55.0,-5.0
1442,2,627,11,41,119,2020,Mason Greenwood,Right Winger,Jamaica,Manchester United,19,23,,,,31,2,0,1822,7,181.0,45000000.0,50000000.0,5000000.0,45.0,50.0,5.0
1443,2,110,11,11,22,2020,Bertrand Traore,Right Winger,Burkina Faso,Aston Villa,25,29,,,,36,6,0,2317,7,181.0,13000000.0,20000000.0,7000000.0,13.0,20.0,7.0
1444,2,463,2,25,79,2020,Joe Willock,Central Midfield,England,For 2 Clubs,21,25,,,,21,0,0,1216,8,186.0,16000000.0,16000000.0,0.0,16.0,16.0,0.0
1445,2,207,4,38,170,2020,David McGoldrick,Centre-Forward,Ireland,Sheffield United,33,37,,,,35,1,0,2397,8,184.0,2000000.0,1500000.0,-500000.0,2.0,1.5,-0.5
1446,2,193,11,74,119,2020,Daniel James,Right Winger,Wales,Manchester United,23,27,,,,15,1,0,910,3,171.0,19000000.0,18000000.0,-1000000.0,19.0,18.0,-1.0
1447,2,715,4,27,43,2020,Neal Maupay,Centre-Forward,France,Brighton & Hove Albion,24,28,,,,33,2,3,2513,8,171.0,20000000.0,20000000.0,0.0,20.0,20.0,0.0
1448,2,229,4,56,79,2020,Diogo Jota,Centre-Forward,Portugal,For 2 Clubs,24,28,,,,19,0,0,1112,9,178.0,40000000.0,45000000.0,5000000.0,40.0,45.0,5.0
1449,2,428,11,25,199,2020,Jarrod Bowen,Right Winger,England,West Ham United,24,28,,,,38,5,0,2561,8,176.0,25000000.0,30000000.0,5000000.0,25.0,30.0,5.0
1450,2,419,2,25,174,2020,James Ward-Prowse,Central Midfield,England,Southampton FC,26,30,,,,38,7,3,3420,8,177.0,18000000.0,30000000.0,12000000.0,18.0,30.0,12.0
1451,2,413,1,25,108,2020,James Maddison,Attacking Midfield,England,Leicester City,24,28,,,,31,5,0,2099,8,175.0,55000000.0,55000000.0,0.0,55.0,55.0,0.0
1452,2,313,4,10,118,2020,Gabriel Jesus,Centre-Forward,Brazil,Manchester City,24,27,,,,29,4,0,2063,9,175.0,60000000.0,60000000.0,0.0,60.0,60.0,0.0
1453,2,363,8,25,108,2020,Harvey Barnes,Left Winger,England,Leicester City,23,27,,,,25,4,0,1945,9,182.0,22000000.0,35000000.0,13000000.0,22.0,35.0,13.0
1454,2,774,11,25,118,2020,Phil Foden,Right Winger,England,Manchester City,20,24,,,,28,5,0,1616,9,171.0,40000000.0,80000000.0,40000000.0,40.0,80.0,40.0
1455,2,151,4,58,174,2020,Che Adams,Centre-Forward,Scotland,Southampton FC,24,28,,,,36,5,0,2667,9,179.0,12000000.0,20000000.0,8000000.0,12.0,20.0,8.0
1456,2,890,7,52,107,2020,Stuart Dallas,Left Midfield,Northern Ireland,Leeds United,30,33,,,,38,2,0,3409,8,183.0,3000000.0,4000000.0,1000000.0,3.0,4.0,1.0
1457,2,442,1,25,79,2020,Jesse Lingard,Attacking Midfield,England,For 2 Clubs,28,32,,,,16,4,1,1420,9,174.0,14000000.0,22000000.0,8000000.0,14.0,22.0,8.0
1458,2,396,11,25,107,2020,Jack Harrison,Right Winger,England,Leeds United,24,28,,,,36,8,0,2847,8,175.0,7000000.0,15000000.0,8000000.0,7.0,15.0,8.0
1459,2,803,11,2,118,2020,Riyad Mahrez,Right Winger,Algeria,Manchester City,30,33,,,,27,6,0,1949,9,179.0,48000000.0,42000000.0,-6000000.0,48.0,42.0,-6.0
1460,2,76,11,48,22,2020,Anwar El Ghazi,Right Winger,Netherlands,Aston Villa,26,29,,,,28,0,4,1613,10,189.0,8000000.0,13000000.0,5000000.0,8.0,13.0,5.0
1461,2,285,4,56,202,2020,Fabio Silva,Centre-Forward,Portugal,Wolverhampton Wanderers,18,22,,,,32,3,1,1369,4,185.0,12000000.0,25000000.0,13000000.0,12.0,25.0,13.0
1462,2,18,13,50,81,2020,Ademola Lookman,Second Striker,Nigeria,Fulham FC,23,27,,,,34,4,0,2747,4,174.0,10000000.0,11000000.0,1000000.0,10.0,11.0,1.0
1463,2,635,2,55,107,2020,Mateusz Klich,Central Midfield,Poland,Leeds United,30,34,,,,35,5,2,2394,4,183.0,3500000.0,4000000.0,500000.0,3.5,4.0,0.5
1464,2,724,11,16,21,2020,Nicolas Pepe,Right Winger,Cote dIvoire,Arsenal FC,25,29,,,,29,1,1,1617,10,183.0,45000000.0,35000000.0,-10000000.0,45.0,35.0,-10.0
1465,2,515,4,29,50,2020,Kai Havertz,Centre-Forward,Germany,Chelsea FC,21,25,,,,27,3,0,1519,4,193.0,81000000.0,70000000.0,-11000000.0,81.0,70.0,-11.0
1466,2,244,1,25,57,2020,Eberechi Eze,Attacking Midfield,England,Crystal Palace,22,26,,,,34,6,0,2559,4,178.0,18000000.0,20000000.0,2000000.0,18.0,20.0,2.0
1467,2,808,4,10,112,2020,Roberto Firmino,Centre-Forward,Brazil,Liverpool FC,29,33,,,,36,7,0,2838,9,181.0,72000000.0,50000000.0,-22000000.0,72.0,50.0,-22.0
1468,2,115,11,41,81,2020,Bobby De Cordova-Reid,Right Winger,Jamaica,Fulham FC,28,31,,,,33,2,0,2372,5,170.0,8000000.0,10000000.0,2000000.0,8.0,10.0,2.0
1469,2,561,3,25,43,2020,Lewis Dunk,Centre-Back,England,Brighton & Hove Albion,29,33,,,,33,0,0,2933,5,192.0,20000000.0,25000000.0,5000000.0,20.0,25.0,5.0
1470,2,134,4,38,197,2020,Callum Robinson,Centre-Forward,Ireland,West Bromwich Albion,26,29,,,,28,0,0,1560,5,178.0,8000000.0,6000000.0,-2000000.0,8.0,6.0,-2.0
1471,2,549,3,27,50,2020,Kurt Zouma,Centre-Back,France,Chelsea FC,26,30,,,,24,0,0,2029,5,190.0,30000000.0,32000000.0,2000000.0,30.0,32.0,2.0
1472,2,778,4,28,21,2020,Pierre-Emerick Aubameyang,Centre-Forward,Gabon,Arsenal FC,31,35,,,,29,3,2,2333,10,187.0,50000000.0,25000000.0,-25000000.0,50.0,25.0,-25.0
1473,2,750,1,63,199,2020,Pablo Fornals,Attacking Midfield,Spain,West Ham United,25,28,,,,33,4,0,2572,5,178.0,18000000.0,18000000.0,0.0,18.0,18.0,0.0
1474,2,556,8,8,43,2020,Leandro Trossard,Left Winger,Belgium,Brighton & Hove Albion,26,30,,,,35,5,0,2607,5,172.0,15000000.0,17000000.0,2000000.0,15.0,17.0,2.0
1475,2,132,11,25,21,2020,Bukayo Saka,Right Winger,England,Arsenal FC,19,23,,,,32,3,0,2553,5,178.0,35000000.0,65000000.0,30000000.0,35.0,65.0,30.0
1476,2,828,5,56,202,2020,Ruben Neves,Defensive Midfield,Portugal,Wolverhampton Wanderers,24,27,,,,36,1,3,2675,5,180.0,50000000.0,45000000.0,-5000000.0,50.0,45.0,-5.0
1477,2,889,2,58,174,2020,Stuart Armstrong,Central Midfield,Scotland,Southampton FC,29,32,,,,33,5,0,2764,4,183.0,6500000.0,8000000.0,1500000.0,6.5,8.0,1.5
1478,2,416,1,15,66,2020,James Rodriguez,Attacking Midfield,Colombia,Everton FC,29,33,,,,23,4,0,1764,6,180.0,35000000.0,28000000.0,-7000000.0,35.0,28.0,-7.0
1479,2,198,4,25,43,2020,Danny Welbeck,Centre-Forward,England,Brighton & Hove Albion,30,34,,,,24,1,0,1545,6,185.0,,4000000.0,4000000.0,0.0,4.0,4.0
1480,2,160,4,8,57,2020,Christian Benteke,Centre-Forward,Belgium,Crystal Palace,30,34,,,,30,1,0,1817,10,190.0,9000000.0,9000000.0,0.0,9.0,9.0,0.0
1481,2,769,11,56,202,2020,Pedro Neto,Right Winger,Portugal,Wolverhampton Wanderers,21,24,,,,31,6,0,2550,5,174.0,15000000.0,35000000.0,20000000.0,15.0,35.0,20.0
1482,2,897,4,25,50,2020,Tammy Abraham,Centre-Forward,England,Chelsea FC,23,27,,,,22,1,0,1040,6,194.0,40000000.0,38000000.0,-2000000.0,40.0,38.0,-2.0
1483,2,977,2,8,108,2020,Youri Tielemans,Central Midfield,Belgium,Leicester City,24,27,,,,38,4,2,3357,6,177.0,45000000.0,55000000.0,10000000.0,45.0,55.0,10.0
1484,2,352,1,36,66,2020,Gylfi Sigurdsson,Attacking Midfield,Iceland,Everton FC,31,35,,,,36,5,3,2253,6,186.0,18000000.0,13000000.0,-5000000.0,18.0,13.0,-5.0
1485,2,629,1,25,50,2020,Mason Mount,Attacking Midfield,England,Chelsea FC,22,26,,,,36,6,1,2891,6,181.0,45000000.0,75000000.0,30000000.0,45.0,75.0,30.0
1486,2,395,8,25,22,2020,Jack Grealish,Left Winger,England,Aston Villa,25,29,,,,26,10,0,2185,6,180.0,40000000.0,65000000.0,25000000.0,40.0,65.0,25.0
1487,2,915,8,29,50,2020,Timo Werner,Left Winger,Germany,Chelsea FC,25,28,,,,35,8,0,2602,6,180.0,70000000.0,65000000.0,-5000000.0,70.0,65.0,-5.0
1488,2,662,4,59,197,2020,Mbaye Diagne,Centre-Forward,Senegal,West Bromwich Albion,29,33,,,,16,2,0,1188,3,191.0,3200000.0,3000000.0,-200000.0,3.2,3.0,-0.2
1489,2,368,11,3,107,2020,Helder Costa,Right Winger,Angola,Leeds United,27,31,,,,22,3,0,1156,3,179.0,12000000.0,10000000.0,-2000000.0,12.0,10.0,-2.0
1490,2,26,4,60,81,2020,Aleksandar Mitrovic,Centre-Forward,Serbia,Fulham FC,26,30,,,,27,3,1,1402,3,189.0,22000000.0,16000000.0,-6000000.0,22.0,16.0,-6.0
1491,2,788,8,10,107,2020,Raphinha,Left Winger,Brazil,Leeds United,24,28,,,,30,9,0,2360,6,176.0,18000000.0,30000000.0,12000000.0,18.0,30.0,12.0
1492,2,195,11,56,202,2020,Daniel Podence,Right Winger,Portugal,Wolverhampton Wanderers,25,29,,,,24,2,0,1661,3,170.0,17000000.0,25000000.0,8000000.0,17.0,25.0,8.0
1493,2,631,4,19,46,2020,Matej Vydra,Centre-Forward,Czech Republic,Burnley FC,29,32,,,,28,2,0,1370,3,180.0,4000000.0,3000000.0,-1000000.0,4.0,3.0,-1.0
1494,2,898,2,27,188,2020,Tanguy Ndombele,Central Midfield,France,Tottenham Hotspur,24,28,,,,33,2,0,2091,3,181.0,45000000.0,50000000.0,5000000.0,45.0,50.0,5.0
1495,2,765,2,27,119,2020,Paul Pogba,Central Midfield,France,Manchester United,28,31,,,,26,3,0,1897,3,191.0,80000000.0,60000000.0,-20000000.0,80.0,60.0,-20.0
1496,2,575,11,10,188,2020,Lucas Moura,Right Winger,Brazil,Tottenham Hotspur,28,32,,,,30,4,0,1411,3,172.0,25000000.0,25000000.0,0.0,25.0,25.0,0.0
1497,2,906,11,25,79,2020,Theo Walcott,Right Winger,England,For 2 Clubs,32,35,,,,22,3,0,1631,3,175.0,10000000.0,5000000.0,-5000000.0,10.0,5.0,-5.0
1498,2,87,5,25,46,2020,Ashley Westwood,Defensive Midfield,England,Burnley FC,31,34,,,,38,3,0,3410,3,174.0,5500000.0,5000000.0,-500000.0,5.5,5.0,-0.5
1499,2,97,9,25,50,2020,Ben Chilwell,Left-Back,England,Chelsea FC,24,28,,,,27,5,0,2286,3,180.0,50000000.0,45000000.0,-5000000.0,50.0,45.0,-5.0
1500,2,754,2,29,43,2020,Pascal Gross,Central Midfield,Germany,Brighton & Hove Albion,29,33,,,,34,8,3,2484,3,181.0,7000000.0,7000000.0,0.0,7.0,7.0,0.0
1501,2,474,2,58,22,2020,John McGinn,Central Midfield,Scotland,Aston Villa,26,30,,,,37,5,0,3330,3,178.0,16000000.0,30000000.0,14000000.0,16.0,30.0,14.0
1502,2,791,4,46,202,2020,Raul Jimenez,Centre-Forward,Mexico,Wolverhampton Wanderers,29,33,,,,10,0,0,823,4,187.0,40000000.0,28000000.0,-12000000.0,40.0,28.0,-12.0
1503,2,41,8,27,132,2020,Allan Saint-Maximin,Left Winger,France,Newcastle United,24,27,,,,25,4,0,1559,3,173.0,28000000.0,30000000.0,2000000.0,28.0,30.0,2.0
1504,2,475,3,25,118,2020,John Stones,Centre-Back,England,Manchester City,26,30,,,,22,0,0,1934,4,188.0,30000000.0,30000000.0,0.0,30.0,30.0,0.0
1505,2,967,3,16,202,2020,Willy Boly,Centre-Back,Cote dIvoire,Wolverhampton Wanderers,30,33,,,,21,1,0,1879,1,195.0,16000000.0,14000000.0,-2000000.0,16.0,14.0,-2.0
1506,2,164,11,71,50,2020,Christian Pulisic,Right Winger,United States,Chelsea FC,22,26,,,,27,2,0,1739,4,177.0,60000000.0,50000000.0,-10000000.0,60.0,50.0,-10.0
1507,2,468,2,10,132,2020,Joelinton,Central Midfield,Brazil,Newcastle United,24,28,,,,31,2,1,1984,4,186.0,20000000.0,17000000.0,-3000000.0,20.0,17.0,-3.0
1508,2,870,4,4,118,2020,Sergio Aguero,Centre-Forward,Argentina,Manchester City,32,36,,,,12,1,1,559,4,173.0,42000000.0,18000000.0,-24000000.0,42.0,18.0,-24.0
1509,2,746,5,63,174,2020,Oriol Romeu,Defensive Midfield,Spain,Southampton FC,29,33,,,,21,1,0,1763,1,183.0,8000000.0,6000000.0,-2000000.0,8.0,6.0,-2.0
1510,2,677,11,54,132,2020,Miguel Almiron,Right Winger,Paraguay,Newcastle United,27,30,,,,34,1,0,2428,4,174.0,16000000.0,17500000.0,1500000.0,16.0,17.5,1.5
1511,2,859,2,58,119,2020,Scott McTominay,Central Midfield,Scotland,Manchester United,24,28,,,,32,1,0,2129,4,191.0,22500000.0,35000000.0,12500000.0,22.5,35.0,12.5
1512,2,35,2,4,43,2020,Alexis Mac Allister,Central Midfield,Argentina,Brighton & Hove Albion,22,26,,,,21,1,0,1115,1,176.0,11000000.0,10000000.0,-1000000.0,11.0,10.0,-1.0
1513,2,551,12,25,118,2020,Kyle Walker,Right-Back,England,Manchester City,30,34,,,,24,1,0,1946,1,183.0,40000000.0,28000000.0,-12000000.0,40.0,28.0,-12.0
1514,2,13,1,25,43,2020,Adam Lallana,Attacking Midfield,England,Brighton & Hove Albion,33,36,,,,30,1,0,1595,1,172.0,8000000.0,4000000.0,-4000000.0,8.0,4.0,-4.0
1515,2,740,4,27,50,2020,Olivier Giroud,Centre-Forward,France,Chelsea FC,34,38,,,,17,0,0,748,4,192.0,5000000.0,4000000.0,-1000000.0,5.0,4.0,-1.0
1516,2,450,3,21,81,2020,Joachim Andersen,Centre-Back,Denmark,Fulham FC,24,28,,,,31,1,0,2731,1,192.0,13000000.0,22000000.0,9000000.0,13.0,22.0,9.0
1517,2,792,9,2,202,2020,Rayan Ait-Nouri,Left-Back,Algeria,Wolverhampton Wanderers,19,23,,,,21,1,0,1404,1,180.0,20000000.0,18000000.0,-2000000.0,20.0,18.0,-2.0
1518,2,588,5,60,57,2020,Luka Milivojevic,Defensive Midfield,Serbia,Crystal Palace,30,33,,,,31,1,1,2360,1,186.0,16000000.0,8000000.0,-8000000.0,16.0,8.0,-8.0
1519,2,737,11,58,170,2020,Oliver Burke,Right Winger,Scotland,Sheffield United,24,27,,,,25,1,0,1270,1,188.0,5500000.0,6000000.0,500000.0,5.5,6.0,0.5
1520,2,466,12,48,43,2020,Joel Veltman,Right-Back,Netherlands,Brighton & Hove Albion,29,33,,,,28,1,0,2281,1,184.0,5000000.0,6000000.0,1000000.0,5.0,6.0,1.0
1521,2,942,3,64,119,2020,Victor Lindelof,Centre-Back,Sweden,Manchester United,26,30,,,,29,1,0,2585,1,187.0,24000000.0,24000000.0,0.0,24.0,24.0,0.0
1522,2,454,2,56,202,2020,Joao Moutinho,Central Midfield,Portugal,Wolverhampton Wanderers,34,38,,,,33,1,0,2529,1,170.0,5000000.0,4000000.0,-1000000.0,5.0,4.0,-1.0
1523,2,651,12,25,46,2020,Matthew Lowton,Right-Back,England,Burnley FC,31,35,,,,34,1,0,3060,1,180.0,4000000.0,2500000.0,-1500000.0,4.0,2.5,-1.5
1524,2,717,12,56,202,2020,Nelson Semedo,Right-Back,Portugal,Wolverhampton Wanderers,27,31,,,,34,1,0,2983,1,177.0,40000000.0,28000000.0,-12000000.0,40.0,28.0,-12.0
1525,2,280,3,25,22,2020,Ezri Konsa,Centre-Back,England,Aston Villa,23,27,,,,36,0,0,3196,2,183.0,9000000.0,25000000.0,16000000.0,9.0,25.0,16.0
1526,2,407,5,48,57,2020,Jairo Riedewald,Defensive Midfield,Netherlands,Crystal Palace,24,28,,,,33,0,0,1820,2,182.0,4500000.0,8000000.0,3500000.0,4.5,8.0,3.5
1527,2,827,2,25,79,2020,Ruben Loftus-Cheek,Central Midfield,England,For 2 Clubs,25,29,,,,31,0,0,1969,1,191.0,24000000.0,18000000.0,-6000000.0,24.0,18.0,-6.0
1528,2,465,3,12,112,2020,Joel Matip,Centre-Back,Cameroon,Liverpool FC,29,33,,,,10,2,0,691,1,195.0,32000000.0,18000000.0,-14000000.0,32.0,18.0,-14.0
1529,2,502,1,63,119,2020,Juan Mata,Attacking Midfield,Spain,Manchester United,33,36,,,,9,2,1,509,1,170.0,7500000.0,4000000.0,-3500000.0,7.5,4.0,-3.5
1530,2,826,3,56,118,2020,Ruben Dias,Centre-Back,Portugal,Manchester City,24,27,,,,32,0,0,2843,1,187.0,35000000.0,75000000.0,40000000.0,35.0,75.0,40.0
1531,2,104,9,27,118,2020,Benjamin Mendy,Left-Back,France,Manchester City,26,30,,,,13,1,0,953,2,185.0,28000000.0,20000000.0,-8000000.0,28.0,20.0,-8.0
1532,2,316,8,10,21,2020,Gabriel Martinelli,Left Winger,Brazil,Arsenal FC,19,23,,,,14,1,0,589,2,178.0,25000000.0,22000000.0,-3000000.0,25.0,22.0,-3.0
1533,2,981,5,45,43,2020,Yves Bissouma,Defensive Midfield,Mali,Brighton & Hove Albion,24,28,,,,36,0,0,3112,1,182.0,13000000.0,25000000.0,12000000.0,13.0,25.0,12.0
1534,2,555,5,8,202,2020,Leander Dendoncker,Defensive Midfield,Belgium,Wolverhampton Wanderers,26,29,,,,33,0,0,2503,1,188.0,28000000.0,30000000.0,2000000.0,28.0,30.0,2.0
1535,2,331,2,48,112,2020,Georginio Wijnaldum,Central Midfield,Netherlands,Liverpool FC,30,34,,,,38,0,0,2941,2,175.0,40000000.0,30000000.0,-10000000.0,40.0,30.0,-10.0
1536,2,347,5,65,21,2020,Granit Xhaka,Defensive Midfield,Switzerland,Arsenal FC,28,32,,,,31,2,0,2523,1,186.0,28000000.0,22000000.0,-6000000.0,28.0,22.0,-6.0
1537,2,624,1,53,21,2020,Martin odegaard,Attacking Midfield,Norway,Arsenal FC,22,26,,,,14,2,0,866,1,178.0,45000000.0,40000000.0,-5000000.0,45.0,40.0,-5.0
1538,2,423,3,55,174,2020,Jan Bednarek,Centre-Back,Poland,Southampton FC,25,28,,,,36,1,0,3101,1,189.0,15000000.0,25000000.0,10000000.0,15.0,25.0,10.0
1539,2,864,3,50,197,2020,Semi Ajayi,Centre-Back,Nigeria,West Bromwich Albion,27,31,,,,33,0,0,2781,2,193.0,5000000.0,6000000.0,1000000.0,5.0,6.0,1.0
1540,2,888,8,48,188,2020,Steven Bergwijn,Left Winger,Netherlands,Tottenham Hotspur,23,27,,,,21,3,0,1208,1,171.0,28000000.0,22000000.0,-6000000.0,28.0,22.0,-6.0
1541,2,793,12,25,50,2020,Reece James,Right-Back,England,Chelsea FC,21,25,,,,32,2,0,2373,1,180.0,30000000.0,40000000.0,10000000.0,30.0,40.0,10.0
1542,2,185,2,25,112,2020,Curtis Jones,Central Midfield,England,Liverpool FC,20,24,,,,24,2,0,1179,1,185.0,5000000.0,30000000.0,25000000.0,5.0,30.0,25.0
1543,2,149,3,63,50,2020,Cesar Azpilicueta,Centre-Back,Spain,Chelsea FC,31,35,,,,26,2,0,2189,1,178.0,20000000.0,13000000.0,-7000000.0,20.0,13.0,-7.0
1544,2,481,2,25,132,2020,Jonjo Shelvey,Central Midfield,England,Newcastle United,29,32,,,,30,3,0,2617,1,184.0,14500000.0,13000000.0,-1500000.0,14.5,13.0,-1.5
1545,2,417,3,25,46,2020,James Tarkowski,Centre-Back,England,Burnley FC,28,32,,,,36,0,0,3240,1,185.0,28000000.0,25000000.0,-3000000.0,28.0,25.0,-3.0
1546,2,40,6,10,112,2020,Alisson,Goalkeeper,Brazil,Liverpool FC,28,32,,,,33,0,0,2970,1,193.0,80000000.0,60000000.0,-20000000.0,80.0,60.0,-20.0
1547,2,366,12,63,21,2020,Hector Bellerin,Right-Back,Spain,Arsenal FC,26,29,,,,25,2,0,2089,1,178.0,32000000.0,25000000.0,-7000000.0,32.0,25.0,-7.0
1548,2,245,4,25,21,2020,Eddie Nketiah,Centre-Forward,England,Arsenal FC,21,25,,,,17,1,0,422,2,175.0,15000000.0,16000000.0,1000000.0,15.0,16.0,1.0
1549,2,517,5,25,107,2020,Kalvin Phillips,Defensive Midfield,England,Leeds United,25,29,,,,29,2,0,2428,1,179.0,22000000.0,40000000.0,18000000.0,22.0,40.0,18.0
1550,2,431,4,25,46,2020,Jay Rodriguez,Centre-Forward,England,Burnley FC,31,35,,,,31,2,0,1265,1,185.0,6000000.0,4000000.0,-2000000.0,6.0,4.0,-2.0
1551,2,933,4,74,107,2020,Tyler Roberts,Centre-Forward,Wales,Leeds United,22,26,,,,27,2,0,1340,1,180.0,3600000.0,6000000.0,2400000.0,3.6,6.0,2.4
1552,2,598,8,24,22,2020,Mahmoud Trezeguet,Left Winger,Egypt,Aston Villa,26,30,,,,21,1,0,1166,2,180.0,8000000.0,10000000.0,2000000.0,8.0,10.0,2.0
1553,2,540,9,58,21,2020,Kieran Tierney,Left-Back,Scotland,Arsenal FC,23,27,,,,27,3,0,2299,1,180.0,28000000.0,32000000.0,4000000.0,28.0,32.0,4.0
1554,2,175,3,25,202,2020,Conor Coady,Centre-Back,England,Wolverhampton Wanderers,28,31,,,,37,0,0,3303,1,185.0,18000000.0,25000000.0,7000000.0,18.0,25.0,7.0
1555,2,152,5,59,57,2020,Cheikhou Kouyate,Defensive Midfield,Senegal,Crystal Palace,31,35,,,,36,0,0,3121,1,189.0,8000000.0,6000000.0,-2000000.0,8.0,6.0,-2.0
1556,2,1,4,38,43,2020,Aaron Connolly,Centre-Forward,Ireland,Brighton & Hove Albion,21,25,,,,17,1,0,791,2,174.0,7000000.0,7000000.0,0.0,7.0,7.0,0.0
1557,2,675,4,8,57,2020,Michy Batshuayi,Centre-Forward,Belgium,Crystal Palace,27,31,,,,18,1,0,728,2,185.0,14000000.0,10000000.0,-4000000.0,14.0,10.0,-4.0
1558,2,177,2,38,22,2020,Conor Hourihane,Central Midfield,Ireland,Aston Villa,29,33,,,,4,1,0,226,1,181.0,6000000.0,3500000.0,-2500000.0,6.0,3.5,-2.5
1559,2,28,8,50,66,2020,Alex Iwobi,Left Winger,Nigeria,Everton FC,25,28,,,,30,2,0,1542,1,183.0,25500000.0,22000000.0,-3500000.0,25.5,22.0,-3.5
1560,2,920,2,58,81,2020,Tom Cairney,Central Midfield,Scotland,Fulham FC,29,34,,,,10,1,0,759,1,185.0,9000000.0,9000000.0,0.0,9.0,9.0,0.0
1561,2,899,12,30,43,2020,Tariq Lamptey,Right-Back,Ghana,Brighton & Hove Albion,20,24,,,,11,1,0,887,1,163.0,8000000.0,18000000.0,10000000.0,8.0,18.0,10.0
1562,2,882,11,25,43,2020,Solly March,Right Winger,England,Brighton & Hove Albion,26,30,,,,21,1,0,1672,2,180.0,9000000.0,9000000.0,0.0,9.0,9.0,0.0
1563,2,257,12,64,132,2020,Emil Krafth,Right-Back,Sweden,Newcastle United,26,30,,,,16,0,0,1288,1,184.0,4000000.0,3500000.0,-500000.0,4.0,3.5,-0.5
1564,2,960,5,50,108,2020,Wilfred Ndidi,Defensive Midfield,Nigeria,Leicester City,24,28,,,,26,4,0,2176,1,183.0,45000000.0,60000000.0,15000000.0,45.0,60.0,15.0
1565,2,461,9,25,81,2020,Joe Bryan,Left-Back,England,Fulham FC,27,31,,,,16,0,0,669,1,170.0,5500000.0,5000000.0,-500000.0,5.5,5.0,-0.5
1566,2,606,10,25,108,2020,Marc Albrighton,Right Midfield,England,Leicester City,31,35,,,,31,5,0,1746,1,175.0,5000000.0,4000000.0,-1000000.0,5.0,4.0,-1.0
1567,2,436,2,38,132,2020,Jeff Hendrick,Central Midfield,Ireland,Newcastle United,29,32,,,,22,1,0,1423,2,185.0,9000000.0,9000000.0,0.0,9.0,9.0,0.0
1568,2,29,2,25,112,2020,Alex Oxlade-Chamberlain,Central Midfield,England,Liverpool FC,27,31,,,,13,1,0,253,1,180.0,24000000.0,18000000.0,-6000000.0,24.0,18.0,-6.0
1569,2,93,4,63,108,2020,Ayoze Perez,Centre-Forward,Spain,Leicester City,27,31,,,,25,1,0,1331,2,178.0,20000000.0,18000000.0,-2000000.0,20.0,18.0,-2.0
1570,2,965,8,10,21,2020,Willian,Left Winger,Brazil,Arsenal FC,32,36,,,,25,5,0,1406,1,175.0,19000000.0,9000000.0,-10000000.0,19.0,9.0,-10.0
1571,2,484,4,30,57,2020,Jordan Ayew,Centre-Forward,Ghana,Crystal Palace,29,33,,,,33,3,0,2096,1,182.0,10000000.0,8000000.0,-2000000.0,10.0,8.0,-2.0
1572,2,200,12,25,197,2020,Darnell Furlong,Right-Back,England,West Bromwich Albion,25,29,,,,35,3,0,2931,1,183.0,3200000.0,5000000.0,1800000.0,3.2,5.0,1.8
1573,2,412,12,25,108,2020,James Justin,Right-Back,England,Leicester City,22,26,,,,23,1,0,2070,2,183.0,6000000.0,17000000.0,11000000.0,6.0,17.0,11.0
1574,2,591,9,25,119,2020,Luke Shaw,Left-Back,England,Manchester United,25,29,,,,32,5,0,2654,1,178.0,22000000.0,42000000.0,20000000.0,22.0,42.0,20.0
1575,2,61,11,25,57,2020,Andros Townsend,Right Winger,England,Crystal Palace,29,33,,,,34,5,0,2258,1,181.0,9500000.0,7000000.0,-2500000.0,9.5,7.0,-2.5
1576,2,282,3,65,132,2020,Fabian Schar,Centre-Back,Switzerland,Newcastle United,29,33,,,,18,0,1,1246,1,186.0,13000000.0,9000000.0,-4000000.0,13.0,9.0,-4.0
1577,2,734,12,50,81,2020,Ola Aina,Right-Back,Nigeria,Fulham FC,24,28,,,,31,1,0,2664,2,184.0,7000000.0,6000000.0,-1000000.0,7.0,6.0,-1.0
1578,2,213,2,25,199,2020,Declan Rice,Central Midfield,England,West Ham United,22,26,,,,32,1,1,2879,2,188.0,55000000.0,70000000.0,15000000.0,55.0,70.0,15.0
1579,2,966,4,10,202,2020,Willian Jose,Centre-Forward,Brazil,Wolverhampton Wanderers,29,33,,,,17,0,0,1110,1,186.0,24000000.0,18000000.0,-6000000.0,24.0,18.0,-6.0
1580,2,833,12,25,199,2020,Ryan Fredericks,Right-Back,England,West Ham United,28,32,,,,14,1,0,569,1,181.0,4000000.0,2500000.0,-1500000.0,4.0,2.5,-1.5
1581,2,850,5,53,170,2020,Sander Berge,Defensive Midfield,Norway,Sheffield United,23,26,,,,15,1,1,1120,1,195.0,18000000.0,18000000.0,0.0,18.0,18.0,0.0
1582,2,647,11,58,197,2020,Matt Phillips,Right Winger,Scotland,West Bromwich Albion,30,33,,,,33,1,0,1828,2,183.0,5500000.0,4000000.0,-1500000.0,5.5,4.0,-1.5
1583,2,58,9,58,112,2020,Andrew Robertson,Left-Back,Scotland,Liverpool FC,27,30,,,,38,7,0,3383,1,178.0,75000000.0,65000000.0,-10000000.0,75.0,65.0,-10.0
1584,2,432,12,25,170,2020,Jayden Bogle,Right-Back,England,Sheffield United,20,24,,,,16,0,0,1110,2,178.0,6300000.0,7000000.0,700000.0,6.3,7.0,0.7
1585,2,528,4,25,22,2020,Keinan Davis,Centre-Forward,England,Aston Villa,23,26,,,,15,1,0,277,1,189.0,2300000.0,3000000.0,700000.0,2.3,3.0,0.7
1586,2,221,2,8,108,2020,Dennis Praet,Central Midfield,Belgium,Leicester City,27,30,,,,15,1,0,718,1,181.0,22000000.0,18000000.0,-4000000.0,22.0,18.0,-4.0
1587,2,840,8,2,199,2020,Said Benrahma,Left Winger,Algeria,West Ham United,25,29,,,,30,6,0,1391,1,172.0,22000000.0,22000000.0,0.0,22.0,22.0,0.0
1588,2,605,1,4,199,2020,Manuel Lanzini,Attacking Midfield,Argentina,West Ham United,28,31,,,,17,1,0,568,1,170.0,14000000.0,10000000.0,-4000000.0,14.0,10.0,-4.0
1589,2,62,4,25,132,2020,Andy Carroll,Centre-Forward,England,Newcastle United,32,36,,,,18,0,0,392,1,194.0,3200000.0,1500000.0,-1700000.0,3.2,1.5,-1.7
1590,2,387,3,27,199,2020,Issa Diop,Centre-Back,France,West Ham United,24,28,,,,18,0,0,1381,2,194.0,25000000.0,18000000.0,-7000000.0,25.0,18.0,-7.0
1591,2,346,11,20,197,2020,Grady Diangana,Right Winger,DR Congo,West Bromwich Albion,23,26,,,,20,0,0,1235,1,180.0,12000000.0,10000000.0,-2000000.0,12.0,10.0,-2.0
1592,2,74,3,29,50,2020,Antonio Rudiger,Centre-Back,Germany,Chelsea FC,28,31,,,,19,0,0,1710,1,190.0,30000000.0,28000000.0,-2000000.0,30.0,28.0,-2.0
1593,2,176,2,25,197,2020,Conor Gallagher,Central Midfield,England,West Bromwich Albion,21,24,,,,30,2,0,2531,2,182.0,5400000.0,15000000.0,9600000.0,5.4,15.0,9.6
1594,2,713,10,50,174,2020,Nathan Tella,Right Midfield,Nigeria,Southampton FC,21,25,,,,18,1,0,745,1,173.0,750000.0,2000000.0,1250000.0,0.75,2.0,1.25
1595,2,482,3,52,108,2020,Jonny Evans,Centre-Back,Northern Ireland,Leicester City,33,37,,,,28,2,0,2473,2,188.0,10000000.0,7000000.0,-3000000.0,10.0,7.0,-3.0
1596,2,708,3,25,112,2020,Nat Phillips,Centre-Back,England,Liverpool FC,24,27,,,,17,1,0,1456,1,190.0,1800000.0,8000000.0,6200000.0,1.8,8.0,6.2
1597,2,409,3,25,132,2020,Jamaal Lascelles,Centre-Back,England,Newcastle United,27,31,,,,19,0,0,1625,2,188.0,14500000.0,13000000.0,-1500000.0,14.5,13.0,-1.5
1598,2,340,2,4,188,2020,Giovani Lo Celso,Central Midfield,Argentina,Tottenham Hotspur,25,28,,,,18,1,0,945,1,177.0,35000000.0,27000000.0,-8000000.0,35.0,27.0,-8.0
1599,2,612,9,63,50,2020,Marcos Alonso,Left-Back,Spain,Chelsea FC,30,34,,,,13,0,0,960,2,188.0,18000000.0,12000000.0,-6000000.0,18.0,12.0,-6.0
1600,2,355,4,74,197,2020,Hal Robson-Kanu,Centre-Forward,Wales,West Bromwich Albion,32,35,,,,19,0,0,562,2,183.0,2400000.0,0.0,-2400000.0,2.4,0.0,-2.4
1601,2,206,3,10,21,2020,David Luiz,Centre-Back,Brazil,Arsenal FC,34,37,,,,20,0,0,1397,1,189.0,8000000.0,4000000.0,-4000000.0,8.0,4.0,-4.0
1602,2,811,5,63,118,2020,Rodri,Defensive Midfield,Spain,Manchester City,24,28,,,,34,2,1,2748,2,191.0,64000000.0,70000000.0,6000000.0,64.0,70.0,6.0
1603,2,241,4,25,132,2020,Dwight Gayle,Centre-Forward,England,Newcastle United,31,35,,,,18,1,0,514,1,174.0,8000000.0,4000000.0,-4000000.0,8.0,4.0,-4.0
1604,2,934,9,25,57,2020,Tyrick Mitchell,Left-Back,England,Crystal Palace,21,25,,,,19,1,0,1710,1,181.0,5000000.0,7000000.0,2000000.0,5.0,7.0,2.0
1605,2,935,3,25,22,2020,Tyrone Mings,Centre-Back,England,Aston Villa,28,31,,,,36,2,0,3195,2,196.0,27000000.0,30000000.0,3000000.0,27.0,30.0,3.0
1606,2,469,11,36,46,2020,Johann Berg Gudmundsson,Right Winger,Iceland,Burnley FC,30,34,,,,22,0,0,1363,2,186.0,6500000.0,3000000.0,-3500000.0,6.5,3.0,-3.5
1607,2,16,11,63,202,2020,Adama Traore,Right Winger,Spain,Wolverhampton Wanderers,25,29,,,,37,2,0,2649,2,178.0,35000000.0,30000000.0,-5000000.0,35.0,30.0,-5.0
1608,2,314,3,10,21,2020,Gabriel Magalhaes,Centre-Back,Brazil,Arsenal FC,23,27,,,,23,0,0,1997,2,190.0,20000000.0,25000000.0,5000000.0,20.0,25.0,5.0
1609,2,236,2,48,119,2020,Donny van de Beek,Central Midfield,Netherlands,Manchester United,24,27,,,,19,1,0,526,1,184.0,44000000.0,30000000.0,-14000000.0,44.0,30.0,-14.0
1610,2,523,4,25,197,2020,Karlan Grant,Centre-Forward,England,West Bromwich Albion,23,27,,,,21,0,0,1127,1,183.0,8000000.0,8000000.0,0.0,8.0,8.0,0.0
1611,2,866,12,16,188,2020,Serge Aurier,Right-Back,Cote dIvoire,Tottenham Hotspur,28,32,,,,19,3,0,1605,2,176.0,16000000.0,20000000.0,4000000.0,16.0,20.0,4.0
1612,2,989,3,68,108,2020,caglar Soyuncu,Centre-Back,Turkiye,Leicester City,25,28,,,,23,0,0,1819,1,185.0,40000000.0,45000000.0,5000000.0,40.0,45.0,5.0
1613,2,909,3,10,50,2020,Thiago Silva,Centre-Back,Brazil,Chelsea FC,36,40,,,,23,0,0,1936,2,181.0,4500000.0,3000000.0,-1500000.0,4.5,3.0,-1.5
1614,2,684,5,24,21,2020,Mohamed Elneny,Defensive Midfield,Egypt,Arsenal FC,28,32,,,,23,0,0,1544,1,179.0,5000000.0,10000000.0,5000000.0,5.0,10.0,5.0
1615,2,805,7,38,46,2020,Robbie Brady,Left Midfield,Ireland,Burnley FC,29,33,,,,19,1,0,1052,1,176.0,4800000.0,3000000.0,-1800000.0,4.8,3.0,-1.8
1616,2,975,3,15,66,2020,Yerry Mina,Centre-Back,Colombia,Everton FC,26,30,,,,24,0,0,1937,2,195.0,20000000.0,20000000.0,0.0,20.0,20.0,0.0
1617,2,736,4,58,170,2020,Oli McBurnie,Centre-Forward,Scotland,Sheffield United,24,28,,,,23,0,0,1324,1,188.0,12000000.0,10000000.0,-2000000.0,12.0,10.0,-2.0
1618,2,323,3,25,57,2020,Gary Cahill,Centre-Back,England,Crystal Palace,35,39,,,,20,1,0,1800,1,193.0,2500000.0,1500000.0,-1000000.0,2.5,1.5,-1.0
1619,2,169,3,38,132,2020,Ciaran Clark,Centre-Back,Ireland,Newcastle United,31,35,,,,22,0,0,1891,1,185.0,4800000.0,3000000.0,-1800000.0,4.8,3.0,-1.8
1620,2,101,3,25,46,2020,Ben Mee,Centre-Back,England,Burnley FC,31,35,,,,30,0,0,2693,2,180.0,8000000.0,6000000.0,-2000000.0,8.0,6.0,-2.0
1621,2,133,8,25,50,2020,Callum Hudson-Odoi,Left Winger,England,Chelsea FC,20,24,,,,23,3,0,1059,2,178.0,35000000.0,32000000.0,-3000000.0,35.0,32.0,-3.0
1622,2,907,2,63,112,2020,Thiago Alcantara,Central Midfield,Spain,Liverpool FC,30,33,,,,24,0,0,1854,1,174.0,48000000.0,30000000.0,-18000000.0,48.0,30.0,-18.0
1623,2,918,3,8,188,2020,Toby Alderweireld,Centre-Back,Belgium,Tottenham Hotspur,32,35,,,,25,0,0,2240,1,187.0,20000000.0,11000000.0,-9000000.0,20.0,11.0,-9.0
1624,2,565,3,58,107,2020,Liam Cooper,Centre-Back,Scotland,Leeds United,29,33,,,,25,0,0,2186,1,186.0,7000000.0,7000000.0,0.0,7.0,7.0,0.0
1625,2,102,2,25,170,2020,Ben Osborn,Central Midfield,England,Sheffield United,26,30,,,,24,0,0,1604,1,176.0,2000000.0,2000000.0,0.0,2.0,2.0,0.0
1626,2,269,11,4,188,2020,Erik Lamela,Right Winger,Argentina,Tottenham Hotspur,29,32,,,,23,0,0,718,1,184.0,16000000.0,16000000.0,0.0,16.0,16.0,0.0
1627,2,310,2,10,119,2020,Fred,Central Midfield,Brazil,Manchester United,28,31,,,,30,0,0,2390,1,169.0,17500000.0,22000000.0,4500000.0,17.5,22.0,4.5
1628,2,15,3,25,43,2020,Adam Webster,Centre-Back,England,Brighton & Hove Albion,26,30,,,,29,0,0,2594,1,190.0,15000000.0,18000000.0,3000000.0,15.0,18.0,3.0
1629,2,709,3,48,118,2020,Nathan Ake,Centre-Back,Netherlands,Manchester City,26,29,,,,10,0,0,797,1,180.0,40000000.0,32000000.0,-8000000.0,40.0,32.0,-8.0
1630,2,141,4,10,188,2020,Carlos Vinicius,Centre-Forward,Brazil,Tottenham Hotspur,26,29,,,,9,0,0,309,1,190.0,20000000.0,18000000.0,-2000000.0,20.0,18.0,-2.0
1631,2,192,3,30,108,2020,Daniel Amartey,Centre-Back,Ghana,Leicester City,26,30,,,,12,0,0,722,1,186.0,3500000.0,5000000.0,1500000.0,3.5,5.0,1.5
1632,2,284,1,56,81,2020,Fabio Carvalho,Attacking Midfield,Portugal,Fulham FC,18,22,,,,4,0,0,255,1,170.0,,250000.0,250000.0,0.0,0.25,0.25
1633,2,948,3,48,112,2020,Virgil van Dijk,Centre-Back,Netherlands,Liverpool FC,29,33,,,,5,0,0,370,1,195.0,80000000.0,55000000.0,-25000000.0,80.0,55.0,-25.0
1634,2,434,4,27,57,2020,Jean-Philippe Mateta,Centre-Forward,France,Crystal Palace,23,27,,,,7,0,0,221,1,192.0,15000000.0,13000000.0,-2000000.0,15.0,13.0,-2.0
1635,2,194,4,13,170,2020,Daniel Jebbison,Centre-Forward,Canada,Sheffield United,17,21,,,,4,0,0,284,1,190.0,,1000000.0,1000000.0,0.0,1.0,1.0
1636,2,699,8,45,174,2020,Moussa Djenepo,Left Winger,Mali,Southampton FC,22,26,,,,27,0,0,1240,1,177.0,13000000.0,13000000.0,0.0,13.0,13.0,0.0
1637,2,691,1,25,202,2020,Morgan Gibbs-White,Attacking Midfield,England,Wolverhampton Wanderers,21,25,,,,11,0,0,414,1,171.0,6000000.0,7000000.0,1000000.0,6.0,7.0,1.0
1638,2,546,3,25,22,2020,Kortney Hause,Centre-Back,England,Aston Villa,25,29,,,,7,0,0,630,1,191.0,6500000.0,5000000.0,-1500000.0,6.5,5.0,-1.5
1639,2,526,3,25,170,2020,Kean Bryan,Centre-Back,England,Sheffield United,24,28,,,,13,0,0,1004,1,185.0,250000.0,2000000.0,1750000.0,0.25,2.0,1.75
1640,2,108,8,10,66,2020,Bernard,Left Winger,Brazil,Everton FC,28,32,,,,12,0,0,455,1,167.0,15000000.0,12000000.0,-3000000.0,15.0,12.0,-3.0
1641,2,887,2,15,43,2020,Steven Alzate,Central Midfield,Colombia,Brighton & Hove Albion,22,26,,,,15,0,0,896,1,180.0,7000000.0,6000000.0,-1000000.0,7.0,6.0,-1.0
1642,2,281,3,54,199,2020,Fabian Balbuena,Centre-Back,Paraguay,West Ham United,29,33,,,,14,0,0,1199,1,189.0,8000000.0,5000000.0,-3000000.0,8.0,5.0,-3.0
1643,2,785,11,25,118,2020,Raheem Sterling,Right Winger,England,Manchester City,26,30,,,,31,7,0,2536,10,170.0,128000000.0,90000000.0,-38000000.0,128.0,90.0,-38.0
1644,2,858,3,25,57,2020,Scott Dann,Centre-Back,England,Crystal Palace,34,37,,,,15,0,0,1350,1,194.0,2800000.0,1500000.0,-1300000.0,2.8,1.5,-1.3
1645,2,100,12,25,199,2020,Ben Johnson,Right-Back,England,West Ham United,21,25,,,,14,0,0,523,1,184.0,1000000.0,3000000.0,2000000.0,1.0,3.0,2.0
1646,2,763,9,74,132,2020,Paul Dummett,Left-Back,Wales,Newcastle United,29,33,,,,15,0,0,1255,1,183.0,4500000.0,3000000.0,-1500000.0,4.5,3.0,-1.5
1647,2,592,9,25,108,2020,Luke Thomas,Left-Back,England,Leicester City,19,23,,,,14,0,0,969,1,181.0,1000000.0,5000000.0,4000000.0,1.0,5.0,4.0
1648,2,322,11,74,188,2020,Gareth Bale,Right Winger,Wales,Tottenham Hotspur,31,35,,,,20,2,0,920,11,186.0,28000000.0,18000000.0,-10000000.0,28.0,18.0,-10.0
1649,2,530,4,50,108,2020,Kelechi Iheanacho,Centre-Forward,Nigeria,Leicester City,24,28,,,,25,2,0,1459,12,185.0,15000000.0,20000000.0,5000000.0,15.0,20.0,5.0
1650,2,962,8,16,57,2020,Wilfried Zaha,Left Winger,Cote dIvoire,Crystal Palace,28,32,,,,30,2,2,2612,11,180.0,50000000.0,45000000.0,-5000000.0,50.0,45.0,-5.0
1651,2,673,4,41,199,2020,Michail Antonio,Centre-Forward,Jamaica,West Ham United,31,34,,,,26,5,0,1974,10,180.0,12000000.0,12000000.0,0.0,12.0,12.0,0.0
1652,2,225,3,63,107,2020,Diego Llorente,Centre-Back,Spain,Leeds United,27,31,,,,15,0,0,1204,1,186.0,20000000.0,20000000.0,0.0,20.0,20.0,0.0
1653,2,686,11,24,112,2021,Mohamed Salah,Right Winger,Egypt,Liverpool FC,29,32,,,,35,13,5,2762,23,175.0,100000000.0,90000000.0,-10000000.0,100.0,90.0,-10.0
1654,2,422,4,25,108,2021,Jamie Vardy,Centre-Forward,England,Leicester City,35,38,,,,25,2,0,1806,15,179.0,5000000.0,5000000.0,0.0,5.0,5.0,0.0
1655,2,536,1,8,118,2021,Kevin De Bruyne,Attacking Midfield,Belgium,Manchester City,30,33,,,,30,8,0,2202,15,181.0,90000000.0,85000000.0,-5000000.0,90.0,85.0,-5.0
1656,2,359,4,25,188,2021,Harry Kane,Centre-Forward,England,Tottenham Hotspur,28,31,,,,37,9,4,3232,17,188.0,100000000.0,90000000.0,-10000000.0,100.0,90.0,-10.0
1657,2,181,4,56,119,2021,Cristiano Ronaldo,Centre-Forward,Portugal,Manchester United,37,39,,,,30,3,3,2456,18,188.0,35000000.0,30000000.0,-5000000.0,35.0,30.0,-5.0
1658,2,962,8,16,57,2021,Wilfried Zaha,Left Winger,Cote dIvoire,Crystal Palace,29,32,,,,33,1,5,2762,14,180.0,40000000.0,38000000.0,-2000000.0,40.0,38.0,-2.0
1659,2,369,8,43,188,2021,Heung-min Son,Left Winger,"Korea, South",Tottenham Hotspur,29,32,,,,35,7,0,3007,23,184.0,80000000.0,75000000.0,-5000000.0,80.0,75.0,-5.0
1660,2,229,4,56,112,2021,Diogo Jota,Centre-Forward,Portugal,Liverpool FC,25,28,,,,35,4,0,2365,15,178.0,60000000.0,60000000.0,0.0,60.0,60.0,0.0
1661,2,803,11,2,118,2021,Riyad Mahrez,Right Winger,Algeria,Manchester City,31,33,,,,28,5,4,1499,11,179.0,40000000.0,35000000.0,-5000000.0,40.0,35.0,-5.0
1662,2,428,11,25,199,2021,Jarrod Bowen,Right Winger,England,West Ham United,25,28,,,,36,10,0,2983,12,176.0,35000000.0,42000000.0,7000000.0,35.0,42.0,7.0
1663,2,785,11,25,118,2021,Raheem Sterling,Right Winger,England,Manchester City,27,30,,,,30,5,2,2128,13,170.0,85000000.0,70000000.0,-15000000.0,85.0,70.0,-15.0
1664,2,838,8,59,112,2021,Sadio Mane,Left Winger,Senegal,Liverpool FC,30,32,,,,34,3,0,2820,16,174.0,80000000.0,70000000.0,-10000000.0,80.0,70.0,-10.0
1665,2,629,1,25,50,2021,Mason Mount,Attacking Midfield,England,Chelsea FC,23,26,,,,32,10,1,2363,11,181.0,75000000.0,75000000.0,0.0,75.0,75.0,0.0
1666,2,902,4,26,135,2021,Teemu Pukki,Centre-Forward,Finland,Norwich City,32,34,,,,37,3,3,3253,11,180.0,5000000.0,4000000.0,-1000000.0,5.0,4.0,-1.0
1667,2,391,4,25,41,2021,Ivan Toney,Centre-Forward,England,Brentford FC,26,28,,,,33,5,5,2909,12,185.0,32000000.0,35000000.0,3000000.0,32.0,35.0,3.0
1668,2,413,1,25,108,2021,James Maddison,Attacking Midfield,England,Leicester City,25,28,,,,35,8,0,2460,12,175.0,50000000.0,50000000.0,0.0,50.0,50.0,0.0
1669,2,57,3,38,135,2021,Andrew Omobamidele,Centre-Back,Ireland,Norwich City,19,22,,,,5,0,0,382,1,188.0,1200000.0,1200000.0,0.0,1.2,1.2,0.0
1670,2,427,3,25,66,2021,Jarrad Branthwaite,Centre-Back,England,Everton FC,19,22,,,,6,0,0,389,1,195.0,3000000.0,3000000.0,0.0,3.0,3.0,0.0
1671,2,430,12,63,132,2021,Javier Manquillo,Right-Back,Spain,Newcastle United,28,30,,,,19,2,0,1257,1,178.0,3000000.0,3000000.0,0.0,3.0,3.0,0.0
1672,2,189,2,25,195,2021,Dan Gosling,Central Midfield,England,Watford FC,32,34,,,,4,0,0,166,1,180.0,1000000.0,1000000.0,0.0,1.0,1.0,0.0
1673,2,825,2,25,50,2021,Ross Barkley,Central Midfield,England,Chelsea FC,28,31,,,,6,0,0,179,1,189.0,17000000.0,12000000.0,-5000000.0,17.0,12.0,-5.0
1674,2,755,3,48,107,2021,Pascal Struijk,Centre-Back,Netherlands,Leeds United,22,25,,,,29,0,0,2056,1,190.0,9000000.0,15000000.0,6000000.0,9.0,15.0,6.0
1675,2,3,11,25,46,2021,Aaron Lennon,Right Winger,England,Burnley FC,35,37,,,,28,0,0,1551,2,165.0,1000000.0,1000000.0,0.0,1.0,1.0,0.0
1676,2,935,3,25,22,2021,Tyrone Mings,Centre-Back,England,Aston Villa,29,31,,,,36,3,0,3189,1,196.0,32000000.0,30000000.0,-2000000.0,32.0,30.0,-2.0
1677,2,889,2,58,174,2021,Stuart Armstrong,Central Midfield,Scotland,Southampton FC,30,32,,,,25,0,0,1473,2,183.0,6000000.0,6000000.0,0.0,6.0,6.0,0.0
1678,2,916,12,8,108,2021,Timothy Castagne,Right-Back,Belgium,Leicester City,26,29,,,,27,0,0,2127,1,185.0,28000000.0,28000000.0,0.0,28.0,28.0,0.0
1679,2,210,3,15,188,2021,Davinson Sanchez,Centre-Back,Colombia,Tottenham Hotspur,25,28,,,,23,0,0,1631,2,187.0,30000000.0,28000000.0,-2000000.0,30.0,28.0,-2.0
1680,2,989,3,68,108,2021,caglar Soyuncu,Centre-Back,Turkiye,Leicester City,25,28,,,,28,0,0,2497,1,185.0,45000000.0,40000000.0,-5000000.0,45.0,40.0,-5.0
1681,2,463,2,25,132,2021,Joe Willock,Central Midfield,England,Newcastle United,22,25,,,,29,0,0,2036,2,186.0,22000000.0,22000000.0,0.0,22.0,22.0,0.0
1682,2,436,2,38,132,2021,Jeff Hendrick,Central Midfield,Ireland,Newcastle United,29,32,,,,3,0,0,73,1,185.0,7000000.0,5000000.0,-2000000.0,7.0,5.0,-2.0
1683,2,280,3,25,22,2021,Ezri Konsa,Centre-Back,England,Aston Villa,24,27,,,,29,0,0,2479,2,183.0,25000000.0,22000000.0,-3000000.0,25.0,22.0,-3.0
1684,2,178,3,25,199,2021,Craig Dawson,Centre-Back,England,West Ham United,32,34,,,,34,2,0,2755,2,188.0,3000000.0,3000000.0,0.0,3.0,3.0,0.0
1685,2,70,4,27,119,2021,Anthony Martial,Centre-Forward,France,Manchester United,26,29,,,,8,0,0,214,1,181.0,35000000.0,16000000.0,-19000000.0,35.0,16.0,-19.0
1686,2,431,4,25,46,2021,Jay Rodriguez,Centre-Forward,England,Burnley FC,32,35,,,,29,2,0,1379,2,185.0,3000000.0,2000000.0,-1000000.0,3.0,2.0,-1.0
1687,2,555,5,8,202,2021,Leander Dendoncker,Defensive Midfield,Belgium,Wolverhampton Wanderers,27,29,,,,30,2,0,1950,2,188.0,30000000.0,28000000.0,-2000000.0,30.0,28.0,-2.0
1688,2,746,5,63,174,2021,Oriol Romeu,Defensive Midfield,Spain,Southampton FC,30,33,,,,36,2,0,2888,2,183.0,5000000.0,5000000.0,0.0,5.0,5.0,0.0
1689,2,779,5,21,188,2021,Pierre-Emile Hojbjerg,Defensive Midfield,Denmark,Tottenham Hotspur,26,29,,,,36,2,0,3196,2,185.0,40000000.0,40000000.0,0.0,40.0,40.0,0.0
1690,2,631,4,19,46,2021,Matej Vydra,Centre-Forward,Czech Republic,Burnley FC,29,32,,,,22,3,0,680,2,180.0,3000000.0,2000000.0,-1000000.0,3.0,2.0,-1.0
1691,2,871,9,63,188,2021,Sergio Reguilon,Left-Back,Spain,Tottenham Hotspur,25,28,,,,25,3,0,1916,2,178.0,28000000.0,25000000.0,-3000000.0,28.0,25.0,-3.0
1692,2,195,11,56,202,2021,Daniel Podence,Right Winger,Portugal,Wolverhampton Wanderers,26,29,,,,26,3,0,1484,2,170.0,22000000.0,20000000.0,-2000000.0,22.0,20.0,-2.0
1693,2,93,4,63,108,2021,Ayoze Perez,Centre-Forward,Spain,Leicester City,28,31,,,,14,3,0,446,2,178.0,15000000.0,10000000.0,-5000000.0,15.0,10.0,-5.0
1694,2,2,9,25,199,2021,Aaron Cresswell,Left-Back,England,West Ham United,32,35,,,,31,3,0,2726,2,170.0,4000000.0,3000000.0,-1000000.0,4.0,3.0,-1.0
1695,2,489,2,25,46,2021,Josh Brownhill,Central Midfield,England,Burnley FC,26,29,,,,35,3,0,2955,2,179.0,7000000.0,7000000.0,0.0,7.0,7.0,0.0
1696,2,265,2,75,43,2021,Enock Mwepu,Central Midfield,Zambia,Brighton & Hove Albion,24,27,,,,18,4,0,996,2,184.0,20000000.0,18000000.0,-2000000.0,20.0,18.0,-2.0
1697,2,832,8,58,132,2021,Ryan Fraser,Left Winger,Scotland,Newcastle United,28,30,,,,27,3,0,1466,2,163.0,8000000.0,10000000.0,2000000.0,8.0,10.0,2.0
1698,2,646,12,38,188,2021,Matt Doherty,Right-Back,Ireland,Tottenham Hotspur,30,33,,,,15,4,0,875,2,185.0,12000000.0,12000000.0,0.0,12.0,12.0,0.0
1699,2,8,2,45,66,2021,Abdoulaye Doucoure,Central Midfield,Mali,Everton FC,29,32,,,,30,4,0,2537,2,183.0,25000000.0,22000000.0,-3000000.0,25.0,22.0,-3.0
1700,2,922,2,25,66,2021,Tom Davies,Central Midfield,England,Everton FC,23,26,,,,6,0,0,236,1,180.0,18000000.0,18000000.0,0.0,18.0,18.0,0.0
1701,2,238,2,10,22,2021,Douglas Luiz,Central Midfield,Brazil,Aston Villa,24,26,,,,34,3,0,2716,2,177.0,35000000.0,38000000.0,3000000.0,35.0,38.0,3.0
1702,2,754,2,29,43,2021,Pascal Gross,Central Midfield,Germany,Brighton & Hove Albion,30,33,,,,29,4,0,2038,2,181.0,7000000.0,6000000.0,-1000000.0,7.0,6.0,-1.0
1703,2,971,4,48,46,2021,Wout Weghorst,Centre-Forward,Netherlands,Burnley FC,29,32,,,,20,3,0,1450,2,197.0,20000000.0,14000000.0,-6000000.0,20.0,14.0,-6.0
1704,2,705,5,27,50,2021,NGolo Kante,Defensive Midfield,France,Chelsea FC,31,33,,,,26,4,0,1773,2,168.0,50000000.0,40000000.0,-10000000.0,50.0,40.0,-10.0
1705,2,633,2,17,50,2021,Mateo Kovacic,Central Midfield,Croatia,Chelsea FC,28,30,,,,25,5,0,1558,2,177.0,45000000.0,42000000.0,-3000000.0,45.0,42.0,-3.0
1706,2,546,3,25,22,2021,Kortney Hause,Centre-Back,England,Aston Villa,26,29,,,,7,0,0,397,1,191.0,5000000.0,4000000.0,-1000000.0,5.0,4.0,-1.0
1707,2,486,2,25,112,2021,Jordan Henderson,Central Midfield,England,Liverpool FC,31,34,,,,35,5,0,2597,2,182.0,18000000.0,15000000.0,-3000000.0,18.0,15.0,-3.0
1708,2,826,3,56,118,2021,Ruben Dias,Centre-Back,Portugal,Manchester City,24,27,,,,29,4,0,2402,2,187.0,75000000.0,75000000.0,0.0,75.0,75.0,0.0
1709,2,671,11,27,57,2021,Michael Olise,Right Winger,France,Crystal Palace,20,23,,,,26,5,0,1140,2,184.0,18000000.0,22000000.0,4000000.0,18.0,22.0,4.0
1710,2,575,11,10,188,2021,Lucas Moura,Right Winger,Brazil,Tottenham Hotspur,29,32,,,,34,6,0,1775,2,172.0,22000000.0,20000000.0,-2000000.0,22.0,20.0,-2.0
1711,2,949,9,70,66,2021,Vitaliy Mykolenko,Left-Back,Ukraine,Everton FC,22,25,,,,13,0,0,1055,1,180.0,17000000.0,18000000.0,1000000.0,17.0,18.0,1.0
1712,2,65,3,40,199,2021,Angelo Ogbonna,Centre-Back,Italy,West Ham United,33,36,,,,11,0,0,921,1,191.0,2000000.0,1200000.0,-800000.0,2.0,1.2,-0.8
1713,2,985,3,21,41,2021,Zanka,Centre-Back,Denmark,Brentford FC,31,34,,,,8,0,0,518,1,189.0,1500000.0,1200000.0,-300000.0,1.5,1.2,-0.3
1714,2,418,3,25,57,2021,James Tomkins,Centre-Back,England,Crystal Palace,33,35,,,,8,0,0,547,1,192.0,2000000.0,1500000.0,-500000.0,2.0,1.5,-0.5
1715,2,136,3,25,79,2021,Calum Chambers,Centre-Back,England,For 2 Clubs,27,30,,,,13,0,0,1001,1,182.0,12000000.0,10000000.0,-2000000.0,12.0,10.0,-2.0
1716,2,928,12,25,112,2021,Trent Alexander-Arnold,Right-Back,England,Liverpool FC,23,26,,,,32,12,0,2852,2,175.0,80000000.0,80000000.0,0.0,80.0,80.0,0.0
1717,2,875,4,38,174,2021,Shane Long,Centre-Forward,Ireland,Southampton FC,35,38,,,,13,0,0,308,1,180.0,800000.0,800000.0,0.0,0.8,0.8,0.0
1718,2,804,3,25,21,2021,Rob Holding,Centre-Back,England,Arsenal FC,26,29,,,,15,0,0,846,1,189.0,12000000.0,10000000.0,-2000000.0,12.0,10.0,-2.0
1719,2,621,2,25,199,2021,Mark Noble,Central Midfield,England,West Ham United,35,37,,,,11,0,1,332,1,180.0,1000000.0,0.0,-1000000.0,1.0,0.0,-1.0
1720,2,874,3,38,43,2021,Shane Duffy,Centre-Back,Ireland,Brighton & Hove Albion,30,33,,,,18,0,0,1436,1,193.0,5000000.0,5000000.0,0.0,5.0,5.0,0.0
1721,2,365,9,16,195,2021,Hassane Kamara,Left-Back,Cote dIvoire,Watford FC,28,30,,,,19,0,0,1624,1,170.0,7000000.0,4000000.0,-3000000.0,7.0,4.0,-3.0
1722,2,382,5,41,132,2021,Isaac Hayden,Defensive Midfield,Jamaica,Newcastle United,26,29,,,,14,0,0,1001,1,187.0,10000000.0,8000000.0,-2000000.0,10.0,8.0,-2.0
1723,2,60,11,70,199,2021,Andriy Yarmolenko,Right Winger,Ukraine,West Ham United,32,35,,,,19,0,0,316,1,189.0,3500000.0,2500000.0,-1000000.0,3.5,2.5,-1.0
1724,2,216,1,25,79,2021,Dele Alli,Attacking Midfield,England,For 2 Clubs,26,28,,,,21,0,1,995,1,188.0,25000000.0,16000000.0,-9000000.0,25.0,16.0,-9.0
1725,2,100,12,25,199,2021,Ben Johnson,Right-Back,England,West Ham United,22,25,,,,20,0,0,1397,1,184.0,3000000.0,9000000.0,6000000.0,3.0,9.0,6.0
1726,2,180,3,4,188,2021,Cristian Romero,Centre-Back,Argentina,Tottenham Hotspur,24,26,,,,22,0,0,1844,1,185.0,35000000.0,48000000.0,13000000.0,35.0,48.0,13.0
1727,2,727,1,17,199,2021,Nikola Vlasic,Attacking Midfield,Croatia,West Ham United,24,27,,,,19,0,0,560,1,179.0,27000000.0,22000000.0,-5000000.0,27.0,22.0,-5.0
1728,2,16,11,63,202,2021,Adama Traore,Right Winger,Spain,Wolverhampton Wanderers,25,29,,,,20,0,0,1066,1,178.0,28000000.0,20000000.0,-8000000.0,28.0,20.0,-8.0
1729,2,475,3,25,118,2021,John Stones,Centre-Back,England,Manchester City,27,30,,,,14,0,0,1119,1,188.0,28000000.0,28000000.0,0.0,28.0,28.0,0.0
1730,2,549,3,27,79,2021,Kurt Zouma,Centre-Back,France,For 2 Clubs,27,30,,,,24,0,0,2078,1,190.0,32000000.0,28000000.0,-4000000.0,32.0,28.0,-4.0
1731,2,86,4,25,46,2021,Ashley Barnes,Centre-Forward,England,Burnley FC,32,35,,,,23,0,1,808,1,185.0,2000000.0,1500000.0,-500000.0,2.0,1.5,-0.5
1732,2,873,2,32,41,2021,Shandon Baptiste,Central Midfield,Grenada,Brentford FC,24,26,,,,22,0,0,912,1,180.0,1000000.0,3000000.0,2000000.0,1.0,3.0,2.0
1733,2,297,11,63,118,2021,Ferran Torres,Right Winger,Spain,Manchester City,21,24,,,,4,1,0,303,2,184.0,45000000.0,45000000.0,0.0,45.0,45.0,0.0
1734,2,409,3,25,132,2021,Jamaal Lascelles,Centre-Back,England,Newcastle United,28,31,,,,26,0,0,2059,1,188.0,11000000.0,10000000.0,-1000000.0,11.0,10.0,-1.0
1735,2,820,3,47,202,2021,Romain Saiss,Centre-Back,Morocco,Wolverhampton Wanderers,32,34,,,,31,0,0,2706,2,188.0,9000000.0,8000000.0,-1000000.0,9.0,8.0,-1.0
1736,2,394,5,25,46,2021,Jack Cork,Defensive Midfield,England,Burnley FC,32,35,,,,20,0,0,1670,1,185.0,3000000.0,1800000.0,-1200000.0,3.0,1.8,-1.2
1737,2,246,4,72,119,2021,Edinson Cavani,Centre-Forward,Uruguay,Manchester United,35,37,,,,15,1,0,768,2,184.0,4000000.0,4000000.0,0.0,4.0,4.0,0.0
1738,2,29,2,25,112,2021,Alex Oxlade-Chamberlain,Central Midfield,England,Liverpool FC,28,31,,,,17,1,0,786,2,180.0,18000000.0,16000000.0,-2000000.0,18.0,16.0,-2.0
1739,2,912,5,30,21,2021,Thomas Partey,Defensive Midfield,Ghana,Arsenal FC,28,31,,,,24,1,0,2028,2,185.0,40000000.0,38000000.0,-2000000.0,40.0,38.0,-2.0
1740,2,295,5,10,118,2021,Fernandinho,Defensive Midfield,Brazil,Manchester City,37,39,,,,19,1,0,964,2,179.0,2000000.0,1500000.0,-500000.0,2.0,1.5,-0.5
1741,2,608,3,25,57,2021,Marc Guehi,Centre-Back,England,Crystal Palace,21,24,,,,36,1,0,3222,2,182.0,20000000.0,32000000.0,12000000.0,20.0,32.0,12.0
1742,2,481,2,25,132,2021,Jonjo Shelvey,Central Midfield,England,Newcastle United,30,32,,,,24,1,0,1985,2,184.0,11000000.0,10000000.0,-1000000.0,11.0,10.0,-1.0
1743,2,493,4,71,135,2021,Josh Sargent,Centre-Forward,United States,Norwich City,22,24,,,,26,1,0,1572,2,185.0,8000000.0,7000000.0,-1000000.0,8.0,7.0,-1.0
1744,2,628,3,41,66,2021,Mason Holgate,Centre-Back,Jamaica,Everton FC,25,28,,,,25,1,0,2135,2,187.0,18000000.0,18000000.0,0.0,18.0,18.0,0.0
1745,2,930,11,56,202,2021,Trincco,Right Winger,Portugal,Wolverhampton Wanderers,22,25,,,,28,1,0,1337,2,184.0,22000000.0,20000000.0,-2000000.0,22.0,20.0,-2.0
1746,2,701,2,27,79,2021,Moussa Sissoko,Central Midfield,France,For 2 Clubs,32,35,,,,36,1,0,3220,2,187.0,8000000.0,4500000.0,-3500000.0,8.0,4.5,-3.5
1747,2,68,11,64,119,2021,Anthony Elanga,Right Winger,Sweden,Manchester United,20,22,,,,21,2,0,1213,2,178.0,4000000.0,20000000.0,16000000.0,4.0,20.0,16.0
1748,2,10,4,25,174,2021,Adam Armstrong,Centre-Forward,England,Southampton FC,25,27,,,,23,2,0,1414,2,173.0,18000000.0,15000000.0,-3000000.0,18.0,15.0,-3.0
1749,2,462,4,25,107,2021,Joe Gelhardt,Centre-Forward,England,Leeds United,20,22,,,,20,2,0,744,2,179.0,3000000.0,6000000.0,3000000.0,3.0,6.0,3.0
1750,2,458,2,56,202,2021,Joco Moutinho,Central Midfield,Portugal,Wolverhampton Wanderers,35,38,,,,35,1,0,2971,2,170.0,2500000.0,2500000.0,0.0,2.5,2.5,0.0
1751,2,756,4,25,107,2021,Patrick Bamford,Centre-Forward,England,Leeds United,28,31,,,,9,2,0,559,2,185.0,20000000.0,16000000.0,-4000000.0,20.0,16.0,-4.0
1752,2,589,12,25,107,2021,Luke Ayling,Right-Back,England,Leeds United,30,33,,,,26,2,0,2273,2,183.0,4000000.0,4000000.0,0.0,4.0,4.0,0.0
1753,2,282,3,65,132,2021,Fabian Schar,Centre-Back,Switzerland,Newcastle United,30,33,,,,25,2,0,2158,2,186.0,7000000.0,7000000.0,0.0,7.0,7.0,0.0
1754,2,981,5,45,43,2021,Yves Bissouma,Defensive Midfield,Mali,Brighton & Hove Albion,25,28,,,,26,2,0,2111,1,182.0,25000000.0,35000000.0,10000000.0,25.0,35.0,10.0
1755,2,542,2,25,108,2021,Kiernan Dewsbury-Hall,Central Midfield,England,Leicester City,23,26,,,,28,2,0,2105,1,176.0,2000000.0,8000000.0,6000000.0,2.0,8.0,6.0
1756,2,28,8,50,66,2021,Alex Iwobi,Left Winger,Nigeria,Everton FC,26,28,,,,28,2,0,2034,2,183.0,18000000.0,18000000.0,0.0,18.0,18.0,0.0
1757,2,149,3,63,50,2021,Cesar Azpilicueta,Centre-Back,Spain,Chelsea FC,32,35,,,,27,2,0,2070,1,178.0,11000000.0,9000000.0,-2000000.0,11.0,9.0,-2.0
1758,2,347,5,65,21,2021,Granit Xhaka,Defensive Midfield,Switzerland,Arsenal FC,29,32,,,,27,2,0,2328,1,186.0,20000000.0,20000000.0,0.0,20.0,20.0,0.0
1759,2,552,12,25,174,2021,Kyle Walker-Peters,Right-Back,England,Southampton FC,25,27,,,,32,2,0,2633,1,173.0,18000000.0,22000000.0,4000000.0,18.0,22.0,4.0
1760,2,417,3,25,46,2021,James Tarkowski,Centre-Back,England,Burnley FC,29,32,,,,35,2,0,3106,1,185.0,22000000.0,22000000.0,0.0,22.0,22.0,0.0
1761,2,797,12,56,108,2021,Ricardo Pereira,Right-Back,Portugal,Leicester City,28,31,,,,14,3,0,991,1,175.0,25000000.0,20000000.0,-5000000.0,25.0,20.0,-5.0
1762,2,635,2,55,107,2021,Mateusz Klich,Central Midfield,Poland,Leeds United,31,34,,,,33,2,0,2074,1,183.0,4000000.0,3000000.0,-1000000.0,4.0,3.0,-1.0
1763,2,540,9,58,21,2021,Kieran Tierney,Left-Back,Scotland,Arsenal FC,24,27,,,,22,3,0,1915,1,180.0,32000000.0,32000000.0,0.0,32.0,32.0,0.0
1764,2,161,2,21,41,2021,Christian Eriksen,Central Midfield,Denmark,Brentford FC,30,32,,,,11,4,0,939,1,182.0,15000000.0,20000000.0,5000000.0,15.0,20.0,5.0
1765,2,402,11,25,132,2021,Jacob Murphy,Right Winger,England,Newcastle United,27,29,,,,33,2,0,1473,1,179.0,5000000.0,5000000.0,0.0,5.0,5.0,0.0
1766,2,681,11,44,135,2021,Milot Rashica,Right Winger,Kosovo,Norwich City,25,28,,,,31,2,0,2230,1,178.0,8000000.0,7000000.0,-1000000.0,8.0,7.0,-1.0
1767,2,712,11,25,174,2021,Nathan Redmond,Right Winger,England,Southampton FC,28,30,,,,27,5,0,1833,1,173.0,18000000.0,18000000.0,0.0,18.0,18.0,0.0
1768,2,709,3,48,118,2021,Nathan Ake,Centre-Back,Netherlands,Manchester City,27,29,,,,14,0,0,923,2,180.0,28000000.0,25000000.0,-3000000.0,28.0,25.0,-3.0
1769,2,483,12,63,202,2021,Jonny Otto,Right-Back,Spain,Wolverhampton Wanderers,28,30,,,,13,0,0,1024,2,175.0,15000000.0,15000000.0,0.0,15.0,15.0,0.0
1770,2,541,12,25,132,2021,Kieran Trippier,Right-Back,England,Newcastle United,31,34,,,,6,0,0,429,2,173.0,,15000000.0,15000000.0,0.0,15.0,15.0
1771,2,213,2,25,199,2021,Declan Rice,Central Midfield,England,West Ham United,23,26,,,,36,4,0,3179,1,188.0,70000000.0,80000000.0,10000000.0,70.0,80.0,10.0
1772,2,765,2,27,119,2021,Paul Pogba,Central Midfield,France,Manchester United,29,31,,,,20,9,0,1350,1,191.0,55000000.0,48000000.0,-7000000.0,55.0,48.0,-7.0
1773,2,442,1,25,119,2021,Jesse Lingard,Attacking Midfield,England,Manchester United,29,32,,,,16,0,0,367,2,174.0,20000000.0,18000000.0,-2000000.0,20.0,18.0,-2.0
1774,2,907,2,63,112,2021,Thiago Alcantara,Central Midfield,Spain,Liverpool FC,31,33,,,,25,4,0,1534,1,174.0,25000000.0,20000000.0,-5000000.0,25.0,20.0,-5.0
1775,2,236,2,48,79,2021,Donny van de Beek,Central Midfield,Netherlands,For 2 Clubs,25,27,,,,15,0,0,559,2,184.0,25000000.0,25000000.0,0.0,25.0,25.0,0.0
1776,2,561,3,25,43,2021,Lewis Dunk,Centre-Back,England,Brighton & Hove Albion,30,33,,,,29,0,0,2574,1,192.0,22000000.0,20000000.0,-2000000.0,22.0,20.0,-2.0
1777,2,15,3,25,43,2021,Adam Webster,Centre-Back,England,Brighton & Hove Albion,27,30,,,,22,0,0,1435,2,190.0,18000000.0,17000000.0,-1000000.0,18.0,17.0,-1.0
1778,2,360,3,25,119,2021,Harry Maguire,Centre-Back,England,Manchester United,29,31,,,,30,0,0,2516,1,194.0,50000000.0,38000000.0,-12000000.0,50.0,38.0,-12.0
1779,2,457,12,56,118,2021,Joco Cancelo,Right-Back,Portugal,Manchester City,27,30,,,,36,7,0,3227,1,182.0,60000000.0,65000000.0,5000000.0,60.0,65.0,5.0
1780,2,659,3,25,202,2021,Maximilian Kilman,Centre-Back,England,Wolverhampton Wanderers,24,27,,,,30,0,0,2687,1,194.0,9000000.0,16000000.0,7000000.0,9.0,16.0,7.0
1781,2,348,3,58,135,2021,Grant Hanley,Centre-Back,Scotland,Norwich City,30,33,,,,33,0,0,2897,1,188.0,4000000.0,3500000.0,-500000.0,4.0,3.5,-0.5
1782,2,677,11,54,132,2021,Miguel Almiron,Right Winger,Paraguay,Newcastle United,28,30,,,,30,0,0,1716,1,174.0,17500000.0,16000000.0,-1500000.0,17.5,16.0,-1.5
1783,2,860,12,38,66,2021,Seamus Coleman,Right-Back,Ireland,Everton FC,33,36,,,,30,0,0,2656,1,177.0,3500000.0,3000000.0,-500000.0,3.5,3.0,-0.5
1784,2,532,2,58,135,2021,Kenny McLean,Central Midfield,Scotland,Norwich City,30,33,,,,31,0,0,2706,1,180.0,3000000.0,2500000.0,-500000.0,3.0,2.5,-0.5
1785,2,690,5,23,43,2021,Moises Caicedo,Defensive Midfield,Ecuador,Brighton & Hove Albion,20,23,,,,8,1,0,660,1,178.0,,6000000.0,6000000.0,0.0,6.0,6.0
1786,2,244,1,25,57,2021,Eberechi Eze,Attacking Midfield,England,Crystal Palace,23,26,,,,13,1,0,605,1,178.0,20000000.0,22000000.0,2000000.0,20.0,22.0,2.0
1787,2,769,11,56,202,2021,Pedro Neto,Right Winger,Portugal,Wolverhampton Wanderers,22,24,,,,13,1,0,466,1,174.0,35000000.0,32000000.0,-3000000.0,35.0,32.0,-3.0
1788,2,898,2,27,188,2021,Tanguy Ndombele,Central Midfield,France,Tottenham Hotspur,25,28,,,,9,1,0,484,1,181.0,45000000.0,30000000.0,-15000000.0,45.0,30.0,-15.0
1789,2,185,2,25,112,2021,Curtis Jones,Central Midfield,England,Liverpool FC,21,24,,,,15,1,0,852,1,185.0,30000000.0,28000000.0,-2000000.0,30.0,28.0,-2.0
1790,2,76,11,48,79,2021,Anwar El Ghazi,Right Winger,Netherlands,For 2 Clubs,26,29,,,,11,1,1,399,1,189.0,10000000.0,9000000.0,-1000000.0,10.0,9.0,-1.0
1791,2,777,5,27,135,2021,Pierre Lees-Melou,Defensive Midfield,France,Norwich City,28,31,,,,33,0,0,2267,1,185.0,7000000.0,5000000.0,-2000000.0,7.0,5.0,-2.0
1792,2,482,3,52,108,2021,Jonny Evans,Centre-Back,Northern Ireland,Leicester City,34,37,,,,18,1,0,1348,1,188.0,5000000.0,4000000.0,-1000000.0,5.0,4.0,-1.0
1793,2,710,3,38,46,2021,Nathan Collins,Centre-Back,Ireland,Burnley FC,21,23,,,,19,0,0,1671,2,193.0,8000000.0,10000000.0,2000000.0,8.0,10.0,2.0
1794,2,84,9,20,199,2021,Arthur Masuaku,Left-Back,DR Congo,West Ham United,28,31,,,,13,1,0,651,1,179.0,5000000.0,5000000.0,0.0,5.0,5.0,0.0
1795,2,12,4,38,135,2021,Adam Idah,Centre-Forward,Ireland,Norwich City,20,23,,,,17,1,0,625,1,190.0,3000000.0,3000000.0,0.0,3.0,3.0,0.0
1796,2,146,12,56,21,2021,Cedric Soares,Right-Back,Portugal,Arsenal FC,30,33,,,,21,1,0,1485,1,171.0,5000000.0,6000000.0,1000000.0,5.0,6.0,1.0
1797,2,597,12,21,41,2021,Mads Roerslev,Right-Back,Denmark,Brentford FC,22,25,,,,21,1,0,1240,1,184.0,1500000.0,2500000.0,1000000.0,1.5,2.5,1.0
1798,2,172,12,74,46,2021,Connor Roberts,Right-Back,Wales,Burnley FC,26,29,,,,21,1,0,1691,1,175.0,3000000.0,2500000.0,-500000.0,3.0,2.5,-0.5
1799,2,841,4,73,66,2021,Salomon Rondon,Centre-Forward,Venezuela,Everton FC,32,35,,,,20,1,0,791,1,189.0,5000000.0,2500000.0,-2500000.0,5.0,2.5,-2.5
1800,2,732,9,56,21,2021,Nuno Tavares,Left-Back,Portugal,Arsenal FC,22,25,,,,22,1,0,1177,1,183.0,13000000.0,15000000.0,2000000.0,13.0,15.0,2.0
1801,2,861,2,25,132,2021,Sean Longstaff,Central Midfield,England,Newcastle United,24,27,,,,24,1,0,1463,1,187.0,13000000.0,13000000.0,0.0,13.0,13.0,0.0
1802,2,787,3,27,119,2021,Raphael Varane,Centre-Back,France,Manchester United,29,31,,,,22,1,0,1831,1,191.0,65000000.0,48000000.0,-17000000.0,65.0,48.0,-17.0
1803,2,933,4,74,107,2021,Tyler Roberts,Centre-Forward,Wales,Leeds United,23,26,,,,23,1,0,987,1,180.0,8000000.0,8000000.0,0.0,8.0,8.0,0.0
1804,2,510,2,61,195,2021,Juraj Kucka,Central Midfield,Slovakia,Watford FC,35,37,,,,26,1,0,1921,1,186.0,2000000.0,1800000.0,-200000.0,2.0,1.8,-0.2
1805,2,539,1,25,135,2021,Kieran Dowell,Attacking Midfield,England,Norwich City,24,27,,,,19,1,0,911,1,183.0,3000000.0,2500000.0,-500000.0,3.0,2.5,-0.5
1806,2,917,12,25,174,2021,Tino Livramento,Right-Back,England,Southampton FC,19,22,,,,28,1,0,2202,1,182.0,5000000.0,25000000.0,20000000.0,5.0,25.0,20.0
1807,2,274,3,41,41,2021,Ethan Pinnock,Centre-Back,Jamaica,Brentford FC,28,31,,,,32,1,0,2694,1,194.0,10000000.0,12000000.0,2000000.0,10.0,12.0,2.0
1808,2,98,3,74,188,2021,Ben Davies,Centre-Back,Wales,Tottenham Hotspur,29,31,,,,29,1,0,2538,1,181.0,18000000.0,20000000.0,2000000.0,18.0,20.0,2.0
1809,2,188,3,25,79,2021,Dan Burn,Centre-Back,England,For 2 Clubs,30,32,,,,29,1,0,2462,1,201.0,3500000.0,12000000.0,8500000.0,3.5,12.0,8.5
1810,2,844,1,37,41,2021,Saman Ghoddos,Attacking Midfield,Iran,Brentford FC,28,31,,,,17,1,0,536,1,175.0,3000000.0,2500000.0,-500000.0,3.0,2.5,-0.5
1811,2,859,2,58,119,2021,Scott McTominay,Central Midfield,Scotland,Manchester United,25,28,,,,30,1,0,2386,1,191.0,35000000.0,32000000.0,-3000000.0,35.0,32.0,-3.0
1812,2,607,9,63,43,2021,Marc Cucurella,Left-Back,Spain,Brighton & Hove Albion,23,26,,,,35,1,0,3089,1,173.0,20000000.0,28000000.0,8000000.0,20.0,28.0,8.0
1813,2,649,9,25,79,2021,Matt Targett,Left-Back,England,For 2 Clubs,26,29,,,,33,1,0,2871,1,183.0,17000000.0,17000000.0,0.0,17.0,17.0,0.0
1814,2,557,11,41,22,2021,Leon Bailey,Right Winger,Jamaica,Aston Villa,24,27,,,,18,2,0,760,1,178.0,32000000.0,25000000.0,-7000000.0,32.0,25.0,-7.0
1815,2,256,12,10,188,2021,Emerson Royal,Right-Back,Brazil,Tottenham Hotspur,23,26,,,,31,1,0,2285,1,183.0,25000000.0,25000000.0,0.0,25.0,25.0,0.0
1816,2,724,11,16,21,2021,Nicolas Pepe,Right Winger,Cote dIvoire,Arsenal FC,26,29,,,,20,2,0,696,1,183.0,30000000.0,25000000.0,-5000000.0,30.0,25.0,-5.0
1817,2,133,8,25,50,2021,Callum Hudson-Odoi,Left Winger,England,Chelsea FC,21,24,,,,15,2,0,962,1,178.0,32000000.0,25000000.0,-7000000.0,32.0,25.0,-7.0
1818,2,547,3,53,41,2021,Kristoffer Ajer,Centre-Back,Norway,Brentford FC,24,26,,,,24,2,0,1980,1,198.0,17000000.0,18000000.0,1000000.0,17.0,18.0,1.0
1819,2,890,7,52,107,2021,Stuart Dallas,Left Midfield,Northern Ireland,Leeds United,31,33,,,,34,1,0,2919,1,183.0,4000000.0,4000000.0,0.0,4.0,4.0,0.0
1820,2,792,9,2,202,2021,Rayan Ait-Nouri,Left-Back,Algeria,Wolverhampton Wanderers,20,23,,,,23,2,0,1828,1,180.0,15000000.0,20000000.0,5000000.0,15.0,20.0,5.0
1821,2,643,5,53,135,2021,Mathias Normann,Defensive Midfield,Norway,Norwich City,25,28,,,,23,2,0,1644,1,179.0,13000000.0,10000000.0,-3000000.0,13.0,10.0,-3.0
1822,2,651,12,25,46,2021,Matthew Lowton,Right-Back,England,Burnley FC,32,35,,,,25,2,0,1774,1,180.0,2000000.0,1200000.0,-800000.0,2.0,1.2,-0.8
1823,2,606,10,25,108,2021,Marc Albrighton,Right Midfield,England,Leicester City,32,35,,,,17,2,0,1132,1,175.0,2500000.0,2500000.0,0.0,2.5,2.5,0.0
1824,2,261,4,50,195,2021,Emmanuel Dennis,Centre-Forward,Nigeria,Watford FC,24,27,,,,33,6,0,2582,10,175.0,8000000.0,14000000.0,6000000.0,8.0,14.0,6.0
1825,2,419,2,25,174,2021,James Ward-Prowse,Central Midfield,England,Southampton FC,27,30,,,,36,5,4,3216,10,177.0,32000000.0,32000000.0,0.0,32.0,32.0,0.0
1826,2,673,4,41,199,2021,Michail Antonio,Centre-Forward,Jamaica,West Ham United,32,34,,,,36,8,0,2972,10,180.0,12000000.0,10000000.0,-2000000.0,12.0,10.0,-2.0
1827,2,423,3,55,174,2021,Jan Bednarek,Centre-Back,Poland,Southampton FC,26,28,,,,31,0,0,2629,4,189.0,22000000.0,22000000.0,0.0,22.0,22.0,0.0
1828,2,487,5,40,50,2021,Jorginho,Defensive Midfield,Italy,Chelsea FC,30,33,,,,29,2,6,2274,6,178.0,45000000.0,40000000.0,-5000000.0,45.0,40.0,-5.0
1829,2,653,12,55,22,2021,Matty Cash,Right-Back,Poland,Aston Villa,24,27,,,,38,3,0,3377,4,185.0,22000000.0,25000000.0,3000000.0,22.0,25.0,3.0
1830,2,494,4,53,195,2021,Joshua King,Centre-Forward,Norway,Watford FC,30,33,,,,32,3,1,2248,5,180.0,8000000.0,8000000.0,0.0,8.0,8.0,0.0
1831,2,778,4,28,21,2021,Pierre-Emerick Aubameyang,Centre-Forward,Gabon,Arsenal FC,32,35,,,,14,1,0,1037,4,187.0,15000000.0,15000000.0,0.0,15.0,15.0,0.0
1832,2,92,3,63,118,2021,Aymeric Laporte,Centre-Back,Spain,Manchester City,27,30,,,,33,0,0,2829,4,191.0,45000000.0,45000000.0,0.0,45.0,45.0,0.0
1833,2,896,8,42,112,2021,Takumi Minamino,Left Winger,Japan,Liverpool FC,27,30,,,,11,0,0,186,3,172.0,12000000.0,12000000.0,0.0,12.0,12.0,0.0
1834,2,126,1,56,119,2021,Bruno Fernandes,Attacking Midfield,Portugal,Manchester United,27,30,,,,36,6,0,3110,10,179.0,90000000.0,85000000.0,-5000000.0,90.0,85.0,-5.0
1835,2,977,2,8,108,2021,Youri Tielemans,Central Midfield,Belgium,Leicester City,25,27,,,,32,4,2,2632,6,177.0,55000000.0,55000000.0,0.0,55.0,55.0,0.0
1836,2,812,4,63,107,2021,Rodrigo,Centre-Forward,Spain,Leeds United,31,33,,,,31,1,1,2265,6,182.0,15000000.0,12000000.0,-3000000.0,15.0,12.0,-3.0
1837,2,750,1,63,199,2021,Pablo Fornals,Attacking Midfield,Spain,West Ham United,26,28,,,,36,3,0,2794,6,178.0,20000000.0,22000000.0,2000000.0,20.0,22.0,2.0
1838,2,101,3,25,46,2021,Ben Mee,Centre-Back,England,Burnley FC,32,35,,,,21,0,0,1839,3,180.0,4000000.0,2500000.0,-1500000.0,4.0,2.5,-1.5
1839,2,733,4,27,57,2021,Odsonne Edouard,Centre-Forward,France,Crystal Palace,24,27,,,,28,3,1,1563,6,187.0,17000000.0,17000000.0,0.0,17.0,17.0,0.0
1840,2,175,3,25,202,2021,Conor Coady,Centre-Back,England,Wolverhampton Wanderers,29,31,,,,38,0,0,3361,4,185.0,25000000.0,25000000.0,0.0,25.0,25.0,0.0
1841,2,909,3,10,50,2021,Thiago Silva,Centre-Back,Brazil,Chelsea FC,37,40,,,,32,0,0,2650,3,181.0,2500000.0,2500000.0,0.0,2.5,2.5,0.0
1842,2,225,3,63,107,2021,Diego Llorente,Centre-Back,Spain,Leeds United,28,31,,,,28,0,0,2340,3,186.0,18000000.0,18000000.0,0.0,18.0,18.0,0.0
1843,2,800,9,25,41,2021,Rico Henry,Left-Back,England,Brentford FC,24,27,,,,34,0,0,2776,3,170.0,10000000.0,20000000.0,10000000.0,10.0,20.0,10.0
1844,2,74,3,29,50,2021,Antonio Rudiger,Centre-Back,Germany,Chelsea FC,29,31,,,,34,0,0,3035,3,190.0,35000000.0,40000000.0,5000000.0,35.0,40.0,5.0
1845,2,97,9,25,50,2021,Ben Chilwell,Left-Back,England,Chelsea FC,25,28,,,,7,1,0,542,3,180.0,38000000.0,38000000.0,0.0,38.0,38.0,0.0
1846,2,929,3,25,50,2021,Trevoh Chalobah,Centre-Back,England,Chelsea FC,22,25,,,,20,1,0,1448,3,192.0,10000000.0,20000000.0,10000000.0,10.0,20.0,10.0
1847,2,669,3,25,66,2021,Michael Keane,Centre-Back,England,Everton FC,29,32,,,,32,2,0,2793,3,188.0,25000000.0,20000000.0,-5000000.0,25.0,20.0,-5.0
1848,2,706,2,33,112,2021,Naby Keita,Central Midfield,Guinea,Liverpool FC,27,29,,,,23,1,0,1173,3,172.0,30000000.0,25000000.0,-5000000.0,30.0,25.0,-5.0
1849,2,948,3,48,112,2021,Virgil van Dijk,Centre-Back,Netherlands,Liverpool FC,30,33,,,,34,2,0,3060,3,195.0,55000000.0,55000000.0,0.0,55.0,55.0,0.0
1850,2,780,3,64,41,2021,Pontus Jansson,Centre-Back,Sweden,Brentford FC,31,33,,,,37,2,0,3321,3,196.0,6000000.0,7000000.0,1000000.0,6.0,7.0,1.0
1851,2,888,8,48,188,2021,Steven Bergwijn,Left Winger,Netherlands,Tottenham Hotspur,24,27,,,,25,1,0,564,3,171.0,18000000.0,18000000.0,0.0,18.0,18.0,0.0
1852,2,395,8,25,118,2021,Jack Grealish,Left Winger,England,Manchester City,26,29,,,,26,3,0,1913,3,180.0,100000000.0,70000000.0,-30000000.0,100.0,70.0,-30.0
1853,2,230,4,8,112,2021,Divock Origi,Centre-Forward,Belgium,Liverpool FC,27,29,,,,7,1,0,133,3,189.0,12000000.0,12000000.0,0.0,12.0,12.0,0.0
1854,2,869,8,63,41,2021,Sergi Canos,Left Winger,Spain,Brentford FC,25,27,,,,31,2,0,2084,3,177.0,14000000.0,14000000.0,0.0,14.0,14.0,0.0
1855,2,61,11,25,66,2021,Andros Townsend,Right Winger,England,Everton FC,30,33,,,,21,2,1,1455,3,181.0,7000000.0,5000000.0,-2000000.0,7.0,5.0,-2.0
1856,2,258,1,25,21,2021,Emile Smith Rowe,Attacking Midfield,England,Arsenal FC,21,24,,,,33,2,0,1921,10,182.0,28000000.0,40000000.0,12000000.0,28.0,40.0,12.0
1857,2,484,4,30,57,2021,Jordan Ayew,Centre-Forward,Ghana,Crystal Palace,30,33,,,,31,3,0,2020,3,182.0,6000000.0,6000000.0,0.0,6.0,6.0,0.0
1858,2,459,4,10,195,2021,Joco Pedro,Centre-Forward,Brazil,Watford FC,20,23,,,,28,1,0,1644,3,182.0,10000000.0,14000000.0,4000000.0,10.0,14.0,4.0
1859,2,474,2,58,22,2021,John McGinn,Central Midfield,Scotland,Aston Villa,27,30,,,,35,4,0,3090,3,178.0,30000000.0,32000000.0,2000000.0,30.0,32.0,2.0
1860,2,163,5,21,41,2021,Christian Norgaard,Defensive Midfield,Denmark,Brentford FC,28,30,,,,35,4,0,3054,3,187.0,6000000.0,14000000.0,8000000.0,6.0,14.0,8.0
1861,2,405,8,25,119,2021,Jadon Sancho,Left Winger,England,Manchester United,22,24,,,,29,3,0,1898,3,180.0,90000000.0,75000000.0,-15000000.0,90.0,75.0,-15.0
1862,2,58,9,58,112,2021,Andrew Robertson,Left-Back,Scotland,Liverpool FC,28,30,,,,29,10,0,2538,3,178.0,65000000.0,65000000.0,0.0,65.0,65.0,0.0
1863,2,316,8,10,21,2021,Gabriel Martinelli,Left Winger,Brazil,Arsenal FC,20,23,,,,29,6,1,1861,6,178.0,28000000.0,40000000.0,12000000.0,28.0,40.0,12.0
1864,2,791,4,46,202,2021,Raul Jimenez,Centre-Forward,Mexico,Wolverhampton Wanderers,31,33,,,,34,4,1,2633,6,187.0,22000000.0,18000000.0,-4000000.0,22.0,18.0,-4.0
1865,2,811,5,63,118,2021,Rodri,Defensive Midfield,Spain,Manchester City,25,28,,,,33,2,0,2884,7,191.0,70000000.0,80000000.0,10000000.0,70.0,80.0,10.0
1866,2,363,8,25,108,2021,Harvey Barnes,Left Winger,England,Leicester City,24,27,,,,32,10,0,2101,6,182.0,32000000.0,32000000.0,0.0,32.0,32.0,0.0
1867,2,465,3,12,112,2021,Joel Matip,Centre-Back,Cameroon,Liverpool FC,30,33,,,,31,3,0,2790,3,195.0,18000000.0,18000000.0,0.0,18.0,18.0,0.0
1868,2,976,4,20,41,2021,Yoane Wissa,Centre-Forward,DR Congo,Brentford FC,25,28,,,,30,1,0,1284,7,176.0,10000000.0,12000000.0,2000000.0,10.0,12.0,2.0
1869,2,151,4,58,174,2021,Che Adams,Centre-Forward,Scotland,Southampton FC,25,28,,,,30,3,0,2039,7,179.0,20000000.0,18000000.0,-2000000.0,20.0,18.0,-2.0
1870,2,950,5,29,41,2021,Vitaly Janelt,Defensive Midfield,Germany,Brentford FC,24,26,,,,31,0,0,2298,4,184.0,10000000.0,14000000.0,4000000.0,10.0,14.0,4.0
1871,2,396,11,25,107,2021,Jack Harrison,Right Winger,England,Leeds United,25,28,,,,35,1,0,2639,8,175.0,15000000.0,18000000.0,3000000.0,15.0,18.0,3.0
1872,2,990,2,29,118,2021,ilkay Gundogan,Central Midfield,Germany,Manchester City,31,34,,,,27,3,0,1856,8,180.0,35000000.0,25000000.0,-10000000.0,35.0,25.0,-10.0
1873,2,197,4,25,22,2021,Danny Ings,Centre-Forward,England,Aston Villa,29,32,,,,30,6,1,1898,7,177.0,22000000.0,20000000.0,-2000000.0,22.0,20.0,-2.0
1874,2,624,1,53,21,2021,Martin odegaard,Attacking Midfield,Norway,Arsenal FC,23,26,,,,36,4,0,2785,7,178.0,42000000.0,45000000.0,3000000.0,42.0,45.0,3.0
1875,2,821,4,8,50,2021,Romelu Lukaku,Centre-Forward,Belgium,Chelsea FC,29,31,,,,26,0,1,1589,8,191.0,100000000.0,70000000.0,-30000000.0,100.0,70.0,-30.0
1876,2,135,4,25,132,2021,Callum Wilson,Centre-Forward,England,Newcastle United,30,32,,,,18,0,2,1386,8,180.0,20000000.0,18000000.0,-2000000.0,20.0,18.0,-2.0
1877,2,515,4,29,50,2021,Kai Havertz,Centre-Forward,Germany,Chelsea FC,22,25,,,,29,3,0,1809,8,193.0,70000000.0,70000000.0,0.0,70.0,70.0,0.0
1878,2,715,4,27,43,2021,Neal Maupay,Centre-Forward,France,Brighton & Hove Albion,25,28,,,,32,2,1,2275,8,171.0,20000000.0,18000000.0,-2000000.0,20.0,18.0,-2.0
1879,2,556,8,8,43,2021,Leandro Trossard,Left Winger,Belgium,Brighton & Hove Albion,27,30,,,,34,3,1,2802,8,172.0,17000000.0,20000000.0,3000000.0,17.0,20.0,3.0
1880,2,799,4,10,66,2021,Richarlison,Centre-Forward,Brazil,Everton FC,25,27,,,,30,5,3,2523,10,184.0,55000000.0,48000000.0,-7000000.0,55.0,48.0,-7.0
1881,2,109,1,56,118,2021,Bernardo Silva,Attacking Midfield,Portugal,Manchester City,27,30,,,,35,4,0,2857,8,173.0,75000000.0,80000000.0,5000000.0,75.0,80.0,5.0
1882,2,840,8,2,199,2021,Said Benrahma,Left Winger,Algeria,West Ham United,26,29,,,,32,6,0,2168,8,172.0,25000000.0,25000000.0,0.0,25.0,25.0,0.0
1883,2,661,8,16,46,2021,Maxwel Cornet,Left Winger,Cote dIvoire,Burnley FC,25,28,,,,26,1,0,1766,9,179.0,14000000.0,15000000.0,1000000.0,14.0,15.0,1.0
1884,2,313,4,10,118,2021,Gabriel Jesus,Centre-Forward,Brazil,Manchester City,25,27,,,,28,9,1,1877,8,175.0,60000000.0,50000000.0,-10000000.0,60.0,50.0,-10.0
1885,2,627,11,41,119,2021,Mason Greenwood,Right Winger,Jamaica,Manchester United,20,23,,,,18,1,0,1270,5,181.0,50000000.0,0.0,-50000000.0,50.0,0.0,-50.0
1886,2,183,4,15,195,2021,Cucho Hernandez,Centre-Forward,Colombia,Watford FC,23,25,,,,25,2,0,1147,5,176.0,9000000.0,9000000.0,0.0,9.0,9.0,0.0
1887,2,367,4,43,202,2021,Hee-chan Hwang,Centre-Forward,"Korea, South",Wolverhampton Wanderers,26,29,,,,30,1,0,1815,5,177.0,13000000.0,16000000.0,3000000.0,13.0,16.0,3.0
1888,2,385,11,59,195,2021,Ismaila Sarr,Right Winger,Senegal,Watford FC,24,26,,,,22,2,0,1861,5,185.0,27000000.0,27000000.0,0.0,27.0,27.0,0.0
1889,2,233,4,25,66,2021,Dominic Calvert-Lewin,Centre-Forward,England,Everton FC,25,27,,,,17,2,2,1283,5,189.0,45000000.0,40000000.0,-5000000.0,45.0,40.0,-5.0
1890,2,176,2,25,57,2021,Conor Gallagher,Central Midfield,England,Crystal Palace,22,24,,,,34,3,0,2845,8,182.0,22000000.0,25000000.0,3000000.0,22.0,25.0,3.0
1891,2,245,4,25,21,2021,Eddie Nketiah,Centre-Forward,England,Arsenal FC,22,25,,,,21,1,0,835,5,175.0,12000000.0,16000000.0,4000000.0,12.0,16.0,4.0
1892,2,434,4,27,57,2021,Jean-Philippe Mateta,Centre-Forward,France,Crystal Palace,24,27,,,,22,1,0,1145,5,192.0,8000000.0,10000000.0,2000000.0,8.0,10.0,2.0
1893,2,35,2,4,43,2021,Alexis Mac Allister,Central Midfield,Argentina,Brighton & Hove Albion,23,26,,,,33,2,2,2122,5,176.0,10000000.0,16000000.0,6000000.0,10.0,16.0,6.0
1894,2,776,1,10,22,2021,Philippe Coutinho,Attacking Midfield,Brazil,Aston Villa,29,32,,,,19,3,0,1330,5,172.0,20000000.0,20000000.0,0.0,20.0,20.0,0.0
1895,2,605,1,4,199,2021,Manuel Lanzini,Attacking Midfield,Argentina,West Ham United,29,31,,,,30,3,3,1786,5,170.0,10000000.0,12000000.0,2000000.0,10.0,12.0,2.0
1896,2,774,11,25,118,2021,Phil Foden,Right Winger,England,Manchester City,21,24,,,,28,5,0,2129,9,171.0,85000000.0,90000000.0,5000000.0,85.0,90.0,5.0
1897,2,925,5,19,199,2021,Tomas Soucek,Defensive Midfield,Czech Republic,West Ham United,27,29,,,,35,1,0,3062,5,192.0,42000000.0,45000000.0,3000000.0,42.0,45.0,3.0
1898,2,808,4,10,112,2021,Roberto Firmino,Centre-Forward,Brazil,Liverpool FC,30,33,,,,20,4,0,988,5,181.0,40000000.0,32000000.0,-8000000.0,40.0,32.0,-8.0
1899,2,283,5,10,112,2021,Fabinho,Defensive Midfield,Brazil,Liverpool FC,28,31,,,,29,1,2,2314,5,188.0,60000000.0,60000000.0,0.0,60.0,60.0,0.0
1900,2,466,12,48,43,2021,Joel Veltman,Right-Back,Netherlands,Brighton & Hove Albion,30,33,,,,34,1,0,2874,1,184.0,8000000.0,10000000.0,2000000.0,8.0,10.0,2.0
1901,2,41,8,27,132,2021,Allan Saint-Maximin,Left Winger,France,Newcastle United,25,27,,,,35,5,0,2804,5,173.0,32000000.0,32000000.0,0.0,32.0,32.0,0.0
1902,2,761,4,75,108,2021,Patson Daka,Centre-Forward,Zambia,Leicester City,23,26,,,,23,3,0,1158,5,183.0,22000000.0,20000000.0,-2000000.0,22.0,20.0,-2.0
1903,2,215,1,64,188,2021,Dejan Kulusevski,Attacking Midfield,Sweden,Tottenham Hotspur,22,24,,,,18,8,0,1261,5,186.0,35000000.0,40000000.0,5000000.0,35.0,40.0,5.0
1904,2,78,4,1,174,2021,Armando Broja,Centre-Forward,Albania,Southampton FC,20,23,,,,32,0,0,1975,6,191.0,9000000.0,22000000.0,13000000.0,9.0,22.0,13.0
1905,2,18,13,50,108,2021,Ademola Lookman,Second Striker,Nigeria,Leicester City,24,27,,,,26,0,0,1453,6,174.0,9000000.0,10000000.0,1000000.0,9.0,10.0,1.0
1906,2,438,7,30,57,2021,Jeffrey Schlupp,Left Midfield,Ghana,Crystal Palace,29,32,,,,32,1,0,1851,4,178.0,8000000.0,8000000.0,0.0,8.0,8.0,0.0
1907,2,198,4,25,43,2021,Danny Welbeck,Centre-Forward,England,Brighton & Hove Albion,31,34,,,,25,2,0,1477,6,185.0,3000000.0,4000000.0,1000000.0,3.0,4.0,1.0
1908,2,403,7,25,22,2021,Jacob Ramsey,Left Midfield,England,Aston Villa,20,23,,,,34,1,0,2468,6,180.0,8000000.0,25000000.0,17000000.0,8.0,25.0,17.0
1909,2,217,8,41,66,2021,Demarai Gray,Left Winger,Jamaica,Everton FC,25,28,,,,34,4,0,2338,5,183.0,15000000.0,22000000.0,7000000.0,15.0,22.0,7.0
1910,2,793,12,25,50,2021,Reece James,Right-Back,England,Chelsea FC,22,25,,,,26,9,0,1865,5,180.0,45000000.0,60000000.0,15000000.0,45.0,60.0,15.0
1911,2,164,11,71,50,2021,Christian Pulisic,Right Winger,United States,Chelsea FC,23,26,,,,22,2,0,1290,6,177.0,45000000.0,42000000.0,-3000000.0,45.0,42.0,-3.0
1912,2,468,2,10,132,2021,Joelinton,Central Midfield,Brazil,Newcastle United,25,28,,,,35,1,0,2558,4,186.0,15000000.0,20000000.0,5000000.0,15.0,20.0,5.0
1913,2,616,8,25,119,2021,Marcus Rashford,Left Winger,England,Manchester United,24,27,,,,25,2,0,1236,4,185.0,85000000.0,60000000.0,-25000000.0,85.0,60.0,-25.0
1914,2,160,4,8,57,2021,Christian Benteke,Centre-Forward,Belgium,Crystal Palace,31,34,,,,25,1,0,1146,4,190.0,7000000.0,6000000.0,-1000000.0,7.0,6.0,-1.0
1915,2,915,8,29,50,2021,Timo Werner,Left Winger,Germany,Chelsea FC,26,28,,,,21,1,0,1283,4,180.0,55000000.0,35000000.0,-20000000.0,55.0,35.0,-20.0
1916,2,828,5,56,202,2021,Ruben Neves,Defensive Midfield,Portugal,Wolverhampton Wanderers,25,27,,,,33,2,0,2660,4,180.0,42000000.0,40000000.0,-2000000.0,42.0,40.0,-2.0
1917,2,69,8,25,66,2021,Anthony Gordon,Left Winger,England,Everton FC,21,23,,,,35,2,0,2285,4,183.0,8000000.0,20000000.0,12000000.0,8.0,20.0,12.0
1918,2,685,8,53,174,2021,Mohamed Elyounoussi,Left Winger,Norway,Southampton FC,27,30,,,,30,2,0,2041,4,178.0,10000000.0,12000000.0,2000000.0,10.0,12.0,2.0
1919,2,354,11,47,50,2021,Hakim Ziyech,Right Winger,Morocco,Chelsea FC,29,31,,,,23,3,0,1319,4,180.0,35000000.0,28000000.0,-7000000.0,35.0,28.0,-7.0
1920,2,612,9,63,50,2021,Marcos Alonso,Left-Back,Spain,Chelsea FC,31,34,,,,28,5,0,2167,4,188.0,15000000.0,12000000.0,-3000000.0,15.0,12.0,-3.0
1921,2,310,2,10,119,2021,Fred,Central Midfield,Brazil,Manchester United,29,31,,,,28,4,0,2028,4,169.0,22000000.0,20000000.0,-2000000.0,22.0,20.0,-2.0
1922,2,530,4,50,108,2021,Kelechi Iheanacho,Centre-Forward,Nigeria,Leicester City,25,28,,,,26,5,0,1264,4,185.0,20000000.0,20000000.0,0.0,20.0,20.0,0.0
1923,2,34,4,27,21,2021,Alexandre Lacazette,Centre-Forward,France,Arsenal FC,30,33,,,,30,7,2,1781,4,175.0,22000000.0,15000000.0,-7000000.0,22.0,15.0,-7.0
1924,2,128,5,10,132,2021,Bruno Guimarces,Defensive Midfield,Brazil,Newcastle United,24,27,,,,17,1,0,1034,5,182.0,30000000.0,40000000.0,10000000.0,30.0,40.0,10.0
1925,2,741,4,25,22,2021,Ollie Watkins,Centre-Forward,England,Aston Villa,26,29,,,,35,2,1,2952,11,180.0,35000000.0,35000000.0,0.0,35.0,35.0,0.0
1926,2,315,3,10,21,2021,Gabriel Magalhces,Centre-Back,Brazil,Arsenal FC,24,27,,,,35,0,0,3064,5,190.0,25000000.0,38000000.0,13000000.0,25.0,38.0,13.0
1927,2,159,4,49,79,2021,Chris Wood,Centre-Forward,New Zealand,For 2 Clubs,30,33,,,,34,0,1,2695,5,191.0,6000000.0,10000000.0,4000000.0,6.0,10.0,4.0
1928,2,259,1,4,22,2021,Emiliano Buendia,Attacking Midfield,Argentina,Aston Villa,25,28,,,,35,6,0,1897,4,172.0,35000000.0,32000000.0,-3000000.0,35.0,32.0,-3.0
1929,2,132,11,25,21,2021,Bukayo Saka,Right Winger,England,Arsenal FC,20,23,,,,38,7,2,2978,11,178.0,65000000.0,65000000.0,0.0,65.0,65.0,0.0
1930,2,130,11,12,41,2021,Bryan Mbeumo,Right Winger,Cameroon,Brentford FC,22,25,,,,35,7,1,2905,4,171.0,16000000.0,22000000.0,6000000.0,16.0,22.0,6.0
1931,2,582,8,15,112,2021,Luis Diaz,Left Winger,Colombia,Liverpool FC,25,28,,,,13,3,0,958,4,180.0,25000000.0,65000000.0,40000000.0,25.0,65.0,40.0
1932,2,193,11,74,79,2021,Daniel James,Right Winger,Wales,For 2 Clubs,24,27,,,,34,4,0,2492,4,171.0,18000000.0,18000000.0,0.0,18.0,18.0,0.0
1933,2,788,8,10,107,2021,Raphinha,Left Winger,Brazil,Leeds United,25,28,,,,35,3,4,2916,11,176.0,32000000.0,45000000.0,13000000.0,32.0,45.0,13.0
1934,2,270,4,53,118,2022,Erling Haaland,Centre-Forward,Norway,Manchester City,22,24,,,,35,8,7,2769,36,195.0,170000000.0,180000000.0,10000000.0,170.0,180.0,10.0
1935,2,616,8,25,119,2022,Marcus Rashford,Left Winger,England,Manchester United,25,27,,,,35,5,0,2880,17,185.0,55000000.0,80000000.0,25000000.0,55.0,80.0,25.0
1936,2,686,11,24,112,2022,Mohamed Salah,Right Winger,Egypt,Liverpool FC,30,32,,,,38,12,2,3290,19,175.0,80000000.0,65000000.0,-15000000.0,80.0,65.0,-15.0
1937,2,741,4,25,22,2022,Ollie Watkins,Centre-Forward,England,Aston Villa,27,29,,,,37,6,1,3127,15,180.0,32000000.0,40000000.0,8000000.0,32.0,40.0,8.0
1938,2,132,11,25,21,2022,Bukayo Saka,Right Winger,England,Arsenal FC,21,23,,,,38,11,2,3181,14,178.0,70000000.0,120000000.0,50000000.0,70.0,120.0,50.0
1939,2,624,1,53,21,2022,Martin odegaard,Attacking Midfield,Norway,Arsenal FC,24,26,,,,37,7,0,3127,15,178.0,50000000.0,90000000.0,40000000.0,50.0,90.0,40.0
1940,2,316,8,10,21,2022,Gabriel Martinelli,Left Winger,Brazil,Arsenal FC,21,23,,,,36,5,0,2789,15,178.0,60000000.0,80000000.0,20000000.0,60.0,80.0,20.0
1941,2,26,4,60,81,2022,Aleksandar Mitrovic,Centre-Forward,Serbia,Fulham FC,28,30,,,,24,1,4,2008,14,189.0,25000000.0,28000000.0,3000000.0,25.0,28.0,3.0
1942,2,359,4,25,188,2022,Harry Kane,Centre-Forward,England,Tottenham Hotspur,29,31,,,,38,3,5,3405,30,188.0,90000000.0,90000000.0,0.0,90.0,90.0,0.0
1943,2,363,8,25,108,2022,Harvey Barnes,Left Winger,England,Leicester City,25,27,,,,34,1,0,2711,13,182.0,32000000.0,35000000.0,3000000.0,32.0,35.0,3.0
1944,2,135,4,25,132,2022,Callum Wilson,Centre-Forward,England,Newcastle United,31,32,,,,31,5,3,1877,18,180.0,18000000.0,16000000.0,-2000000.0,18.0,16.0,-2.0
1945,2,812,4,63,107,2022,Rodrigo,Centre-Forward,Spain,Leeds United,32,33,,,,31,1,1,1935,13,182.0,9000000.0,6000000.0,-3000000.0,9.0,6.0,-3.0
1946,2,313,4,10,21,2022,Gabriel Jesus,Centre-Forward,Brazil,Arsenal FC,26,27,,,,26,6,1,2064,11,175.0,65000000.0,75000000.0,10000000.0,65.0,75.0,10.0
1947,2,391,4,25,41,2022,Ivan Toney,Centre-Forward,England,Brentford FC,27,28,,,,33,4,6,2951,20,185.0,40000000.0,35000000.0,-5000000.0,40.0,35.0,-5.0
1948,2,774,11,25,118,2022,Phil Foden,Right Winger,England,Manchester City,23,24,,,,32,5,0,1842,11,171.0,110000000.0,110000000.0,0.0,110.0,110.0,0.0
1949,2,754,2,29,43,2022,Pascal Gross,Central Midfield,Germany,Brighton & Hove Albion,31,33,,,,37,8,0,3239,9,181.0,8000000.0,8000000.0,0.0,8.0,8.0,0.0
1950,2,778,4,28,50,2022,Pierre-Emerick Aubameyang,Centre-Forward,Gabon,Chelsea FC,33,35,,,,15,0,0,555,1,187.0,12000000.0,4000000.0,-8000000.0,12.0,4.0,-8.0
1951,2,671,11,27,57,2022,Michael Olise,Right Winger,France,Crystal Palace,21,23,,,,37,11,0,2748,2,184.0,22000000.0,38000000.0,16000000.0,22.0,38.0,16.0
1952,2,465,3,12,112,2022,Joel Matip,Centre-Back,Cameroon,Liverpool FC,31,33,,,,14,0,0,1092,1,195.0,16000000.0,12000000.0,-4000000.0,16.0,12.0,-4.0
1953,2,130,11,12,41,2022,Bryan Mbeumo,Right Winger,Cameroon,Brentford FC,23,25,,,,38,8,1,2904,9,171.0,25000000.0,35000000.0,10000000.0,25.0,35.0,10.0
1954,2,418,3,25,57,2022,James Tomkins,Centre-Back,England,Crystal Palace,34,35,,,,6,0,0,338,1,192.0,1000000.0,800000.0,-200000.0,1.0,0.8,-0.2
1955,2,575,11,10,188,2022,Lucas Moura,Right Winger,Brazil,Tottenham Hotspur,30,32,,,,15,0,0,155,1,172.0,15000000.0,6000000.0,-9000000.0,15.0,6.0,-9.0
1956,2,646,12,38,188,2022,Matt Doherty,Right-Back,Ireland,Tottenham Hotspur,31,33,,,,12,0,0,668,1,185.0,12000000.0,5000000.0,-7000000.0,12.0,5.0,-7.0
1957,2,603,8,39,81,2022,Manor Solomon,Left Winger,Israel,Fulham FC,23,25,,,,19,0,0,573,4,170.0,18000000.0,18000000.0,0.0,18.0,18.0,0.0
1958,2,31,4,64,132,2022,Alexander Isak,Centre-Forward,Sweden,Newcastle United,23,25,,,,22,1,2,1521,10,192.0,50000000.0,70000000.0,20000000.0,50.0,70.0,20.0
1959,2,629,1,25,50,2022,Mason Mount,Attacking Midfield,England,Chelsea FC,24,26,,,,24,2,0,1647,3,181.0,75000000.0,60000000.0,-15000000.0,75.0,60.0,-15.0
1960,2,452,13,56,50,2022,Joao Felix,Second Striker,Portugal,Chelsea FC,23,25,,,,16,0,0,941,4,181.0,50000000.0,50000000.0,0.0,50.0,50.0,0.0
1961,2,977,2,8,108,2022,Youri Tielemans,Central Midfield,Belgium,Leicester City,26,27,,,,31,2,1,2344,3,177.0,45000000.0,25000000.0,-20000000.0,45.0,25.0,-20.0
1962,2,840,8,2,199,2022,Said Benrahma,Left Winger,Algeria,West Ham United,27,29,,,,35,3,4,2069,6,172.0,22000000.0,25000000.0,3000000.0,22.0,25.0,3.0
1963,2,198,4,25,43,2022,Danny Welbeck,Centre-Forward,England,Brighton & Hove Albion,32,34,,,,31,4,0,1853,6,185.0,6000000.0,7000000.0,1000000.0,6.0,7.0,1.0
1964,2,574,9,27,22,2022,Lucas Digne,Left-Back,France,Aston Villa,29,31,,,,28,0,0,1503,1,178.0,22000000.0,15000000.0,-7000000.0,22.0,15.0,-7.0
1965,2,541,12,25,132,2022,Kieran Trippier,Right-Back,England,Newcastle United,32,34,,,,38,7,0,3341,1,173.0,13000000.0,11000000.0,-2000000.0,13.0,11.0,-2.0
1966,2,533,12,48,81,2022,Kenny Tete,Right-Back,Netherlands,Fulham FC,27,29,,,,31,5,0,2569,1,180.0,7000000.0,15000000.0,8000000.0,7.0,15.0,8.0
1967,2,772,9,23,43,2022,Pervis Estupinan,Left-Back,Ecuador,Brighton & Hove Albion,25,27,,,,35,6,0,2677,1,175.0,20000000.0,32000000.0,12000000.0,20.0,32.0,12.0
1968,2,975,3,15,66,2022,Yerry Mina,Centre-Back,Colombia,Everton FC,28,30,,,,7,0,0,594,2,195.0,18000000.0,10000000.0,-8000000.0,18.0,10.0,-8.0
1969,2,842,1,25,107,2022,Sam Greenwood,Attacking Midfield,England,Leeds United,21,23,,,,18,2,0,423,1,180.0,3000000.0,5000000.0,2000000.0,3.0,5.0,2.0
1970,2,110,11,11,22,2022,Bertrand Traore,Right Winger,Burkina Faso,Aston Villa,27,29,,,,8,0,0,233,2,181.0,14000000.0,12000000.0,-2000000.0,14.0,12.0,-2.0
1971,2,284,1,56,112,2022,Fabio Carvalho,Attacking Midfield,Portugal,Liverpool FC,20,22,,,,13,0,0,347,2,170.0,15000000.0,16000000.0,1000000.0,15.0,16.0,1.0
1972,2,645,9,72,3,2022,Matias Vina,Left-Back,Uruguay,AFC Bournemouth,25,27,,,,12,0,0,458,2,175.0,6000000.0,8000000.0,2000000.0,6.0,8.0,2.0
1973,2,714,3,47,199,2022,Nayef Aguerd,Centre-Back,Morocco,West Ham United,27,28,,,,18,0,0,1595,2,190.0,25000000.0,35000000.0,10000000.0,25.0,35.0,10.0
1974,2,835,9,25,188,2022,Ryan Sessegnon,Left-Back,England,Tottenham Hotspur,22,24,,,,17,0,0,813,2,178.0,22000000.0,18000000.0,-4000000.0,22.0,18.0,-4.0
1975,2,161,2,21,119,2022,Christian Eriksen,Central Midfield,Denmark,Manchester United,31,32,,,,28,8,0,2048,1,182.0,22000000.0,22000000.0,0.0,22.0,22.0,0.0
1976,2,460,2,50,174,2022,Joe Aribo,Central Midfield,Nigeria,Southampton FC,26,28,,,,21,0,0,1225,2,183.0,15000000.0,11000000.0,-4000000.0,15.0,11.0,-4.0
1977,2,390,8,17,188,2022,Ivan Perisic,Left Winger,Croatia,Tottenham Hotspur,34,35,,,,34,8,0,2108,1,186.0,10000000.0,7000000.0,-3000000.0,10.0,7.0,-3.0
1978,2,636,4,10,202,2022,Matheus Cunha,Centre-Forward,Brazil,Wolverhampton Wanderers,24,25,,,,17,0,0,965,2,183.0,20000000.0,25000000.0,5000000.0,20.0,25.0,5.0
1979,2,549,3,27,199,2022,Kurt Zouma,Centre-Back,France,West Ham United,28,30,,,,25,0,0,1989,2,190.0,32000000.0,22000000.0,-10000000.0,32.0,22.0,-10.0
1980,2,614,3,4,3,2022,Marcos Senesi,Centre-Back,Argentina,AFC Bournemouth,26,27,,,,31,0,0,2491,2,185.0,17000000.0,22000000.0,5000000.0,17.0,22.0,5.0
1981,2,920,2,58,81,2022,Tom Cairney,Central Midfield,Scotland,Fulham FC,32,34,,,,33,0,0,988,2,185.0,3000000.0,2000000.0,-1000000.0,3.0,2.0,-1.0
1982,2,451,12,56,118,2022,Joao Cancelo,Right-Back,Portugal,Manchester City,28,30,,,,17,1,0,1275,2,182.0,70000000.0,50000000.0,-20000000.0,70.0,50.0,-20.0
1983,2,233,4,25,66,2022,Dominic Calvert-Lewin,Centre-Forward,England,Everton FC,26,27,,,,17,1,1,1167,2,189.0,30000000.0,25000000.0,-5000000.0,30.0,25.0,-5.0
1984,2,434,4,27,57,2022,Jean-Philippe Mateta,Centre-Forward,France,Crystal Palace,25,27,,,,29,0,0,770,2,192.0,9000000.0,7000000.0,-2000000.0,9.0,7.0,-2.0
1985,2,256,12,10,188,2022,Emerson Royal,Right-Back,Brazil,Tottenham Hotspur,24,26,,,,26,1,0,1735,2,183.0,30000000.0,20000000.0,-10000000.0,30.0,20.0,-10.0
1986,2,516,3,59,50,2022,Kalidou Koulibaly,Centre-Back,Senegal,Chelsea FC,31,33,,,,23,1,0,1801,2,186.0,35000000.0,15000000.0,-20000000.0,35.0,15.0,-20.0
1987,2,964,3,27,21,2022,William Saliba,Centre-Back,France,Arsenal FC,21,23,,,,27,1,0,2415,2,192.0,40000000.0,65000000.0,25000000.0,40.0,65.0,25.0
1988,2,193,11,74,79,2022,Daniel James,Right Winger,Wales,For 2 Clubs,25,27,,,,24,1,0,817,2,171.0,16000000.0,12000000.0,-4000000.0,16.0,12.0,-4.0
1989,2,428,11,25,199,2022,Jarrod Bowen,Right Winger,England,West Ham United,26,28,,,,38,6,1,3233,6,176.0,42000000.0,38000000.0,-4000000.0,42.0,38.0,-4.0
1990,2,238,2,10,22,2022,Douglas Luiz,Central Midfield,Brazil,Aston Villa,25,26,,,,37,6,0,2927,6,177.0,35000000.0,40000000.0,5000000.0,35.0,40.0,5.0
1991,2,13,1,25,43,2022,Adam Lallana,Attacking Midfield,England,Brighton & Hove Albion,34,36,,,,16,1,0,721,2,172.0,1500000.0,1200000.0,-300000.0,1.5,1.2,-0.3
1992,2,515,4,29,50,2022,Kai Havertz,Centre-Forward,Germany,Chelsea FC,23,25,,,,35,1,1,2569,7,193.0,70000000.0,55000000.0,-15000000.0,70.0,55.0,-15.0
1993,2,234,4,25,3,2022,Dominic Solanke,Centre-Forward,England,AFC Bournemouth,25,27,,,,33,7,0,2860,6,186.0,18000000.0,20000000.0,2000000.0,18.0,20.0,2.0
1994,2,962,8,16,57,2022,Wilfried Zaha,Left Winger,Cote dIvoire,Crystal Palace,30,32,,,,27,2,0,2288,7,180.0,32000000.0,22000000.0,-10000000.0,32.0,22.0,-10.0
1995,2,775,2,21,3,2022,Philip Billing,Central Midfield,Denmark,AFC Bournemouth,26,28,,,,36,1,0,2765,7,193.0,18000000.0,20000000.0,2000000.0,18.0,20.0,2.0
1996,2,518,8,30,174,2022,Kamaldeen Sulemana,Left Winger,Ghana,Southampton FC,21,22,,,,18,1,0,966,2,175.0,18000000.0,22000000.0,4000000.0,18.0,22.0,4.0
1997,2,170,8,48,112,2022,Cody Gakpo,Left Winger,Netherlands,Liverpool FC,24,25,,,,21,3,0,1458,7,193.0,35000000.0,55000000.0,20000000.0,35.0,55.0,20.0
1998,2,242,1,25,66,2022,Dwight McNeil,Attacking Midfield,England,Everton FC,23,25,,,,36,3,0,2497,7,183.0,18000000.0,20000000.0,2000000.0,18.0,20.0,2.0
1999,2,976,4,20,41,2022,Yoane Wissa,Centre-Forward,DR Congo,Brentford FC,26,28,,,,38,3,0,1607,7,176.0,15000000.0,18000000.0,3000000.0,15.0,18.0,3.0
2000,2,519,8,42,43,2022,Kaoru Mitoma,Left Winger,Japan,Brighton & Hove Albion,26,27,,,,33,6,0,2317,7,178.0,3000000.0,32000000.0,29000000.0,3.0,32.0,29.0
2001,2,347,5,65,21,2022,Granit Xhaka,Defensive Midfield,Switzerland,Arsenal FC,30,32,,,,37,7,0,2993,7,186.0,25000000.0,20000000.0,-5000000.0,25.0,20.0,-5.0
2002,2,229,4,56,112,2022,Diogo Jota,Centre-Forward,Portugal,Liverpool FC,26,28,,,,22,4,0,1132,7,178.0,55000000.0,50000000.0,-5000000.0,55.0,50.0,-5.0
2003,2,197,4,25,79,2022,Danny Ings,Centre-Forward,England,For 2 Clubs,30,32,,,,35,2,2,1598,8,177.0,16000000.0,12000000.0,-4000000.0,16.0,12.0,-4.0
2004,2,536,1,8,118,2022,Kevin De Bruyne,Attacking Midfield,Belgium,Manchester City,31,33,,,,32,16,0,2417,7,181.0,80000000.0,70000000.0,-10000000.0,80.0,70.0,-10.0
2005,2,403,7,25,22,2022,Jacob Ramsey,Left Midfield,England,Aston Villa,22,23,,,,35,7,0,2637,6,180.0,28000000.0,42000000.0,14000000.0,28.0,42.0,14.0
2006,2,123,11,74,136,2022,Brennan Johnson,Right Winger,Wales,Nottingham Forest,22,23,,,,38,3,1,2934,8,186.0,20000000.0,38000000.0,18000000.0,20.0,38.0,18.0
2007,2,882,11,25,43,2022,Solly March,Right Winger,England,Brighton & Hove Albion,28,30,,,,33,7,0,2716,7,180.0,12000000.0,22000000.0,10000000.0,12.0,22.0,10.0
2008,2,126,1,56,119,2022,Bruno Fernandes,Attacking Midfield,Portugal,Manchester United,28,30,,,,37,8,2,3316,8,179.0,75000000.0,75000000.0,0.0,75.0,75.0,0.0
2009,2,685,8,53,174,2022,Mohamed Elyounoussi,Left Winger,Norway,Southampton FC,28,30,,,,33,1,0,2168,1,178.0,12000000.0,9000000.0,-3000000.0,12.0,9.0,-3.0
2010,2,690,5,23,43,2022,Moises Caicedo,Defensive Midfield,Ecuador,Brighton & Hove Albion,21,23,,,,37,1,0,3139,1,178.0,25000000.0,75000000.0,50000000.0,25.0,75.0,50.0
2011,2,556,8,8,79,2022,Leandro Trossard,Left Winger,Belgium,For 2 Clubs,28,30,,,,36,12,0,2247,8,172.0,25000000.0,35000000.0,10000000.0,25.0,35.0,10.0
2012,2,202,4,72,112,2022,Darwin Nunez,Centre-Forward,Uruguay,Liverpool FC,23,25,,,,29,3,0,1695,9,187.0,70000000.0,65000000.0,-5000000.0,70.0,65.0,-5.0
2013,2,990,2,29,118,2022,ilkay Gundogan,Central Midfield,Germany,Manchester City,32,34,,,,31,4,0,2353,8,180.0,25000000.0,20000000.0,-5000000.0,25.0,20.0,-5.0
2014,2,417,3,25,66,2022,James Tarkowski,Centre-Back,England,Everton FC,30,32,,,,38,1,0,3420,1,185.0,22000000.0,18000000.0,-4000000.0,22.0,18.0,-4.0
2015,2,503,4,4,118,2022,Julian Alvarez,Centre-Forward,Argentina,Manchester City,23,24,,,,31,0,1,1465,9,170.0,28000000.0,60000000.0,32000000.0,28.0,60.0,32.0
2016,2,669,3,25,66,2022,Michael Keane,Centre-Back,England,Everton FC,30,32,,,,12,2,0,985,1,188.0,16000000.0,10000000.0,-6000000.0,16.0,10.0,-6.0
2017,2,419,2,25,174,2022,James Ward-Prowse,Central Midfield,England,Southampton FC,28,30,,,,38,4,2,3371,9,177.0,35000000.0,38000000.0,3000000.0,35.0,38.0,3.0
2018,2,219,4,29,43,2022,Deniz Undav,Centre-Forward,Germany,Brighton & Hove Albion,26,28,,,,22,0,0,628,5,179.0,6000000.0,10000000.0,4000000.0,6.0,10.0,4.0
2019,2,437,5,15,3,2022,Jefferson Lerma,Defensive Midfield,Colombia,AFC Bournemouth,28,30,,,,37,0,0,3252,5,179.0,15000000.0,20000000.0,5000000.0,15.0,20.0,5.0
2020,2,639,2,56,202,2022,Matheus Nunes,Central Midfield,Portugal,Wolverhampton Wanderers,24,26,,,,34,1,0,2467,1,183.0,45000000.0,45000000.0,0.0,45.0,45.0,0.0
2021,2,286,1,56,21,2022,Fabio Vieira,Attacking Midfield,Portugal,Arsenal FC,22,24,,,,22,2,0,514,1,170.0,30000000.0,25000000.0,-5000000.0,30.0,25.0,-5.0
2022,2,813,5,72,188,2022,Rodrigo Bentancur,Defensive Midfield,Uruguay,Tottenham Hotspur,25,27,,,,18,2,0,1500,5,187.0,35000000.0,40000000.0,5000000.0,35.0,40.0,5.0
2023,2,8,2,45,66,2022,Abdoulaye Doucoure,Central Midfield,Mali,Everton FC,30,32,,,,25,2,0,1534,5,183.0,18000000.0,12000000.0,-6000000.0,18.0,12.0,-6.0
2024,2,585,8,15,107,2022,Luis Sinisterra,Left Winger,Colombia,Leeds United,23,25,,,,19,0,0,869,5,172.0,22000000.0,22000000.0,0.0,22.0,22.0,0.0
2025,2,633,2,17,50,2022,Mateo Kovacic,Central Midfield,Croatia,Chelsea FC,29,30,,,,27,2,0,1707,1,177.0,40000000.0,38000000.0,-2000000.0,40.0,38.0,-2.0
2026,2,863,4,27,174,2022,Sekou Mara,Centre-Forward,France,Southampton FC,20,22,,,,22,2,0,555,1,184.0,12000000.0,10000000.0,-2000000.0,12.0,10.0,-2.0
2027,2,735,9,70,21,2022,Oleksandr Zinchenko,Left-Back,Ukraine,Arsenal FC,26,28,,,,27,2,0,2119,1,175.0,32000000.0,42000000.0,10000000.0,32.0,42.0,10.0
2028,2,259,1,4,22,2022,Emiliano Buendia,Attacking Midfield,Argentina,Aston Villa,26,28,,,,38,2,0,2412,5,172.0,28000000.0,28000000.0,0.0,28.0,28.0,0.0
2029,2,970,3,8,108,2022,Wout Faes,Centre-Back,Belgium,Leicester City,25,26,,,,31,2,0,2787,1,187.0,15000000.0,20000000.0,5000000.0,15.0,20.0,5.0
2030,2,151,4,58,174,2022,Che Adams,Centre-Forward,Scotland,Southampton FC,26,28,,,,28,3,0,1992,5,179.0,22000000.0,20000000.0,-2000000.0,22.0,20.0,-2.0
2031,2,733,4,27,57,2022,Odsonne Edouard,Centre-Forward,France,Crystal Palace,25,27,,,,35,2,0,1803,5,187.0,15000000.0,15000000.0,0.0,15.0,15.0,0.0
2032,2,364,2,25,112,2022,Harvey Elliott,Central Midfield,England,Liverpool FC,20,21,,,,32,2,0,1612,1,170.0,35000000.0,35000000.0,0.0,35.0,35.0,0.0
2033,2,44,5,8,66,2022,Amadou Onana,Defensive Midfield,Belgium,Everton FC,21,23,,,,33,2,0,2487,1,195.0,30000000.0,45000000.0,15000000.0,30.0,45.0,15.0
2034,2,141,4,10,81,2022,Carlos Vinicius,Centre-Forward,Brazil,Fulham FC,28,29,,,,28,2,0,1109,5,190.0,6000000.0,6000000.0,0.0,6.0,6.0,0.0
2035,2,591,9,25,119,2022,Luke Shaw,Left-Back,England,Manchester United,27,29,,,,31,2,0,2552,1,178.0,30000000.0,42000000.0,12000000.0,30.0,42.0,12.0
2036,2,610,5,63,107,2022,Marc Roca,Defensive Midfield,Spain,Leeds United,26,28,,,,32,2,0,2316,1,184.0,12000000.0,10000000.0,-2000000.0,12.0,10.0,-2.0
2037,2,673,4,41,199,2022,Michail Antonio,Centre-Forward,Jamaica,West Ham United,33,34,,,,33,3,0,1830,5,180.0,9000000.0,7000000.0,-2000000.0,9.0,7.0,-2.0
2038,2,617,7,25,3,2022,Marcus Tavernier,Left Midfield,England,AFC Bournemouth,24,25,,,,23,4,0,1743,5,178.0,10000000.0,17000000.0,7000000.0,10.0,17.0,7.0
2039,2,395,8,25,118,2022,Jack Grealish,Left Winger,England,Manchester City,27,29,,,,28,7,0,2055,5,180.0,70000000.0,75000000.0,5000000.0,70.0,75.0,5.0
2040,2,965,8,10,81,2022,Willian,Left Winger,Brazil,Fulham FC,34,36,,,,27,5,0,2126,5,175.0,4000000.0,3000000.0,-1000000.0,4.0,3.0,-1.0
2041,2,642,2,21,41,2022,Mathias Jensen,Central Midfield,Denmark,Brentford FC,27,29,,,,37,6,0,2804,5,180.0,12000000.0,22000000.0,10000000.0,12.0,22.0,10.0
2042,2,474,2,58,22,2022,John McGinn,Central Midfield,Scotland,Aston Villa,28,30,,,,34,3,0,2694,1,178.0,30000000.0,27000000.0,-3000000.0,30.0,27.0,-3.0
2043,2,530,4,50,108,2022,Kelechi Iheanacho,Centre-Forward,Nigeria,Leicester City,26,28,,,,28,5,1,1127,5,185.0,17000000.0,18000000.0,1000000.0,17.0,18.0,1.0
2044,2,228,12,56,119,2022,Diogo Dalot,Right-Back,Portugal,Manchester United,24,25,,,,26,2,0,2154,1,183.0,28000000.0,40000000.0,12000000.0,28.0,40.0,12.0
2045,2,191,8,11,3,2022,Dango Ouattara,Left Winger,Burkina Faso,AFC Bournemouth,21,22,,,,19,3,0,1241,1,177.0,7000000.0,25000000.0,18000000.0,7.0,25.0,18.0
2046,2,935,3,25,22,2022,Tyrone Mings,Centre-Back,England,Aston Villa,30,31,,,,35,2,0,3150,1,196.0,25000000.0,22000000.0,-3000000.0,25.0,22.0,-3.0
2047,2,803,11,2,118,2022,Riyad Mahrez,Right Winger,Algeria,Manchester City,32,33,,,,30,10,1,1921,5,179.0,30000000.0,20000000.0,-10000000.0,30.0,20.0,-10.0
2048,2,122,1,71,107,2022,Brenden Aaronson,Attacking Midfield,United States,Leeds United,22,24,,,,36,3,0,2371,1,177.0,30000000.0,25000000.0,-5000000.0,30.0,25.0,-5.0
2049,2,691,1,25,79,2022,Morgan Gibbs-White,Attacking Midfield,England,For 2 Clubs,23,25,,,,37,8,2,3152,5,171.0,25000000.0,40000000.0,15000000.0,25.0,40.0,15.0
2050,2,282,3,65,132,2022,Fabian Schar,Centre-Back,Switzerland,Newcastle United,31,33,,,,36,3,0,3206,1,186.0,9000000.0,10000000.0,1000000.0,9.0,10.0,1.0
2051,2,195,11,56,202,2022,Daniel Podence,Right Winger,Portugal,Wolverhampton Wanderers,27,29,,,,32,0,0,1771,6,170.0,20000000.0,20000000.0,0.0,20.0,20.0,0.0
2052,2,275,4,38,43,2022,Evan Ferguson,Centre-Forward,Ireland,Brighton & Hove Albion,18,20,,,,19,2,0,949,6,188.0,1000000.0,30000000.0,29000000.0,1.0,30.0,29.0
2053,2,396,11,25,107,2022,Jack Harrison,Right Winger,England,Leeds United,26,28,,,,36,7,0,2708,5,175.0,28000000.0,22000000.0,-6000000.0,28.0,22.0,-6.0
2054,2,163,5,21,41,2022,Christian Norgaard,Defensive Midfield,Denmark,Brentford FC,29,30,,,,22,4,0,1763,1,187.0,14000000.0,16000000.0,2000000.0,14.0,16.0,2.0
2055,2,799,4,10,188,2022,Richarlison,Centre-Forward,Brazil,Tottenham Hotspur,26,27,,,,27,4,0,1010,1,184.0,50000000.0,48000000.0,-2000000.0,50.0,48.0,-2.0
2056,2,861,2,25,132,2022,Sean Longstaff,Central Midfield,England,Newcastle United,25,27,,,,33,4,0,2518,1,187.0,15000000.0,25000000.0,10000000.0,15.0,25.0,10.0
2057,2,70,4,27,119,2022,Anthony Martial,Centre-Forward,France,Manchester United,27,29,,,,21,2,1,979,6,181.0,15000000.0,15000000.0,0.0,15.0,15.0,0.0
2058,2,828,5,56,202,2022,Ruben Neves,Defensive Midfield,Portugal,Wolverhampton Wanderers,26,27,,,,35,1,3,3020,6,180.0,40000000.0,40000000.0,0.0,40.0,40.0,0.0
2059,2,468,2,10,132,2022,Joelinton,Central Midfield,Brazil,Newcastle United,26,28,,,,32,2,0,2661,6,186.0,28000000.0,42000000.0,14000000.0,28.0,42.0,14.0
2060,2,405,8,25,119,2022,Jadon Sancho,Left Winger,England,Manchester United,23,24,,,,26,3,0,1687,6,180.0,60000000.0,45000000.0,-15000000.0,60.0,45.0,-15.0
2061,2,159,4,49,79,2022,Chris Wood,Centre-Forward,New Zealand,For 2 Clubs,31,33,,,,25,0,1,819,3,191.0,10000000.0,8000000.0,-2000000.0,10.0,8.0,-2.0
2062,2,41,8,27,132,2022,Allan Saint-Maximin,Left Winger,France,Newcastle United,26,27,,,,25,5,0,1119,1,173.0,40000000.0,32000000.0,-8000000.0,40.0,32.0,-8.0
2063,2,314,3,10,21,2022,Gabriel Magalhaes,Centre-Back,Brazil,Arsenal FC,25,27,,,,38,0,0,3409,3,190.0,40000000.0,55000000.0,15000000.0,40.0,55.0,15.0
2064,2,912,5,30,21,2022,Thomas Partey,Defensive Midfield,Ghana,Arsenal FC,29,31,,,,33,0,0,2483,3,185.0,38000000.0,35000000.0,-3000000.0,38.0,35.0,-3.0
2065,2,785,11,25,50,2022,Raheem Sterling,Right Winger,England,Chelsea FC,28,30,,,,28,3,0,1890,6,170.0,70000000.0,55000000.0,-15000000.0,70.0,55.0,-15.0
2066,2,337,4,40,199,2022,Gianluca Scamacca,Centre-Forward,Italy,West Ham United,24,26,,,,16,0,0,926,3,195.0,30000000.0,22000000.0,-8000000.0,30.0,22.0,-8.0
2067,2,274,3,41,41,2022,Ethan Pinnock,Centre-Back,Jamaica,Brentford FC,29,31,,,,30,0,0,2700,3,194.0,12000000.0,14000000.0,2000000.0,12.0,14.0,2.0
2068,2,455,5,56,81,2022,Joao Palhinha,Defensive Midfield,Portugal,Fulham FC,27,29,,,,35,0,0,3108,3,190.0,28000000.0,40000000.0,12000000.0,28.0,40.0,12.0
2069,2,185,2,25,112,2022,Curtis Jones,Central Midfield,England,Liverpool FC,22,24,,,,18,1,0,1035,3,185.0,25000000.0,25000000.0,0.0,25.0,25.0,0.0
2070,2,406,8,25,3,2022,Jaidon Anthony,Left Winger,England,AFC Bournemouth,23,25,,,,30,1,0,1258,3,183.0,5000000.0,9000000.0,4000000.0,5.0,9.0,4.0
2071,2,367,4,43,202,2022,Hee-chan Hwang,Centre-Forward,"Korea, South",Wolverhampton Wanderers,27,29,,,,27,1,0,1130,3,177.0,12000000.0,12000000.0,0.0,12.0,12.0,0.0
2072,2,790,12,21,107,2022,Rasmus Kristensen,Right-Back,Denmark,Leeds United,25,27,,,,26,1,0,1960,3,187.0,15000000.0,13000000.0,-2000000.0,15.0,13.0,-2.0
2073,2,948,3,48,112,2022,Virgil van Dijk,Centre-Back,Netherlands,Liverpool FC,31,33,,,,32,1,0,2835,3,195.0,50000000.0,35000000.0,-15000000.0,50.0,35.0,-15.0
2074,2,23,8,4,119,2022,Alejandro Garnacho,Left Winger,Argentina,Manchester United,18,20,,,,19,2,0,568,3,180.0,2000000.0,25000000.0,23000000.0,2.0,25.0,23.0
2075,2,750,1,63,199,2022,Pablo Fornals,Attacking Midfield,Spain,West Ham United,27,28,,,,32,1,0,1502,3,178.0,25000000.0,22000000.0,-3000000.0,25.0,22.0,-3.0
2076,2,196,5,10,136,2022,Danilo,Defensive Midfield,Brazil,Nottingham Forest,22,23,,,,13,2,0,976,3,177.0,25000000.0,28000000.0,3000000.0,25.0,28.0,3.0
2077,2,950,5,29,41,2022,Vitaly Janelt,Defensive Midfield,Germany,Brentford FC,25,26,,,,35,1,0,2210,3,184.0,16000000.0,20000000.0,4000000.0,16.0,20.0,4.0
2078,2,176,2,25,50,2022,Conor Gallagher,Central Midfield,England,Chelsea FC,23,24,,,,35,1,0,1623,3,182.0,30000000.0,32000000.0,2000000.0,30.0,32.0,2.0
2079,2,438,7,30,57,2022,Jeffrey Schlupp,Left Midfield,Ghana,Crystal Palace,30,32,,,,34,1,0,2532,3,178.0,8000000.0,7000000.0,-1000000.0,8.0,7.0,-1.0
2080,2,69,8,25,79,2022,Anthony Gordon,Left Winger,England,For 2 Clubs,22,23,,,,32,0,0,1583,4,183.0,40000000.0,38000000.0,-2000000.0,40.0,38.0,-2.0
2081,2,794,11,25,21,2022,Reiss Nelson,Right Winger,England,Arsenal FC,23,25,,,,11,2,0,212,3,175.0,7000000.0,12000000.0,5000000.0,7.0,12.0,5.0
2082,2,101,3,25,41,2022,Ben Mee,Centre-Back,England,Brentford FC,33,35,,,,37,2,0,3269,3,180.0,1800000.0,2000000.0,200000.0,1.8,2.0,0.2
2083,2,538,4,74,3,2022,Kieffer Moore,Centre-Forward,Wales,AFC Bournemouth,30,32,,,,27,0,0,1278,4,196.0,4000000.0,4000000.0,0.0,4.0,4.0,0.0
2084,2,770,12,63,188,2022,Pedro Porro,Right-Back,Spain,Tottenham Hotspur,23,25,,,,15,3,0,1131,3,173.0,25000000.0,40000000.0,15000000.0,25.0,40.0,15.0
2085,2,358,2,25,81,2022,Harrison Reed,Central Midfield,England,Fulham FC,28,30,,,,37,4,0,2866,3,181.0,15000000.0,18000000.0,3000000.0,15.0,18.0,3.0
2086,2,422,4,25,108,2022,Jamie Vardy,Centre-Forward,England,Leicester City,36,38,,,,37,4,0,1858,3,179.0,4000000.0,2500000.0,-1500000.0,4.0,2.5,-1.5
2087,2,463,2,25,132,2022,Joe Willock,Central Midfield,England,Newcastle United,23,25,,,,35,6,0,2558,3,186.0,25000000.0,38000000.0,13000000.0,25.0,38.0,13.0
2088,2,245,4,25,21,2022,Eddie Nketiah,Centre-Forward,England,Arsenal FC,23,25,,,,30,1,0,1089,4,175.0,18000000.0,25000000.0,7000000.0,18.0,25.0,7.0
2089,2,115,11,41,81,2022,Bobby De Cordova-Reid,Right Winger,Jamaica,Fulham FC,30,31,,,,36,1,0,2476,4,170.0,7000000.0,7000000.0,0.0,7.0,7.0,0.0
2090,2,217,8,41,66,2022,Demarai Gray,Left Winger,Jamaica,Everton FC,26,28,,,,33,1,2,2506,4,183.0,20000000.0,20000000.0,0.0,20.0,20.0,0.0
2091,2,582,8,15,112,2022,Luis Diaz,Left Winger,Colombia,Liverpool FC,26,28,,,,17,2,0,996,4,180.0,75000000.0,75000000.0,0.0,75.0,75.0,0.0
2092,2,139,2,4,174,2022,Carlos Alcaraz,Central Midfield,Argentina,Southampton FC,20,22,,,,18,2,0,1029,4,183.0,8500000.0,15000000.0,6500000.0,8.5,15.0,6.5
2093,2,182,8,48,107,2022,Crysencio Summerville,Left Winger,Netherlands,Leeds United,21,23,,,,28,2,0,1426,4,174.0,3000000.0,15000000.0,12000000.0,3.0,15.0,12.0
2094,2,491,2,25,41,2022,Josh Dasilva,Central Midfield,England,Brentford FC,24,26,,,,36,2,0,1389,4,184.0,9000000.0,16000000.0,7000000.0,9.0,16.0,7.0
2095,2,213,2,25,199,2022,Declan Rice,Central Midfield,England,West Ham United,24,26,,,,37,2,0,3273,4,188.0,80000000.0,90000000.0,10000000.0,80.0,90.0,10.0
2096,2,144,5,10,119,2022,Casemiro,Defensive Midfield,Brazil,Manchester United,31,32,,,,28,3,0,2127,4,185.0,50000000.0,40000000.0,-10000000.0,50.0,40.0,-10.0
2097,2,756,4,25,107,2022,Patrick Bamford,Centre-Forward,England,Leeds United,29,31,,,,28,2,0,1515,4,185.0,14000000.0,9000000.0,-5000000.0,14.0,9.0,-5.0
2098,2,505,1,54,43,2022,Julio Enciso,Attacking Midfield,Paraguay,Brighton & Hove Albion,19,21,,,,20,2,0,806,4,173.0,11000000.0,22000000.0,11000000.0,11.0,22.0,11.0
2099,2,484,4,30,57,2022,Jordan Ayew,Centre-Forward,Ghana,Crystal Palace,31,33,,,,38,3,0,2715,4,182.0,6000000.0,5000000.0,-1000000.0,6.0,5.0,-1.0
2100,2,402,11,25,132,2022,Jacob Murphy,Right Winger,England,Newcastle United,28,29,,,,36,2,0,1252,4,179.0,7000000.0,15000000.0,8000000.0,7.0,15.0,8.0
2101,2,75,11,10,119,2022,Antony,Right Winger,Brazil,Manchester United,23,24,,,,25,2,0,1802,4,172.0,75000000.0,60000000.0,-15000000.0,75.0,60.0,-15.0
2102,2,577,1,10,199,2022,Lucas Paqueta,Attacking Midfield,Brazil,West Ham United,25,27,,,,28,3,1,2153,4,180.0,45000000.0,45000000.0,0.0,45.0,45.0,0.0
2103,2,761,4,75,108,2022,Patson Daka,Centre-Forward,Zambia,Leicester City,24,26,,,,30,4,0,1186,4,183.0,20000000.0,18000000.0,-2000000.0,20.0,18.0,-2.0
2104,2,779,5,21,188,2022,Pierre-Emile Hojbjerg,Defensive Midfield,Denmark,Tottenham Hotspur,27,29,,,,35,5,0,3131,4,185.0,42000000.0,45000000.0,3000000.0,42.0,45.0,3.0
2105,2,589,12,25,107,2022,Luke Ayling,Right-Back,England,Leeds United,31,33,,,,29,1,0,2054,2,183.0,3000000.0,1800000.0,-1200000.0,3.0,1.8,-1.2
2106,2,557,11,41,22,2022,Leon Bailey,Right Winger,Jamaica,Aston Villa,25,27,,,,33,4,0,1968,4,178.0,25000000.0,28000000.0,3000000.0,25.0,28.0,3.0
2107,2,127,5,10,132,2022,Bruno Guimaraes,Defensive Midfield,Brazil,Newcastle United,25,27,,,,32,5,0,2726,4,182.0,50000000.0,70000000.0,20000000.0,50.0,70.0,20.0
2108,2,54,1,10,81,2022,Andreas Pereira,Attacking Midfield,Brazil,Fulham FC,27,29,,,,33,6,1,2692,4,178.0,7000000.0,18000000.0,11000000.0,7.0,18.0,11.0
2109,2,755,3,48,107,2022,Pascal Struijk,Centre-Back,Netherlands,Leeds United,23,25,,,,29,1,0,2199,2,190.0,18000000.0,18000000.0,0.0,18.0,18.0,0.0
2110,2,109,1,56,118,2022,Bernardo Silva,Attacking Midfield,Portugal,Manchester City,28,30,,,,34,5,0,2204,4,173.0,80000000.0,80000000.0,0.0,80.0,80.0,0.0
2111,2,487,5,40,79,2022,Jorginho,Defensive Midfield,Italy,For 2 Clubs,31,33,,,,32,1,2,2133,2,178.0,35000000.0,25000000.0,-10000000.0,35.0,25.0,-10.0
2112,2,268,3,25,188,2022,Eric Dier,Centre-Back,England,Tottenham Hotspur,29,31,,,,33,1,0,2817,2,191.0,30000000.0,18000000.0,-12000000.0,30.0,18.0,-12.0
2113,2,16,11,63,202,2022,Adama Traore,Right Winger,Spain,Wolverhampton Wanderers,27,29,,,,34,1,0,1494,2,178.0,15000000.0,10000000.0,-5000000.0,15.0,10.0,-5.0
2114,2,10,4,25,174,2022,Adam Armstrong,Centre-Forward,England,Southampton FC,26,27,,,,30,1,0,1336,2,173.0,15000000.0,10000000.0,-5000000.0,15.0,10.0,-5.0
2115,2,261,4,50,136,2022,Emmanuel Dennis,Centre-Forward,Nigeria,Nottingham Forest,25,27,,,,19,2,0,722,2,175.0,12000000.0,8000000.0,-4000000.0,12.0,8.0,-4.0
2116,2,97,9,25,50,2022,Ben Chilwell,Left-Back,England,Chelsea FC,26,28,,,,23,2,0,1410,2,180.0,38000000.0,35000000.0,-3000000.0,38.0,35.0,-3.0
2117,2,819,9,27,174,2022,Romain Perraud,Left-Back,France,Southampton FC,25,27,,,,29,2,0,1835,2,173.0,10000000.0,12000000.0,2000000.0,10.0,12.0,2.0
2118,2,475,3,25,118,2022,John Stones,Centre-Back,England,Manchester City,29,30,,,,23,2,0,1846,2,188.0,30000000.0,40000000.0,10000000.0,30.0,40.0,10.0
2119,2,889,2,58,174,2022,Stuart Armstrong,Central Midfield,Scotland,Southampton FC,31,32,,,,32,1,0,1407,2,183.0,6000000.0,4500000.0,-1500000.0,6.0,4.5,-1.5
2120,2,310,2,10,119,2022,Fred,Central Midfield,Brazil,Manchester United,30,31,,,,35,2,0,1249,2,169.0,20000000.0,20000000.0,0.0,20.0,20.0,0.0
2121,2,542,2,25,108,2022,Kiernan Dewsbury-Hall,Central Midfield,England,Leicester City,24,26,,,,31,2,0,2308,2,176.0,15000000.0,25000000.0,10000000.0,15.0,25.0,10.0
2122,2,906,11,25,174,2022,Theo Walcott,Right Winger,England,Southampton FC,34,35,,,,20,2,0,1129,2,175.0,1800000.0,1000000.0,-800000.0,1.8,1.0,-0.8
2123,2,961,11,40,107,2022,Wilfried Gnonto,Right Winger,Italy,Leeds United,19,21,,,,24,4,0,1354,2,170.0,10000000.0,18000000.0,8000000.0,10.0,18.0,8.0
2124,2,98,3,74,188,2022,Ben Davies,Centre-Back,Wales,Tottenham Hotspur,30,31,,,,31,2,0,2288,2,181.0,20000000.0,15000000.0,-5000000.0,20.0,15.0,-5.0
2125,2,103,12,25,21,2022,Ben White,Right-Back,England,Arsenal FC,25,27,,,,38,5,0,3054,2,186.0,45000000.0,55000000.0,10000000.0,45.0,55.0,10.0
2126,2,811,5,63,118,2022,Rodri,Defensive Midfield,Spain,Manchester City,26,28,,,,36,6,0,2911,2,191.0,80000000.0,90000000.0,10000000.0,80.0,90.0,10.0
2127,2,362,11,74,81,2022,Harry Wilson,Right Winger,Wales,Fulham FC,26,27,,,,29,3,0,1100,2,173.0,17000000.0,16000000.0,-1000000.0,17.0,16.0,-1.0
2128,2,925,5,19,199,2022,Tomas Soucek,Defensive Midfield,Czech Republic,West Ham United,28,29,,,,36,3,0,2815,2,192.0,45000000.0,35000000.0,-10000000.0,45.0,35.0,-10.0
2129,2,928,12,25,112,2022,Trent Alexander-Arnold,Right-Back,England,Liverpool FC,24,26,,,,37,9,0,2923,2,175.0,70000000.0,65000000.0,-5000000.0,70.0,65.0,-5.0
2130,2,215,1,64,188,2022,Dejan Kulusevski,Attacking Midfield,Sweden,Tottenham Hotspur,23,24,,,,30,7,0,2067,2,186.0,50000000.0,50000000.0,0.0,50.0,50.0,0.0
2131,2,28,8,50,66,2022,Alex Iwobi,Left Winger,Nigeria,Everton FC,27,28,,,,38,7,0,3378,2,183.0,22000000.0,28000000.0,6000000.0,22.0,28.0,6.0
2132,2,88,9,25,22,2022,Ashley Young,Left-Back,England,Aston Villa,37,39,,,,29,0,0,2036,1,175.0,1000000.0,600000.0,-400000.0,1.0,0.6,-0.4
2133,2,822,5,8,174,2022,Romeo Lavia,Defensive Midfield,Belgium,Southampton FC,19,21,,,,29,0,0,2221,1,181.0,25000000.0,32000000.0,7000000.0,25.0,32.0,7.0
2134,2,916,12,8,108,2022,Timothy Castagne,Right-Back,Belgium,Leicester City,27,29,,,,37,3,0,3254,2,185.0,28000000.0,25000000.0,-3000000.0,28.0,25.0,-3.0
2135,2,716,12,74,136,2022,Neco Williams,Right-Back,Wales,Nottingham Forest,22,23,,,,31,0,0,1883,1,183.0,15000000.0,20000000.0,5000000.0,15.0,20.0,5.0
2136,2,464,3,25,136,2022,Joe Worrall,Centre-Back,England,Nottingham Forest,26,28,,,,30,0,0,2224,1,190.0,10000000.0,12000000.0,2000000.0,10.0,12.0,2.0
2137,2,467,12,25,57,2022,Joel Ward,Right-Back,England,Crystal Palace,33,35,,,,28,0,0,2256,1,186.0,2000000.0,1200000.0,-800000.0,2.0,1.2,-0.8
2138,2,450,3,21,57,2022,Joachim Andersen,Centre-Back,Denmark,Crystal Palace,26,28,,,,32,0,0,2782,1,192.0,28000000.0,30000000.0,2000000.0,28.0,30.0,2.0
2139,2,914,3,71,81,2022,Tim Ream,Centre-Back,United States,Fulham FC,35,37,,,,33,0,0,2898,1,186.0,800000.0,1000000.0,200000.0,0.8,1.0,0.2
2140,2,552,12,25,174,2022,Kyle Walker-Peters,Right-Back,England,Southampton FC,26,27,,,,31,0,0,2650,1,173.0,25000000.0,25000000.0,0.0,25.0,25.0,0.0
2141,2,78,4,1,50,2022,Armando Broja,Centre-Forward,Albania,Chelsea FC,21,23,,,,12,1,0,294,1,191.0,25000000.0,28000000.0,3000000.0,25.0,28.0,3.0
2142,2,561,3,25,43,2022,Lewis Dunk,Centre-Back,England,Brighton & Hove Albion,31,33,,,,36,0,0,3239,1,192.0,18000000.0,16000000.0,-2000000.0,18.0,16.0,-2.0
2143,2,797,12,56,108,2022,Ricardo Pereira,Right-Back,Portugal,Leicester City,29,31,,,,10,1,0,454,1,175.0,18000000.0,10000000.0,-8000000.0,18.0,10.0,-8.0
2144,2,188,3,25,132,2022,Dan Burn,Centre-Back,England,Newcastle United,31,32,,,,38,0,0,3111,1,201.0,12000000.0,10000000.0,-2000000.0,12.0,10.0,-2.0
2145,2,287,1,4,43,2022,Facundo Buonanotte,Attacking Midfield,Argentina,Brighton & Hove Albion,18,20,,,,13,1,0,564,1,174.0,6000000.0,12000000.0,6000000.0,6.0,12.0,6.0
2146,2,343,8,56,202,2022,Goncalo Guedes,Left Winger,Portugal,Wolverhampton Wanderers,26,28,,,,13,1,0,707,1,179.0,35000000.0,23000000.0,-12000000.0,35.0,23.0,-12.0
2147,2,608,3,25,57,2022,Marc Guehi,Centre-Back,England,Crystal Palace,22,24,,,,37,0,0,3329,1,182.0,35000000.0,35000000.0,0.0,35.0,35.0,0.0
2148,2,793,12,25,50,2022,Reece James,Right-Back,England,Chelsea FC,23,25,,,,16,1,0,1244,1,180.0,70000000.0,65000000.0,-5000000.0,70.0,65.0,-5.0
2149,2,593,3,10,174,2022,Lyanco,Centre-Back,Brazil,Southampton FC,26,27,,,,21,1,0,1180,1,187.0,4000000.0,3500000.0,-500000.0,4.0,3.5,-0.5
2150,2,175,3,25,79,2022,Conor Coady,Centre-Back,England,For 2 Clubs,30,31,,,,24,1,0,2095,1,185.0,18000000.0,12000000.0,-6000000.0,18.0,12.0,-6.0
2151,2,963,2,25,57,2022,Will Hughes,Central Midfield,England,Crystal Palace,28,29,,,,27,1,0,842,1,185.0,5000000.0,5000000.0,0.0,5.0,5.0,0.0
2152,2,164,11,71,50,2022,Christian Pulisic,Right Winger,United States,Chelsea FC,24,26,,,,24,1,0,820,1,177.0,38000000.0,25000000.0,-13000000.0,38.0,25.0,-13.0
2153,2,745,5,8,136,2022,Orel Mangala,Defensive Midfield,Belgium,Nottingham Forest,25,26,,,,27,1,0,1549,1,178.0,12000000.0,16000000.0,4000000.0,12.0,16.0,4.0
2154,2,606,10,25,108,2022,Marc Albrighton,Right Midfield,England,Leicester City,33,35,,,,6,0,0,237,1,175.0,2000000.0,1000000.0,-1000000.0,2.0,1.0,-1.0
2155,2,507,9,22,107,2022,Junior Firpo,Left-Back,Dominican Republic,Leeds United,26,28,,,,19,1,0,1369,1,184.0,12000000.0,10000000.0,-2000000.0,12.0,10.0,-2.0
2156,2,81,8,48,188,2022,Arnaut Danjuma,Left Winger,Netherlands,Tottenham Hotspur,26,27,,,,9,0,0,169,1,178.0,35000000.0,25000000.0,-10000000.0,35.0,25.0,-10.0
2157,2,605,1,4,199,2022,Manuel Lanzini,Attacking Midfield,Argentina,West Ham United,30,31,,,,10,0,0,251,1,170.0,10000000.0,6000000.0,-4000000.0,10.0,6.0,-4.0
2158,2,181,4,56,119,2022,Cristiano Ronaldo,Centre-Forward,Portugal,Manchester United,37,39,,,,10,0,0,525,1,188.0,20000000.0,15000000.0,-5000000.0,20.0,15.0,-5.0
2159,2,408,3,55,21,2022,Jakub Kiwior,Centre-Back,Poland,Arsenal FC,23,24,,,,7,0,0,427,1,189.0,6000000.0,25000000.0,19000000.0,6.0,25.0,19.0
2160,2,884,5,63,112,2022,Stefan Bajcetic,Defensive Midfield,Spain,Liverpool FC,18,20,,,,11,0,0,528,1,185.0,1000000.0,13000000.0,12000000.0,1.0,13.0,12.0
2161,2,466,12,48,43,2022,Joel Veltman,Right-Back,Netherlands,Brighton & Hove Albion,31,33,,,,31,1,0,2188,1,184.0,10000000.0,10000000.0,0.0,10.0,10.0,0.0
2162,2,29,2,25,112,2022,Alex Oxlade-Chamberlain,Central Midfield,England,Liverpool FC,29,31,,,,9,0,0,335,1,180.0,13000000.0,7000000.0,-6000000.0,13.0,7.0,-6.0
2163,2,989,3,68,108,2022,caglar Soyuncu,Centre-Back,Turkiye,Leicester City,26,28,,,,7,0,0,529,1,185.0,28000000.0,15000000.0,-13000000.0,28.0,15.0,-13.0
2164,2,831,2,58,3,2022,Ryan Christie,Central Midfield,Scotland,AFC Bournemouth,28,29,,,,32,1,0,1834,1,178.0,9000000.0,10000000.0,1000000.0,9.0,10.0,1.0
2165,2,107,3,27,50,2022,Benoit Badiashile,Centre-Back,France,Chelsea FC,22,23,,,,11,0,0,905,1,194.0,40000000.0,40000000.0,0.0,40.0,40.0,0.0
2166,2,677,11,54,132,2022,Miguel Almiron,Right Winger,Paraguay,Newcastle United,29,30,,,,34,2,0,2490,11,174.0,18000000.0,32000000.0,14000000.0,18.0,32.0,14.0
2167,2,72,11,30,3,2022,Antoine Semenyo,Right Winger,Ghana,AFC Bournemouth,23,25,,,,11,0,0,258,1,185.0,3000000.0,9000000.0,6000000.0,3.0,9.0,6.0
2168,2,730,11,25,50,2022,Noni Madueke,Right Winger,England,Chelsea FC,21,22,,,,12,0,0,643,1,182.0,15000000.0,30000000.0,15000000.0,15.0,30.0,15.0
2169,2,780,3,64,41,2022,Pontus Jansson,Centre-Back,Sweden,Brentford FC,32,33,,,,12,0,0,723,1,196.0,5000000.0,2500000.0,-2500000.0,5.0,2.5,-2.5
2170,2,453,2,10,202,2022,Joao Gomes,Central Midfield,Brazil,Wolverhampton Wanderers,22,23,,,,11,0,0,653,1,176.0,10000000.0,18000000.0,8000000.0,10.0,18.0,8.0
2171,2,804,3,25,21,2022,Rob Holding,Centre-Back,England,Arsenal FC,27,29,,,,14,0,0,566,1,189.0,10000000.0,8000000.0,-2000000.0,10.0,8.0,-2.0
2172,2,751,11,63,202,2022,Pablo Sarabia,Right Winger,Spain,Wolverhampton Wanderers,31,32,,,,13,0,0,765,1,174.0,22000000.0,14000000.0,-8000000.0,22.0,14.0,-8.0
2173,2,564,2,25,136,2022,Lewis OBrien,Central Midfield,England,Nottingham Forest,24,26,,,,13,0,0,584,1,173.0,8000000.0,,-8000000.0,8.0,0.0,-8.0
2174,2,483,12,63,202,2022,Jonny Otto,Right-Back,Spain,Wolverhampton Wanderers,29,30,,,,18,0,0,1261,1,175.0,17000000.0,13000000.0,-4000000.0,17.0,13.0,-4.0
2175,2,904,11,10,108,2022,Tete,Right Winger,Brazil,Leicester City,23,24,,,,13,0,0,733,1,175.0,28000000.0,25000000.0,-3000000.0,28.0,25.0,-3.0
2176,2,958,3,27,79,2022,Wesley Fofana,Centre-Back,France,For 2 Clubs,22,24,,,,17,0,0,1363,1,185.0,65000000.0,55000000.0,-10000000.0,65.0,55.0,-10.0
2177,2,239,3,17,174,2022,Duje Caleta-Car,Centre-Back,Croatia,Southampton FC,26,28,,,,13,0,0,946,1,193.0,14000000.0,11000000.0,-3000000.0,14.0,11.0,-3.0
2178,2,776,1,10,22,2022,Philippe Coutinho,Attacking Midfield,Brazil,Aston Villa,30,32,,,,20,0,0,786,1,172.0,18000000.0,10000000.0,-8000000.0,18.0,10.0,-8.0
2179,2,255,9,40,199,2022,Emerson,Left-Back,Italy,West Ham United,28,30,,,,22,0,0,1321,1,176.0,15000000.0,12000000.0,-3000000.0,15.0,12.0,-3.0
2180,2,927,3,56,202,2022,Toti,Centre-Back,Portugal,Wolverhampton Wanderers,24,26,,,,17,0,0,984,1,187.0,2500000.0,6000000.0,3500000.0,2.5,6.0,3.5
2181,2,792,9,2,202,2022,Rayan Ait-Nouri,Left-Back,Algeria,Wolverhampton Wanderers,21,23,,,,21,0,0,1077,1,180.0,22000000.0,22000000.0,0.0,22.0,22.0,0.0
2182,2,707,5,59,108,2022,Nampalys Mendy,Defensive Midfield,Senegal,Leicester City,30,32,,,,19,0,0,756,1,168.0,3500000.0,2500000.0,-1000000.0,3.5,2.5,-1.0
2183,2,565,3,58,107,2022,Liam Cooper,Centre-Back,Scotland,Leeds United,31,33,,,,18,0,0,1426,1,186.0,5000000.0,3000000.0,-2000000.0,5.0,3.0,-2.0
2184,2,843,4,25,136,2022,Sam Surridge,Centre-Forward,England,Nottingham Forest,24,26,,,,20,0,0,323,1,190.0,2500000.0,5000000.0,2500000.0,2.5,5.0,2.5
2185,2,221,2,8,108,2022,Dennis Praet,Central Midfield,Belgium,Leicester City,29,30,,,,22,0,0,650,1,181.0,11000000.0,7000000.0,-4000000.0,11.0,7.0,-4.0
2186,2,739,5,25,188,2022,Oliver Skipp,Defensive Midfield,England,Tottenham Hotspur,22,24,,,,23,0,0,1490,1,175.0,15000000.0,15000000.0,0.0,15.0,15.0,0.0
2187,2,152,5,59,136,2022,Cheikhou Kouyate,Defensive Midfield,Senegal,Nottingham Forest,33,35,,,,21,0,0,881,1,189.0,3000000.0,2000000.0,-1000000.0,3.0,2.0,-1.0
2188,2,252,4,25,66,2022,Ellis Simms,Centre-Forward,England,Everton FC,22,24,,,,11,0,0,226,1,191.0,600000.0,4000000.0,3400000.0,0.6,4.0,3.4
2189,2,859,2,58,119,2022,Scott McTominay,Central Midfield,Scotland,Manchester United,26,28,,,,24,0,0,1160,1,191.0,30000000.0,25000000.0,-5000000.0,30.0,25.0,-5.0
2190,2,860,12,38,66,2022,Seamus Coleman,Right-Back,Ireland,Everton FC,34,36,,,,23,0,0,1656,1,177.0,1800000.0,1000000.0,-800000.0,1.8,1.0,-0.8
2191,2,224,4,63,202,2022,Diego Costa,Centre-Forward,Spain,Wolverhampton Wanderers,34,36,,,,23,0,0,1242,1,186.0,3500000.0,2000000.0,-1500000.0,3.5,2.0,-1.5
2192,2,926,3,25,81,2022,Tosin Adarabioyo,Centre-Back,England,Fulham FC,25,27,,,,25,0,0,2085,1,197.0,18000000.0,16000000.0,-2000000.0,18.0,16.0,-2.0
2193,2,709,3,48,118,2022,Nathan Ake,Centre-Back,Netherlands,Manchester City,28,29,,,,26,0,0,1874,1,180.0,30000000.0,42000000.0,12000000.0,30.0,42.0,12.0
2194,2,35,2,4,43,2022,Alexis Mac Allister,Central Midfield,Argentina,Brighton & Hove Albion,24,26,,,,35,2,6,2886,10,176.0,25000000.0,65000000.0,40000000.0,25.0,65.0,40.0
2195,2,715,4,27,79,2022,Neal Maupay,Centre-Forward,France,For 2 Clubs,26,28,,,,27,0,0,1119,1,171.0,15000000.0,10000000.0,-5000000.0,15.0,10.0,-5.0
2196,2,178,3,25,79,2022,Craig Dawson,Centre-Back,England,For 2 Clubs,33,34,,,,25,0,0,2134,1,188.0,2500000.0,2000000.0,-500000.0,2.5,2.0,-0.5
2197,2,894,4,50,136,2022,Taiwo Awoniyi,Centre-Forward,Nigeria,Nottingham Forest,25,27,,,,27,1,0,1404,10,183.0,20000000.0,25000000.0,5000000.0,20.0,25.0,5.0
2198,2,413,1,25,108,2022,James Maddison,Attacking Midfield,England,Leicester City,26,28,,,,30,9,1,2480,10,175.0,55000000.0,60000000.0,5000000.0,55.0,60.0,5.0
2199,2,369,8,43,188,2022,Heung-min Son,Left Winger,"Korea, South",Tottenham Hotspur,30,32,,,,36,6,0,2888,10,184.0,70000000.0,50000000.0,-20000000.0,70.0,50.0,-20.0
2200,2,808,4,10,112,2022,Roberto Firmino,Centre-Forward,Brazil,Liverpool FC,31,33,,,,25,4,0,1213,11,181.0,28000000.0,18000000.0,-10000000.0,28.0,18.0,-10.0
2201,2,568,3,4,119,2022,Lisandro Martinez,Centre-Back,Argentina,Manchester United,25,27,,,,27,0,0,2115,1,175.0,50000000.0,50000000.0,0.0,50.0,50.0,0.0
2202,2,866,12,16,136,2022,Serge Aurier,Right-Back,Cote dIvoire,Nottingham Forest,30,32,,,,24,0,0,1943,1,176.0,8000000.0,8000000.0,0.0,8.0,8.0,0.0
2203,2,244,1,25,57,2022,Eberechi Eze,Attacking Midfield,England,Crystal Palace,24,26,,,,38,4,1,2637,10,178.0,25000000.0,40000000.0,15000000.0,25.0,40.0,15.0
2204,2,387,3,27,81,2022,Issa Diop,Centre-Back,France,Fulham FC,26,28,,,,25,0,0,2011,1,194.0,13000000.0,18000000.0,5000000.0,13.0,18.0,5.0
2205,2,270,4,53,118,2023,Erling Haaland,Centre-Forward,Norway,Manchester City,23,24,,,,31,4,7,2552,27,195.0,180000000.0,180000000.0,0.0,180.0,180.0,0.0
2206,2,369,8,43,188,2023,Heung-min Son,Left Winger,"Korea, South",Tottenham Hotspur,31,32,,,,35,10,2,2934,17,184.0,50000000.0,45000000.0,-5000000.0,50.0,45.0,-5.0
2207,2,428,11,25,199,2023,Jarrod Bowen,Right Winger,England,West Ham United,27,28,,,,34,6,0,3019,16,176.0,48000000.0,50000000.0,2000000.0,48.0,50.0,2.0
2208,2,686,11,24,112,2023,Mohamed Salah,Right Winger,Egypt,Liverpool FC,31,32,,,,32,10,5,2534,18,175.0,65000000.0,55000000.0,-10000000.0,65.0,55.0,-10.0
2209,2,234,4,25,3,2023,Dominic Solanke,Centre-Forward,England,AFC Bournemouth,26,27,,,,38,3,2,3325,19,186.0,25000000.0,40000000.0,15000000.0,25.0,40.0,15.0
2210,2,774,11,25,118,2023,Phil Foden,Right Winger,England,Manchester City,23,24,,,,35,8,0,2858,19,171.0,110000000.0,150000000.0,40000000.0,110.0,150.0,40.0
2211,2,515,4,29,21,2023,Kai Havertz,Centre-Forward,Germany,Arsenal FC,24,25,,,,37,7,1,2634,13,193.0,60000000.0,70000000.0,10000000.0,60.0,70.0,10.0
2212,2,159,4,49,136,2023,Chris Wood,Centre-Forward,New Zealand,Nottingham Forest,32,33,,,,31,1,0,1811,14,191.0,7000000.0,7000000.0,0.0,7.0,7.0,0.0
2213,2,31,4,64,132,2023,Alexander Isak,Centre-Forward,Sweden,Newcastle United,24,25,,,,30,2,5,2255,21,192.0,70000000.0,75000000.0,5000000.0,70.0,75.0,5.0
2214,2,722,4,59,50,2023,Nicolas Jackson,Centre-Forward,Senegal,Chelsea FC,22,23,,,,35,5,0,2799,14,187.0,35000000.0,35000000.0,0.0,35.0,35.0,0.0
2215,2,741,4,25,22,2023,Ollie Watkins,Centre-Forward,England,Aston Villa,28,29,,,,37,13,0,3217,19,180.0,55000000.0,65000000.0,10000000.0,55.0,65.0,10.0
2216,2,132,11,25,21,2023,Bukayo Saka,Right Winger,England,Arsenal FC,22,23,,,,35,9,6,2919,16,178.0,120000000.0,140000000.0,20000000.0,120.0,140.0,20.0
2217,2,636,4,10,202,2023,Matheus Cunha,Centre-Forward,Brazil,Wolverhampton Wanderers,24,25,,,,32,7,1,244,12,183.0,28000000.0,45000000.0,17000000.0,28.0,45.0,17.0
2218,2,171,1,25,79,2023,Cole Palmer,Attacking Midfield,England,For 2 Clubs,22,22,,,,34,11,9,2618,22,185.0,18000000.0,80000000.0,62000000.0,18.0,80.0,62.0
2219,2,976,4,20,41,2023,Yoane Wissa,Centre-Forward,DR Congo,Brentford FC,27,28,,,,34,3,0,2493,12,176.0,25000000.0,28000000.0,3000000.0,25.0,28.0,3.0
2220,2,434,4,27,57,2023,Jean-Philippe Mateta,Centre-Forward,France,Crystal Palace,26,27,,,,35,5,2,2282,16,192.0,7000000.0,20000000.0,13000000.0,7.0,20.0,13.0
2221,2,398,3,25,170,2023,Jack Robinson,Centre-Back,England,Sheffield United,30,31,,,,34,1,0,2885,1,180.0,1000000.0,1000000.0,0.0,1.0,1.0,0.0
2222,2,158,3,71,57,2023,Chris Richards,Centre-Back,United States,Crystal Palace,24,24,,,,26,1,0,2094,1,188.0,8000000.0,12000000.0,4000000.0,8.0,12.0,4.0
2223,2,466,12,48,43,2023,Joel Veltman,Right-Back,Netherlands,Brighton & Hove Albion,32,33,,,,27,1,0,1588,1,184.0,10000000.0,10000000.0,0.0,10.0,10.0,0.0
2224,2,629,1,25,119,2023,Mason Mount,Attacking Midfield,England,Manchester United,25,26,,,,14,0,0,516,1,181.0,45000000.0,35000000.0,-10000000.0,45.0,35.0,-10.0
2225,2,150,9,25,46,2023,Charlie Taylor,Left-Back,England,Burnley FC,30,31,,,,28,1,0,2331,1,183.0,3000000.0,3000000.0,0.0,3.0,3.0,0.0
2226,2,813,5,72,188,2023,Rodrigo Bentancur,Defensive Midfield,Uruguay,Tottenham Hotspur,26,27,,,,23,1,0,1005,1,187.0,35000000.0,35000000.0,0.0,35.0,35.0,0.0
2227,2,669,3,25,66,2023,Michael Keane,Centre-Back,England,Everton FC,31,32,,,,9,0,0,439,1,188.0,7000000.0,6000000.0,-1000000.0,7.0,6.0,-1.0
2228,2,327,1,25,199,2023,George Earthy,Attacking Midfield,England,West Ham United,19,20,,,,3,0,0,34,1,180.0,,1000000.0,1000000.0,0.0,1.0,1.0
2229,2,396,11,25,66,2023,Jack Harrison,Right Winger,England,Everton FC,27,28,,,,29,3,0,2214,3,175.0,22000000.0,18000000.0,-4000000.0,22.0,18.0,-4.0
2230,2,965,8,10,81,2023,Willian,Left Winger,Brazil,Fulham FC,35,36,,,,31,2,2,2052,4,175.0,3000000.0,3000000.0,0.0,3.0,3.0,0.0
2231,2,895,12,42,21,2023,Takehiro Tomiyasu,Right-Back,Japan,Arsenal FC,25,26,,,,22,1,0,1151,2,188.0,30000000.0,35000000.0,5000000.0,30.0,35.0,5.0
2232,2,391,4,25,41,2023,Ivan Toney,Centre-Forward,England,Brentford FC,28,28,,,,17,2,0,145,4,185.0,35000000.0,50000000.0,15000000.0,35.0,50.0,15.0
2233,2,414,1,25,79,2023,James McAtee,Attacking Midfield,England,For 2 Clubs,21,22,,,,31,3,1,1823,3,180.0,12000000.0,12000000.0,0.0,12.0,12.0,0.0
2234,2,435,2,27,202,2023,Jean-Ricner Bellegarde,Central Midfield,France,Wolverhampton Wanderers,25,26,,,,22,1,0,959,2,172.0,15000000.0,15000000.0,0.0,15.0,15.0,0.0
2235,2,35,2,4,112,2023,Alexis Mac Allister,Central Midfield,Argentina,Liverpool FC,25,26,,,,33,5,1,2602,5,176.0,65000000.0,75000000.0,10000000.0,65.0,75.0,10.0
2236,2,275,4,38,43,2023,Evan Ferguson,Centre-Forward,Ireland,Brighton & Hove Albion,19,20,,,,27,0,0,1367,6,188.0,65000000.0,50000000.0,-15000000.0,65.0,50.0,-15.0
2237,2,590,2,25,116,2023,Luke Berry,Central Midfield,England,Luton Town,31,32,,,,17,1,0,323,2,177.0,400000.0,400000.0,0.0,0.4,0.4,0.0
2238,2,176,2,25,50,2023,Conor Gallagher,Central Midfield,England,Chelsea FC,24,24,,,,37,7,0,3129,5,182.0,40000000.0,50000000.0,10000000.0,40.0,50.0,10.0
2239,2,123,11,74,79,2023,Brennan Johnson,Right Winger,Wales,For 2 Clubs,22,23,,,,35,10,0,2322,5,186.0,48000000.0,48000000.0,0.0,48.0,48.0,0.0
2240,2,68,11,64,136,2023,Anthony Elanga,Right Winger,Sweden,Nottingham Forest,22,22,,,,36,9,0,2434,5,178.0,18000000.0,22000000.0,4000000.0,18.0,22.0,4.0
2241,2,968,11,27,46,2023,Wilson Odobert,Right Winger,France,Burnley FC,19,20,,,,29,3,0,2098,3,182.0,9000000.0,10000000.0,1000000.0,9.0,10.0,1.0
2242,2,691,1,25,136,2023,Morgan Gibbs-White,Attacking Midfield,England,Nottingham Forest,24,25,,,,37,10,1,3155,5,171.0,40000000.0,40000000.0,0.0,40.0,40.0,0.0
2243,2,401,8,21,46,2023,Jacob Bruun Larsen,Left Winger,Denmark,Burnley FC,25,26,,,,32,0,1,1249,6,183.0,3000000.0,8000000.0,5000000.0,3.0,8.0,5.0
2244,2,8,2,45,66,2023,Abdoulaye Doucoure,Central Midfield,Mali,Everton FC,31,32,,,,32,2,0,2628,7,183.0,12000000.0,10000000.0,-2000000.0,12.0,10.0,-2.0
2245,2,861,2,25,132,2023,Sean Longstaff,Central Midfield,England,Newcastle United,26,27,,,,35,2,0,2747,6,187.0,25000000.0,25000000.0,0.0,25.0,25.0,0.0
2246,2,878,8,16,43,2023,Simon Adingra,Left Winger,Cote dIvoire,Brighton & Hove Albion,22,23,,,,31,1,0,2222,6,175.0,15000000.0,30000000.0,15000000.0,15.0,30.0,15.0
2247,2,894,4,50,136,2023,Taiwo Awoniyi,Centre-Forward,Nigeria,Nottingham Forest,26,27,,,,20,3,0,1042,6,183.0,30000000.0,28000000.0,-2000000.0,30.0,28.0,-2.0
2248,2,715,4,27,79,2023,Neal Maupay,Centre-Forward,France,For 2 Clubs,27,28,,,,31,3,0,1432,6,171.0,10000000.0,12000000.0,2000000.0,10.0,12.0,2.0
2249,2,115,11,41,81,2023,Bobby De Cordova-Reid,Right Winger,Jamaica,Fulham FC,31,31,,,,33,2,0,1424,6,170.0,6000000.0,5000000.0,-1000000.0,6.0,5.0,-1.0
2250,2,736,4,58,170,2023,Oli McBurnie,Centre-Forward,Scotland,Sheffield United,27,28,,,,21,3,2,1282,6,188.0,4500000.0,4500000.0,0.0,4.5,4.5,0.0
2251,2,95,4,14,170,2023,Ben Brereton Diaz,Centre-Forward,Chile,Sheffield United,25,25,,,,14,1,1,1105,6,185.0,10000000.0,8000000.0,-2000000.0,10.0,8.0,-2.0
2252,2,316,8,10,21,2023,Gabriel Martinelli,Left Winger,Brazil,Arsenal FC,22,23,,,,35,4,0,2019,6,178.0,85000000.0,70000000.0,-15000000.0,85.0,70.0,-15.0
2253,2,698,11,27,22,2023,Moussa Diaby,Right Winger,France,Aston Villa,24,25,,,,38,8,0,2174,6,170.0,55000000.0,55000000.0,0.0,55.0,55.0,0.0
2254,2,474,2,58,22,2023,John McGinn,Central Midfield,Scotland,Aston Villa,29,30,,,,35,4,0,3,6,178.0,30000000.0,30000000.0,0.0,30.0,30.0,0.0
2255,2,733,4,27,57,2023,Odsonne Edouard,Centre-Forward,France,Crystal Palace,26,27,,,,30,0,0,1555,7,187.0,20000000.0,18000000.0,-2000000.0,20.0,18.0,-2.0
2256,2,859,2,58,119,2023,Scott McTominay,Central Midfield,Scotland,Manchester United,27,28,,,,32,1,0,1901,7,191.0,28000000.0,32000000.0,4000000.0,28.0,32.0,4.0
2257,2,673,4,41,199,2023,Michail Antonio,Centre-Forward,Jamaica,West Ham United,34,34,,,,26,2,0,1695,6,180.0,6000000.0,4000000.0,-2000000.0,6.0,4.0,-2.0
2258,2,109,1,56,118,2023,Bernardo Silva,Attacking Midfield,Portugal,Manchester City,29,30,,,,33,9,0,2578,6,173.0,80000000.0,70000000.0,-10000000.0,80.0,70.0,-10.0
2259,2,511,8,48,3,2023,Justin Kluivert,Left Winger,Netherlands,AFC Bournemouth,25,25,,,,32,1,0,1915,7,172.0,11000000.0,14000000.0,3000000.0,11.0,14.0,3.0
2260,2,781,4,46,81,2023,Rael Jimenez,Centre-Forward,Mexico,Fulham FC,33,33,,,,24,0,0,1395,7,187.0,6000000.0,5000000.0,-1000000.0,6.0,5.0,-1.0
2261,2,801,12,25,118,2023,Rico Lewis,Right-Back,England,Manchester City,19,20,,,,16,0,0,809,2,169.0,38000000.0,38000000.0,0.0,38.0,38.0,0.0
2262,2,141,4,10,81,2023,Carlos Vinicius,Centre-Forward,Brazil,Fulham FC,28,29,,,,13,0,0,315,2,190.0,6000000.0,4000000.0,-2000000.0,6.0,4.0,-2.0
2263,2,101,3,25,41,2023,Ben Mee,Centre-Back,England,Brentford FC,34,35,,,,16,0,0,1273,2,180.0,1000000.0,1000000.0,0.0,1.0,1.0,0.0
2264,2,541,12,25,132,2023,Kieran Trippier,Right-Back,England,Newcastle United,33,34,,,,28,10,0,2236,1,173.0,11000000.0,10000000.0,-1000000.0,11.0,10.0,-1.0
2265,2,233,4,25,66,2023,Dominic Calvert-Lewin,Centre-Forward,England,Everton FC,27,27,,,,32,2,2,217,7,189.0,22000000.0,22000000.0,0.0,22.0,22.0,0.0
2266,2,400,4,58,116,2023,Jacob Brown,Centre-Forward,Scotland,Luton Town,25,26,,,,19,0,0,1019,2,178.0,4000000.0,4000000.0,0.0,4.0,4.0,0.0
2267,2,855,4,6,202,2023,Sasa Kalajdzic,Centre-Forward,Austria,Wolverhampton Wanderers,26,27,,,,11,0,0,166,2,200.0,12000000.0,5000000.0,-7000000.0,12.0,5.0,-7.0
2268,2,926,3,25,81,2023,Tosin Adarabioyo,Centre-Back,England,Fulham FC,26,27,,,,20,0,0,1617,2,197.0,12000000.0,20000000.0,8000000.0,12.0,20.0,8.0
2269,2,317,3,50,116,2023,Gabriel Osho,Centre-Back,Nigeria,Luton Town,25,26,,,,21,0,0,1846,2,185.0,1000000.0,3000000.0,2000000.0,1.0,3.0,2.0
2270,2,67,8,63,43,2023,Ansu Fati,Left Winger,Spain,Brighton & Hove Albion,21,22,,,,19,0,0,521,2,178.0,30000000.0,25000000.0,-5000000.0,30.0,25.0,-5.0
2271,2,988,9,63,22,2023,alex Moreno,Left-Back,Spain,Aston Villa,30,31,,,,21,0,0,1031,2,179.0,10000000.0,13000000.0,3000000.0,10.0,13.0,3.0
2272,2,44,5,8,66,2023,Amadou Onana,Defensive Midfield,Belgium,Everton FC,22,23,,,,30,0,0,2091,2,195.0,50000000.0,50000000.0,0.0,50.0,50.0,0.0
2273,2,762,3,63,22,2023,Pau Torres,Centre-Back,Spain,Aston Villa,27,28,,,,29,0,0,2464,2,192.0,45000000.0,45000000.0,0.0,45.0,45.0,0.0
2274,2,426,3,25,112,2023,Jarell Quansah,Centre-Back,England,Liverpool FC,21,22,,,,17,0,0,119,2,190.0,2000000.0,22000000.0,20000000.0,2.0,22.0,20.0
2275,2,604,3,65,118,2023,Manuel Akanji,Centre-Back,Switzerland,Manchester City,28,29,,,,30,0,0,2512,2,188.0,42000000.0,45000000.0,3000000.0,42.0,45.0,3.0
2276,2,274,3,41,41,2023,Ethan Pinnock,Centre-Back,Jamaica,Brentford FC,30,31,,,,29,0,0,2521,2,194.0,15000000.0,12000000.0,-3000000.0,15.0,12.0,-3.0
2277,2,726,1,40,22,2023,Nicolo Zaniolo,Attacking Midfield,Italy,Aston Villa,24,25,,,,25,0,0,839,2,190.0,25000000.0,20000000.0,-5000000.0,25.0,20.0,-5.0
2278,2,63,3,9,170,2023,Anel Ahmedhodzic,Centre-Back,Bosnia-Herzegovina,Sheffield United,25,25,,,,31,0,0,265,2,190.0,18000000.0,18000000.0,0.0,18.0,18.0,0.0
2279,2,967,3,16,136,2023,Willy Boly,Centre-Back,Cote dIvoire,Nottingham Forest,33,33,,,,20,1,0,144,2,195.0,2500000.0,2500000.0,0.0,2.5,2.5,0.0
2280,2,431,4,25,46,2023,Jay Rodriguez,Centre-Forward,England,Burnley FC,34,35,,,,21,1,1,822,2,185.0,1000000.0,1000000.0,0.0,1.0,1.0,0.0
2281,2,949,9,70,66,2023,Vitaliy Mykolenko,Left-Back,Ukraine,Everton FC,24,25,,,,28,0,0,2469,2,180.0,28000000.0,28000000.0,0.0,28.0,28.0,0.0
2282,2,659,3,25,202,2023,Maximilian Kilman,Centre-Back,England,Wolverhampton Wanderers,26,27,,,,38,0,0,342,2,194.0,35000000.0,32000000.0,-3000000.0,35.0,32.0,-3.0
2283,2,103,12,25,21,2023,Ben White,Right-Back,England,Arsenal FC,26,27,,,,37,4,0,2988,4,186.0,55000000.0,55000000.0,0.0,55.0,55.0,0.0
2284,2,81,8,48,66,2023,Arnaut Danjuma,Left Winger,Netherlands,Everton FC,27,27,,,,14,0,0,595,1,178.0,20000000.0,13000000.0,-7000000.0,20.0,13.0,-7.0
2285,2,468,2,10,132,2023,Joelinton,Central Midfield,Brazil,Newcastle United,27,28,,,,20,1,0,1279,2,186.0,42000000.0,40000000.0,-2000000.0,42.0,40.0,-2.0
2286,2,362,11,74,81,2023,Harry Wilson,Right Winger,Wales,Fulham FC,27,27,,,,35,6,0,1619,4,173.0,17000000.0,17000000.0,0.0,17.0,17.0,0.0
2287,2,489,2,25,46,2023,Josh Brownhill,Central Midfield,England,Burnley FC,28,29,,,,33,2,0,2253,4,179.0,18000000.0,15000000.0,-3000000.0,18.0,15.0,-3.0
2288,2,313,4,10,21,2023,Gabriel Jesus,Centre-Forward,Brazil,Arsenal FC,27,27,,,,27,5,0,1479,4,175.0,70000000.0,65000000.0,-5000000.0,70.0,65.0,-5.0
2289,2,577,1,10,199,2023,Lucas Paqueta,Attacking Midfield,Brazil,West Ham United,26,27,,,,31,6,2,2623,4,180.0,65000000.0,65000000.0,0.0,65.0,65.0,0.0
2290,2,751,11,63,202,2023,Pablo Sarabia,Right Winger,Spain,Wolverhampton Wanderers,32,32,,,,30,7,2,1746,4,174.0,12000000.0,10000000.0,-2000000.0,12.0,10.0,-2.0
2291,2,484,4,30,57,2023,Jordan Ayew,Centre-Forward,Ghana,Crystal Palace,32,33,,,,35,7,0,2544,4,182.0,4000000.0,4000000.0,0.0,4.0,4.0,0.0
2292,2,90,3,27,50,2023,Axel Disasi,Centre-Back,France,Chelsea FC,26,26,,,,31,0,0,258,2,191.0,40000000.0,40000000.0,0.0,40.0,40.0,0.0
2293,2,537,8,29,41,2023,Kevin Schade,Left Winger,Germany,Brentford FC,22,23,,,,11,1,0,334,2,185.0,25000000.0,22000000.0,-3000000.0,25.0,22.0,-3.0
2294,2,614,3,4,3,2023,Marcos Senesi,Centre-Back,Argentina,AFC Bournemouth,27,27,,,,31,5,0,2242,4,185.0,20000000.0,22000000.0,2000000.0,20.0,22.0,2.0
2295,2,413,1,25,188,2023,James Maddison,Attacking Midfield,England,Tottenham Hotspur,27,28,,,,28,9,0,2134,4,175.0,70000000.0,70000000.0,0.0,70.0,70.0,0.0
2296,2,536,1,8,118,2023,Kevin De Bruyne,Attacking Midfield,Belgium,Manchester City,32,33,,,,18,10,0,1221,4,181.0,60000000.0,50000000.0,-10000000.0,60.0,50.0,-10.0
2297,2,754,2,29,43,2023,Pascal Gross,Central Midfield,Germany,Brighton & Hove Albion,32,33,,,,36,10,1,3114,4,181.0,8000000.0,8000000.0,0.0,8.0,8.0,0.0
2298,2,38,3,25,50,2023,Alfie Gilchrist,Centre-Back,England,Chelsea FC,20,21,,,,11,0,0,206,1,183.0,200000.0,5000000.0,4800000.0,0.2,5.0,4.8
2299,2,245,4,25,21,2023,Eddie Nketiah,Centre-Forward,England,Arsenal FC,24,25,,,,27,2,0,1081,5,175.0,30000000.0,30000000.0,0.0,30.0,30.0,0.0
2300,2,447,4,15,22,2023,Jhon Duran,Centre-Forward,Colombia,Aston Villa,20,21,,,,23,0,0,475,5,185.0,17000000.0,20000000.0,3000000.0,17.0,20.0,3.0
2301,2,198,4,25,43,2023,Danny Welbeck,Centre-Forward,England,Brighton & Hove Albion,33,34,,,,29,1,0,1693,5,185.0,6000000.0,5000000.0,-1000000.0,6.0,5.0,-1.0
2302,2,730,11,25,50,2023,Noni Madueke,Right Winger,England,Chelsea FC,22,22,,,,23,2,1,1053,5,182.0,25000000.0,28000000.0,3000000.0,25.0,28.0,3.0
2303,2,180,3,4,188,2023,Cristian Romero,Centre-Back,Argentina,Tottenham Hotspur,26,26,,,,33,0,0,2791,5,185.0,65000000.0,65000000.0,0.0,65.0,65.0,0.0
2304,2,350,2,48,170,2023,Gustavo Hamer,Central Midfield,Netherlands,Sheffield United,26,27,,,,36,6,0,2909,4,169.0,16000000.0,15000000.0,-1000000.0,16.0,15.0,-1.0
2305,2,703,8,70,50,2023,Mykhaylo Mudryk,Left Winger,Ukraine,Chelsea FC,23,24,,,,31,2,0,1575,5,175.0,45000000.0,35000000.0,-10000000.0,45.0,35.0,-10.0
2306,2,363,8,25,132,2023,Harvey Barnes,Left Winger,England,Newcastle United,26,27,,,,21,3,0,802,5,182.0,35000000.0,35000000.0,0.0,35.0,35.0,0.0
2307,2,986,4,65,46,2023,Zeki Amdouni,Centre-Forward,Switzerland,Burnley FC,23,24,,,,34,1,1,1956,5,185.0,15000000.0,12000000.0,-3000000.0,15.0,12.0,-3.0
2308,2,594,4,62,46,2023,Lyle Foster,Centre-Forward,South Africa,Burnley FC,23,24,,,,24,3,0,1899,5,185.0,13000000.0,13000000.0,0.0,13.0,13.0,0.0
2309,2,753,2,59,188,2023,Pape Matar Sarr,Central Midfield,Senegal,Tottenham Hotspur,21,22,,,,34,3,0,2069,3,184.0,35000000.0,45000000.0,10000000.0,35.0,45.0,10.0
2310,2,519,8,42,43,2023,Kaoru Mitoma,Left Winger,Japan,Brighton & Hove Albion,26,27,,,,19,4,0,1486,3,178.0,50000000.0,45000000.0,-5000000.0,50.0,45.0,-5.0
2311,2,642,2,21,41,2023,Mathias Jensen,Central Midfield,Denmark,Brentford FC,28,29,,,,32,3,0,2204,3,180.0,28000000.0,28000000.0,0.0,28.0,28.0,0.0
2312,2,617,7,25,3,2023,Marcus Tavernier,Left Midfield,England,AFC Bournemouth,25,25,,,,30,4,0,2118,3,178.0,17000000.0,20000000.0,3000000.0,17.0,20.0,3.0
2313,2,825,2,25,116,2023,Ross Barkley,Central Midfield,England,Luton Town,30,31,,,,32,4,0,2618,5,189.0,4500000.0,8000000.0,3500000.0,4.5,8.0,3.5
2314,2,28,8,50,79,2023,Alex Iwobi,Left Winger,Nigeria,For 2 Clubs,28,28,,,,32,2,0,2332,5,183.0,28000000.0,25000000.0,-3000000.0,28.0,25.0,-3.0
2315,2,402,11,25,132,2023,Jacob Murphy,Right Winger,England,Newcastle United,29,29,,,,21,7,0,1189,3,179.0,15000000.0,15000000.0,0.0,15.0,15.0,0.0
2316,2,242,1,25,66,2023,Dwight McNeil,Attacking Midfield,England,Everton FC,24,25,,,,35,6,0,2892,3,183.0,20000000.0,22000000.0,2000000.0,20.0,22.0,2.0
2317,2,199,3,38,46,2023,Dara OShea,Centre-Back,Ireland,Burnley FC,25,25,,,,33,4,0,2893,3,189.0,7000000.0,7000000.0,0.0,7.0,7.0,0.0
2318,2,928,12,25,112,2023,Trent Alexander-Arnold,Right-Back,England,Liverpool FC,25,26,,,,28,4,0,2156,3,175.0,70000000.0,70000000.0,0.0,70.0,70.0,0.0
2319,2,228,12,56,119,2023,Diogo Dalot,Right-Back,Portugal,Manchester United,25,25,,,,36,3,0,3175,2,183.0,35000000.0,35000000.0,0.0,35.0,35.0,0.0
2320,2,376,2,59,66,2023,Idrissa Gueye,Central Midfield,Senegal,Everton FC,34,35,,,,25,0,0,1884,4,174.0,4000000.0,3000000.0,-1000000.0,4.0,3.0,-1.0
2321,2,439,8,8,118,2023,Jeremy Doku,Left Winger,Belgium,Manchester City,21,22,,,,29,7,0,1595,3,173.0,60000000.0,65000000.0,5000000.0,60.0,65.0,5.0
2322,2,934,9,25,57,2023,Tyrick Mitchell,Left-Back,England,Crystal Palace,24,25,,,,37,3,0,3204,2,181.0,22000000.0,25000000.0,3000000.0,22.0,25.0,3.0
2323,2,770,12,63,188,2023,Pedro Porro,Right-Back,Spain,Tottenham Hotspur,24,25,,,,35,7,0,3089,3,173.0,45000000.0,45000000.0,0.0,45.0,45.0,0.0
2324,2,450,3,21,57,2023,Joachim Andersen,Centre-Back,Denmark,Crystal Palace,27,28,,,,38,3,0,3415,2,192.0,35000000.0,35000000.0,0.0,35.0,35.0,0.0
2325,2,364,2,25,112,2023,Harvey Elliott,Central Midfield,England,Liverpool FC,21,21,,,,34,6,0,1351,3,170.0,30000000.0,35000000.0,5000000.0,30.0,35.0,5.0
2326,2,205,4,16,46,2023,David Datro Fofana,Centre-Forward,Cote dIvoire,Burnley FC,21,22,,,,15,1,0,879,4,180.0,8000000.0,12000000.0,4000000.0,8.0,12.0,4.0
2327,2,893,11,48,116,2023,Tahith Chong,Right Winger,Netherlands,Luton Town,24,25,,,,33,0,0,1985,4,185.0,4500000.0,6000000.0,1500000.0,4.5,6.0,1.5
2328,2,977,2,8,22,2023,Youri Tielemans,Central Midfield,Belgium,Aston Villa,27,27,,,,32,6,0,1622,2,177.0,20000000.0,25000000.0,5000000.0,20.0,25.0,5.0
2329,2,314,3,10,21,2023,Gabriel Magalhaes,Centre-Back,Brazil,Arsenal FC,26,27,,,,36,0,0,3044,4,190.0,60000000.0,70000000.0,10000000.0,60.0,70.0,10.0
2330,2,37,7,25,116,2023,Alfie Doughty,Left Midfield,England,Luton Town,24,25,,,,37,8,0,2925,2,183.0,4500000.0,10000000.0,5500000.0,4.5,10.0,5.5
2331,2,165,4,27,50,2023,Christopher Nkunku,Centre-Forward,France,Chelsea FC,26,27,,,,11,0,0,444,3,177.0,75000000.0,65000000.0,-10000000.0,75.0,65.0,-10.0
2332,2,138,4,25,79,2023,Cameron Archer,Centre-Forward,England,For 2 Clubs,22,23,,,,30,1,0,1838,4,175.0,18000000.0,13000000.0,-5000000.0,18.0,13.0,-5.0
2333,2,496,9,17,118,2023,Josko Gvardiol,Left-Back,Croatia,Manchester City,22,23,,,,28,1,0,2328,4,185.0,80000000.0,75000000.0,-5000000.0,80.0,75.0,-5.0
2334,2,769,11,56,202,2023,Pedro Neto,Right Winger,Portugal,Wolverhampton Wanderers,24,24,,,,20,9,0,1516,2,174.0,32000000.0,55000000.0,23000000.0,32.0,55.0,23.0
2335,2,155,11,38,116,2023,Chiedozie Ogbene,Right Winger,Ireland,Luton Town,27,27,,,,30,1,0,1995,4,181.0,3000000.0,8000000.0,5000000.0,3.0,8.0,5.0
2336,2,397,2,25,43,2023,Jack Hinshelwood,Central Midfield,England,Brighton & Hove Albion,18,19,,,,12,0,0,870,3,182.0,1000000.0,16000000.0,15000000.0,1.0,16.0,15.0
2337,2,54,1,10,81,2023,Andreas Pereira,Attacking Midfield,Brazil,Fulham FC,28,29,,,,37,7,0,2614,3,178.0,20000000.0,20000000.0,0.0,20.0,20.0,0.0
2338,2,549,3,27,199,2023,Kurt Zouma,Centre-Back,France,West Ham United,29,30,,,,33,0,0,2838,3,190.0,25000000.0,25000000.0,0.0,25.0,25.0,0.0
2339,2,112,4,34,66,2023,Beto,Centre-Forward,Guinea-Bissau,Everton FC,26,26,,,,30,0,0,952,3,194.0,22000000.0,20000000.0,-2000000.0,22.0,20.0,-2.0
2340,2,455,5,56,81,2023,Joao Palhinha,Defensive Midfield,Portugal,Fulham FC,28,29,,,,33,1,0,2698,4,190.0,55000000.0,55000000.0,0.0,55.0,55.0,0.0
2341,2,432,12,25,170,2023,Jayden Bogle,Right-Back,England,Sheffield United,23,24,,,,34,0,0,2788,3,178.0,3800000.0,3800000.0,0.0,3.8,3.8,0.0
2342,2,395,8,25,118,2023,Jack Grealish,Left Winger,England,Manchester City,28,29,,,,20,1,0,1008,3,180.0,70000000.0,60000000.0,-10000000.0,70.0,60.0,-10.0
2343,2,619,5,28,202,2023,Mario Lemina,Defensive Midfield,Gabon,Wolverhampton Wanderers,30,31,,,,35,1,0,297,4,184.0,10000000.0,10000000.0,0.0,10.0,10.0,0.0
2344,2,676,3,48,188,2023,Micky van de Ven,Centre-Back,Netherlands,Tottenham Hotspur,23,23,,,,27,0,0,2339,3,193.0,40000000.0,55000000.0,15000000.0,40.0,55.0,15.0
2345,2,287,1,4,43,2023,Facundo Buonanotte,Attacking Midfield,Argentina,Brighton & Hove Albion,19,20,,,,27,1,0,1364,3,174.0,12000000.0,18000000.0,6000000.0,12.0,18.0,6.0
2346,2,882,11,25,43,2023,Solly March,Right Winger,England,Brighton & Hove Albion,29,30,,,,7,1,0,554,3,180.0,22000000.0,18000000.0,-4000000.0,22.0,18.0,-4.0
2347,2,561,3,25,43,2023,Lewis Dunk,Centre-Back,England,Brighton & Hove Albion,32,33,,,,33,1,0,287,3,192.0,14000000.0,12000000.0,-2000000.0,14.0,12.0,-2.0
2348,2,427,3,25,66,2023,Jarrad Branthwaite,Centre-Back,England,Everton FC,21,22,,,,35,0,0,3116,3,195.0,18000000.0,42000000.0,24000000.0,18.0,42.0,24.0
2349,2,543,2,25,119,2023,Kobbie Mainoo,Central Midfield,England,Manchester United,19,19,,,,24,1,0,1924,3,180.0,6000000.0,55000000.0,49000000.0,6.0,55.0,49.0
2350,2,677,11,54,132,2023,Miguel Almiron,Right Winger,Paraguay,Newcastle United,30,30,,,,33,1,0,1938,3,174.0,30000000.0,20000000.0,-10000000.0,30.0,20.0,-10.0
2351,2,58,9,58,112,2023,Andrew Robertson,Left-Back,Scotland,Liverpool FC,30,30,,,,23,2,0,1693,3,178.0,35000000.0,30000000.0,-5000000.0,35.0,30.0,-5.0
2352,2,527,8,25,41,2023,Keane Lewis-Potter,Left Winger,England,Brentford FC,23,23,,,,30,1,0,1441,3,170.0,12000000.0,15000000.0,3000000.0,12.0,15.0,3.0
2353,2,163,5,21,41,2023,Christian Norgaard,Defensive Midfield,Denmark,Brentford FC,30,30,,,,31,1,0,2505,2,187.0,20000000.0,18000000.0,-2000000.0,20.0,18.0,-2.0
2354,2,692,1,25,22,2023,Morgan Rogers,Attacking Midfield,England,Aston Villa,21,22,,,,11,1,0,638,3,187.0,2200000.0,15000000.0,12800000.0,2.2,15.0,12.8
2355,2,282,3,65,132,2023,Fabian Schar,Centre-Back,Switzerland,Newcastle United,32,33,,,,36,1,0,3054,4,186.0,10000000.0,10000000.0,0.0,10.0,10.0,0.0
2356,2,547,3,53,41,2023,Kristoffer Ajer,Centre-Back,Norway,Brentford FC,26,26,,,,28,1,0,1831,2,198.0,18000000.0,15000000.0,-3000000.0,18.0,15.0,-3.0
2357,2,453,2,10,202,2023,Joao Gomes,Central Midfield,Brazil,Wolverhampton Wanderers,23,23,,,,34,1,0,2648,2,176.0,22000000.0,35000000.0,13000000.0,22.0,35.0,13.0
2358,2,235,2,35,112,2023,Dominik Szoboszlai,Central Midfield,Hungary,Liverpool FC,23,24,,,,33,2,0,2104,3,187.0,70000000.0,75000000.0,5000000.0,70.0,75.0,5.0
2359,2,792,9,2,202,2023,Rayan Ait-Nouri,Left-Back,Algeria,Wolverhampton Wanderers,22,23,,,,33,1,0,2329,2,180.0,25000000.0,35000000.0,10000000.0,25.0,35.0,10.0
2360,2,891,3,48,132,2023,Sven Botman,Centre-Back,Netherlands,Newcastle United,24,25,,,,17,2,0,1377,2,195.0,45000000.0,45000000.0,0.0,45.0,45.0,0.0
2361,2,909,3,10,50,2023,Thiago Silva,Centre-Back,Brazil,Chelsea FC,39,40,,,,31,1,0,2527,3,181.0,2000000.0,1000000.0,-1000000.0,2.0,1.0,-1.0
2362,2,263,4,69,3,2023,Enes unal,Centre-Forward,T脙录rkiye,AFC Bournemouth,27,27,,,,16,2,0,328,2,187.0,25000000.0,18000000.0,-7000000.0,25.0,18.0,-7.0
2363,2,266,2,4,50,2023,Enzo Fernandez,Central Midfield,Argentina,Chelsea FC,23,24,,,,28,2,1,2209,3,178.0,80000000.0,75000000.0,-5000000.0,80.0,75.0,-5.0
2364,2,964,3,27,21,2023,William Saliba,Centre-Back,France,Arsenal FC,23,23,,,,38,1,0,342,2,192.0,70000000.0,80000000.0,10000000.0,70.0,80.0,10.0
2365,2,360,3,25,119,2023,Harry Maguire,Centre-Back,England,Manchester United,31,31,,,,22,2,0,1653,2,194.0,20000000.0,18000000.0,-2000000.0,20.0,18.0,-2.0
2366,2,340,2,4,188,2023,Giovani Lo Celso,Central Midfield,Argentina,Tottenham Hotspur,28,28,,,,22,2,0,506,2,177.0,16000000.0,16000000.0,0.0,16.0,16.0,0.0
2367,2,721,2,4,136,2023,Nicolas Dominguez,Central Midfield,Argentina,Nottingham Forest,25,26,,,,26,2,0,1495,2,179.0,17000000.0,17000000.0,0.0,17.0,17.0,0.0
2368,2,709,3,48,118,2023,Nathan Ake,Centre-Back,Netherlands,Manchester City,29,29,,,,29,2,0,2042,2,180.0,40000000.0,40000000.0,0.0,40.0,40.0,0.0
2369,2,948,3,48,112,2023,Virgil van Dijk,Centre-Back,Netherlands,Liverpool FC,32,33,,,,36,2,0,3178,2,195.0,32000000.0,30000000.0,-2000000.0,32.0,30.0,-2.0
2370,2,196,5,10,136,2023,Danilo,Defensive Midfield,Brazil,Nottingham Forest,23,23,,,,29,2,0,1791,2,177.0,28000000.0,28000000.0,0.0,28.0,28.0,0.0
2371,2,653,12,55,22,2023,Matty Cash,Right-Back,Poland,Aston Villa,26,27,,,,29,2,0,2142,2,185.0,28000000.0,28000000.0,0.0,28.0,28.0,0.0
2372,2,438,7,30,57,2023,Jeffrey Schlupp,Left Midfield,Ghana,Crystal Palace,31,32,,,,29,2,0,1351,2,178.0,7000000.0,7000000.0,0.0,7.0,7.0,0.0
2373,2,772,9,23,43,2023,Pervis Estupinan,Left-Back,Ecuador,Brighton & Hove Albion,26,27,,,,19,3,0,1244,2,175.0,35000000.0,30000000.0,-5000000.0,35.0,30.0,-5.0
2374,2,585,8,15,3,2023,Luis Sinisterra,Left Winger,Colombia,AFC Bournemouth,24,25,,,,20,2,0,698,2,172.0,20000000.0,17000000.0,-3000000.0,20.0,17.0,-3.0
2375,2,188,3,25,132,2023,Dan Burn,Centre-Back,England,Newcastle United,32,32,,,,33,2,0,2726,2,201.0,10000000.0,8000000.0,-2000000.0,10.0,8.0,-2.0
2376,2,775,2,21,3,2023,Philip Billing,Central Midfield,Denmark,AFC Bournemouth,27,28,,,,29,2,0,1401,2,193.0,22000000.0,22000000.0,0.0,22.0,22.0,0.0
2377,2,357,1,67,119,2023,Hannibal,Attacking Midfield,Tunisia,Manchester United,20,22,,,,5,0,0,134,1,183.0,12000000.0,9000000.0,-3000000.0,12.0,9.0,-3.0
2378,2,661,8,16,199,2023,Maxwel Cornet,Left Winger,Cote dIvoire,West Ham United,27,28,,,,7,0,0,112,1,179.0,10000000.0,9000000.0,-1000000.0,10.0,9.0,-1.0
2379,2,223,9,40,188,2023,Destiny Udogie,Left-Back,Italy,Tottenham Hotspur,21,22,,,,28,3,0,2392,2,188.0,38000000.0,45000000.0,7000000.0,38.0,45.0,7.0
2380,2,490,5,38,46,2023,Josh Cullen,Defensive Midfield,Ireland,Burnley FC,28,28,,,,25,3,0,2057,2,175.0,13000000.0,10000000.0,-3000000.0,13.0,10.0,-3.0
2381,2,16,11,63,81,2023,Adama Traore,Right Winger,Spain,Fulham FC,28,29,,,,17,3,0,377,2,178.0,9000000.0,9000000.0,0.0,9.0,9.0,0.0
2382,2,24,4,4,188,2023,Alejo Veliz,Centre-Forward,Argentina,Tottenham Hotspur,20,21,,,,8,0,0,49,1,186.0,7000000.0,9000000.0,2000000.0,7.0,9.0,2.0
2383,2,596,3,21,116,2023,Mads Andersen,Centre-Back,Denmark,Luton Town,26,27,,,,8,0,0,400,1,194.0,3000000.0,3000000.0,0.0,3.0,3.0,0.0
2384,2,915,8,29,188,2023,Timo Werner,Left Winger,Germany,Tottenham Hotspur,28,28,,,,13,3,0,810,2,180.0,20000000.0,17000000.0,-3000000.0,20.0,17.0,-3.0
2385,2,538,4,74,3,2023,Kieffer Moore,Centre-Forward,Wales,AFC Bournemouth,31,32,,,,8,0,0,108,1,196.0,2500000.0,2000000.0,-500000.0,2.5,2.0,-0.5
2386,2,555,5,8,22,2023,Leander Dendoncker,Defensive Midfield,Belgium,Aston Villa,28,29,,,,8,0,0,120,1,188.0,11000000.0,7000000.0,-4000000.0,11.0,7.0,-4.0
2387,2,286,1,56,21,2023,Fabio Vieira,Attacking Midfield,Portugal,Arsenal FC,23,24,,,,11,2,1,299,1,170.0,28000000.0,22000000.0,-6000000.0,28.0,22.0,-6.0
2388,2,51,2,56,66,2023,Andre Gomes,Central Midfield,Portugal,Everton FC,30,31,,,,12,0,0,509,1,190.0,12000000.0,10000000.0,-2000000.0,12.0,10.0,-2.0
2389,2,851,2,40,132,2023,Sandro Tonali,Central Midfield,Italy,Newcastle United,23,24,,,,8,0,0,439,1,181.0,60000000.0,38000000.0,-22000000.0,60.0,38.0,-22.0
2390,2,161,2,21,119,2023,Christian Eriksen,Central Midfield,Denmark,Manchester United,32,32,,,,22,2,0,1141,1,182.0,18000000.0,8000000.0,-10000000.0,18.0,8.0,-10.0
2391,2,45,3,8,46,2023,Ameen Al-Dakhil,Centre-Back,Belgium,Burnley FC,21,22,,,,13,0,0,1056,1,187.0,11000000.0,12000000.0,1000000.0,11.0,12.0,1.0
2392,2,873,2,32,41,2023,Shandon Baptiste,Central Midfield,Grenada,Brentford FC,26,26,,,,10,1,0,229,1,180.0,2500000.0,2500000.0,0.0,2.5,2.5,0.0
2393,2,463,2,25,132,2023,Joe Willock,Central Midfield,England,Newcastle United,24,25,,,,9,0,0,418,1,186.0,35000000.0,30000000.0,-5000000.0,35.0,30.0,-5.0
2394,2,204,11,74,3,2023,David Brooks,Right Winger,Wales,AFC Bournemouth,26,27,,,,13,1,0,282,1,173.0,9000000.0,8000000.0,-1000000.0,9.0,8.0,-1.0
2395,2,735,9,70,21,2023,Oleksandr Zinchenko,Left-Back,Ukraine,Arsenal FC,27,28,,,,27,2,0,1721,1,175.0,42000000.0,38000000.0,-4000000.0,42.0,38.0,-4.0
2396,2,562,9,25,132,2023,Lewis Hall,Left-Back,England,Newcastle United,19,20,,,,18,0,0,781,1,179.0,18000000.0,18000000.0,0.0,18.0,18.0,0.0
2397,2,309,2,50,41,2023,Frank Onyeka,Central Midfield,Nigeria,Brentford FC,26,27,,,,26,2,0,1159,1,183.0,9000000.0,9000000.0,0.0,9.0,9.0,0.0
2398,2,98,3,74,188,2023,Ben Davies,Centre-Back,Wales,Tottenham Hotspur,31,31,,,,17,0,0,109,1,181.0,15000000.0,10000000.0,-5000000.0,15.0,10.0,-5.0
2399,2,144,5,10,119,2023,Casemiro,Defensive Midfield,Brazil,Manchester United,32,32,,,,25,2,0,1982,1,185.0,30000000.0,20000000.0,-10000000.0,30.0,20.0,-10.0
2400,2,545,3,31,199,2023,Konstantinos Mavropanos,Centre-Back,Greece,West Ham United,26,27,,,,19,0,0,15,1,194.0,14000000.0,20000000.0,6000000.0,14.0,20.0,6.0
2401,2,929,3,25,50,2023,Trevoh Chalobah,Centre-Back,England,Chelsea FC,24,25,,,,13,0,0,952,1,192.0,18000000.0,13000000.0,-5000000.0,18.0,13.0,-5.0
2402,2,914,3,71,81,2023,Tim Ream,Centre-Back,United States,Fulham FC,36,37,,,,18,0,0,1505,1,186.0,1000000.0,800000.0,-200000.0,1.0,0.8,-0.2
2403,2,844,1,37,41,2023,Saman Ghoddos,Attacking Midfield,Iran,Brentford FC,30,31,,,,19,0,0,739,1,175.0,2000000.0,2000000.0,0.0,2.0,2.0,0.0
2404,2,700,3,59,136,2023,Moussa Niakhate,Centre-Back,Senegal,Nottingham Forest,28,28,,,,21,0,0,1461,1,190.0,16000000.0,16000000.0,0.0,16.0,16.0,0.0
2405,2,745,5,8,136,2023,Orel Mangala,Defensive Midfield,Belgium,Nottingham Forest,25,26,,,,20,0,0,1563,1,178.0,20000000.0,20000000.0,0.0,20.0,20.0,0.0
2406,2,256,12,10,188,2023,Emerson Royal,Right-Back,Brazil,Tottenham Hotspur,25,26,,,,22,0,0,1161,1,183.0,18000000.0,18000000.0,0.0,18.0,18.0,0.0
2407,2,197,4,25,199,2023,Danny Ings,Centre-Forward,England,West Ham United,31,32,,,,20,0,0,403,1,177.0,9000000.0,8000000.0,-1000000.0,9.0,8.0,-1.0
2408,2,714,3,47,199,2023,Nayef Aguerd,Centre-Back,Morocco,West Ham United,28,28,,,,21,0,0,1858,1,190.0,38000000.0,35000000.0,-3000000.0,38.0,35.0,-3.0
2409,2,787,3,27,119,2023,Raphael Varane,Centre-Back,France,Manchester United,31,31,,,,22,0,0,1375,1,191.0,25000000.0,20000000.0,-5000000.0,25.0,20.0,-5.0
2410,2,917,12,25,132,2023,Tino Livramento,Right-Back,England,Newcastle United,21,22,,,,26,0,0,1313,1,182.0,30000000.0,35000000.0,5000000.0,30.0,35.0,5.0
2411,2,834,5,48,112,2023,Ryan Gravenberch,Defensive Midfield,Netherlands,Liverpool FC,22,22,,,,26,0,0,1121,1,190.0,35000000.0,35000000.0,0.0,35.0,35.0,0.0
2412,2,856,2,60,81,2023,Sasa Lukic,Central Midfield,Serbia,Fulham FC,27,28,,,,24,0,0,1121,1,182.0,10000000.0,10000000.0,0.0,10.0,10.0,0.0
2413,2,560,8,25,66,2023,Lewis Dobbin,Left Winger,England,Everton FC,21,22,,,,12,0,0,232,1,175.0,1000000.0,2500000.0,1500000.0,1.0,2.5,1.5
2414,2,646,12,38,202,2023,Matt Doherty,Right-Back,Ireland,Wolverhampton Wanderers,32,33,,,,30,0,0,115,1,185.0,4000000.0,3000000.0,-1000000.0,4.0,3.0,-1.0
2415,2,569,12,27,46,2023,Lorenz Assignon,Right-Back,France,Burnley FC,23,24,,,,15,2,0,1235,1,181.0,10000000.0,10000000.0,0.0,10.0,10.0,0.0
2416,2,78,4,1,79,2023,Armando Broja,Centre-Forward,Albania,For 2 Clubs,22,23,,,,21,2,0,542,1,191.0,28000000.0,22000000.0,-6000000.0,28.0,22.0,-6.0
2417,2,956,5,42,112,2023,Wataru Endo,Defensive Midfield,Japan,Liverpool FC,31,31,,,,29,0,0,1722,1,178.0,13000000.0,13000000.0,0.0,13.0,13.0,0.0
2418,2,947,5,10,170,2023,Vini Souza,Defensive Midfield,Brazil,Sheffield United,24,25,,,,36,0,0,2668,1,187.0,12000000.0,12000000.0,0.0,12.0,12.0,0.0
2419,2,633,2,17,118,2023,Mateo Kovacic,Central Midfield,Croatia,Manchester City,30,30,,,,30,0,0,1551,1,177.0,38000000.0,30000000.0,-8000000.0,38.0,30.0,-8.0
2420,2,280,3,25,22,2023,Ezri Konsa,Centre-Back,England,Aston Villa,26,27,,,,35,0,0,3069,1,183.0,35000000.0,35000000.0,0.0,35.0,35.0,0.0
2421,2,137,3,50,81,2023,Calvin Bassey,Centre-Back,Nigeria,Fulham FC,24,25,,,,29,0,0,2303,1,185.0,16000000.0,16000000.0,0.0,16.0,16.0,0.0
2422,2,901,3,25,116,2023,Teden Mengi,Centre-Back,England,Luton Town,22,22,,,,30,0,0,2469,1,186.0,7000000.0,12000000.0,5000000.0,7.0,12.0,5.0
2423,2,738,2,52,170,2023,Oliver Norwood,Central Midfield,Northern Ireland,Sheffield United,33,33,,,,27,0,1,144,1,175.0,1500000.0,1000000.0,-500000.0,1.5,1.0,-0.5
2424,2,70,4,27,119,2023,Anthony Martial,Centre-Forward,France,Manchester United,28,29,,,,13,0,0,447,1,181.0,15000000.0,10000000.0,-5000000.0,15.0,10.0,-5.0
2425,2,648,10,58,132,2023,Matt Ritchie,Right Midfield,Scotland,Newcastle United,34,35,,,,13,0,0,128,1,173.0,1000000.0,1000000.0,0.0,1.0,1.0,0.0
2426,2,191,8,11,3,2023,Dango Ouattara,Left Winger,Burkina Faso,AFC Bournemouth,22,22,,,,30,2,0,1229,1,177.0,20000000.0,20000000.0,0.0,20.0,20.0,0.0
2427,2,43,11,16,119,2023,Amad Diallo,Right Winger,Cote dIvoire,Manchester United,21,22,,,,9,1,0,390,1,173.0,18000000.0,18000000.0,0.0,18.0,18.0,0.0
2428,2,403,7,25,22,2023,Jacob Ramsey,Left Midfield,England,Aston Villa,22,23,,,,16,1,0,853,1,180.0,42000000.0,35000000.0,-7000000.0,42.0,35.0,-7.0
2429,2,923,3,74,116,2023,Tom Lockyer,Centre-Back,Wales,Luton Town,29,30,,,,14,1,0,1169,1,185.0,3500000.0,2500000.0,-1000000.0,3.5,2.5,-1.0
2430,2,381,3,70,3,2023,Ilya Zabarnyi,Centre-Back,Ukraine,AFC Bournemouth,21,22,,,,37,0,0,333,1,189.0,25000000.0,32000000.0,7000000.0,25.0,32.0,7.0
2431,2,572,11,40,46,2023,Luca Koleosho,Right Winger,Italy,Burnley FC,19,20,,,,15,1,0,974,1,175.0,6000000.0,7000000.0,1000000.0,6.0,7.0,1.0
2432,2,143,2,25,50,2023,Carney Chukwuemeka,Central Midfield,England,Chelsea FC,20,21,,,,9,1,0,227,1,188.0,15000000.0,15000000.0,0.0,15.0,15.0,0.0
2433,2,748,11,53,118,2023,Oscar Bobb,Right Winger,Norway,Manchester City,20,21,,,,14,1,0,302,1,175.0,10000000.0,25000000.0,15000000.0,10.0,25.0,15.0
2434,2,597,12,21,41,2023,Mads Roerslev,Right-Back,Denmark,Brentford FC,24,25,,,,34,2,0,1986,1,184.0,8000000.0,10000000.0,2000000.0,8.0,10.0,2.0
2435,2,734,12,50,136,2023,Ola Aina,Right-Back,Nigeria,Nottingham Forest,27,28,,,,22,1,0,1692,1,184.0,5000000.0,12000000.0,7000000.0,5.0,12.0,7.0
2436,2,942,3,64,119,2023,Victor Lindelof,Centre-Back,Sweden,Manchester United,29,30,,,,19,1,0,1328,1,187.0,18000000.0,15000000.0,-3000000.0,18.0,15.0,-3.0
2437,2,255,9,40,199,2023,Emerson,Left-Back,Italy,West Ham United,29,30,,,,36,2,0,3137,1,176.0,12000000.0,12000000.0,0.0,12.0,12.0,0.0
2438,2,475,3,25,118,2023,John Stones,Centre-Back,England,Manchester City,29,30,,,,16,0,0,1064,1,188.0,38000000.0,38000000.0,0.0,38.0,38.0,0.0
2439,2,533,12,48,81,2023,Kenny Tete,Right-Back,Netherlands,Fulham FC,28,29,,,,14,0,0,867,1,180.0,15000000.0,15000000.0,0.0,15.0,15.0,0.0
2440,2,558,3,25,50,2023,Levi Colwill,Centre-Back,England,Chelsea FC,21,21,,,,23,1,0,1797,1,187.0,35000000.0,50000000.0,15000000.0,35.0,50.0,15.0
2441,2,985,3,21,41,2023,Zanka,Centre-Back,Denmark,Brentford FC,34,34,,,,14,0,0,1087,1,189.0,1000000.0,1000000.0,0.0,1.0,1.0,0.0
2442,2,485,2,25,116,2023,Jordan Clark,Central Midfield,England,Luton Town,30,31,,,,23,1,0,1304,1,183.0,1000000.0,1000000.0,0.0,1.0,1.0,0.0
2443,2,185,2,25,112,2023,Curtis Jones,Central Midfield,England,Liverpool FC,23,24,,,,23,1,0,1166,1,185.0,25000000.0,35000000.0,10000000.0,25.0,35.0,10.0
2444,2,30,2,25,3,2023,Alex Scott,Central Midfield,England,AFC Bournemouth,20,21,,,,23,1,0,1013,1,178.0,20000000.0,20000000.0,0.0,20.0,20.0,0.0
2445,2,22,2,8,116,2023,Albert Sambi Lokonga,Central Midfield,Belgium,Luton Town,24,25,,,,17,3,0,1304,1,183.0,12000000.0,15000000.0,3000000.0,12.0,15.0,3.0
2446,2,563,2,25,132,2023,Lewis Miley,Central Midfield,England,Newcastle United,17,18,,,,17,3,0,1203,1,189.0,2500000.0,22000000.0,19500000.0,2.5,22.0,19.5
2447,2,174,12,52,112,2023,Conor Bradley,Right-Back,Northern Ireland,Liverpool FC,20,21,,,,11,3,0,753,1,181.0,2000000.0,15000000.0,13000000.0,2.0,15.0,13.0
2448,2,850,5,53,46,2023,Sander Berge,Defensive Midfield,Norway,Burnley FC,26,26,,,,37,2,0,3005,1,195.0,20000000.0,20000000.0,0.0,20.0,20.0,0.0
2449,2,411,5,25,66,2023,James Garner,Defensive Midfield,England,Everton FC,23,23,,,,37,2,0,3004,1,182.0,16000000.0,22000000.0,6000000.0,16.0,22.0,6.0
2450,2,145,4,25,116,2023,Cauley Woodrow,Centre-Forward,England,Luton Town,29,30,,,,24,1,0,426,1,184.0,1000000.0,1000000.0,0.0,1.0,1.0,0.0
2451,2,574,9,27,22,2023,Lucas Digne,Left-Back,France,Aston Villa,30,31,,,,33,3,0,241,1,178.0,15000000.0,12000000.0,-3000000.0,15.0,12.0,-3.0
2452,2,469,11,36,46,2023,Johann Berg Gudmundsson,Right Winger,Iceland,Burnley FC,33,34,,,,26,3,0,1191,1,186.0,1000000.0,1000000.0,0.0,1.0,1.0,0.0
2453,2,61,11,25,116,2023,Andros Townsend,Right Winger,England,Luton Town,32,33,,,,27,3,0,1209,1,181.0,1800000.0,1800000.0,0.0,1.8,1.8,0.0
2454,2,178,3,25,202,2023,Craig Dawson,Centre-Back,England,Wolverhampton Wanderers,33,34,,,,25,1,0,2209,1,188.0,2000000.0,2000000.0,0.0,2.0,2.0,0.0
2455,2,408,3,55,21,2023,Jakub Kiwior,Centre-Back,Poland,Arsenal FC,24,24,,,,20,3,0,946,1,189.0,25000000.0,30000000.0,5000000.0,25.0,30.0,5.0
2456,2,409,3,25,132,2023,Jamaal Lascelles,Centre-Back,England,Newcastle United,30,31,,,,16,0,0,108,1,188.0,7000000.0,7000000.0,0.0,7.0,7.0,0.0
2457,2,437,5,15,57,2023,Jefferson Lerma,Defensive Midfield,Colombia,Crystal Palace,29,30,,,,28,1,0,24,1,179.0,20000000.0,20000000.0,0.0,20.0,20.0,0.0
2458,2,361,9,25,136,2023,Harry Toffolo,Left-Back,England,Nottingham Forest,28,29,,,,23,3,0,1459,1,183.0,5000000.0,5000000.0,0.0,5.0,5.0,0.0
2459,2,75,11,10,119,2023,Antony,Right Winger,Brazil,Manchester United,24,24,,,,29,1,0,1324,1,172.0,50000000.0,25000000.0,-25000000.0,50.0,25.0,-25.0
2460,2,690,5,23,50,2023,Moises Caicedo,Defensive Midfield,Ecuador,Chelsea FC,22,23,,,,35,3,0,2866,1,178.0,90000000.0,75000000.0,-15000000.0,90.0,75.0,-15.0
2461,2,710,3,38,41,2023,Nathan Collins,Centre-Back,Ireland,Brentford FC,23,23,,,,32,1,0,2652,1,193.0,25000000.0,25000000.0,0.0,25.0,25.0,0.0
2462,2,916,12,8,81,2023,Timothy Castagne,Right-Back,Belgium,Fulham FC,28,29,,,,34,3,0,2634,1,185.0,17000000.0,17000000.0,0.0,17.0,17.0,0.0
2463,2,927,3,56,202,2023,Toti,Centre-Back,Portugal,Wolverhampton Wanderers,25,26,,,,35,3,0,2772,1,187.0,14000000.0,20000000.0,6000000.0,14.0,20.0,6.0
2464,2,417,3,25,66,2023,James Tarkowski,Centre-Back,England,Everton FC,31,32,,,,38,1,0,3419,1,185.0,13000000.0,13000000.0,0.0,13.0,13.0,0.0
2465,2,799,4,10,188,2023,Richarlison,Centre-Forward,Brazil,Tottenham Hotspur,26,27,,,,28,4,0,1491,11,184.0,40000000.0,38000000.0,-2000000.0,40.0,38.0,-2.0
2466,2,836,2,25,136,2023,Ryan Yates,Central Midfield,England,Nottingham Forest,26,27,,,,35,1,0,1992,1,190.0,12000000.0,12000000.0,0.0,12.0,12.0,0.0
2467,2,248,5,46,199,2023,Edson alvarez,Defensive Midfield,Mexico,West Ham United,26,27,,,,31,1,0,2377,1,190.0,35000000.0,35000000.0,0.0,35.0,35.0,0.0
2468,2,950,5,29,41,2023,Vitaly Janelt,Defensive Midfield,Germany,Brentford FC,26,26,,,,38,3,0,3054,1,184.0,22000000.0,22000000.0,0.0,22.0,22.0,0.0
2469,2,557,11,41,22,2023,Leon Bailey,Right Winger,Jamaica,Aston Villa,26,27,,,,35,9,0,2068,10,178.0,30000000.0,42000000.0,12000000.0,30.0,42.0,12.0
2470,2,69,8,25,132,2023,Anthony Gordon,Left Winger,England,Newcastle United,23,23,,,,35,10,1,2891,11,183.0,38000000.0,60000000.0,22000000.0,38.0,60.0,22.0
2471,2,142,4,25,116,2023,Carlton Morris,Centre-Forward,England,Luton Town,28,29,,,,38,4,5,2864,11,185.0,10000000.0,13000000.0,3000000.0,10.0,13.0,3.0
2472,2,201,4,72,112,2023,Darwin Nenez,Centre-Forward,Uruguay,Liverpool FC,24,25,,,,36,8,0,2047,11,187.0,65000000.0,70000000.0,5000000.0,65.0,70.0,5.0
2473,2,238,2,10,22,2023,Douglas Luiz,Central Midfield,Brazil,Aston Villa,26,26,,,,35,5,4,2994,9,177.0,55000000.0,70000000.0,15000000.0,55.0,70.0,15.0
2474,2,556,8,8,21,2023,Leandro Trossard,Left Winger,Belgium,Arsenal FC,29,30,,,,34,1,0,1649,12,172.0,38000000.0,35000000.0,-3000000.0,38.0,35.0,-3.0
2475,2,920,2,58,81,2023,Tom Cairney,Central Midfield,Scotland,Fulham FC,33,34,,,,34,4,0,1488,1,185.0,2000000.0,2000000.0,0.0,2.0,2.0,0.0
2476,2,925,5,19,199,2023,Tomas Soucek,Defensive Midfield,Czech Republic,West Ham United,29,29,,,,37,2,0,287,7,192.0,35000000.0,30000000.0,-5000000.0,35.0,30.0,-5.0
2477,2,616,8,25,119,2023,Marcus Rashford,Left Winger,England,Manchester United,26,27,,,,33,2,2,2271,7,185.0,75000000.0,60000000.0,-15000000.0,75.0,60.0,-15.0
2478,2,127,5,10,132,2023,Bruno Guimaraes,Defensive Midfield,Brazil,Newcastle United,26,27,,,,37,8,0,3263,7,182.0,85000000.0,85000000.0,0.0,85.0,85.0,0.0
2479,2,503,4,4,118,2023,Julian Alvarez,Centre-Forward,Argentina,Manchester City,24,24,,,,36,9,2,2647,11,170.0,80000000.0,90000000.0,10000000.0,80.0,90.0,10.0
2480,2,215,1,64,188,2023,Dejan Kulusevski,Attacking Midfield,Sweden,Tottenham Hotspur,24,24,,,,36,3,0,2762,8,186.0,55000000.0,55000000.0,0.0,55.0,55.0,0.0
2481,2,170,8,48,112,2023,Cody Gakpo,Left Winger,Netherlands,Liverpool FC,25,25,,,,35,5,0,165,8,193.0,50000000.0,55000000.0,5000000.0,50.0,55.0,5.0
2482,2,213,2,25,21,2023,Declan Rice,Central Midfield,England,Arsenal FC,25,26,,,,38,9,0,3225,7,188.0,100000000.0,120000000.0,20000000.0,100.0,120.0,20.0
2483,2,582,8,15,112,2023,Luis Diaz,Left Winger,Colombia,Liverpool FC,27,28,,,,37,5,0,2629,8,180.0,75000000.0,75000000.0,0.0,75.0,75.0,0.0
2484,2,419,2,25,199,2023,James Ward-Prowse,Central Midfield,England,West Ham United,29,30,,,,37,7,2,3001,7,177.0,38000000.0,30000000.0,-8000000.0,38.0,30.0,-8.0
2485,2,811,5,63,118,2023,Rodri,Defensive Midfield,Spain,Manchester City,27,28,,,,34,9,0,2932,8,191.0,100000000.0,130000000.0,30000000.0,100.0,130.0,30.0
2486,2,72,11,30,3,2023,Antoine Semenyo,Right Winger,Ghana,AFC Bournemouth,24,25,,,,33,2,0,2106,8,185.0,10000000.0,10000000.0,0.0,10.0,10.0,0.0
2487,2,23,8,4,119,2023,Alejandro Garnacho,Left Winger,Argentina,Manchester United,19,20,,,,36,4,0,2565,7,180.0,30000000.0,45000000.0,15000000.0,30.0,45.0,15.0
2488,2,135,4,25,132,2023,Callum Wilson,Centre-Forward,England,Newcastle United,32,32,,,,20,1,2,991,9,180.0,13000000.0,13000000.0,0.0,13.0,13.0,0.0
2489,2,688,11,30,199,2023,Mohammed Kudus,Right Winger,Ghana,West Ham United,23,24,,,,33,6,0,2485,8,177.0,45000000.0,50000000.0,5000000.0,45.0,50.0,5.0
2490,2,785,11,25,50,2023,Raheem Sterling,Right Winger,England,Chelsea FC,29,30,,,,31,4,0,1979,8,170.0,50000000.0,35000000.0,-15000000.0,50.0,35.0,-15.0
2491,2,624,1,53,21,2023,Martin odegaard,Attacking Midfield,Norway,Arsenal FC,25,26,,,,35,10,2,3091,8,178.0,90000000.0,110000000.0,20000000.0,90.0,110.0,20.0
2492,2,130,11,12,41,2023,Bryan Mbeumo,Right Winger,Cameroon,Brentford FC,24,25,,,,25,6,3,196,9,171.0,38000000.0,40000000.0,2000000.0,38.0,40.0,2.0
2493,2,456,4,10,43,2023,Joao Pedro,Centre-Forward,Brazil,Brighton & Hove Albion,22,23,,,,31,3,4,2046,9,182.0,35000000.0,45000000.0,10000000.0,35.0,45.0,10.0
2494,2,133,8,25,136,2023,Callum Hudson-Odoi,Left Winger,England,Nottingham Forest,23,24,,,,29,1,0,1854,8,178.0,12000000.0,18000000.0,6000000.0,12.0,18.0,6.0
2495,2,814,4,10,81,2023,Rodrigo Muniz,Centre-Forward,Brazil,Fulham FC,23,23,,,,26,1,0,1594,9,186.0,5000000.0,20000000.0,15000000.0,5.0,20.0,15.0
2496,2,251,4,25,116,2023,Elijah Adebayo,Centre-Forward,England,Luton Town,26,27,,,,27,0,0,1416,10,193.0,7000000.0,12000000.0,5000000.0,7.0,12.0,5.0
2497,2,126,1,56,119,2023,Bruno Fernandes,Attacking Midfield,Portugal,Manchester United,29,30,,,,35,8,4,3118,10,179.0,70000000.0,70000000.0,0.0,70.0,70.0,0.0
2498,2,367,4,43,202,2023,Hee-chan Hwang,Centre-Forward,"Korea, South",Wolverhampton Wanderers,28,29,,,,29,3,1,2119,12,177.0,18000000.0,25000000.0,7000000.0,18.0,25.0,7.0
2499,2,244,1,25,57,2023,Eberechi Eze,Attacking Midfield,England,Crystal Palace,25,26,,,,27,4,1,2056,11,178.0,48000000.0,55000000.0,7000000.0,48.0,55.0,7.0
2500,2,229,4,56,112,2023,Diogo Jota,Centre-Forward,Portugal,Liverpool FC,27,28,,,,21,3,0,1146,10,178.0,50000000.0,50000000.0,0.0,50.0,50.0,0.0
2501,2,789,4,21,119,2023,Rasmus Hojlund,Centre-Forward,Denmark,Manchester United,21,21,,,,30,2,0,2159,10,191.0,65000000.0,65000000.0,0.0,65.0,65.0,0.0
2502,2,671,11,27,57,2023,Michael Olise,Right Winger,France,Crystal Palace,22,23,,,,19,6,1,1276,10,184.0,50000000.0,55000000.0,5000000.0,50.0,55.0,5.0
