age_now,age_then,assists,club_id,club_performance,height,nationality_id,penalty_kicks,player_id,position_id,relegation,season,source_dataset_id,success_or_not,total_games,total_goals,total_minutes,transfer_observation_id,value_delta_mln,value_end_mln,value_0_mln,player_name,club_name,position,nationality,start_value
34,29,2,57,-5.0,176.0,48,1,759,9,0.0,2019,2,-1.0,29,3,2507,91,-2.5,9.5,12.0,Patrick van Aanholt,Crystal Palace,Left-Back,Netherlands,12000000.0
27,24,1,119,,184.0,48,0,236,2,,2020,2,,19,1,526,1609,-14.0,30.0,44.0,Donny van de Beek,Manchester United,Central Midfield,Netherlands,44000000.0
35,32,3,199,,170.0,25,0,2,9,,2021,2,,31,2,2726,1694,-1.0,3.0,4.0,Aaron Cresswell,West Ham United,Left-Back,England,4000000.0
31,28,2,22,0.0,196.0,25,0,935,3,0.0,2020,2,0.0,36,2,3195,284,3.0,30.0,27.0,Tyrone Mings,Aston Villa,Centre-Back,England,27000000.0
28,28,0,136,,190.0,59,0,700,3,,2023,2,,21,1,1461,2404,0.0,16.0,16.0,Moussa Niakhate,Nottingham Forest,Centre-Back,Senegal,16000000.0
38,34,9,108,4.0,179.0,25,8,422,4,0.0,2020,2,1.0,34,15,2840,390,-9.0,7.0,16.0,Jamie Vardy,Leicester City,Centre-Forward,England,16000000.0
24,23,0,118,2.0,170.0,4,1,503,4,0.0,2022,2,1.0,31,9,1465,981,32.0,60.0,28.0,Julian Alvarez,Manchester City,Centre-Forward,Argentina,28000000.0
26,23,1,57,,178.0,25,0,244,1,,2021,2,,13,1,605,1786,2.0,22.0,20.0,Eberechi Eze,Crystal Palace,Attacking Midfield,England,20000000.0
27,26,5,132,,173.0,27,0,41,8,,2022,2,,25,1,1119,2062,-8.0,32.0,40.0,Allan Saint-Maximin,Newcastle United,Left Winger,France,40000000.0
34,33,1,43,3.0,185.0,25,0,198,4,0.0,2023,2,1.0,29,5,1693,1150,-1.0,5.0,6.0,Danny Welbeck,Brighton & Hove Albion,Centre-Forward,England,6000000.0
29,25,3,108,4.0,185.0,8,0,916,12,0.0,2020,2,1.0,27,2,2345,387,10.0,28.0,18.0,Timothy Castagne,Leicester City,Right-Back,Belgium,18000000.0
31,30,4,116,,189.0,25,0,825,2,,2023,2,,32,5,2618,2313,3.5,8.0,4.5,Ross Barkley,Luton Town,Central Midfield,England,4500000.0
29,28,3,81,,185.0,8,0,916,12,,2023,2,,34,1,2634,2462,0.0,17.0,17.0,Timothy Castagne,Fulham FC,Right-Back,Belgium,17000000.0
34,30,5,107,,183.0,55,2,635,2,,2020,2,,35,4,2394,1463,0.5,4.0,3.5,Mateusz Klich,Leeds United,Central Midfield,Poland,3500000.0
29,25,6,22,0.0,181.0,11,0,110,11,0.0,2020,2,0.0,36,7,2317,278,7.0,20.0,13.0,Bertrand Traore,Aston Villa,Right Winger,Burkina Faso,13000000.0
28,25,1,119,-5.0,191.0,58,0,859,2,0.0,2021,2,-1.0,30,1,2386,723,-3.0,32.0,35.0,Scott McTominay,Manchester United,Central Midfield,Scotland,35000000.0
32,30,0,108,,168.0,59,0,707,5,,2022,2,,19,1,756,2182,-1.0,2.5,3.5,Nampalys Mendy,Leicester City,Defensive Midfield,Senegal,3500000.0
32,28,3,174,2.0,183.0,58,0,889,2,0.0,2019,2,1.0,30,5,1716,211,-1.5,6.5,8.0,Stuart Armstrong,Southampton FC,Central Midfield,Scotland,8000000.0
24,22,8,188,2.0,186.0,64,0,215,1,0.0,2021,2,1.0,18,5,1261,775,5.0,40.0,35.0,Dejan Kulusevski,Tottenham Hotspur,Attacking Midfield,Sweden,35000000.0
28,25,4,199,4.0,178.0,63,0,750,1,0.0,2020,2,1.0,33,5,2572,517,0.0,18.0,18.0,Pablo Fornals,West Ham United,Attacking Midfield,Spain,18000000.0
30,28,0,202,3.0,175.0,63,0,483,12,0.0,2021,2,1.0,13,2,1024,813,0.0,15.0,15.0,Jonny Otto,Wolverhampton Wanderers,Right-Back,Spain,15000000.0
30,26,3,118,3.0,182.0,56,0,451,12,0.0,2020,2,1.0,28,2,2300,427,19.0,55.0,36.0,Joao Cancelo,Manchester City,Right-Back,Portugal,36000000.0
30,29,1,43,3.0,180.0,25,0,882,11,0.0,2023,2,1.0,7,3,554,1152,-4.0,18.0,22.0,Solly March,Brighton & Hove Albion,Right Winger,England,22000000.0
33,29,12,118,,181.0,8,2,536,1,,2020,2,,25,6,1997,1411,-20.0,100.0,120.0,Kevin De Bruyne,Manchester City,Attacking Midfield,Belgium,120000000.0
27,24,4,118,3.0,175.0,10,0,313,4,0.0,2020,2,1.0,29,9,2063,419,0.0,60.0,60.0,Gabriel Jesus,Manchester City,Centre-Forward,Brazil,60000000.0
30,27,0,112,,172.0,42,0,896,8,,2021,2,,11,3,186,1833,0.0,12.0,12.0,Takumi Minamino,Liverpool FC,Left Winger,Japan,12000000.0
35,31,5,66,-4.0,186.0,36,3,352,1,0.0,2020,2,-1.0,36,6,2253,352,-5.0,13.0,18.0,Gylfi Sigurdsson,Everton FC,Attacking Midfield,Iceland,18000000.0
23,22,1,43,,175.0,16,0,878,8,,2023,2,,31,6,2222,2246,15.0,30.0,15.0,Simon Adingra,Brighton & Hove Albion,Left Winger,Cote dIvoire,15000000.0
26,24,2,108,-7.0,176.0,25,0,542,2,1.0,2022,2,-1.0,31,2,2308,958,10.0,25.0,15.0,Kiernan Dewsbury-Hall,Leicester City,Central Midfield,England,15000000.0
27,25,5,66,-9.0,184.0,10,3,799,4,0.0,2021,2,-1.0,30,10,2523,630,-7.0,48.0,55.0,Richarlison,Everton FC,Centre-Forward,Brazil,55000000.0
35,31,2,188,,186.0,74,0,322,11,,2020,2,,20,11,920,1648,-10.0,18.0,28.0,Gareth Bale,Tottenham Hotspur,Right Winger,Wales,28000000.0
32,30,4,41,,182.0,21,0,161,2,,2021,2,,11,1,939,1764,5.0,20.0,15.0,Christian Eriksen,Brentford FC,Central Midfield,Denmark,15000000.0
29,28,2,81,5.0,190.0,10,0,141,4,0.0,2022,2,1.0,28,5,1109,923,0.0,6.0,6.0,Carlos Vinicius,Fulham FC,Centre-Forward,Brazil,6000000.0
26,24,0,41,7.0,184.0,29,0,950,5,0.0,2021,2,1.0,31,4,2298,568,4.0,14.0,10.0,Vitaly Janelt,Brentford FC,Defensive Midfield,Germany,10000000.0
28,26,0,79,,188.0,25,1,216,1,,2021,2,,21,1,995,1724,-9.0,16.0,25.0,Dele Alli,For 2 Clubs,Attacking Midfield,England,25000000.0
29,27,6,41,11.0,180.0,21,0,642,2,0.0,2022,2,1.0,37,5,2804,852,10.0,22.0,12.0,Mathias Jensen,Brentford FC,Central Midfield,Denmark,12000000.0
29,26,2,22,-6.0,180.0,25,1,741,4,0.0,2021,2,-1.0,35,11,2952,556,0.0,35.0,35.0,Ollie Watkins,Aston Villa,Centre-Forward,England,35000000.0
27,26,0,81,0.0,197.0,25,0,926,3,0.0,2023,2,0.0,20,2,1617,1225,8.0,20.0,12.0,Tosin Adarabioyo,Fulham FC,Centre-Back,England,12000000.0
28,24,5,174,-2.0,179.0,58,0,151,4,0.0,2020,2,-1.0,36,9,2667,478,8.0,20.0,12.0,Che Adams,Southampton FC,Centre-Forward,Scotland,12000000.0
28,26,2,22,0.0,172.0,4,0,259,1,0.0,2022,2,0.0,38,5,2412,840,0.0,28.0,28.0,Emiliano Buendia,Aston Villa,Attacking Midfield,Argentina,28000000.0
25,21,2,50,-2.0,180.0,25,0,793,12,0.0,2020,2,-1.0,32,1,2373,320,10.0,40.0,30.0,Reece James,Chelsea FC,Right-Back,England,30000000.0
30,26,0,108,4.0,186.0,30,0,192,3,0.0,2020,2,1.0,12,1,722,396,1.5,5.0,3.5,Daniel Amartey,Leicester City,Centre-Back,Ghana,3500000.0
27,25,5,119,-2.0,185.0,25,0,616,8,0.0,2022,2,-1.0,35,17,2880,998,25.0,80.0,55.0,Marcus Rashford,Manchester United,Left Winger,England,55000000.0
31,27,1,202,2.0,177.0,56,0,717,12,0.0,2020,2,1.0,34,1,2983,531,-12.0,28.0,40.0,Nelson Semedo,Wolverhampton Wanderers,Right-Back,Portugal,40000000.0
37,34,1,108,,188.0,52,0,482,3,,2021,2,,18,1,1348,1792,-1.0,4.0,5.0,Jonny Evans,Leicester City,Centre-Back,Northern Ireland,5000000.0
27,24,0,108,,174.0,50,0,18,13,,2021,2,,26,6,1453,1905,1.0,10.0,9.0,Ademola Lookman,Leicester City,Second Striker,Nigeria,9000000.0
31,27,0,132,0.0,188.0,25,0,409,3,0.0,2020,2,0.0,19,2,1625,453,-1.5,13.0,14.5,Jamaal Lascelles,Newcastle United,Centre-Back,England,14500000.0
28,27,3,170,,188.0,58,2,736,4,,2023,2,,21,6,1282,2250,0.0,4.5,4.5,Oli McBurnie,Sheffield United,Centre-Forward,Scotland,4500000.0
27,25,0,79,,184.0,48,0,236,2,,2021,2,,15,2,559,1775,0.0,25.0,25.0,Donny van de Beek,For 2 Clubs,Central Midfield,Netherlands,25000000.0
29,26,3,132,0.0,179.0,25,0,402,11,0.0,2020,2,0.0,26,2,1626,450,0.5,4.0,3.5,Jacob Murphy,Newcastle United,Right Winger,England,3500000.0
23,21,5,21,3.0,178.0,10,0,316,8,0.0,2022,2,1.0,36,15,2789,825,20.0,80.0,60.0,Gabriel Martinelli,Arsenal FC,Left Winger,Brazil,60000000.0
23,21,11,57,2.0,184.0,27,0,671,11,0.0,2022,2,1.0,37,2,2748,896,16.0,38.0,22.0,Michael Olise,Crystal Palace,Right Winger,France,22000000.0
36,33,2,119,,170.0,63,1,502,1,,2020,2,,9,1,509,1529,-3.5,4.0,7.5,Juan Mata,Manchester United,Attacking Midfield,Spain,7500000.0
28,24,0,170,11.0,188.0,58,0,736,4,0.0,2019,2,1.0,36,6,2113,200,-4.0,8.0,12.0,Oli McBurnie,Sheffield United,Centre-Forward,Scotland,12000000.0
25,24,10,136,-6.0,171.0,25,1,691,1,0.0,2023,2,-1.0,37,5,3155,1324,0.0,40.0,40.0,Morgan Gibbs-White,Nottingham Forest,Attacking Midfield,England,40000000.0
37,34,0,57,-6.0,194.0,25,0,858,3,0.0,2020,2,-1.0,15,1,1350,339,-1.3,1.5,2.8,Scott Dann,Crystal Palace,Centre-Back,England,2800000.0
22,21,3,3,3.0,177.0,11,0,191,8,0.0,2022,2,1.0,19,1,1241,815,18.0,25.0,7.0,Dango Ouattara,AFC Bournemouth,Left Winger,Burkina Faso,7000000.0
30,29,0,118,,188.0,25,0,475,3,,2023,2,,16,1,1064,2438,0.0,38.0,38.0,John Stones,Manchester City,Centre-Back,England,38000000.0
33,29,0,132,0.0,183.0,74,0,763,9,0.0,2020,2,0.0,15,1,1255,461,-1.5,3.0,4.5,Paul Dummett,Newcastle United,Left-Back,Wales,4500000.0
26,24,9,112,,175.0,25,0,928,12,,2022,2,,37,2,2923,2129,-5.0,65.0,70.0,Trent Alexander-Arnold,Liverpool FC,Right-Back,England,70000000.0
23,23,1,41,,170.0,25,0,527,8,,2023,2,,30,3,1441,2352,3.0,15.0,12.0,Keane Lewis-Potter,Brentford FC,Left Winger,England,12000000.0
33,30,6,118,,179.0,2,0,803,11,,2020,2,,27,9,1949,1459,-6.0,42.0,48.0,Riyad Mahrez,Manchester City,Right Winger,Algeria,48000000.0
33,29,1,43,,184.0,48,0,466,12,,2020,2,,28,1,2281,1520,1.0,6.0,5.0,Joel Veltman,Brighton & Hove Albion,Right-Back,Netherlands,5000000.0
29,28,1,118,1.0,180.0,25,0,395,8,0.0,2023,2,1.0,20,3,1008,1275,-10.0,60.0,70.0,Jack Grealish,Manchester City,Left Winger,England,70000000.0
27,25,2,41,7.0,177.0,63,0,869,8,0.0,2021,2,1.0,31,3,2084,573,0.0,14.0,14.0,Sergi Canos,Brentford FC,Left Winger,Spain,14000000.0
23,23,2,136,,177.0,10,0,196,5,,2023,2,,29,2,1791,2370,0.0,28.0,28.0,Danilo,Nottingham Forest,Defensive Midfield,Brazil,28000000.0
22,21,1,46,-1.0,180.0,16,0,205,4,1.0,2023,2,-1.0,15,4,879,1160,4.0,12.0,8.0,David Datro Fofana,Burnley FC,Centre-Forward,Cote dIvoire,8000000.0
36,34,0,202,1.0,186.0,63,0,224,4,0.0,2022,2,1.0,23,1,1242,1084,-1.5,2.0,3.5,Diego Costa,Wolverhampton Wanderers,Centre-Forward,Spain,3500000.0
38,35,0,174,,180.0,38,0,875,4,,2021,2,,13,1,308,1717,0.0,0.8,0.8,Shane Long,Southampton FC,Centre-Forward,Ireland,800000.0
39,37,1,118,,179.0,10,0,295,5,,2021,2,,19,2,964,1740,-0.5,1.5,2.0,Fernandinho,Manchester City,Defensive Midfield,Brazil,2000000.0
34,31,2,107,,183.0,55,0,635,2,,2021,2,,33,1,2074,1762,-1.0,3.0,4.0,Mateusz Klich,Leeds United,Central Midfield,Poland,4000000.0
27,22,6,119,-2.0,171.0,74,0,193,11,0.0,2019,2,-1.0,33,3,2287,161,-2.5,22.5,25.0,Daniel James,Manchester United,Right Winger,Wales,25000000.0
26,25,0,116,2.0,178.0,58,0,400,4,1.0,2023,2,1.0,19,2,1019,1266,0.0,4.0,4.0,Jacob Brown,Luton Town,Centre-Forward,Scotland,4000000.0
24,23,1,112,,185.0,25,0,185,2,,2023,2,,23,1,1166,2443,10.0,35.0,25.0,Curtis Jones,Liverpool FC,Central Midfield,England,25000000.0
28,25,1,46,-1.0,179.0,16,0,661,8,1.0,2021,2,-1.0,26,9,1766,588,1.0,15.0,14.0,Maxwel Cornet,Burnley FC,Left Winger,Cote dIvoire,14000000.0
28,26,3,199,3.0,178.0,63,0,750,1,0.0,2021,2,1.0,36,6,2794,798,2.0,22.0,20.0,Pablo Fornals,West Ham United,Attacking Midfield,Spain,20000000.0
34,31,1,57,,190.0,8,0,160,4,,2021,2,,25,4,1146,1914,-1.0,6.0,7.0,Christian Benteke,Crystal Palace,Centre-Forward,Belgium,7000000.0
29,24,1,170,11.0,178.0,38,0,134,4,0.0,2019,2,1.0,16,1,676,196,-1.5,5.5,7.0,Callum Robinson,Sheffield United,Centre-Forward,Ireland,7000000.0
29,25,0,202,3.0,178.0,63,0,16,11,0.0,2021,2,1.0,20,1,1066,812,-8.0,20.0,28.0,Adama Traore,Wolverhampton Wanderers,Right Winger,Spain,28000000.0
29,26,2,21,,183.0,16,0,724,11,,2021,2,,20,1,696,1816,-5.0,25.0,30.0,Nicolas Pepe,Arsenal FC,Right Winger,Cote dIvoire,30000000.0
29,25,0,79,,191.0,25,0,827,2,,2020,2,,31,1,1969,1527,-6.0,18.0,24.0,Ruben Loftus-Cheek,For 2 Clubs,Central Midfield,England,24000000.0
32,28,2,132,-2.0,184.0,25,0,481,2,0.0,2019,2,-1.0,26,6,2120,167,-3.5,14.5,18.0,Jonjo Shelvey,Newcastle United,Central Midfield,England,18000000.0
33,30,8,118,2.0,181.0,8,0,536,1,0.0,2021,2,1.0,30,15,2202,697,-5.0,85.0,90.0,Kevin De Bruyne,Manchester City,Attacking Midfield,Belgium,90000000.0
28,26,2,50,-10.0,180.0,25,0,97,9,0.0,2022,2,-1.0,23,2,1410,880,-3.0,35.0,38.0,Ben Chilwell,Chelsea FC,Left-Back,England,38000000.0
32,29,2,21,0.0,186.0,65,0,347,5,0.0,2021,2,0.0,27,1,2328,547,0.0,20.0,20.0,Granit Xhaka,Arsenal FC,Defensive Midfield,Switzerland,20000000.0
27,24,0,202,3.0,194.0,25,0,659,3,0.0,2021,2,1.0,30,1,2687,802,7.0,16.0,9.0,Maximilian Kilman,Wolverhampton Wanderers,Centre-Back,England,9000000.0
29,27,1,202,,177.0,43,0,367,4,,2022,2,,27,3,1130,2071,0.0,12.0,12.0,Hee-chan Hwang,Wolverhampton Wanderers,Centre-Forward,"Korea, South",12000000.0
31,26,3,112,4.0,188.0,10,0,283,5,0.0,2019,2,1.0,28,2,2079,121,-14.0,56.0,70.0,Fabinho,Liverpool FC,Defensive Midfield,Brazil,70000000.0
25,23,0,50,,181.0,56,0,452,13,,2022,2,,16,4,941,1960,0.0,50.0,50.0,Joao Felix,Chelsea FC,Second Striker,Portugal,50000000.0
34,30,5,112,4.0,182.0,25,0,486,2,0.0,2019,2,1.0,30,4,2238,126,-7.0,28.0,35.0,Jordan Henderson,Liverpool FC,Central Midfield,England,35000000.0
27,26,2,41,,183.0,50,0,309,2,,2023,2,,26,1,1159,2397,0.0,9.0,9.0,Frank Onyeka,Brentford FC,Central Midfield,Nigeria,9000000.0
34,29,2,43,1.0,174.0,5,0,4,2,0.0,2019,2,1.0,31,2,2086,44,-2.5,9.5,12.0,Aaron Mooy,Brighton & Hove Albion,Central Midfield,Australia,12000000.0
25,22,0,107,1.0,190.0,48,0,755,3,0.0,2021,2,1.0,29,1,2056,659,6.0,15.0,9.0,Pascal Struijk,Leeds United,Centre-Back,Netherlands,9000000.0
19,18,0,43,,182.0,25,0,397,2,,2023,2,,12,3,870,2336,15.0,16.0,1.0,Jack Hinshelwood,Brighton & Hove Albion,Central Midfield,England,1000000.0
22,21,1,174,,175.0,30,0,518,8,,2022,2,,18,2,966,1996,4.0,22.0,18.0,Kamaldeen Sulemana,Southampton FC,Left Winger,Ghana,18000000.0
28,27,9,118,,191.0,63,0,811,5,,2023,2,,34,8,2932,2485,30.0,130.0,100.0,Rodri,Manchester City,Defensive Midfield,Spain,100000000.0
34,31,2,43,,185.0,25,0,198,4,,2021,2,,25,6,1477,1907,1.0,4.0,3.0,Danny Welbeck,Brighton & Hove Albion,Centre-Forward,England,3000000.0
35,32,3,79,,175.0,25,0,906,11,,2020,2,,22,3,1631,1497,-5.0,5.0,10.0,Theo Walcott,For 2 Clubs,Right Winger,England,10000000.0
24,21,1,118,,184.0,63,0,297,11,,2021,2,,4,2,303,1733,0.0,45.0,45.0,Ferran Torres,Manchester City,Right Winger,Spain,45000000.0
26,24,0,202,1.0,187.0,56,0,927,3,0.0,2022,2,1.0,17,1,984,1080,3.5,6.0,2.5,Toti,Wolverhampton Wanderers,Centre-Back,Portugal,2500000.0
33,30,4,188,,185.0,38,0,646,12,,2021,2,,15,2,875,1698,0.0,12.0,12.0,Matt Doherty,Tottenham Hotspur,Right-Back,Ireland,12000000.0
34,32,0,81,5.0,185.0,58,0,920,2,0.0,2022,2,1.0,33,2,988,933,-1.0,2.0,3.0,Tom Cairney,Fulham FC,Central Midfield,Scotland,3000000.0
30,28,4,174,-4.0,177.0,25,2,419,2,1.0,2022,2,-1.0,38,9,3371,1033,3.0,38.0,35.0,James Ward-Prowse,Southampton FC,Central Midfield,England,35000000.0
36,34,5,81,,175.0,10,0,965,8,,2022,2,,27,5,2126,2040,-1.0,3.0,4.0,Willian,Fulham FC,Left Winger,Brazil,4000000.0
26,24,2,41,,184.0,25,0,491,2,,2022,2,,36,4,1389,2094,7.0,16.0,9.0,Josh Dasilva,Brentford FC,Central Midfield,England,9000000.0
33,30,0,135,,188.0,58,0,348,3,,2021,2,,33,1,2897,1781,-0.5,3.5,4.0,Grant Hanley,Norwich City,Centre-Back,Scotland,4000000.0
32,29,3,107,,171.0,51,0,279,9,,2020,2,,36,2,2460,1418,1.5,5.0,3.5,Ezgjan Alioski,Leeds United,Left-Back,North Macedonia,3500000.0
28,25,3,112,,180.0,15,0,582,8,,2021,2,,13,4,958,1931,40.0,65.0,25.0,Luis Diaz,Liverpool FC,Left Winger,Colombia,25000000.0
26,26,1,41,1.0,180.0,32,0,873,2,0.0,2023,2,1.0,10,1,229,1140,0.0,2.5,2.5,Shandon Baptiste,Brentford FC,Central Midfield,Grenada,2500000.0
33,28,2,43,1.0,185.0,48,0,211,2,0.0,2019,2,1.0,35,1,2828,55,-3.5,13.5,17.0,Davy Propper,Brighton & Hove Albion,Central Midfield,Netherlands,17000000.0
28,24,8,107,10.0,175.0,25,0,396,11,0.0,2020,2,1.0,36,8,2847,377,8.0,15.0,7.0,Jack Harrison,Leeds United,Right Winger,England,7000000.0
24,21,6,202,2.0,174.0,56,0,769,11,0.0,2020,2,1.0,31,5,2550,528,20.0,35.0,15.0,Pedro Neto,Wolverhampton Wanderers,Right Winger,Portugal,15000000.0
25,24,0,202,,183.0,10,0,636,4,,2022,2,,17,2,965,1978,5.0,25.0,20.0,Matheus Cunha,Wolverhampton Wanderers,Centre-Forward,Brazil,20000000.0
28,26,2,50,,180.0,25,0,97,9,,2022,2,,23,2,1410,2116,-3.0,35.0,38.0,Ben Chilwell,Chelsea FC,Left-Back,England,38000000.0
32,31,1,66,-5.0,185.0,25,0,417,3,0.0,2023,2,-1.0,38,1,3419,1206,0.0,13.0,13.0,James Tarkowski,Everton FC,Centre-Back,England,13000000.0
30,27,1,132,,174.0,54,0,677,11,,2020,2,,34,4,2428,1510,1.5,17.5,16.0,Miguel Almiron,Newcastle United,Right Winger,Paraguay,16000000.0
31,28,0,119,-1.0,169.0,10,0,310,2,0.0,2020,2,-1.0,30,1,2390,432,4.5,22.0,17.5,Fred,Manchester United,Central Midfield,Brazil,17500000.0
28,27,5,112,,180.0,15,0,582,8,,2023,2,,37,8,2629,2483,0.0,75.0,75.0,Luis Diaz,Liverpool FC,Left Winger,Colombia,75000000.0
28,27,1,199,,178.0,63,0,750,1,,2022,2,,32,3,1502,2075,-3.0,22.0,25.0,Pablo Fornals,West Ham United,Attacking Midfield,Spain,25000000.0
28,25,2,43,7.0,182.0,45,0,981,5,0.0,2021,2,1.0,26,1,2111,584,10.0,35.0,25.0,Yves Bissouma,Brighton & Hove Albion,Defensive Midfield,Mali,25000000.0
33,32,1,136,,191.0,49,0,159,4,,2023,2,,31,14,1811,2212,0.0,7.0,7.0,Chris Wood,Nottingham Forest,Centre-Forward,New Zealand,7000000.0
26,24,2,41,11.0,184.0,25,0,491,2,0.0,2022,2,1.0,36,4,1389,857,7.0,16.0,9.0,Josh Dasilva,Brentford FC,Central Midfield,England,9000000.0
28,26,2,107,-2.0,184.0,63,0,610,5,1.0,2022,2,-1.0,32,1,2316,949,-2.0,10.0,12.0,Marc Roca,Leeds United,Defensive Midfield,Spain,12000000.0
24,22,0,188,,175.0,25,0,739,5,,2022,2,,23,1,1490,2186,0.0,15.0,15.0,Oliver Skipp,Tottenham Hotspur,Defensive Midfield,England,15000000.0
37,32,2,170,11.0,184.0,38,0,207,4,0.0,2019,2,1.0,28,2,1815,194,-0.4,1.6,2.0,David McGoldrick,Sheffield United,Centre-Forward,Ireland,2000000.0
34,30,1,118,,183.0,25,0,551,12,,2020,2,,24,1,1946,1513,-12.0,28.0,40.0,Kyle Walker,Manchester City,Right-Back,England,40000000.0
28,25,2,135,,178.0,44,0,681,11,,2021,2,,31,1,2230,1766,-1.0,7.0,8.0,Milot Rashica,Norwich City,Right Winger,Kosovo,8000000.0
23,21,2,107,,174.0,48,0,182,8,,2022,2,,28,4,1426,2093,12.0,15.0,3.0,Crysencio Summerville,Leeds United,Left Winger,Netherlands,3000000.0
26,23,10,50,-1.0,181.0,25,1,629,1,0.0,2021,2,-1.0,32,11,2363,604,0.0,75.0,75.0,Mason Mount,Chelsea FC,Attacking Midfield,England,75000000.0
28,26,0,43,,179.0,29,0,219,4,,2022,2,,22,5,628,2018,4.0,10.0,6.0,Deniz Undav,Brighton & Hove Albion,Centre-Forward,Germany,6000000.0
33,29,0,107,10.0,186.0,58,0,565,3,0.0,2020,2,1.0,25,1,2186,383,0.0,7.0,7.0,Liam Cooper,Leeds United,Centre-Back,Scotland,7000000.0
33,29,4,66,,180.0,15,0,416,1,,2020,2,,23,6,1764,1478,-7.0,28.0,35.0,James Rodriguez,Everton FC,Attacking Midfield,Colombia,35000000.0
25,23,1,21,3.0,175.0,25,0,245,4,0.0,2022,2,1.0,30,4,1089,830,7.0,25.0,18.0,Eddie Nketiah,Arsenal FC,Centre-Forward,England,18000000.0
28,25,1,132,0.0,186.0,10,0,468,2,0.0,2021,2,0.0,35,4,2558,726,5.0,20.0,15.0,Joelinton,Newcastle United,Central Midfield,Brazil,15000000.0
29,26,0,132,,187.0,41,0,382,5,,2021,2,,14,1,1001,1722,-2.0,8.0,10.0,Isaac Hayden,Newcastle United,Defensive Midfield,Jamaica,10000000.0
33,31,0,188,,185.0,38,0,646,12,,2022,2,,12,1,668,1956,-7.0,5.0,12.0,Matt Doherty,Tottenham Hotspur,Right-Back,Ireland,12000000.0
25,23,0,107,,172.0,15,0,585,8,,2022,2,,19,5,869,2024,0.0,22.0,22.0,Luis Sinisterra,Leeds United,Left Winger,Colombia,22000000.0
35,31,3,21,-5.0,187.0,28,2,778,4,0.0,2020,2,-1.0,29,10,2333,273,-25.0,25.0,50.0,Pierre-Emerick Aubameyang,Arsenal FC,Centre-Forward,Gabon,50000000.0
22,21,1,174,-4.0,175.0,30,0,518,8,1.0,2022,2,-1.0,18,2,966,1039,4.0,22.0,18.0,Kamaldeen Sulemana,Southampton FC,Left Winger,Ghana,18000000.0
28,26,6,199,-5.0,176.0,25,1,428,11,0.0,2022,2,-1.0,38,6,3233,1064,-4.0,38.0,42.0,Jarrod Bowen,West Ham United,Right Winger,England,42000000.0
24,22,2,21,,170.0,56,0,286,1,,2022,2,,22,1,514,2021,-5.0,25.0,30.0,Fabio Vieira,Arsenal FC,Attacking Midfield,Portugal,30000000.0
31,28,2,81,-4.0,170.0,41,0,115,11,1.0,2020,2,-1.0,33,5,2372,367,2.0,10.0,8.0,Bobby De Cordova-Reid,Fulham FC,Right Winger,Jamaica,8000000.0
28,25,8,108,1.0,175.0,25,0,413,1,0.0,2021,2,1.0,35,12,2460,668,0.0,50.0,50.0,James Maddison,Leicester City,Attacking Midfield,England,50000000.0
25,23,1,50,-10.0,193.0,29,1,515,4,0.0,2022,2,-1.0,35,7,2569,885,-15.0,55.0,70.0,Kai Havertz,Chelsea FC,Centre-Forward,Germany,70000000.0
35,33,0,57,,192.0,25,0,418,3,,2021,2,,8,1,547,1714,-0.5,1.5,2.0,James Tomkins,Crystal Palace,Centre-Back,England,2000000.0
33,30,1,21,,171.0,56,0,146,12,,2021,2,,21,1,1485,1796,1.0,6.0,5.0,Cedric Soares,Arsenal FC,Right-Back,Portugal,5000000.0
28,27,3,112,,178.0,56,0,229,4,,2023,2,,21,10,1146,2500,0.0,50.0,50.0,Diogo Jota,Liverpool FC,Centre-Forward,Portugal,50000000.0
27,25,2,66,-9.0,189.0,25,2,233,4,0.0,2021,2,-1.0,17,5,1283,635,-5.0,40.0,45.0,Dominic Calvert-Lewin,Everton FC,Centre-Forward,England,45000000.0
28,25,1,188,,177.0,4,0,340,2,,2020,2,,18,1,945,1598,-8.0,27.0,35.0,Giovani Lo Celso,Tottenham Hotspur,Central Midfield,Argentina,35000000.0
32,28,0,112,3.0,193.0,10,0,40,6,0.0,2020,2,1.0,33,1,2970,403,-20.0,60.0,80.0,Alisson,Liverpool FC,Goalkeeper,Brazil,80000000.0
33,31,1,112,,195.0,48,0,948,3,,2022,2,,32,3,2835,2073,-15.0,35.0,50.0,Virgil van Dijk,Liverpool FC,Centre-Back,Netherlands,50000000.0
29,27,1,199,3.0,192.0,19,0,925,5,0.0,2021,2,1.0,35,5,3062,788,3.0,45.0,42.0,Tomas Soucek,West Ham United,Defensive Midfield,Czech Republic,42000000.0
34,30,2,118,,180.0,29,1,990,2,,2020,2,,28,13,2029,1393,0.0,40.0,40.0,ilkay Gundogan,Manchester City,Central Midfield,Germany,40000000.0
25,21,5,46,1.0,183.0,25,0,242,1,0.0,2020,2,1.0,36,2,3069,305,-3.0,22.0,25.0,Dwight McNeil,Burnley FC,Attacking Midfield,England,25000000.0
29,25,2,107,10.0,179.0,25,0,517,5,0.0,2020,2,1.0,29,1,2428,378,18.0,40.0,22.0,Kalvin Phillips,Leeds United,Defensive Midfield,England,22000000.0
32,31,0,202,1.0,174.0,63,0,751,11,0.0,2022,2,1.0,13,1,765,1082,-8.0,14.0,22.0,Pablo Sarabia,Wolverhampton Wanderers,Right Winger,Spain,22000000.0
31,27,1,79,,189.0,25,0,825,2,,2020,2,-1.0,26,3,1573,356,-1.5,20.0,21.5,Ross Barkley,For 2 Clubs,Central Midfield,England,21500000.0
35,32,1,79,,187.0,27,0,701,2,,2021,2,,36,2,3220,649,-3.5,4.5,8.0,Moussa Sissoko,For 2 Clubs,Central Midfield,France,8000000.0
25,23,1,132,4.0,192.0,64,2,31,4,0.0,2022,2,1.0,22,10,1521,1016,20.0,70.0,50.0,Alexander Isak,Newcastle United,Centre-Forward,Sweden,50000000.0
31,30,1,170,,180.0,25,0,398,3,,2023,2,,34,1,2885,2221,0.0,1.0,1.0,Jack Robinson,Sheffield United,Centre-Back,England,1000000.0
27,27,5,3,,185.0,4,0,614,3,,2023,2,,31,4,2242,2294,2.0,22.0,20.0,Marcos Senesi,AFC Bournemouth,Centre-Back,Argentina,20000000.0
33,28,0,132,-2.0,190.0,27,0,299,3,0.0,2019,2,-1.0,6,2,442,171,-1.2,4.8,6.0,Florian Lejeune,Newcastle United,Centre-Back,France,6000000.0
32,27,0,66,-5.0,188.0,25,0,669,3,0.0,2019,2,-1.0,31,2,2559,98,-10.0,20.0,30.0,Michael Keane,Everton FC,Centre-Back,England,30000000.0
34,30,0,112,3.0,175.0,48,0,331,2,0.0,2020,2,1.0,38,2,2941,411,-10.0,30.0,40.0,Georginio Wijnaldum,Liverpool FC,Central Midfield,Netherlands,40000000.0
33,31,4,202,3.0,187.0,46,1,791,4,0.0,2021,2,1.0,34,6,2633,805,-4.0,18.0,22.0,Raul Jimenez,Wolverhampton Wanderers,Centre-Forward,Mexico,22000000.0
24,21,1,57,0.0,182.0,25,0,608,3,0.0,2021,2,0.0,36,2,3222,622,12.0,32.0,20.0,Marc Guehi,Crystal Palace,Centre-Back,England,20000000.0
30,27,5,118,2.0,170.0,25,2,785,11,0.0,2021,2,1.0,30,13,2128,700,-15.0,70.0,85.0,Raheem Sterling,Manchester City,Right Winger,England,85000000.0
24,20,4,21,,182.0,25,0,258,1,,2020,2,,20,2,1440,1424,15.3,18.0,2.7,Emile Smith Rowe,Arsenal FC,Attacking Midfield,England,2700000.0
25,21,1,57,,181.0,25,0,934,9,,2020,2,,19,1,1710,1604,2.0,7.0,5.0,Tyrick Mitchell,Crystal Palace,Left-Back,England,5000000.0
23,22,0,202,1.0,176.0,10,0,453,2,0.0,2022,2,1.0,11,1,653,1074,8.0,18.0,10.0,Joao Gomes,Wolverhampton Wanderers,Central Midfield,Brazil,10000000.0
24,21,5,118,2.0,171.0,25,0,774,11,0.0,2021,2,1.0,28,9,2129,703,5.0,90.0,85.0,Phil Foden,Manchester City,Right Winger,England,85000000.0
27,26,5,132,4.0,173.0,27,0,41,8,0.0,2022,2,1.0,25,1,1119,1014,-8.0,32.0,40.0,Allan Saint-Maximin,Newcastle United,Left Winger,France,40000000.0
29,28,13,22,3.0,180.0,25,0,741,4,0.0,2023,2,1.0,37,19,3217,1117,10.0,65.0,55.0,Ollie Watkins,Aston Villa,Centre-Forward,England,55000000.0
33,29,1,46,,176.0,38,0,805,7,,2020,2,,19,1,1052,1615,-1.8,3.0,4.8,Robbie Brady,Burnley FC,Left Midfield,Ireland,4800000.0
30,26,0,50,,190.0,27,0,549,3,,2020,2,,24,5,2029,1471,2.0,32.0,30.0,Kurt Zouma,Chelsea FC,Centre-Back,France,30000000.0
23,21,11,21,,178.0,25,2,132,11,,2022,2,,38,14,3181,1938,50.0,120.0,70.0,Bukayo Saka,Arsenal FC,Right Winger,England,70000000.0
24,23,2,119,,172.0,10,0,75,11,,2022,2,,25,4,1802,2101,-15.0,60.0,75.0,Antony,Manchester United,Right Winger,Brazil,75000000.0
28,24,5,199,-8.0,178.0,63,0,750,1,0.0,2019,2,-1.0,36,2,2172,249,-6.0,16.0,22.0,Pablo Fornals,West Ham United,Attacking Midfield,Spain,22000000.0
27,25,0,81,,197.0,25,0,926,3,,2022,2,,25,1,2085,2192,-2.0,16.0,18.0,Tosin Adarabioyo,Fulham FC,Centre-Back,England,18000000.0
38,34,1,202,,170.0,56,0,454,2,,2020,2,,33,1,2529,1522,-1.0,4.0,5.0,Joao Moutinho,Wolverhampton Wanderers,Central Midfield,Portugal,5000000.0
28,26,6,118,,191.0,63,0,811,5,,2022,2,,36,2,2911,2126,10.0,90.0,80.0,Rodri,Manchester City,Defensive Midfield,Spain,80000000.0
33,28,3,43,1.0,192.0,25,0,561,3,0.0,2019,2,1.0,36,3,3230,47,-4.0,16.0,20.0,Lewis Dunk,Brighton & Hove Albion,Centre-Back,England,20000000.0
25,24,8,112,,187.0,72,0,201,4,,2023,2,,36,11,2047,2472,5.0,70.0,65.0,Darwin Nenez,Liverpool FC,Centre-Forward,Uruguay,65000000.0
32,31,2,66,,183.0,45,0,8,2,,2023,2,,32,7,2628,2244,-2.0,10.0,12.0,Abdoulaye Doucoure,Everton FC,Central Midfield,Mali,12000000.0
29,28,3,136,,183.0,25,0,361,9,,2023,2,,23,1,1459,2458,0.0,5.0,5.0,Harry Toffolo,Nottingham Forest,Left-Back,England,5000000.0
31,27,0,132,-2.0,173.0,71,0,212,12,0.0,2019,2,-1.0,16,1,938,178,-1.5,6.5,8.0,DeAndre Yedlin,Newcastle United,Right-Back,United States,8000000.0
27,25,6,43,13.0,175.0,23,0,772,9,0.0,2022,2,1.0,35,1,2677,863,12.0,32.0,20.0,Pervis Estupinan,Brighton & Hove Albion,Left-Back,Ecuador,20000000.0
33,30,0,43,7.0,192.0,25,0,561,3,0.0,2021,2,1.0,29,1,2574,578,-2.0,20.0,22.0,Lewis Dunk,Brighton & Hove Albion,Centre-Back,England,22000000.0
24,22,1,135,-1.0,185.0,71,0,493,4,1.0,2021,2,-1.0,26,2,1572,751,-1.0,7.0,8.0,Josh Sargent,Norwich City,Centre-Forward,United States,8000000.0
29,28,2,132,,179.0,25,0,402,11,,2022,2,,36,4,1252,2100,8.0,15.0,7.0,Jacob Murphy,Newcastle United,Right Winger,England,7000000.0
34,32,0,195,,180.0,25,0,189,2,,2021,2,,4,1,166,1672,0.0,1.0,1.0,Dan Gosling,Watford FC,Central Midfield,England,1000000.0
27,23,1,66,-5.0,189.0,25,0,233,4,0.0,2019,2,-1.0,36,13,2626,97,2.0,24.0,22.0,Dominic Calvert-Lewin,Everton FC,Centre-Forward,England,22000000.0
31,26,0,132,-2.0,188.0,25,0,409,3,0.0,2019,2,-1.0,24,1,2076,169,-3.5,14.5,18.0,Jamaal Lascelles,Newcastle United,Centre-Back,England,18000000.0
24,20,5,118,,171.0,25,0,774,11,,2020,2,,28,9,1616,1454,40.0,80.0,40.0,Phil Foden,Manchester City,Right Winger,England,40000000.0
31,29,0,41,,194.0,41,0,274,3,,2022,2,,30,3,2700,2067,2.0,14.0,12.0,Ethan Pinnock,Brentford FC,Centre-Back,Jamaica,12000000.0
28,25,1,66,-9.0,187.0,41,0,628,3,0.0,2021,2,-1.0,25,2,2135,638,0.0,18.0,18.0,Mason Holgate,Everton FC,Centre-Back,Jamaica,18000000.0
25,23,1,3,3.0,183.0,25,0,406,8,0.0,2022,2,1.0,30,3,1258,820,4.0,9.0,5.0,Jaidon Anthony,AFC Bournemouth,Left Winger,England,5000000.0
31,30,1,116,,183.0,25,0,485,2,,2023,2,,23,1,1304,2442,0.0,1.0,1.0,Jordan Clark,Luton Town,Central Midfield,England,1000000.0
24,22,8,118,2.0,195.0,53,7,270,4,0.0,2022,2,1.0,35,36,2769,988,10.0,180.0,170.0,Erling Haaland,Manchester City,Centre-Forward,Norway,170000000.0
39,37,0,22,,175.0,25,0,88,9,,2022,2,,29,1,2036,2132,-0.4,0.6,1.0,Ashley Young,Aston Villa,Left-Back,England,1000000.0
30,28,4,174,,177.0,25,2,419,2,,2022,2,,38,9,3371,2017,3.0,38.0,35.0,James Ward-Prowse,Southampton FC,Central Midfield,England,35000000.0
35,31,1,132,,174.0,25,0,241,4,,2020,2,,18,1,514,1603,-4.0,4.0,8.0,Dwight Gayle,Newcastle United,Centre-Forward,England,8000000.0
31,29,0,41,11.0,194.0,41,0,274,3,0.0,2022,2,1.0,30,3,2700,859,2.0,14.0,12.0,Ethan Pinnock,Brentford FC,Centre-Back,Jamaica,12000000.0
26,25,2,136,,179.0,4,0,721,2,,2023,2,,26,2,1495,2367,0.0,17.0,17.0,Nicolas Dominguez,Nottingham Forest,Central Midfield,Argentina,17000000.0
29,26,0,118,,180.0,48,0,709,3,,2020,2,,10,1,797,1629,-8.0,32.0,40.0,Nathan Ake,Manchester City,Centre-Back,Netherlands,40000000.0
32,32,2,119,,182.0,21,0,161,2,,2023,2,,22,1,1141,2390,-10.0,8.0,18.0,Christian Eriksen,Manchester United,Central Midfield,Denmark,18000000.0
25,24,2,132,,195.0,48,0,891,3,,2023,2,,17,2,1377,2360,0.0,45.0,45.0,Sven Botman,Newcastle United,Centre-Back,Netherlands,45000000.0
33,32,10,43,3.0,181.0,29,1,754,2,0.0,2023,2,1.0,36,4,3114,1154,0.0,8.0,8.0,Pascal Gross,Brighton & Hove Albion,Central Midfield,Germany,8000000.0
37,33,1,21,-4.0,189.0,10,0,206,3,0.0,2019,2,-1.0,33,2,2811,15,-3.0,12.0,15.0,David Luiz,Arsenal FC,Centre-Back,Brazil,15000000.0
24,23,1,136,,178.0,25,0,133,8,,2023,2,,29,8,1854,2494,6.0,18.0,12.0,Callum Hudson-Odoi,Nottingham Forest,Left Winger,England,12000000.0
25,24,0,170,,187.0,10,0,947,5,,2023,2,,36,1,2668,2418,0.0,12.0,12.0,Vini Souza,Sheffield United,Defensive Midfield,Brazil,12000000.0
31,27,3,170,11.0,178.0,31,0,326,12,0.0,2019,2,1.0,38,2,3420,192,1.8,4.8,3.0,George Baldock,Sheffield United,Right-Back,Greece,3000000.0
25,24,0,66,,180.0,70,0,949,9,,2023,2,,28,2,2469,2281,0.0,28.0,28.0,Vitaliy Mykolenko,Everton FC,Left-Back,Ukraine,28000000.0
33,30,3,112,2.0,195.0,12,0,465,3,0.0,2021,2,1.0,31,3,2790,682,0.0,18.0,18.0,Joel Matip,Liverpool FC,Centre-Back,Cameroon,18000000.0
22,20,2,174,-4.0,184.0,27,0,863,4,1.0,2022,2,-1.0,22,1,555,1037,-2.0,10.0,12.0,Sekou Mara,Southampton FC,Centre-Forward,France,12000000.0
32,27,5,188,0.0,176.0,16,0,866,12,0.0,2019,2,0.0,33,1,2701,217,1.0,16.0,15.0,Serge Aurier,Tottenham Hotspur,Right-Back,Cote dIvoire,15000000.0
24,22,1,112,,185.0,25,0,185,2,,2022,2,,18,3,1035,2069,0.0,25.0,25.0,Curtis Jones,Liverpool FC,Central Midfield,England,25000000.0
22,18,3,202,2.0,185.0,56,1,285,4,0.0,2020,2,1.0,32,4,1369,526,13.0,25.0,12.0,Fabio Silva,Wolverhampton Wanderers,Centre-Forward,Portugal,12000000.0
37,35,1,119,,184.0,72,0,246,4,,2021,2,,15,2,768,1737,0.0,4.0,4.0,Edinson Cavani,Manchester United,Centre-Forward,Uruguay,4000000.0
22,22,2,3,,177.0,11,0,191,8,,2023,2,,30,1,1229,2426,0.0,20.0,20.0,Dango Ouattara,AFC Bournemouth,Left Winger,Burkina Faso,20000000.0
27,22,1,188,0.0,171.0,48,0,888,8,0.0,2019,2,0.0,14,3,704,224,-7.0,28.0,35.0,Steven Bergwijn,Tottenham Hotspur,Left Winger,Netherlands,35000000.0
28,24,2,188,-2.0,181.0,27,0,898,2,0.0,2020,2,-1.0,33,3,2091,489,5.0,50.0,45.0,Tanguy Ndombele,Tottenham Hotspur,Central Midfield,France,45000000.0
35,32,0,46,-1.0,185.0,25,0,394,5,1.0,2021,2,-1.0,20,1,1670,594,-1.2,1.8,3.0,Jack Cork,Burnley FC,Defensive Midfield,England,3000000.0
32,29,3,132,,184.0,25,0,481,2,,2020,2,,30,1,2617,1544,-1.5,13.0,14.5,Jonjo Shelvey,Newcastle United,Central Midfield,England,14500000.0
29,29,7,132,,179.0,25,0,402,11,,2023,2,,21,3,1189,2315,0.0,15.0,15.0,Jacob Murphy,Newcastle United,Right Winger,England,15000000.0
30,29,2,199,-1.0,176.0,40,0,255,9,0.0,2023,2,-1.0,36,1,3137,1366,0.0,12.0,12.0,Emerson,West Ham United,Left-Back,Italy,12000000.0
28,24,5,199,4.0,176.0,25,0,428,11,0.0,2020,2,1.0,38,8,2561,509,5.0,30.0,25.0,Jarrod Bowen,West Ham United,Right Winger,England,25000000.0
27,23,0,57,,192.0,27,0,434,4,,2020,2,,7,1,221,1634,-2.0,13.0,15.0,Jean-Philippe Mateta,Crystal Palace,Centre-Forward,France,15000000.0
26,26,2,46,,195.0,53,0,850,5,,2023,2,,37,1,3005,2448,0.0,20.0,20.0,Sander Berge,Burnley FC,Defensive Midfield,Norway,20000000.0
31,29,0,202,,185.0,25,0,175,3,,2021,2,,38,4,3361,1840,0.0,25.0,25.0,Conor Coady,Wolverhampton Wanderers,Centre-Back,England,25000000.0
32,31,5,132,4.0,180.0,25,3,135,4,0.0,2022,2,1.0,31,18,1877,1008,-2.0,16.0,18.0,Callum Wilson,Newcastle United,Centre-Forward,England,18000000.0
27,24,4,118,2.0,187.0,56,0,826,3,0.0,2021,2,1.0,29,2,2402,706,0.0,75.0,75.0,Ruben Dias,Manchester City,Centre-Back,Portugal,75000000.0
23,23,1,81,0.0,186.0,10,0,814,4,0.0,2023,2,0.0,26,9,1594,1224,15.0,20.0,5.0,Rodrigo Muniz,Fulham FC,Centre-Forward,Brazil,5000000.0
35,32,2,46,,180.0,25,0,651,12,,2021,2,,25,1,1774,1822,-0.8,1.2,2.0,Matthew Lowton,Burnley FC,Right-Back,England,2000000.0
32,30,0,188,,172.0,10,0,575,11,,2022,2,,15,1,155,1955,-9.0,6.0,15.0,Lucas Moura,Tottenham Hotspur,Right Winger,Brazil,15000000.0
27,26,6,199,,180.0,10,2,577,1,,2023,2,,31,4,2623,2289,0.0,65.0,65.0,Lucas Paqueta,West Ham United,Attacking Midfield,Brazil,65000000.0
24,22,0,188,,178.0,25,0,835,9,,2022,2,,17,2,813,1974,-4.0,18.0,22.0,Ryan Sessegnon,Tottenham Hotspur,Left-Back,England,22000000.0
29,24,9,202,8.0,178.0,63,0,16,11,0.0,2019,2,1.0,37,4,2605,261,-2.5,25.5,28.0,Adama Traore,Wolverhampton Wanderers,Right Winger,Spain,28000000.0
26,23,12,112,2.0,175.0,25,0,928,12,0.0,2021,2,1.0,32,2,2852,686,0.0,80.0,80.0,Trent Alexander-Arnold,Liverpool FC,Right-Back,England,80000000.0
29,27,1,202,,178.0,63,0,16,11,,2022,2,,34,2,1494,2113,-5.0,10.0,15.0,Adama Traore,Wolverhampton Wanderers,Right Winger,Spain,15000000.0
22,21,0,66,-5.0,195.0,25,0,427,3,0.0,2023,2,-1.0,35,3,3116,1203,24.0,42.0,18.0,Jarrad Branthwaite,Everton FC,Centre-Back,England,18000000.0
31,28,1,112,,180.0,25,0,29,2,,2021,2,,17,2,786,1738,-2.0,16.0,18.0,Alex Oxlade-Chamberlain,Liverpool FC,Central Midfield,England,18000000.0
31,29,0,50,-1.0,190.0,29,0,74,3,0.0,2021,2,-1.0,34,3,3035,611,5.0,40.0,35.0,Antonio Rudiger,Chelsea FC,Centre-Back,Germany,35000000.0
33,29,1,57,-5.0,186.0,60,2,588,5,0.0,2019,2,-1.0,31,3,2513,93,-5.0,20.0,25.0,Luka Milivojevic,Crystal Palace,Defensive Midfield,Serbia,25000000.0
27,24,6,195,-3.0,175.0,50,0,261,4,1.0,2021,2,-1.0,33,10,2582,781,6.0,14.0,8.0,Emmanuel Dennis,Watford FC,Centre-Forward,Nigeria,8000000.0
37,34,0,21,-5.0,189.0,10,0,206,3,0.0,2020,2,-1.0,20,1,1397,265,-4.0,4.0,8.0,David Luiz,Arsenal FC,Centre-Back,Brazil,8000000.0
28,26,6,118,2.0,191.0,63,0,811,5,0.0,2022,2,1.0,36,2,2911,991,10.0,90.0,80.0,Rodri,Manchester City,Defensive Midfield,Spain,80000000.0
25,23,1,21,,175.0,25,0,245,4,,2022,2,,30,4,1089,2088,7.0,25.0,18.0,Eddie Nketiah,Arsenal FC,Centre-Forward,England,18000000.0
23,22,1,79,,175.0,25,0,138,4,,2023,2,,30,4,1838,2332,-5.0,13.0,18.0,Cameron Archer,For 2 Clubs,Centre-Forward,England,18000000.0
25,23,1,107,-2.0,190.0,48,0,755,3,1.0,2022,2,-1.0,29,2,2199,946,0.0,18.0,18.0,Pascal Struijk,Leeds United,Centre-Back,Netherlands,18000000.0
35,30,1,46,8.0,180.0,25,0,101,3,0.0,2019,2,1.0,32,1,2880,63,-2.0,8.0,10.0,Ben Mee,Burnley FC,Centre-Back,England,10000000.0
32,30,2,66,-7.0,183.0,45,0,8,2,0.0,2022,2,-1.0,25,5,1534,910,-6.0,12.0,18.0,Abdoulaye Doucoure,Everton FC,Central Midfield,Mali,18000000.0
29,25,2,132,-2.0,187.0,41,0,382,5,0.0,2019,2,-1.0,29,1,2224,173,-2.0,8.0,10.0,Isaac Hayden,Newcastle United,Defensive Midfield,Jamaica,10000000.0
33,30,2,50,-1.0,178.0,40,6,487,5,0.0,2021,2,-1.0,29,6,2274,614,-5.0,40.0,45.0,Jorginho,Chelsea FC,Defensive Midfield,Italy,45000000.0
28,26,1,202,1.0,179.0,56,0,343,8,0.0,2022,2,1.0,13,1,707,1079,-12.0,23.0,35.0,Goncalo Guedes,Wolverhampton Wanderers,Left Winger,Portugal,35000000.0
27,26,0,174,,173.0,25,0,552,12,,2022,2,,31,1,2650,2140,0.0,25.0,25.0,Kyle Walker-Peters,Southampton FC,Right-Back,England,25000000.0
32,32,2,119,,185.0,10,0,144,5,,2023,2,,25,1,1982,2399,-10.0,20.0,30.0,Casemiro,Manchester United,Defensive Midfield,Brazil,30000000.0
26,22,6,50,-2.0,181.0,25,1,629,1,0.0,2020,2,-1.0,36,6,2891,318,30.0,75.0,45.0,Mason Mount,Chelsea FC,Attacking Midfield,England,45000000.0
29,24,6,119,-2.0,181.0,27,0,70,4,0.0,2019,2,-1.0,32,17,2624,155,-12.0,48.0,60.0,Anthony Martial,Manchester United,Centre-Forward,France,60000000.0
32,28,0,174,-2.0,199.0,21,0,425,3,0.0,2020,2,-1.0,30,3,2575,471,6.0,18.0,12.0,Jannik Vestergaard,Southampton FC,Centre-Back,Denmark,12000000.0
22,21,0,132,,182.0,25,0,917,12,,2023,2,,26,1,1313,2410,5.0,35.0,30.0,Tino Livramento,Newcastle United,Right-Back,England,30000000.0
26,22,2,22,-3.0,177.0,10,0,238,2,0.0,2019,2,-1.0,36,3,2612,32,8.0,18.0,10.0,Douglas Luiz,Aston Villa,Central Midfield,Brazil,10000000.0
27,23,3,21,-5.0,180.0,58,0,540,9,0.0,2020,2,-1.0,27,1,2299,275,4.0,32.0,28.0,Kieran Tierney,Arsenal FC,Left-Back,Scotland,28000000.0
27,24,10,108,1.0,182.0,25,0,363,8,0.0,2021,2,1.0,32,6,2101,671,0.0,32.0,32.0,Harvey Barnes,Leicester City,Left Winger,England,32000000.0
34,30,1,3,-1.0,180.0,25,0,189,2,1.0,2019,2,-1.0,24,3,1264,4,-0.5,2.0,2.5,Dan Gosling,AFC Bournemouth,Central Midfield,England,2500000.0
24,21,1,112,,185.0,25,0,185,2,,2021,2,,15,1,852,1789,-2.0,28.0,30.0,Curtis Jones,Liverpool FC,Central Midfield,England,30000000.0
33,29,1,174,,183.0,63,0,746,5,,2020,2,,21,1,1763,1509,-2.0,6.0,8.0,Oriol Romeu,Southampton FC,Defensive Midfield,Spain,8000000.0
22,22,9,136,-6.0,178.0,64,0,68,11,0.0,2023,2,-1.0,36,5,2434,1332,4.0,22.0,18.0,Anthony Elanga,Nottingham Forest,Right Winger,Sweden,18000000.0
24,23,8,118,,171.0,25,0,774,11,,2023,2,,35,19,2858,2210,40.0,150.0,110.0,Phil Foden,Manchester City,Right Winger,England,110000000.0
26,26,3,41,,184.0,29,0,950,5,,2023,2,,38,1,3054,2468,0.0,22.0,22.0,Vitaly Janelt,Brentford FC,Defensive Midfield,Germany,22000000.0
34,31,5,112,2.0,182.0,25,0,486,2,0.0,2021,2,1.0,35,2,2597,685,-3.0,15.0,18.0,Jordan Henderson,Liverpool FC,Central Midfield,England,18000000.0
32,30,1,132,0.0,184.0,25,0,481,2,0.0,2021,2,0.0,24,2,1985,730,-1.0,10.0,11.0,Jonjo Shelvey,Newcastle United,Central Midfield,England,11000000.0
28,25,1,188,,181.0,27,0,898,2,,2021,2,,9,1,484,1788,-15.0,30.0,45.0,Tanguy Ndombele,Tottenham Hotspur,Central Midfield,France,45000000.0
26,25,3,202,,187.0,56,0,927,3,,2023,2,,35,1,2772,2463,6.0,20.0,14.0,Toti,Wolverhampton Wanderers,Centre-Back,Portugal,14000000.0
26,25,0,188,,183.0,10,0,256,12,,2023,2,,22,1,1161,2406,0.0,18.0,18.0,Emerson Royal,Tottenham Hotspur,Right-Back,Brazil,18000000.0
30,28,12,79,,172.0,8,0,556,8,,2022,2,-1.0,36,8,2247,912,10.0,35.0,25.0,Leandro Trossard,For 2 Clubs,Left Winger,Belgium,25000000.0
28,24,4,108,4.0,183.0,50,0,960,5,0.0,2020,2,1.0,26,1,2176,397,15.0,60.0,45.0,Wilfred Ndidi,Leicester City,Defensive Midfield,Nigeria,45000000.0
25,25,1,170,,185.0,14,1,95,4,,2023,2,,14,6,1105,2251,-2.0,8.0,10.0,Ben Brereton Diaz,Sheffield United,Centre-Forward,Chile,10000000.0
28,24,0,43,0.0,182.0,45,0,981,5,0.0,2020,2,0.0,36,1,3112,302,12.0,25.0,13.0,Yves Bissouma,Brighton & Hove Albion,Defensive Midfield,Mali,13000000.0
27,22,8,108,5.0,182.0,25,0,363,8,0.0,2019,2,1.0,36,6,2082,112,-4.5,17.5,22.0,Harvey Barnes,Leicester City,Left Winger,England,22000000.0
27,26,4,43,,178.0,42,0,519,8,,2023,2,,19,3,1486,2310,-5.0,45.0,50.0,Kaoru Mitoma,Brighton & Hove Albion,Left Winger,Japan,50000000.0
29,27,5,188,-2.0,185.0,21,0,779,5,0.0,2022,2,-1.0,35,4,3131,1048,3.0,45.0,42.0,Pierre-Emile Hojbjerg,Tottenham Hotspur,Defensive Midfield,Denmark,42000000.0
33,28,2,50,-1.0,178.0,40,3,487,5,0.0,2019,2,-1.0,31,4,2378,79,-13.0,52.0,65.0,Jorginho,Chelsea FC,Defensive Midfield,Italy,65000000.0
23,21,2,107,,180.0,25,0,842,1,,2022,2,,18,1,423,1969,2.0,5.0,3.0,Sam Greenwood,Leeds United,Attacking Midfield,England,3000000.0
25,24,0,202,1.0,183.0,10,0,636,4,0.0,2022,2,1.0,17,2,965,1073,5.0,25.0,20.0,Matheus Cunha,Wolverhampton Wanderers,Centre-Forward,Brazil,20000000.0
28,26,1,107,,184.0,22,0,507,9,,2022,2,,19,1,1369,2155,-2.0,10.0,12.0,Junior Firpo,Leeds United,Left-Back,Dominican Republic,12000000.0
29,27,5,81,5.0,180.0,48,0,533,12,0.0,2022,2,1.0,31,1,2569,931,8.0,15.0,7.0,Kenny Tete,Fulham FC,Right-Back,Netherlands,7000000.0
25,24,7,21,,193.0,29,1,515,4,,2023,2,,37,13,2634,2211,10.0,70.0,60.0,Kai Havertz,Arsenal FC,Centre-Forward,Germany,60000000.0
34,31,0,132,,173.0,25,0,541,12,,2021,2,,6,2,429,1770,15.0,15.0,0.0,Kieran Trippier,Newcastle United,Right-Back,England,0.0
24,20,2,118,0.0,171.0,25,0,774,11,0.0,2019,2,0.0,23,5,902,143,-3.0,27.0,30.0,Phil Foden,Manchester City,Right Winger,England,30000000.0
30,27,0,79,,182.0,25,0,136,3,,2021,2,,13,1,1001,1715,-2.0,10.0,12.0,Calum Chambers,For 2 Clubs,Centre-Back,England,12000000.0
20,19,0,43,,188.0,38,0,275,4,,2023,2,,27,6,1367,2236,-15.0,50.0,65.0,Evan Ferguson,Brighton & Hove Albion,Centre-Forward,Ireland,65000000.0
25,24,2,21,,175.0,25,0,245,4,,2023,2,,27,5,1081,2299,0.0,30.0,30.0,Eddie Nketiah,Arsenal FC,Centre-Forward,England,30000000.0
31,28,1,41,7.0,194.0,41,0,274,3,0.0,2021,2,1.0,32,1,2694,571,2.0,12.0,10.0,Ethan Pinnock,Brentford FC,Centre-Back,Jamaica,10000000.0
28,24,0,199,4.0,194.0,27,0,387,3,0.0,2020,2,1.0,18,2,1381,513,-7.0,18.0,25.0,Issa Diop,West Ham United,Centre-Back,France,25000000.0
23,22,5,50,,187.0,59,0,722,4,,2023,2,,35,14,2799,2214,0.0,35.0,35.0,Nicolas Jackson,Chelsea FC,Centre-Forward,Senegal,35000000.0
28,24,0,170,0.0,185.0,25,0,526,3,1.0,2020,2,-1.0,13,1,1004,466,1.75,2.0,0.25,Kean Bryan,Sheffield United,Centre-Back,England,250000.0
31,29,3,188,,188.0,25,5,359,4,,2022,2,,38,30,3405,1942,0.0,90.0,90.0,Harry Kane,Tottenham Hotspur,Centre-Forward,England,90000000.0
28,24,9,107,10.0,176.0,10,0,788,8,0.0,2020,2,1.0,30,6,2360,375,12.0,30.0,18.0,Raphinha,Leeds United,Left Winger,Brazil,18000000.0
27,26,1,188,1.0,187.0,72,0,813,5,0.0,2023,2,1.0,23,1,1005,1354,0.0,35.0,35.0,Rodrigo Bentancur,Tottenham Hotspur,Defensive Midfield,Uruguay,35000000.0
26,25,9,21,1.0,188.0,25,0,213,2,0.0,2023,2,1.0,38,7,3225,1105,20.0,120.0,100.0,Declan Rice,Arsenal FC,Central Midfield,England,100000000.0
31,27,0,81,,184.0,28,0,619,5,,2020,2,,28,1,1703,1413,0.0,10.0,10.0,Mario Lemina,Fulham FC,Defensive Midfield,Gabon,10000000.0
27,26,1,202,,180.0,56,3,828,5,,2022,2,,35,6,3020,2058,0.0,40.0,40.0,Ruben Neves,Wolverhampton Wanderers,Defensive Midfield,Portugal,40000000.0
27,26,1,66,-7.0,189.0,25,1,233,4,0.0,2022,2,-1.0,17,2,1167,903,-5.0,25.0,30.0,Dominic Calvert-Lewin,Everton FC,Centre-Forward,England,30000000.0
31,27,0,81,,175.0,3,1,389,8,,2020,2,,36,3,2472,1436,-1.0,7.0,8.0,Ivan Cavaleiro,Fulham FC,Left Winger,Angola,8000000.0
27,27,1,116,,181.0,38,0,155,11,,2023,2,,30,4,1995,2335,5.0,8.0,3.0,Chiedozie Ogbene,Luton Town,Right Winger,Ireland,3000000.0
26,25,6,22,0.0,177.0,10,0,238,2,0.0,2022,2,0.0,37,6,2927,841,5.0,40.0,35.0,Douglas Luiz,Aston Villa,Central Midfield,Brazil,35000000.0
30,27,1,108,,181.0,8,0,221,2,,2020,2,,15,1,718,1586,-4.0,18.0,22.0,Dennis Praet,Leicester City,Central Midfield,Belgium,22000000.0
33,29,0,112,,195.0,48,0,948,3,,2020,2,,5,1,370,1633,-25.0,55.0,80.0,Virgil van Dijk,Liverpool FC,Centre-Back,Netherlands,80000000.0
21,20,1,118,1.0,175.0,53,0,748,11,0.0,2023,2,1.0,14,1,302,1279,15.0,25.0,10.0,Oscar Bobb,Manchester City,Right Winger,Norway,10000000.0
34,30,4,170,11.0,183.0,38,0,262,9,0.0,2019,2,1.0,38,2,3345,193,-0.5,5.5,6.0,Enda Stevens,Sheffield United,Left-Back,Ireland,6000000.0
22,20,0,112,-1.0,170.0,56,0,284,1,0.0,2022,2,-1.0,13,2,347,976,1.0,16.0,15.0,Fabio Carvalho,Liverpool FC,Attacking Midfield,Portugal,15000000.0
27,24,2,22,,178.0,41,0,557,11,,2021,2,,18,1,760,1814,-7.0,25.0,32.0,Leon Bailey,Aston Villa,Right Winger,Jamaica,32000000.0
34,33,1,202,2.0,188.0,25,0,178,3,0.0,2023,2,1.0,25,1,2209,1375,0.0,2.0,2.0,Craig Dawson,Wolverhampton Wanderers,Centre-Back,England,2000000.0
24,24,9,202,,174.0,56,0,769,11,,2023,2,,20,2,1516,2334,23.0,55.0,32.0,Pedro Neto,Wolverhampton Wanderers,Right Winger,Portugal,32000000.0
31,26,0,195,-7.0,191.0,47,0,14,3,1.0,2019,2,-1.0,26,1,1821,233,0.5,5.5,5.0,Adam Masina,Watford FC,Centre-Back,Morocco,5000000.0
24,22,3,107,-2.0,177.0,71,0,122,1,1.0,2022,2,-1.0,36,1,2371,950,-5.0,25.0,30.0,Brenden Aaronson,Leeds United,Attacking Midfield,United States,30000000.0
31,31,2,81,0.0,170.0,41,0,115,11,0.0,2023,2,0.0,33,6,1424,1226,-1.0,5.0,6.0,Bobby De Cordova-Reid,Fulham FC,Right Winger,Jamaica,6000000.0
30,29,2,118,2.0,188.0,25,0,475,3,0.0,2022,2,1.0,23,2,1846,985,10.0,40.0,30.0,John Stones,Manchester City,Centre-Back,England,30000000.0
34,32,7,132,,173.0,25,0,541,12,,2022,2,,38,1,3341,1965,-2.0,11.0,13.0,Kieran Trippier,Newcastle United,Right-Back,England,13000000.0
30,25,0,135,-1.0,190.0,29,0,222,4,1.0,2019,2,-1.0,8,1,47,184,-0.2,0.8,1.0,Dennis Srbeny,Norwich City,Centre-Forward,Germany,1000000.0
29,25,2,202,2.0,170.0,56,0,195,11,0.0,2020,2,1.0,24,3,1661,529,8.0,25.0,17.0,Daniel Podence,Wolverhampton Wanderers,Right Winger,Portugal,17000000.0
26,24,0,188,2.0,185.0,4,0,180,3,0.0,2021,2,1.0,22,1,1844,764,13.0,48.0,35.0,Cristian Romero,Tottenham Hotspur,Centre-Back,Argentina,35000000.0
23,22,0,136,,183.0,74,0,716,12,,2022,2,,31,1,1883,2135,5.0,20.0,15.0,Neco Williams,Nottingham Forest,Right-Back,Wales,15000000.0
31,30,2,119,,169.0,10,0,310,2,,2022,2,,35,2,1249,2120,0.0,20.0,20.0,Fred,Manchester United,Central Midfield,Brazil,20000000.0
32,27,2,195,-7.0,183.0,45,0,8,2,1.0,2019,2,-1.0,37,4,3156,232,-5.0,20.0,25.0,Abdoulaye Doucoure,Watford FC,Central Midfield,Mali,25000000.0
22,21,1,22,3.0,187.0,25,0,692,1,0.0,2023,2,1.0,11,3,638,1118,12.8,15.0,2.2,Morgan Rogers,Aston Villa,Attacking Midfield,England,2200000.0
23,22,2,79,,191.0,1,0,78,4,,2023,2,,21,1,542,1213,-6.0,22.0,28.0,Armando Broja,For 2 Clubs,Centre-Forward,Albania,28000000.0
30,29,4,41,,187.0,21,0,163,5,,2022,2,,22,1,1763,2054,2.0,16.0,14.0,Christian Norgaard,Brentford FC,Defensive Midfield,Denmark,14000000.0
32,30,1,79,,201.0,25,0,188,3,,2021,2,,29,1,2462,646,8.5,12.0,3.5,Dan Burn,For 2 Clubs,Centre-Back,England,3500000.0
28,28,2,41,1.0,185.0,25,0,391,4,0.0,2023,2,1.0,17,4,145,1135,15.0,50.0,35.0,Ivan Toney,Brentford FC,Centre-Forward,England,35000000.0
25,22,1,41,,184.0,21,0,597,12,,2021,2,,21,1,1240,1797,1.0,2.5,1.5,Mads Roerslev,Brentford FC,Right-Back,Denmark,1500000.0
30,29,4,41,11.0,187.0,21,0,163,5,0.0,2022,2,1.0,22,1,1763,853,2.0,16.0,14.0,Christian Norgaard,Brentford FC,Defensive Midfield,Denmark,14000000.0
24,23,7,188,-2.0,186.0,64,0,215,1,0.0,2022,2,-1.0,30,2,2067,1057,0.0,50.0,50.0,Dejan Kulusevski,Tottenham Hotspur,Attacking Midfield,Sweden,50000000.0
27,23,0,46,,191.0,38,0,449,3,,2020,2,,3,1,270,1402,0.4,0.6,0.2,Jimmy Dunne,Burnley FC,Centre-Back,Ireland,200000.0
31,28,2,107,,185.0,25,0,756,4,,2021,2,,9,2,559,1751,-4.0,16.0,20.0,Patrick Bamford,Leeds United,Centre-Forward,England,20000000.0
28,28,0,199,,190.0,47,0,714,3,,2023,2,,21,1,1858,2408,-3.0,35.0,38.0,Nayef Aguerd,West Ham United,Centre-Back,Morocco,38000000.0
31,26,2,108,5.0,175.0,56,0,797,12,0.0,2019,2,1.0,28,3,2520,117,2.0,32.0,30.0,Ricardo Pereira,Leicester City,Right-Back,Portugal,30000000.0
26,24,4,108,,183.0,75,0,761,4,,2022,2,,30,4,1186,2103,-2.0,18.0,20.0,Patson Daka,Leicester City,Centre-Forward,Zambia,20000000.0
22,21,3,79,,180.0,25,1,414,1,,2023,2,,31,3,1823,2233,0.0,12.0,12.0,James McAtee,For 2 Clubs,Attacking Midfield,England,12000000.0
26,23,0,66,,180.0,25,0,922,2,,2021,2,,6,1,236,1700,0.0,18.0,18.0,Tom Davies,Everton FC,Central Midfield,England,18000000.0
30,30,2,112,,178.0,58,0,58,9,,2023,2,,23,3,1693,2351,-5.0,30.0,35.0,Andrew Robertson,Liverpool FC,Left-Back,Scotland,35000000.0
28,25,1,41,7.0,176.0,20,0,976,4,0.0,2021,2,1.0,30,7,1284,565,2.0,12.0,10.0,Yoane Wissa,Brentford FC,Centre-Forward,DR Congo,10000000.0
33,29,1,57,-5.0,181.0,25,0,61,11,0.0,2019,2,-1.0,24,1,1294,86,-3.0,12.0,15.0,Andros Townsend,Crystal Palace,Right Winger,England,15000000.0
32,27,2,66,-5.0,167.0,10,0,108,8,0.0,2019,2,-1.0,27,3,1281,95,-4.0,16.0,20.0,Bernard,Everton FC,Left Winger,Brazil,20000000.0
31,31,2,119,,194.0,25,0,360,3,,2023,2,,22,2,1653,2365,-2.0,18.0,20.0,Harry Maguire,Manchester United,Centre-Back,England,20000000.0
22,21,7,118,,173.0,8,0,439,8,,2023,2,,29,3,1595,2321,5.0,65.0,60.0,Jeremy Doku,Manchester City,Left Winger,Belgium,60000000.0
31,27,2,135,-1.0,172.0,18,0,744,8,1.0,2019,2,-1.0,26,1,1385,181,-0.8,3.2,4.0,Onel Hernandez,Norwich City,Left Winger,Cuba,4000000.0
25,25,1,3,,172.0,48,0,511,8,,2023,2,,32,7,1915,2259,3.0,14.0,11.0,Justin Kluivert,AFC Bournemouth,Left Winger,Netherlands,11000000.0
34,33,4,81,,185.0,58,0,920,2,,2023,2,,34,1,1488,2475,0.0,2.0,2.0,Tom Cairney,Fulham FC,Central Midfield,Scotland,2000000.0
23,22,6,57,,184.0,27,1,671,11,,2023,2,,19,10,1276,2502,5.0,55.0,50.0,Michael Olise,Crystal Palace,Right Winger,France,50000000.0
34,30,6,46,8.0,174.0,25,0,87,5,0.0,2019,2,1.0,35,2,3150,59,-1.5,5.5,7.0,Ashley Westwood,Burnley FC,Defensive Midfield,England,7000000.0
24,20,3,50,-2.0,178.0,25,0,133,8,0.0,2020,2,-1.0,23,2,1059,321,-3.0,32.0,35.0,Callum Hudson-Odoi,Chelsea FC,Left Winger,England,35000000.0
30,28,1,118,2.0,182.0,56,0,451,12,0.0,2022,2,1.0,17,2,1275,989,-20.0,50.0,70.0,Joao Cancelo,Manchester City,Right-Back,Portugal,70000000.0
30,27,7,112,,178.0,58,0,58,9,,2020,2,,38,1,3383,1583,-10.0,65.0,75.0,Andrew Robertson,Liverpool FC,Left-Back,Scotland,75000000.0
36,32,0,132,,194.0,25,0,62,4,,2020,2,,18,1,392,1589,-1.7,1.5,3.2,Andy Carroll,Newcastle United,Centre-Forward,England,3200000.0
35,32,0,46,,185.0,25,1,86,4,,2021,2,,23,1,808,1731,-0.5,1.5,2.0,Ashley Barnes,Burnley FC,Centre-Forward,England,2000000.0
26,22,2,21,,178.0,53,0,624,1,,2020,2,,14,1,866,1537,-5.0,40.0,45.0,Martin odegaard,Arsenal FC,Attacking Midfield,Norway,45000000.0
32,27,2,21,-4.0,186.0,65,0,347,5,0.0,2019,2,-1.0,31,1,2586,28,-16.0,24.0,40.0,Granit Xhaka,Arsenal FC,Defensive Midfield,Switzerland,40000000.0
37,32,1,50,-1.0,167.0,63,0,768,11,0.0,2019,2,-1.0,11,1,661,82,-7.5,9.5,17.0,Pedro,Chelsea FC,Right Winger,Spain,17000000.0
22,20,2,119,-5.0,178.0,64,0,68,11,0.0,2021,2,-1.0,21,2,1213,724,16.0,20.0,4.0,Anthony Elanga,Manchester United,Right Winger,Sweden,4000000.0
24,21,2,197,,182.0,25,0,176,2,,2020,2,,30,2,2531,1593,9.6,15.0,5.4,Conor Gallagher,West Bromwich Albion,Central Midfield,England,5400000.0
34,29,1,81,-4.0,185.0,58,0,920,2,1.0,2020,2,-1.0,10,1,759,372,0.0,9.0,9.0,Tom Cairney,Fulham FC,Central Midfield,Scotland,9000000.0
30,27,0,118,2.0,188.0,25,0,475,3,0.0,2021,2,1.0,14,1,1119,701,0.0,28.0,28.0,John Stones,Manchester City,Centre-Back,England,28000000.0
34,29,0,112,4.0,175.0,48,0,331,2,0.0,2019,2,1.0,37,4,2935,133,-10.0,40.0,50.0,Georginio Wijnaldum,Liverpool FC,Central Midfield,Netherlands,50000000.0
23,22,3,43,,182.0,10,4,456,4,,2023,2,,31,9,2046,2493,10.0,45.0,35.0,Joao Pedro,Brighton & Hove Albion,Centre-Forward,Brazil,35000000.0
19,19,1,119,,180.0,25,0,543,2,,2023,2,,24,3,1924,2349,49.0,55.0,6.0,Kobbie Mainoo,Manchester United,Central Midfield,England,6000000.0
33,28,3,202,8.0,185.0,38,0,646,12,0.0,2019,2,1.0,36,4,2839,252,-4.0,16.0,20.0,Matt Doherty,Wolverhampton Wanderers,Right-Back,Ireland,20000000.0
23,22,1,41,1.0,185.0,29,0,537,8,0.0,2023,2,1.0,11,2,334,1138,-3.0,22.0,25.0,Kevin Schade,Brentford FC,Left Winger,Germany,25000000.0
20,18,2,43,13.0,188.0,38,0,275,4,0.0,2022,2,1.0,19,6,949,871,29.0,30.0,1.0,Evan Ferguson,Brighton & Hove Albion,Centre-Forward,Ireland,1000000.0
28,25,1,174,,189.0,55,0,423,3,,2020,2,,36,1,3101,1538,10.0,25.0,15.0,Jan Bednarek,Southampton FC,Centre-Back,Poland,15000000.0
31,27,0,107,10.0,186.0,63,0,225,3,0.0,2020,2,1.0,15,1,1204,385,0.0,20.0,20.0,Diego Llorente,Leeds United,Centre-Back,Spain,20000000.0
32,29,2,66,-9.0,188.0,25,0,669,3,0.0,2021,2,-1.0,32,3,2793,633,-5.0,20.0,25.0,Michael Keane,Everton FC,Centre-Back,England,25000000.0
26,25,0,46,,183.0,21,1,401,8,,2023,2,,32,6,1249,2243,5.0,8.0,3.0,Jacob Bruun Larsen,Burnley FC,Left Winger,Denmark,3000000.0
28,24,2,43,0.0,171.0,27,3,715,4,0.0,2020,2,0.0,33,8,2513,298,0.0,20.0,20.0,Neal Maupay,Brighton & Hove Albion,Centre-Forward,France,20000000.0
32,30,3,112,2.0,174.0,59,0,838,8,0.0,2021,2,1.0,34,16,2820,694,-10.0,70.0,80.0,Sadio Mane,Liverpool FC,Left Winger,Senegal,80000000.0
27,25,2,202,3.0,180.0,56,0,828,5,0.0,2021,2,1.0,33,4,2660,811,-2.0,40.0,42.0,Ruben Neves,Wolverhampton Wanderers,Defensive Midfield,Portugal,42000000.0
25,21,0,199,4.0,184.0,25,0,100,12,0.0,2020,2,1.0,14,1,523,512,2.0,3.0,1.0,Ben Johnson,West Ham United,Right-Back,England,1000000.0
29,26,1,46,,175.0,74,0,172,12,,2021,2,,21,1,1691,1798,-0.5,2.5,3.0,Connor Roberts,Burnley FC,Right-Back,Wales,3000000.0
35,31,1,46,,180.0,25,0,651,12,,2020,2,,34,1,3060,1523,-1.5,2.5,4.0,Matthew Lowton,Burnley FC,Right-Back,England,4000000.0
20,18,2,43,,188.0,38,0,275,4,,2022,2,,19,6,949,2052,29.0,30.0,1.0,Evan Ferguson,Brighton & Hove Albion,Centre-Forward,Ireland,1000000.0
30,29,2,118,,188.0,25,0,475,3,,2022,2,,23,2,1846,2118,10.0,40.0,30.0,John Stones,Manchester City,Centre-Back,England,30000000.0
21,19,4,107,,170.0,40,0,961,11,,2022,2,,24,2,1354,2123,8.0,18.0,10.0,Wilfried Gnonto,Leeds United,Right Winger,Italy,10000000.0
30,27,6,119,,179.0,56,0,126,1,,2021,2,,36,10,3110,1834,-5.0,85.0,90.0,Bruno Fernandes,Manchester United,Attacking Midfield,Portugal,90000000.0
32,30,1,66,,185.0,25,0,417,3,,2022,2,,38,1,3420,2014,-4.0,18.0,22.0,James Tarkowski,Everton FC,Centre-Back,England,22000000.0
33,31,0,107,,186.0,58,0,565,3,,2022,2,,18,1,1426,2183,-2.0,3.0,5.0,Liam Cooper,Leeds United,Centre-Back,Scotland,5000000.0
29,28,3,199,,192.0,19,0,925,5,,2022,2,,36,2,2815,2128,-10.0,35.0,45.0,Tomas Soucek,West Ham United,Defensive Midfield,Czech Republic,45000000.0
21,20,0,188,,186.0,4,0,24,4,,2023,2,,8,1,49,2382,2.0,9.0,7.0,Alejo Veliz,Tottenham Hotspur,Centre-Forward,Argentina,7000000.0
33,30,0,135,,180.0,58,0,532,2,,2021,2,,31,1,2706,1784,-0.5,2.5,3.0,Kenny McLean,Norwich City,Central Midfield,Scotland,3000000.0
24,23,2,119,-2.0,172.0,10,0,75,11,0.0,2022,2,-1.0,25,4,1802,995,-15.0,60.0,75.0,Antony,Manchester United,Right Winger,Brazil,75000000.0
35,33,0,50,,187.0,28,0,778,4,,2022,2,,15,1,555,1950,-8.0,4.0,12.0,Pierre-Emerick Aubameyang,Chelsea FC,Centre-Forward,Gabon,12000000.0
38,34,0,50,-2.0,192.0,27,0,740,4,0.0,2020,2,-1.0,17,4,748,323,-1.0,4.0,5.0,Olivier Giroud,Chelsea FC,Centre-Forward,France,5000000.0
26,22,2,174,2.0,177.0,45,0,699,8,0.0,2019,2,1.0,18,2,928,209,-1.0,11.0,12.0,Moussa Djenepo,Southampton FC,Left Winger,Mali,12000000.0
29,28,0,119,,181.0,27,0,70,4,,2023,2,,13,1,447,2424,-5.0,10.0,15.0,Anthony Martial,Manchester United,Centre-Forward,France,15000000.0
23,22,0,79,,183.0,25,0,69,8,,2022,2,,32,4,1583,2080,-2.0,38.0,40.0,Anthony Gordon,For 2 Clubs,Left Winger,England,40000000.0
35,34,8,188,-2.0,186.0,17,0,390,8,0.0,2022,2,-1.0,34,1,2108,1047,-3.0,7.0,10.0,Ivan Perisic,Tottenham Hotspur,Left Winger,Croatia,10000000.0
23,22,7,22,0.0,180.0,25,0,403,7,0.0,2022,2,0.0,35,6,2637,845,14.0,42.0,28.0,Jacob Ramsey,Aston Villa,Left Midfield,England,28000000.0
28,23,3,108,5.0,175.0,25,0,413,1,0.0,2019,2,1.0,31,6,2624,111,3.0,48.0,45.0,James Maddison,Leicester City,Attacking Midfield,England,45000000.0
27,24,1,202,2.0,180.0,56,3,828,5,0.0,2020,2,1.0,36,5,2675,527,-5.0,45.0,50.0,Ruben Neves,Wolverhampton Wanderers,Defensive Midfield,Portugal,50000000.0
33,30,2,112,2.0,195.0,48,0,948,3,0.0,2021,2,1.0,34,3,3060,691,0.0,55.0,55.0,Virgil van Dijk,Liverpool FC,Centre-Back,Netherlands,55000000.0
35,33,0,57,,186.0,25,0,467,12,,2022,2,,28,1,2256,2137,-0.8,1.2,2.0,Joel Ward,Crystal Palace,Right-Back,England,2000000.0
25,24,2,41,,184.0,21,0,597,12,,2023,2,,34,1,1986,2434,2.0,10.0,8.0,Mads Roerslev,Brentford FC,Right-Back,Denmark,8000000.0
29,27,3,108,-7.0,185.0,8,0,916,12,1.0,2022,2,-1.0,37,2,3254,953,-3.0,25.0,28.0,Timothy Castagne,Leicester City,Right-Back,Belgium,28000000.0
24,22,1,202,,174.0,56,0,769,11,,2021,2,,13,1,466,1787,-3.0,32.0,35.0,Pedro Neto,Wolverhampton Wanderers,Right Winger,Portugal,35000000.0
32,29,6,22,-6.0,177.0,25,1,197,4,0.0,2021,2,-1.0,30,7,1898,554,-2.0,20.0,22.0,Danny Ings,Aston Villa,Centre-Forward,England,22000000.0
24,20,1,43,,163.0,30,0,899,12,,2020,2,,11,1,887,1561,10.0,18.0,8.0,Tariq Lamptey,Brighton & Hove Albion,Right-Back,Ghana,8000000.0
30,30,1,132,,174.0,54,0,677,11,,2023,2,,33,3,1938,2350,-10.0,20.0,30.0,Miguel Almiron,Newcastle United,Right Winger,Paraguay,30000000.0
33,31,1,79,,178.0,40,2,487,5,,2022,2,-1.0,32,2,2133,920,-10.0,25.0,35.0,Jorginho,For 2 Clubs,Defensive Midfield,Italy,35000000.0
28,27,0,81,,182.0,60,0,856,2,,2023,2,,24,1,1121,2412,0.0,10.0,10.0,Sasa Lukic,Fulham FC,Central Midfield,Serbia,10000000.0
26,23,4,199,,188.0,25,0,213,2,,2021,2,,36,1,3179,1771,10.0,80.0,70.0,Declan Rice,West Ham United,Central Midfield,England,70000000.0
23,20,1,43,,178.0,23,0,690,5,,2021,2,,8,1,660,1785,6.0,6.0,0.0,Moises Caicedo,Brighton & Hove Albion,Defensive Midfield,Ecuador,0.0
22,21,0,66,-5.0,175.0,25,0,560,8,0.0,2023,2,-1.0,12,1,232,1204,1.5,2.5,1.0,Lewis Dobbin,Everton FC,Left Winger,England,1000000.0
30,27,3,43,7.0,172.0,8,1,556,8,0.0,2021,2,1.0,34,8,2802,576,3.0,20.0,17.0,Leandro Trossard,Brighton & Hove Albion,Left Winger,Belgium,17000000.0
38,33,5,108,5.0,179.0,25,4,422,4,0.0,2019,2,1.0,35,23,3033,109,-4.0,16.0,20.0,Jamie Vardy,Leicester City,Centre-Forward,England,20000000.0
28,26,1,3,3.0,193.0,21,0,775,2,0.0,2022,2,1.0,36,7,2765,817,2.0,20.0,18.0,Philip Billing,AFC Bournemouth,Central Midfield,Denmark,18000000.0
30,26,7,118,3.0,170.0,25,0,785,11,0.0,2020,2,1.0,31,10,2536,423,-38.0,90.0,128.0,Raheem Sterling,Manchester City,Right Winger,England,128000000.0
35,32,2,50,-1.0,178.0,63,0,149,3,0.0,2021,2,-1.0,27,1,2070,616,-2.0,9.0,11.0,Cesar Azpilicueta,Chelsea FC,Centre-Back,Spain,11000000.0
31,31,0,188,,181.0,74,0,98,3,,2023,2,,17,1,109,2398,-5.0,10.0,15.0,Ben Davies,Tottenham Hotspur,Centre-Back,Wales,15000000.0
32,28,2,57,-6.0,180.0,16,2,962,8,0.0,2020,2,-1.0,30,11,2612,334,-5.0,45.0,50.0,Wilfried Zaha,Crystal Palace,Left Winger,Cote dIvoire,50000000.0
28,27,1,132,,186.0,10,0,468,2,,2023,2,,20,2,1279,2285,-2.0,40.0,42.0,Joelinton,Newcastle United,Central Midfield,Brazil,42000000.0
29,26,0,21,,189.0,25,0,804,3,,2021,2,,15,1,846,1718,-2.0,10.0,12.0,Rob Holding,Arsenal FC,Centre-Back,England,12000000.0
32,28,1,66,-4.0,188.0,25,0,669,3,0.0,2020,2,-1.0,35,3,2991,351,-3.0,25.0,28.0,Michael Keane,Everton FC,Centre-Back,England,28000000.0
30,27,5,174,,177.0,25,4,419,2,,2021,2,,36,10,3216,1825,0.0,32.0,32.0,James Ward-Prowse,Southampton FC,Central Midfield,England,32000000.0
28,25,2,118,2.0,191.0,63,0,811,5,0.0,2021,2,1.0,33,7,2884,711,10.0,80.0,70.0,Rodri,Manchester City,Defensive Midfield,Spain,70000000.0
23,21,1,50,-10.0,191.0,1,0,78,4,0.0,2022,2,-1.0,12,1,294,875,3.0,28.0,25.0,Armando Broja,Chelsea FC,Centre-Forward,Albania,25000000.0
29,29,2,199,-1.0,192.0,19,0,925,5,0.0,2023,2,-1.0,37,7,287,1358,-5.0,30.0,35.0,Tomas Soucek,West Ham United,Defensive Midfield,Czech Republic,35000000.0
28,28,2,188,,177.0,4,0,340,2,,2023,2,,22,2,506,2366,0.0,16.0,16.0,Giovani Lo Celso,Tottenham Hotspur,Central Midfield,Argentina,16000000.0
29,28,3,81,,178.0,63,0,16,11,,2023,2,,17,2,377,2381,0.0,9.0,9.0,Adama Traore,Fulham FC,Right Winger,Spain,9000000.0
23,21,1,50,,191.0,1,0,78,4,,2022,2,,12,1,294,2141,3.0,28.0,25.0,Armando Broja,Chelsea FC,Centre-Forward,Albania,25000000.0
27,23,4,81,,174.0,50,0,18,13,,2020,2,,34,4,2747,1462,1.0,11.0,10.0,Ademola Lookman,Fulham FC,Second Striker,Nigeria,10000000.0
29,26,1,202,3.0,177.0,43,0,367,4,0.0,2021,2,1.0,30,5,1815,804,3.0,16.0,13.0,Hee-chan Hwang,Wolverhampton Wanderers,Centre-Forward,"Korea, South",13000000.0
39,37,0,22,0.0,175.0,25,0,88,9,0.0,2022,2,0.0,29,1,2036,847,-0.4,0.6,1.0,Ashley Young,Aston Villa,Left-Back,England,1000000.0
27,26,4,188,,184.0,10,0,799,4,,2023,2,,28,11,1491,2465,-2.0,38.0,40.0,Richarlison,Tottenham Hotspur,Centre-Forward,Brazil,40000000.0
23,19,1,21,,178.0,10,0,316,8,,2020,2,,14,2,589,1532,-3.0,22.0,25.0,Gabriel Martinelli,Arsenal FC,Left Winger,Brazil,25000000.0
31,27,7,107,10.0,185.0,25,2,756,4,0.0,2020,2,1.0,38,17,3050,376,12.0,22.0,10.0,Patrick Bamford,Leeds United,Centre-Forward,England,10000000.0
31,27,1,108,4.0,178.0,63,0,93,4,0.0,2020,2,1.0,25,2,1331,400,-2.0,18.0,20.0,Ayoze Perez,Leicester City,Centre-Forward,Spain,20000000.0
30,29,1,21,1.0,172.0,8,0,556,8,0.0,2023,2,1.0,34,12,1649,1098,-3.0,35.0,38.0,Leandro Trossard,Arsenal FC,Left Winger,Belgium,38000000.0
24,24,3,21,1.0,189.0,55,0,408,3,0.0,2023,2,1.0,20,1,946,1110,5.0,30.0,25.0,Jakub Kiwior,Arsenal FC,Centre-Back,Poland,25000000.0
23,20,7,21,0.0,178.0,25,2,132,11,0.0,2021,2,0.0,38,11,2978,539,0.0,65.0,65.0,Bukayo Saka,Arsenal FC,Right Winger,England,65000000.0
25,22,1,202,3.0,184.0,56,0,930,11,0.0,2021,2,1.0,28,2,1337,808,-2.0,20.0,22.0,Trincco,Wolverhampton Wanderers,Right Winger,Portugal,22000000.0
33,33,0,170,,175.0,52,1,738,2,,2023,2,,27,1,144,2423,-0.5,1.0,1.5,Oliver Norwood,Sheffield United,Central Midfield,Northern Ireland,1500000.0
28,24,0,66,-4.0,187.0,41,0,628,3,0.0,2020,2,-1.0,28,1,2287,353,2.0,20.0,18.0,Mason Holgate,Everton FC,Centre-Back,Jamaica,18000000.0
18,17,3,132,,189.0,25,0,563,2,,2023,2,,17,1,1203,2446,19.5,22.0,2.5,Lewis Miley,Newcastle United,Central Midfield,England,2500000.0
22,21,1,119,,173.0,16,0,43,11,,2023,2,,9,1,390,2427,0.0,18.0,18.0,Amad Diallo,Manchester United,Right Winger,Cote dIvoire,18000000.0
33,32,1,43,,184.0,48,0,466,12,,2023,2,,27,1,1588,2223,0.0,10.0,10.0,Joel Veltman,Brighton & Hove Albion,Right-Back,Netherlands,10000000.0
27,26,0,50,,177.0,27,0,165,4,,2023,2,,11,3,444,2331,-10.0,65.0,75.0,Christopher Nkunku,Chelsea FC,Centre-Forward,France,75000000.0
32,28,0,46,,185.0,25,0,417,3,,2020,2,,36,1,3240,1545,-3.0,25.0,28.0,James Tarkowski,Burnley FC,Centre-Back,England,28000000.0
28,24,1,174,2.0,189.0,55,0,423,3,0.0,2019,2,1.0,34,1,3057,210,-3.0,12.0,15.0,Jan Bednarek,Southampton FC,Centre-Back,Poland,15000000.0
33,30,1,197,-2.0,183.0,58,0,647,11,1.0,2020,2,-1.0,33,2,1828,501,-1.5,4.0,5.5,Matt Phillips,West Bromwich Albion,Right Winger,Scotland,5500000.0
30,28,3,22,0.0,178.0,58,0,474,2,0.0,2022,2,0.0,34,1,2694,850,-3.0,27.0,30.0,John McGinn,Aston Villa,Central Midfield,Scotland,30000000.0
25,23,1,3,,183.0,25,0,406,8,,2022,2,,30,3,1258,2070,4.0,9.0,5.0,Jaidon Anthony,AFC Bournemouth,Left Winger,England,5000000.0
30,26,1,118,,185.0,27,0,104,9,,2020,2,,13,2,953,1531,-8.0,20.0,28.0,Benjamin Mendy,Manchester City,Left-Back,France,28000000.0
35,32,2,46,,185.0,25,0,431,4,,2021,2,,29,2,1379,1686,-1.0,2.0,3.0,Jay Rodriguez,Burnley FC,Centre-Forward,England,3000000.0
27,26,3,136,,183.0,50,0,894,4,,2023,2,,20,6,1042,2247,-2.0,28.0,30.0,Taiwo Awoniyi,Nottingham Forest,Centre-Forward,Nigeria,30000000.0
24,23,1,46,,185.0,65,1,986,4,,2023,2,,34,5,1956,2307,-3.0,12.0,15.0,Zeki Amdouni,Burnley FC,Centre-Forward,Switzerland,15000000.0
33,29,8,43,0.0,181.0,29,3,754,2,0.0,2020,2,0.0,34,3,2484,299,0.0,7.0,7.0,Pascal Gross,Brighton & Hove Albion,Central Midfield,Germany,7000000.0
30,28,7,43,13.0,180.0,25,0,882,11,0.0,2022,2,1.0,33,7,2716,867,10.0,22.0,12.0,Solly March,Brighton & Hove Albion,Right Winger,England,12000000.0
28,28,3,188,1.0,180.0,29,0,915,8,0.0,2023,2,1.0,13,2,810,1347,-3.0,17.0,20.0,Timo Werner,Tottenham Hotspur,Left Winger,Germany,20000000.0
32,28,10,112,4.0,175.0,24,3,686,11,0.0,2019,2,1.0,34,19,2876,124,-30.0,120.0,150.0,Mohamed Salah,Liverpool FC,Right Winger,Egypt,150000000.0
32,29,13,112,2.0,175.0,24,5,686,11,0.0,2021,2,1.0,35,23,2762,684,-10.0,90.0,100.0,Mohamed Salah,Liverpool FC,Right Winger,Egypt,100000000.0
33,30,2,132,0.0,186.0,65,0,282,3,0.0,2021,2,0.0,25,2,2158,741,0.0,7.0,7.0,Fabian Schar,Newcastle United,Centre-Back,Switzerland,7000000.0
27,27,5,21,,175.0,10,0,313,4,,2023,2,,27,4,1479,2288,-5.0,65.0,70.0,Gabriel Jesus,Arsenal FC,Centre-Forward,Brazil,70000000.0
35,34,0,132,2.0,173.0,58,0,648,10,0.0,2023,2,1.0,13,1,128,1317,0.0,1.0,1.0,Matt Ritchie,Newcastle United,Right Midfield,Scotland,1000000.0
30,30,0,118,1.0,177.0,17,0,633,2,0.0,2023,2,1.0,30,1,1551,1272,-8.0,30.0,38.0,Mateo Kovacic,Manchester City,Central Midfield,Croatia,38000000.0
35,33,0,57,2.0,186.0,25,0,467,12,0.0,2022,2,1.0,28,1,2256,892,-0.8,1.2,2.0,Joel Ward,Crystal Palace,Right-Back,England,2000000.0
31,30,0,22,,179.0,63,0,988,9,,2023,2,,21,2,1031,2271,3.0,13.0,10.0,alex Moreno,Aston Villa,Left-Back,Spain,10000000.0
27,27,6,22,,177.0,8,0,977,2,,2023,2,,32,2,1622,2328,5.0,25.0,20.0,Youri Tielemans,Aston Villa,Central Midfield,Belgium,20000000.0
28,23,2,132,-2.0,186.0,10,0,468,2,0.0,2019,2,-1.0,38,2,2682,164,-10.0,20.0,30.0,Joelinton,Newcastle United,Central Midfield,Brazil,30000000.0
35,32,0,188,-2.0,187.0,8,0,918,3,0.0,2020,2,-1.0,25,1,2240,483,-9.0,11.0,20.0,Toby Alderweireld,Tottenham Hotspur,Centre-Back,Belgium,20000000.0
29,28,2,132,4.0,179.0,25,0,402,11,0.0,2022,2,1.0,36,4,1252,1012,8.0,15.0,7.0,Jacob Murphy,Newcastle United,Right Winger,England,7000000.0
33,29,2,197,-2.0,191.0,59,0,662,4,1.0,2020,2,-1.0,16,3,1188,502,-0.2,3.0,3.2,Mbaye Diagne,West Bromwich Albion,Centre-Forward,Senegal,3200000.0
30,29,0,202,,175.0,63,0,483,12,,2022,2,,18,1,1261,2174,-4.0,13.0,17.0,Jonny Otto,Wolverhampton Wanderers,Right-Back,Spain,17000000.0
31,30,2,188,-2.0,181.0,74,0,98,3,0.0,2022,2,-1.0,31,2,2288,1059,-5.0,15.0,20.0,Ben Davies,Tottenham Hotspur,Centre-Back,Wales,20000000.0
32,29,0,188,,184.0,4,0,269,11,,2020,2,,23,1,718,1626,0.0,16.0,16.0,Erik Lamela,Tottenham Hotspur,Right Winger,Argentina,16000000.0
32,28,1,46,8.0,180.0,19,0,631,4,0.0,2019,2,1.0,19,2,819,57,-1.0,4.0,5.0,Matej Vydra,Burnley FC,Centre-Forward,Czech Republic,5000000.0
33,28,2,46,8.0,176.0,38,0,805,7,0.0,2019,2,1.0,17,1,454,66,-1.2,4.8,6.0,Robbie Brady,Burnley FC,Left Midfield,Ireland,6000000.0
29,25,10,22,0.0,180.0,25,0,395,8,0.0,2020,2,0.0,26,6,2185,281,25.0,65.0,40.0,Jack Grealish,Aston Villa,Left Winger,England,40000000.0
24,21,2,118,3.0,184.0,63,0,297,11,0.0,2020,2,1.0,24,7,1306,430,5.0,50.0,45.0,Ferran Torres,Manchester City,Right Winger,Spain,45000000.0
29,27,1,112,2.0,172.0,33,0,706,2,0.0,2021,2,1.0,23,3,1173,689,-5.0,25.0,30.0,Naby Keita,Liverpool FC,Central Midfield,Guinea,30000000.0
29,27,2,202,3.0,188.0,8,0,555,5,0.0,2021,2,1.0,30,2,1950,801,-2.0,28.0,30.0,Leander Dendoncker,Wolverhampton Wanderers,Defensive Midfield,Belgium,30000000.0
29,28,0,118,2.0,180.0,48,0,709,3,0.0,2022,2,1.0,26,1,1874,987,12.0,42.0,30.0,Nathan Ake,Manchester City,Centre-Back,Netherlands,30000000.0
25,23,0,3,,185.0,30,0,72,11,,2022,2,,11,1,258,2167,6.0,9.0,3.0,Antoine Semenyo,AFC Bournemouth,Right Winger,Ghana,3000000.0
30,29,1,119,,187.0,64,0,942,3,,2023,2,,19,1,1328,2436,-3.0,15.0,18.0,Victor Lindelof,Manchester United,Centre-Back,Sweden,18000000.0
27,23,2,202,8.0,180.0,56,0,828,5,0.0,2019,2,1.0,38,2,3056,258,-10.0,40.0,50.0,Ruben Neves,Wolverhampton Wanderers,Defensive Midfield,Portugal,50000000.0
33,30,2,66,-9.0,181.0,25,1,61,11,0.0,2021,2,-1.0,21,3,1455,634,-2.0,5.0,7.0,Andros Townsend,Everton FC,Right Winger,England,7000000.0
34,32,4,43,,185.0,25,0,198,4,,2022,2,,31,6,1853,1963,1.0,7.0,6.0,Danny Welbeck,Brighton & Hove Albion,Centre-Forward,England,6000000.0
26,25,1,136,,178.0,8,0,745,5,,2022,2,,27,1,1549,2153,4.0,16.0,12.0,Orel Mangala,Nottingham Forest,Defensive Midfield,Belgium,12000000.0
24,23,2,21,1.0,170.0,56,1,286,1,0.0,2023,2,1.0,11,1,299,1111,-6.0,22.0,28.0,Fabio Vieira,Arsenal FC,Attacking Midfield,Portugal,28000000.0
33,29,0,202,2.0,186.0,10,0,966,4,0.0,2020,2,1.0,17,1,1110,520,-6.0,18.0,24.0,Willian Jose,Wolverhampton Wanderers,Centre-Forward,Brazil,24000000.0
24,24,1,57,2.0,188.0,71,0,158,3,0.0,2023,2,1.0,26,1,2094,1197,4.0,12.0,8.0,Chris Richards,Crystal Palace,Centre-Back,United States,8000000.0
29,28,0,118,,180.0,48,0,709,3,,2022,2,,26,1,1874,2193,12.0,42.0,30.0,Nathan Ake,Manchester City,Centre-Back,Netherlands,30000000.0
32,30,0,3,3.0,196.0,74,0,538,4,0.0,2022,2,1.0,27,4,1278,824,0.0,4.0,4.0,Kieffer Moore,AFC Bournemouth,Centre-Forward,Wales,4000000.0
27,24,1,188,,171.0,48,0,888,8,,2021,2,,25,3,564,1851,0.0,18.0,18.0,Steven Bergwijn,Tottenham Hotspur,Left Winger,Netherlands,18000000.0
35,34,2,174,-4.0,175.0,25,0,906,11,1.0,2022,2,-1.0,20,2,1129,1035,-0.8,1.0,1.8,Theo Walcott,Southampton FC,Right Winger,England,1800000.0
30,28,0,3,,179.0,15,0,437,5,,2022,2,,37,5,3252,2019,5.0,20.0,15.0,Jefferson Lerma,AFC Bournemouth,Defensive Midfield,Colombia,15000000.0
26,25,4,57,2.0,178.0,25,1,244,1,0.0,2023,2,1.0,27,11,2056,1191,7.0,55.0,48.0,Eberechi Eze,Crystal Palace,Attacking Midfield,England,48000000.0
23,23,10,132,2.0,183.0,25,1,69,8,0.0,2023,2,1.0,35,11,2891,1312,22.0,60.0,38.0,Anthony Gordon,Newcastle United,Left Winger,England,38000000.0
31,29,2,107,,185.0,25,0,756,4,,2022,2,,28,4,1515,2097,-5.0,9.0,14.0,Patrick Bamford,Leeds United,Centre-Forward,England,14000000.0
28,26,0,81,5.0,194.0,27,0,387,3,0.0,2022,2,1.0,25,1,2011,928,5.0,18.0,13.0,Issa Diop,Fulham FC,Centre-Back,France,13000000.0
35,32,1,66,,189.0,73,0,841,4,,2021,2,,20,1,791,1799,-2.5,2.5,5.0,Salomon Rondon,Everton FC,Centre-Forward,Venezuela,5000000.0
28,27,2,3,,193.0,21,0,775,2,,2023,2,,29,2,1401,2376,0.0,22.0,22.0,Philip Billing,AFC Bournemouth,Central Midfield,Denmark,22000000.0
33,30,3,195,-3.0,180.0,53,1,494,4,1.0,2021,2,-1.0,32,5,2248,782,0.0,8.0,8.0,Joshua King,Watford FC,Centre-Forward,Norway,8000000.0
29,28,3,202,2.0,177.0,43,1,367,4,0.0,2023,2,1.0,29,12,2119,1379,7.0,25.0,18.0,Hee-chan Hwang,Wolverhampton Wanderers,Centre-Forward,"Korea, South",18000000.0
30,26,5,22,,178.0,58,0,474,2,,2020,2,,37,3,3330,1501,14.0,30.0,16.0,John McGinn,Aston Villa,Central Midfield,Scotland,16000000.0
32,29,3,22,-6.0,172.0,10,0,776,1,0.0,2021,2,-1.0,19,5,1330,550,0.0,20.0,20.0,Philippe Coutinho,Aston Villa,Attacking Midfield,Brazil,20000000.0
27,24,3,66,-4.0,184.0,10,1,799,4,0.0,2020,2,-1.0,34,7,2862,346,-5.0,55.0,60.0,Richarlison,Everton FC,Centre-Forward,Brazil,60000000.0
26,23,1,107,,180.0,74,0,933,4,,2021,2,,23,1,987,1803,0.0,8.0,8.0,Tyler Roberts,Leeds United,Centre-Forward,Wales,8000000.0
32,30,2,66,,188.0,25,0,669,3,,2022,2,,12,1,985,2016,-6.0,10.0,16.0,Michael Keane,Everton FC,Centre-Back,England,16000000.0
31,29,9,119,-5.0,191.0,27,0,765,2,0.0,2021,2,-1.0,20,1,1350,718,-7.0,48.0,55.0,Paul Pogba,Manchester United,Central Midfield,France,55000000.0
30,27,4,22,,178.0,58,0,474,2,,2021,2,,35,3,3090,1859,2.0,32.0,30.0,John McGinn,Aston Villa,Central Midfield,Scotland,30000000.0
29,25,3,197,,183.0,25,0,200,12,,2020,2,,35,1,2931,1572,1.8,5.0,3.2,Darnell Furlong,West Bromwich Albion,Right-Back,England,3200000.0
30,26,4,174,2.0,173.0,25,0,712,11,0.0,2019,2,1.0,32,4,2762,203,-4.0,16.0,20.0,Nathan Redmond,Southampton FC,Right Winger,England,20000000.0
27,24,4,79,,171.0,74,0,193,11,,2021,2,,34,4,2492,653,0.0,18.0,18.0,Daniel James,For 2 Clubs,Right Winger,Wales,18000000.0
35,31,0,57,,189.0,59,0,152,5,,2020,2,,36,1,3121,1555,-2.0,6.0,8.0,Cheikhou Kouyate,Crystal Palace,Defensive Midfield,Senegal,8000000.0
35,32,0,46,,180.0,25,0,101,3,,2021,2,,21,3,1839,1838,-1.5,2.5,4.0,Ben Mee,Burnley FC,Centre-Back,England,4000000.0
33,30,4,112,,181.0,10,0,808,4,,2021,2,,20,5,988,1898,-8.0,32.0,40.0,Roberto Firmino,Liverpool FC,Centre-Forward,Brazil,40000000.0
29,27,0,118,,180.0,48,0,709,3,,2021,2,,14,2,923,1768,-3.0,25.0,28.0,Nathan Ake,Manchester City,Centre-Back,Netherlands,28000000.0
27,24,4,43,,184.0,75,0,265,2,,2021,2,,18,2,996,1696,-2.0,18.0,20.0,Enock Mwepu,Brighton & Hove Albion,Central Midfield,Zambia,20000000.0
20,19,3,46,-1.0,182.0,27,0,968,11,1.0,2023,2,-1.0,29,3,2098,1165,1.0,10.0,9.0,Wilson Odobert,Burnley FC,Right Winger,France,9000000.0
24,23,1,50,,182.0,25,0,176,2,,2022,2,,35,3,1623,2078,2.0,32.0,30.0,Conor Gallagher,Chelsea FC,Central Midfield,England,30000000.0
25,23,3,188,,173.0,63,0,770,12,,2022,2,,15,3,1131,2084,15.0,40.0,25.0,Pedro Porro,Tottenham Hotspur,Right-Back,Spain,25000000.0
35,34,0,66,-5.0,174.0,59,0,376,2,0.0,2023,2,-1.0,25,4,1884,1211,-1.0,3.0,4.0,Idrissa Gueye,Everton FC,Central Midfield,Senegal,4000000.0
31,28,1,199,,170.0,4,0,605,1,,2020,2,,17,1,568,1588,-4.0,10.0,14.0,Manuel Lanzini,West Ham United,Attacking Midfield,Argentina,14000000.0
27,26,0,116,2.0,194.0,21,0,596,3,1.0,2023,2,1.0,8,1,400,1253,0.0,3.0,3.0,Mads Andersen,Luton Town,Centre-Back,Denmark,3000000.0
27,24,0,199,,179.0,17,0,727,1,,2021,2,,19,1,560,1727,-5.0,22.0,27.0,Nikola Vlasic,West Ham United,Attacking Midfield,Croatia,27000000.0
28,27,2,21,,175.0,70,0,735,9,,2023,2,,27,1,1721,2395,-4.0,38.0,42.0,Oleksandr Zinchenko,Arsenal FC,Left-Back,Ukraine,42000000.0
28,25,8,50,-2.0,180.0,29,0,915,8,0.0,2020,2,-1.0,35,6,2602,325,-5.0,65.0,70.0,Timo Werner,Chelsea FC,Left Winger,Germany,70000000.0
34,33,3,46,-1.0,186.0,36,0,469,11,1.0,2023,2,-1.0,26,1,1191,1167,0.0,1.0,1.0,Johann Berg Gudmundsson,Burnley FC,Right Winger,Iceland,1000000.0
33,29,7,112,3.0,181.0,10,0,808,4,0.0,2020,2,1.0,36,9,2838,402,-22.0,50.0,72.0,Roberto Firmino,Liverpool FC,Centre-Forward,Brazil,72000000.0
27,26,2,108,-7.0,177.0,8,1,977,2,1.0,2022,2,-1.0,31,3,2344,951,-20.0,25.0,45.0,Youri Tielemans,Leicester City,Central Midfield,Belgium,45000000.0
27,23,0,3,-1.0,173.0,74,0,362,11,1.0,2019,2,-1.0,31,7,1660,12,-0.5,17.5,18.0,Harry Wilson,AFC Bournemouth,Right Winger,Wales,18000000.0
28,27,1,136,,184.0,50,0,734,12,,2023,2,,22,1,1692,2435,7.0,12.0,5.0,Ola Aina,Nottingham Forest,Right-Back,Nigeria,5000000.0
25,24,2,3,3.0,185.0,30,0,72,11,0.0,2023,2,1.0,33,8,2106,1092,0.0,10.0,10.0,Antoine Semenyo,AFC Bournemouth,Right Winger,Ghana,10000000.0
27,24,3,22,,185.0,55,0,653,12,,2021,2,,38,4,3377,1829,3.0,25.0,22.0,Matty Cash,Aston Villa,Right-Back,Poland,22000000.0
28,24,2,174,2.0,179.0,58,0,151,4,0.0,2019,2,1.0,30,4,1111,212,-2.5,9.5,12.0,Che Adams,Southampton FC,Centre-Forward,Scotland,12000000.0
25,24,2,132,2.0,192.0,64,5,31,4,0.0,2023,2,1.0,30,21,2255,1318,5.0,75.0,70.0,Alexander Isak,Newcastle United,Centre-Forward,Sweden,70000000.0
30,26,2,108,5.0,181.0,8,0,221,2,0.0,2019,2,1.0,27,1,1135,108,-5.0,19.0,24.0,Dennis Praet,Leicester City,Central Midfield,Belgium,24000000.0
32,29,0,43,0.0,201.0,25,0,188,3,0.0,2020,2,0.0,27,1,2061,292,0.0,5.0,5.0,Dan Burn,Brighton & Hove Albion,Centre-Back,England,5000000.0
23,19,1,202,2.0,180.0,2,0,792,9,0.0,2020,2,1.0,21,1,1404,518,-2.0,18.0,20.0,Rayan Ait-Nouri,Wolverhampton Wanderers,Left-Back,Algeria,20000000.0
31,31,0,119,,191.0,27,0,787,3,,2023,2,,22,1,1375,2409,-5.0,20.0,25.0,Raphael Varane,Manchester United,Centre-Back,France,25000000.0
29,26,1,79,,189.0,48,1,76,11,,2021,2,,11,1,399,651,-1.0,9.0,10.0,Anwar El Ghazi,For 2 Clubs,Right Winger,Netherlands,10000000.0
28,24,1,81,,184.0,50,0,734,12,,2020,2,,31,2,2664,1577,-1.0,6.0,7.0,Ola Aina,Fulham FC,Right-Back,Nigeria,7000000.0
27,26,2,132,,187.0,25,0,861,2,,2023,2,,35,6,2747,2245,0.0,25.0,25.0,Sean Longstaff,Newcastle United,Central Midfield,England,25000000.0
30,27,0,43,,190.0,25,0,15,3,,2021,2,,22,2,1435,1777,-1.0,17.0,18.0,Adam Webster,Brighton & Hove Albion,Centre-Back,England,18000000.0
28,27,3,79,,171.0,27,0,715,4,,2023,2,,31,6,1432,2248,2.0,12.0,10.0,Neal Maupay,For 2 Clubs,Centre-Forward,France,10000000.0
24,22,3,57,0.0,182.0,25,0,176,2,0.0,2021,2,0.0,34,8,2845,624,3.0,25.0,22.0,Conor Gallagher,Crystal Palace,Central Midfield,England,22000000.0
30,25,1,66,-5.0,195.0,15,0,975,3,0.0,2019,2,-1.0,29,2,2284,96,-5.0,20.0,25.0,Yerry Mina,Everton FC,Centre-Back,Colombia,25000000.0
30,26,0,132,,184.0,64,0,257,12,,2020,2,,16,1,1288,1563,-0.5,3.5,4.0,Emil Krafth,Newcastle United,Right-Back,Sweden,4000000.0
27,24,0,41,7.0,170.0,25,0,800,9,0.0,2021,2,1.0,34,3,2776,567,10.0,20.0,10.0,Rico Henry,Brentford FC,Left-Back,England,10000000.0
27,26,0,199,-1.0,194.0,31,0,545,3,0.0,2023,2,-1.0,19,1,15,1365,6.0,20.0,14.0,Konstantinos Mavropanos,West Ham United,Centre-Back,Greece,14000000.0
22,22,2,50,,182.0,25,1,730,11,,2023,2,,23,5,1053,2302,3.0,28.0,25.0,Noni Madueke,Chelsea FC,Right Winger,England,25000000.0
30,26,7,174,,177.0,25,3,419,2,,2020,2,,38,8,3420,1450,12.0,30.0,18.0,James Ward-Prowse,Southampton FC,Central Midfield,England,18000000.0
33,31,3,132,,186.0,65,0,282,3,,2022,2,,36,1,3206,2050,1.0,10.0,9.0,Fabian Schar,Newcastle United,Centre-Back,Switzerland,9000000.0
24,23,1,50,-10.0,182.0,25,0,176,2,0.0,2022,2,-1.0,35,3,1623,879,2.0,32.0,30.0,Conor Gallagher,Chelsea FC,Central Midfield,England,30000000.0
33,31,1,50,-10.0,186.0,59,0,516,3,0.0,2022,2,-1.0,23,2,1801,887,-20.0,15.0,35.0,Kalidou Koulibaly,Chelsea FC,Centre-Back,Senegal,35000000.0
29,27,0,202,,170.0,56,0,195,11,,2022,2,,32,6,1771,2051,0.0,20.0,20.0,Daniel Podence,Wolverhampton Wanderers,Right Winger,Portugal,20000000.0
31,26,1,112,4.0,180.0,25,0,29,2,0.0,2019,2,1.0,30,4,1486,128,-7.0,28.0,35.0,Alex Oxlade-Chamberlain,Liverpool FC,Central Midfield,England,35000000.0
31,27,0,197,-2.0,193.0,50,0,864,3,1.0,2020,2,-1.0,33,2,2781,500,1.0,6.0,5.0,Semi Ajayi,West Bromwich Albion,Centre-Back,Nigeria,5000000.0
31,30,2,119,-2.0,169.0,10,0,310,2,0.0,2022,2,-1.0,35,2,1249,996,0.0,20.0,20.0,Fred,Manchester United,Central Midfield,Brazil,20000000.0
23,23,1,21,1.0,192.0,27,0,964,3,0.0,2023,2,1.0,38,2,342,1106,10.0,80.0,70.0,William Saliba,Arsenal FC,Centre-Back,France,70000000.0
28,26,0,81,,194.0,27,0,387,3,,2022,2,,25,1,2011,2204,5.0,18.0,13.0,Issa Diop,Fulham FC,Centre-Back,France,13000000.0
24,20,2,112,3.0,185.0,25,0,185,2,0.0,2020,2,1.0,24,1,1179,408,25.0,30.0,5.0,Curtis Jones,Liverpool FC,Central Midfield,England,5000000.0
31,28,3,50,-2.0,180.0,47,0,354,11,0.0,2020,2,-1.0,23,2,1171,328,-2.0,38.0,40.0,Hakim Ziyech,Chelsea FC,Right Winger,Morocco,40000000.0
29,26,3,46,-1.0,179.0,25,0,489,2,1.0,2021,2,-1.0,35,2,2955,592,0.0,7.0,7.0,Josh Brownhill,Burnley FC,Central Midfield,England,7000000.0
22,18,0,81,,170.0,56,0,284,1,,2020,2,,4,1,255,1632,0.25,0.25,0.0,Fabio Carvalho,Fulham FC,Attacking Midfield,Portugal,0.0
25,23,0,81,,170.0,39,0,603,8,,2022,2,,19,4,573,1957,0.0,18.0,18.0,Manor Solomon,Fulham FC,Left Winger,Israel,18000000.0
26,21,3,199,-8.0,188.0,25,0,213,2,0.0,2019,2,-1.0,38,1,3420,241,-0.5,49.5,50.0,Declan Rice,West Ham United,Central Midfield,England,50000000.0
28,26,9,108,-7.0,175.0,25,1,413,1,1.0,2022,2,-1.0,30,10,2480,960,5.0,60.0,55.0,James Maddison,Leicester City,Attacking Midfield,England,55000000.0
26,23,1,43,,173.0,63,0,607,9,,2021,2,,35,1,3089,1812,8.0,28.0,20.0,Marc Cucurella,Brighton & Hove Albion,Left-Back,Spain,20000000.0
25,20,1,43,1.0,174.0,38,0,1,4,0.0,2019,2,1.0,24,3,1257,52,1.5,4.0,2.5,Aaron Connolly,Brighton & Hove Albion,Centre-Forward,Ireland,2500000.0
30,28,0,132,0.0,174.0,54,0,677,11,0.0,2021,2,0.0,30,1,1716,738,-1.5,16.0,17.5,Miguel Almiron,Newcastle United,Right Winger,Paraguay,17500000.0
32,29,5,132,0.0,180.0,25,4,135,4,0.0,2020,2,0.0,26,12,2084,449,2.0,22.0,20.0,Callum Wilson,Newcastle United,Centre-Forward,England,20000000.0
24,20,0,132,-2.0,171.0,25,0,654,2,0.0,2019,2,-1.0,9,2,574,168,3.6,3.6,0.0,Matty Longstaff,Newcastle United,Central Midfield,England,0.0
25,23,0,3,3.0,185.0,30,0,72,11,0.0,2022,2,1.0,11,1,258,821,6.0,9.0,3.0,Antoine Semenyo,AFC Bournemouth,Right Winger,Ghana,3000000.0
35,30,0,46,8.0,185.0,25,1,86,4,0.0,2019,2,1.0,19,6,1352,60,-2.0,8.0,10.0,Ashley Barnes,Burnley FC,Centre-Forward,England,10000000.0
27,26,1,3,3.0,173.0,74,0,204,11,0.0,2023,2,1.0,13,1,282,1097,-1.0,8.0,9.0,David Brooks,AFC Bournemouth,Right Winger,Wales,9000000.0
31,27,1,57,,185.0,8,0,675,4,,2020,2,,18,2,728,1557,-4.0,10.0,14.0,Michy Batshuayi,Crystal Palace,Centre-Forward,Belgium,14000000.0
34,30,0,50,,188.0,63,0,612,9,,2020,2,,13,2,960,1599,-6.0,12.0,18.0,Marcos Alonso,Chelsea FC,Left-Back,Spain,18000000.0
28,25,6,22,-6.0,172.0,4,0,259,1,0.0,2021,2,-1.0,35,4,1897,548,-3.0,32.0,35.0,Emiliano Buendia,Aston Villa,Attacking Midfield,Argentina,35000000.0
31,27,2,22,-3.0,196.0,25,0,935,3,0.0,2019,2,-1.0,33,2,2902,36,4.5,22.5,18.0,Tyrone Mings,Aston Villa,Centre-Back,England,18000000.0
27,22,0,135,-1.0,178.0,52,0,410,9,1.0,2019,2,-1.0,28,1,2304,185,2.0,11.0,9.0,Jamal Lewis,Norwich City,Left-Back,Northern Ireland,9000000.0
33,29,0,199,4.0,189.0,54,0,281,3,0.0,2020,2,1.0,14,1,1199,516,-3.0,5.0,8.0,Fabian Balbuena,West Ham United,Centre-Back,Paraguay,8000000.0
22,20,2,107,,179.0,25,0,462,4,,2021,2,,20,2,744,1749,3.0,6.0,3.0,Joe Gelhardt,Leeds United,Centre-Forward,England,3000000.0
29,26,3,118,2.0,180.0,25,0,395,8,0.0,2021,2,1.0,26,3,1913,702,-30.0,70.0,100.0,Jack Grealish,Manchester City,Left Winger,England,100000000.0
29,29,2,118,,180.0,48,0,709,3,,2023,2,,29,2,2042,2368,0.0,40.0,40.0,Nathan Ake,Manchester City,Centre-Back,Netherlands,40000000.0
31,28,1,41,7.0,175.0,37,0,844,1,0.0,2021,2,1.0,17,1,536,570,-0.5,2.5,3.0,Saman Ghoddos,Brentford FC,Attacking Midfield,Iran,3000000.0
30,24,1,21,-4.0,182.0,25,0,136,3,0.0,2019,2,-1.0,14,1,1102,19,-3.5,14.5,18.0,Calum Chambers,Arsenal FC,Centre-Back,England,18000000.0
24,23,3,119,,180.0,25,0,405,8,,2022,2,,26,6,1687,2060,-15.0,45.0,60.0,Jadon Sancho,Manchester United,Left Winger,England,60000000.0
31,28,9,188,,188.0,25,4,359,4,,2021,2,,37,17,3232,1656,-10.0,90.0,100.0,Harry Kane,Tottenham Hotspur,Centre-Forward,England,100000000.0
32,31,1,116,2.0,177.0,25,0,590,2,1.0,2023,2,1.0,17,2,323,1254,0.0,0.4,0.4,Luke Berry,Luton Town,Central Midfield,England,400000.0
24,20,0,170,,178.0,25,0,432,12,,2020,2,,16,2,1110,1584,0.7,7.0,6.3,Jayden Bogle,Sheffield United,Right-Back,England,6300000.0
21,21,1,50,,187.0,25,0,558,3,,2023,2,,23,1,1797,2440,15.0,50.0,35.0,Levi Colwill,Chelsea FC,Centre-Back,England,35000000.0
30,26,2,132,-2.0,174.0,54,0,677,11,0.0,2019,2,-1.0,36,4,3021,175,-4.0,16.0,20.0,Miguel Almiron,Newcastle United,Right Winger,Paraguay,20000000.0
34,30,1,57,-6.0,190.0,8,0,160,4,0.0,2020,2,-1.0,30,10,1817,332,0.0,9.0,9.0,Christian Benteke,Crystal Palace,Centre-Forward,Belgium,9000000.0
24,23,3,46,,185.0,62,0,594,4,,2023,2,,24,5,1899,2308,0.0,13.0,13.0,Lyle Foster,Burnley FC,Centre-Forward,South Africa,13000000.0
30,28,1,81,5.0,189.0,60,4,26,4,0.0,2022,2,1.0,24,14,2008,934,3.0,28.0,25.0,Aleksandar Mitrovic,Fulham FC,Centre-Forward,Serbia,25000000.0
25,24,0,132,,186.0,25,0,463,2,,2023,2,,9,1,418,2393,-5.0,30.0,35.0,Joe Willock,Newcastle United,Central Midfield,England,35000000.0
37,35,0,46,,165.0,25,0,3,11,,2021,2,,28,2,1551,1675,0.0,1.0,1.0,Aaron Lennon,Burnley FC,Right Winger,England,1000000.0
33,29,2,112,,195.0,12,0,465,3,,2020,2,,10,1,691,1528,-14.0,18.0,32.0,Joel Matip,Liverpool FC,Centre-Back,Cameroon,32000000.0
28,23,1,199,-8.0,194.0,27,0,387,3,0.0,2019,2,-1.0,32,3,2766,243,-7.0,28.0,35.0,Issa Diop,West Ham United,Centre-Back,France,35000000.0
26,25,0,136,,178.0,8,0,745,5,,2023,2,,20,1,1563,2405,0.0,20.0,20.0,Orel Mangala,Nottingham Forest,Defensive Midfield,Belgium,20000000.0
33,31,3,132,4.0,186.0,65,0,282,3,0.0,2022,2,1.0,36,1,3206,1017,1.0,10.0,9.0,Fabian Schar,Newcastle United,Centre-Back,Switzerland,9000000.0
28,26,0,79,,171.0,27,0,715,4,,2022,2,,27,1,1119,2195,-5.0,10.0,15.0,Neal Maupay,For 2 Clubs,Centre-Forward,France,15000000.0
26,26,1,41,,198.0,53,0,547,3,,2023,2,,28,2,1831,2356,-3.0,15.0,18.0,Kristoffer Ajer,Brentford FC,Centre-Back,Norway,18000000.0
31,28,0,202,,185.0,25,0,175,3,,2020,2,,37,1,3303,1554,7.0,25.0,18.0,Conor Coady,Wolverhampton Wanderers,Centre-Back,England,18000000.0
33,32,2,112,2.0,195.0,48,0,948,3,0.0,2023,2,1.0,36,2,3178,1245,-2.0,30.0,32.0,Virgil van Dijk,Liverpool FC,Centre-Back,Netherlands,32000000.0
30,28,0,66,,195.0,15,0,975,3,,2022,2,,7,2,594,1968,-8.0,10.0,18.0,Yerry Mina,Everton FC,Centre-Back,Colombia,18000000.0
24,23,2,46,,181.0,27,0,569,12,,2023,2,,15,1,1235,2415,0.0,10.0,10.0,Lorenz Assignon,Burnley FC,Right-Back,France,10000000.0
27,24,1,170,0.0,188.0,58,0,737,11,1.0,2020,2,-1.0,25,1,1270,469,0.5,6.0,5.5,Oliver Burke,Sheffield United,Right Winger,Scotland,5500000.0
28,25,0,188,2.0,187.0,15,0,210,3,0.0,2021,2,1.0,23,2,1631,767,-2.0,28.0,30.0,Davinson Sanchez,Tottenham Hotspur,Centre-Back,Colombia,30000000.0
22,20,2,174,,184.0,27,0,863,4,,2022,2,,22,1,555,2026,-2.0,10.0,12.0,Sekou Mara,Southampton FC,Centre-Forward,France,12000000.0
30,26,1,199,-8.0,190.0,16,0,862,4,0.0,2019,2,-1.0,32,7,2266,237,-9.0,36.0,45.0,Sebastien Haller,West Ham United,Centre-Forward,Cote dIvoire,45000000.0
31,28,0,50,,189.0,25,0,825,2,,2021,2,,6,1,179,1673,-5.0,12.0,17.0,Ross Barkley,Chelsea FC,Central Midfield,England,17000000.0
24,23,2,112,2.0,187.0,35,0,235,2,0.0,2023,2,1.0,33,3,2104,1243,5.0,75.0,70.0,Dominik Szoboszlai,Liverpool FC,Central Midfield,Hungary,70000000.0
27,26,3,43,,175.0,23,0,772,9,,2023,2,,19,2,1244,2373,-5.0,30.0,35.0,Pervis Estupinan,Brighton & Hove Albion,Left-Back,Ecuador,35000000.0
24,22,0,79,,185.0,27,0,958,3,,2022,2,,17,1,1363,2176,-10.0,55.0,65.0,Wesley Fofana,For 2 Clubs,Centre-Back,France,65000000.0
27,25,1,136,,183.0,50,0,894,4,,2022,2,,27,10,1404,2197,5.0,25.0,20.0,Taiwo Awoniyi,Nottingham Forest,Centre-Forward,Nigeria,20000000.0
31,28,0,107,1.0,186.0,63,0,225,3,0.0,2021,2,1.0,28,3,2340,663,0.0,18.0,18.0,Diego Llorente,Leeds United,Centre-Back,Spain,18000000.0
29,27,6,22,,180.0,25,1,741,4,,2022,2,,37,15,3127,1937,8.0,40.0,32.0,Ollie Watkins,Aston Villa,Centre-Forward,England,32000000.0
24,23,2,50,,175.0,70,0,703,8,,2023,2,,31,5,1575,2305,-10.0,35.0,45.0,Mykhaylo Mudryk,Chelsea FC,Left Winger,Ukraine,45000000.0
22,22,0,112,,190.0,48,0,834,5,,2023,2,,26,1,1121,2411,0.0,35.0,35.0,Ryan Gravenberch,Liverpool FC,Defensive Midfield,Netherlands,35000000.0
27,25,2,57,2.0,187.0,27,0,733,4,0.0,2022,2,1.0,35,5,1803,898,0.0,15.0,15.0,Odsonne Edouard,Crystal Palace,Centre-Forward,France,15000000.0
25,24,3,57,2.0,181.0,25,0,934,9,0.0,2023,2,1.0,37,2,3204,1190,3.0,25.0,22.0,Tyrick Mitchell,Crystal Palace,Left-Back,England,22000000.0
28,26,6,199,,176.0,25,1,428,11,,2022,2,,38,6,3233,1989,-4.0,38.0,42.0,Jarrod Bowen,West Ham United,Right Winger,England,42000000.0
26,22,7,112,3.0,175.0,25,0,928,12,0.0,2020,2,1.0,36,2,3031,407,-35.0,75.0,110.0,Trent Alexander-Arnold,Liverpool FC,Right-Back,England,110000000.0
30,28,8,119,,179.0,56,2,126,1,,2022,2,,37,8,3316,2008,0.0,75.0,75.0,Bruno Fernandes,Manchester United,Attacking Midfield,Portugal,75000000.0
27,24,0,118,3.0,187.0,56,0,826,3,0.0,2020,2,1.0,32,1,2843,429,40.0,75.0,35.0,Ruben Dias,Manchester City,Centre-Back,Portugal,35000000.0
35,30,3,66,-5.0,186.0,36,1,352,1,0.0,2019,2,-1.0,35,2,2561,101,-5.5,22.5,28.0,Gylfi Sigurdsson,Everton FC,Attacking Midfield,Iceland,28000000.0
32,28,4,79,,174.0,25,1,442,1,,2020,2,,16,9,1420,1457,8.0,22.0,14.0,Jesse Lingard,For 2 Clubs,Attacking Midfield,England,14000000.0
28,26,0,119,-2.0,191.0,58,0,859,2,0.0,2022,2,-1.0,24,1,1160,1005,-5.0,25.0,30.0,Scott McTominay,Manchester United,Central Midfield,Scotland,30000000.0
23,20,5,57,,184.0,27,0,671,11,,2021,2,,26,2,1140,1709,4.0,22.0,18.0,Michael Olise,Crystal Palace,Right Winger,France,18000000.0
32,29,7,112,3.0,174.0,59,0,838,8,0.0,2020,2,1.0,35,11,2810,414,-35.0,85.0,120.0,Sadio Mane,Liverpool FC,Left Winger,Senegal,120000000.0
38,36,4,108,-7.0,179.0,25,0,422,4,1.0,2022,2,-1.0,37,3,1858,957,-1.5,2.5,4.0,Jamie Vardy,Leicester City,Centre-Forward,England,4000000.0
25,24,2,41,1.0,184.0,21,0,597,12,0.0,2023,2,1.0,34,1,1986,1132,2.0,10.0,8.0,Mads Roerslev,Brentford FC,Right-Back,Denmark,8000000.0
28,27,0,199,,179.0,16,0,661,8,,2023,2,,7,1,112,2378,-1.0,9.0,10.0,Maxwel Cornet,West Ham United,Left Winger,Cote dIvoire,10000000.0
33,29,9,118,0.0,179.0,2,1,803,11,0.0,2019,2,0.0,33,11,1944,137,-12.0,48.0,60.0,Riyad Mahrez,Manchester City,Right Winger,Algeria,60000000.0
32,30,1,57,2.0,178.0,30,0,438,7,0.0,2022,2,1.0,34,3,2532,899,-1.0,7.0,8.0,Jeffrey Schlupp,Crystal Palace,Left Midfield,Ghana,8000000.0
30,27,5,174,-1.0,177.0,25,4,419,2,0.0,2021,2,-1.0,36,10,3216,757,0.0,32.0,32.0,James Ward-Prowse,Southampton FC,Central Midfield,England,32000000.0
33,29,0,202,,186.0,10,0,966,4,,2020,2,,17,1,1110,1579,-6.0,18.0,24.0,Willian Jose,Wolverhampton Wanderers,Centre-Forward,Brazil,24000000.0
28,25,2,135,,179.0,53,0,643,5,,2021,2,,23,1,1644,1821,-3.0,10.0,13.0,Mathias Normann,Norwich City,Defensive Midfield,Norway,13000000.0
23,23,1,202,2.0,176.0,10,0,453,2,0.0,2023,2,1.0,34,2,2648,1373,13.0,35.0,22.0,Joao Gomes,Wolverhampton Wanderers,Central Midfield,Brazil,22000000.0
25,23,1,50,-10.0,180.0,25,0,793,12,0.0,2022,2,-1.0,16,1,1244,881,-5.0,65.0,70.0,Reece James,Chelsea FC,Right-Back,England,70000000.0
27,24,0,118,,187.0,56,0,826,3,,2020,2,,32,1,2843,1530,40.0,75.0,35.0,Ruben Dias,Manchester City,Centre-Back,Portugal,35000000.0
31,28,3,108,1.0,175.0,56,0,797,12,0.0,2021,2,1.0,14,1,991,675,-5.0,20.0,25.0,Ricardo Pereira,Leicester City,Right-Back,Portugal,25000000.0
33,29,2,21,-5.0,175.0,27,3,34,4,0.0,2020,2,-1.0,31,13,1924,272,-14.0,28.0,42.0,Alexandre Lacazette,Arsenal FC,Centre-Forward,France,42000000.0
33,31,2,41,,196.0,64,0,780,3,,2021,2,,37,3,3321,1850,1.0,7.0,6.0,Pontus Jansson,Brentford FC,Centre-Back,Sweden,6000000.0
28,26,3,41,11.0,176.0,20,0,976,4,0.0,2022,2,1.0,38,7,1607,854,3.0,18.0,15.0,Yoane Wissa,Brentford FC,Centre-Forward,DR Congo,15000000.0
31,28,0,50,,190.0,29,0,74,3,,2020,2,,19,1,1710,1592,-2.0,28.0,30.0,Antonio Rudiger,Chelsea FC,Centre-Back,Germany,30000000.0
33,31,4,112,2.0,174.0,63,0,907,2,0.0,2021,2,1.0,25,1,1534,695,-5.0,20.0,25.0,Thiago Alcantara,Liverpool FC,Central Midfield,Spain,25000000.0
29,28,3,81,0.0,185.0,8,0,916,12,0.0,2023,2,0.0,34,1,2634,1220,0.0,17.0,17.0,Timothy Castagne,Fulham FC,Right-Back,Belgium,17000000.0
26,22,2,107,10.0,180.0,74,0,933,4,0.0,2020,2,1.0,27,1,1340,386,2.4,6.0,3.6,Tyler Roberts,Leeds United,Centre-Forward,Wales,3600000.0
27,23,0,197,,183.0,25,0,523,4,,2020,2,,21,1,1127,1610,0.0,8.0,8.0,Karlan Grant,West Bromwich Albion,Centre-Forward,England,8000000.0
33,30,1,202,2.0,195.0,16,0,967,3,0.0,2020,2,1.0,21,1,1879,521,-2.0,14.0,16.0,Willy Boly,Wolverhampton Wanderers,Centre-Back,Cote dIvoire,16000000.0
35,34,0,41,1.0,180.0,25,0,101,3,0.0,2023,2,1.0,16,2,1273,1136,0.0,1.0,1.0,Ben Mee,Brentford FC,Centre-Back,England,1000000.0
31,29,3,199,3.0,170.0,4,3,605,1,0.0,2021,2,1.0,30,5,1786,786,2.0,12.0,10.0,Manuel Lanzini,West Ham United,Attacking Midfield,Argentina,10000000.0
25,24,6,66,-5.0,183.0,25,0,242,1,0.0,2023,2,-1.0,35,3,2892,1202,2.0,22.0,20.0,Dwight McNeil,Everton FC,Attacking Midfield,England,20000000.0
27,25,9,118,,175.0,10,1,313,4,,2021,2,,28,8,1877,1884,-10.0,50.0,60.0,Gabriel Jesus,Manchester City,Centre-Forward,Brazil,60000000.0
34,34,0,41,,189.0,21,0,985,3,,2023,2,,14,1,1087,2441,0.0,1.0,1.0,Zanka,Brentford FC,Centre-Back,Denmark,1000000.0
23,22,4,21,1.0,178.0,10,0,316,8,0.0,2023,2,1.0,35,6,2019,1099,-15.0,70.0,85.0,Gabriel Martinelli,Arsenal FC,Left Winger,Brazil,85000000.0
27,22,7,119,-2.0,185.0,25,6,616,8,0.0,2019,2,-1.0,31,17,2643,151,-16.0,64.0,80.0,Marcus Rashford,Manchester United,Left Winger,England,80000000.0
28,24,2,108,,185.0,50,0,530,4,,2020,2,,25,12,1459,1649,5.0,20.0,15.0,Kelechi Iheanacho,Leicester City,Centre-Forward,Nigeria,15000000.0
27,24,3,66,,184.0,10,1,799,4,,2020,2,,34,7,2862,1441,-5.0,55.0,60.0,Richarlison,Everton FC,Centre-Forward,Brazil,60000000.0
27,22,0,3,-1.0,190.0,74,0,157,3,1.0,2019,2,-1.0,12,1,912,13,-2.0,8.0,10.0,Chris Mepham,AFC Bournemouth,Centre-Back,Wales,10000000.0
24,23,3,119,-2.0,180.0,25,0,405,8,0.0,2022,2,-1.0,26,6,1687,1000,-15.0,45.0,60.0,Jadon Sancho,Manchester United,Left Winger,England,60000000.0
38,33,0,50,-1.0,192.0,27,0,740,4,0.0,2019,2,-1.0,18,8,993,77,-5.0,7.0,12.0,Olivier Giroud,Chelsea FC,Centre-Forward,France,12000000.0
31,30,1,79,,185.0,25,0,175,3,,2022,2,,24,1,2095,2150,-6.0,12.0,18.0,Conor Coady,For 2 Clubs,Centre-Back,England,18000000.0
35,32,1,21,,187.0,28,0,778,4,,2021,2,,14,4,1037,1831,0.0,15.0,15.0,Pierre-Emerick Aubameyang,Arsenal FC,Centre-Forward,Gabon,15000000.0
31,30,2,188,,181.0,74,0,98,3,,2022,2,,31,2,2288,2124,-5.0,15.0,20.0,Ben Davies,Tottenham Hotspur,Centre-Back,Wales,20000000.0
26,26,5,22,3.0,177.0,10,4,238,2,0.0,2023,2,1.0,35,9,2994,1115,15.0,70.0,55.0,Douglas Luiz,Aston Villa,Central Midfield,Brazil,55000000.0
20,19,4,119,-7.0,180.0,4,0,23,8,0.0,2023,2,-1.0,36,7,2565,1283,15.0,45.0,30.0,Alejandro Garnacho,Manchester United,Left Winger,Argentina,30000000.0
23,22,10,79,,186.0,74,0,123,11,,2023,2,,35,5,2322,2239,0.0,48.0,48.0,Brennan Johnson,For 2 Clubs,Right Winger,Wales,48000000.0
25,22,3,50,,193.0,29,0,515,4,,2021,2,,29,8,1809,1877,0.0,70.0,70.0,Kai Havertz,Chelsea FC,Centre-Forward,Germany,70000000.0
36,34,1,43,,172.0,25,0,13,1,,2022,2,,16,2,721,1991,-0.3,1.2,1.5,Adam Lallana,Brighton & Hove Albion,Attacking Midfield,England,1500000.0
28,25,2,66,,183.0,50,0,28,8,,2020,2,,30,1,1542,1559,-3.5,22.0,25.5,Alex Iwobi,Everton FC,Left Winger,Nigeria,25500000.0
27,25,0,79,,184.0,48,0,236,2,,2021,2,,15,2,559,650,0.0,25.0,25.0,Donny van de Beek,For 2 Clubs,Central Midfield,Netherlands,25000000.0
33,30,7,21,,175.0,27,2,34,4,,2021,2,,30,4,1781,1923,-7.0,15.0,22.0,Alexandre Lacazette,Arsenal FC,Centre-Forward,France,22000000.0
28,24,0,79,,178.0,56,0,229,4,,2020,2,,19,9,1112,1448,5.0,45.0,40.0,Diogo Jota,For 2 Clubs,Centre-Forward,Portugal,40000000.0
34,31,5,199,4.0,180.0,41,0,673,4,0.0,2020,2,1.0,26,10,1974,515,0.0,12.0,12.0,Michail Antonio,West Ham United,Centre-Forward,Jamaica,12000000.0
28,26,0,79,,188.0,25,1,216,1,,2021,2,,21,1,995,645,-9.0,16.0,25.0,Dele Alli,For 2 Clubs,Attacking Midfield,England,25000000.0
30,28,5,174,,173.0,25,0,712,11,,2021,2,,27,1,1833,1767,0.0,18.0,18.0,Nathan Redmond,Southampton FC,Right Winger,England,18000000.0
26,26,1,41,1.0,198.0,53,0,547,3,0.0,2023,2,1.0,28,2,1831,1145,-3.0,15.0,18.0,Kristoffer Ajer,Brentford FC,Centre-Back,Norway,18000000.0
32,29,2,46,1.0,180.0,19,0,631,4,0.0,2020,2,1.0,28,3,1370,304,-1.0,3.0,4.0,Matej Vydra,Burnley FC,Centre-Forward,Czech Republic,4000000.0
32,28,4,188,,172.0,10,0,575,11,,2020,2,,30,3,1411,1496,0.0,25.0,25.0,Lucas Moura,Tottenham Hotspur,Right Winger,Brazil,25000000.0
28,25,5,108,,185.0,50,0,530,4,,2021,2,,26,4,1264,1922,0.0,20.0,20.0,Kelechi Iheanacho,Leicester City,Centre-Forward,Nigeria,20000000.0
23,20,2,202,3.0,180.0,2,0,792,9,0.0,2021,2,1.0,23,1,1828,800,5.0,20.0,15.0,Rayan Ait-Nouri,Wolverhampton Wanderers,Left-Back,Algeria,15000000.0
35,32,2,46,-1.0,185.0,25,0,431,4,1.0,2021,2,-1.0,29,2,1379,591,-1.0,2.0,3.0,Jay Rodriguez,Burnley FC,Centre-Forward,England,3000000.0
30,28,3,132,,163.0,58,0,832,8,,2021,2,,27,2,1466,1697,2.0,10.0,8.0,Ryan Fraser,Newcastle United,Left Winger,Scotland,8000000.0
32,32,2,132,2.0,201.0,25,0,188,3,0.0,2023,2,1.0,33,2,2726,1306,-2.0,8.0,10.0,Dan Burn,Newcastle United,Centre-Back,England,10000000.0
26,22,7,112,,175.0,25,0,928,12,,2020,2,,36,2,3031,1426,-35.0,75.0,110.0,Trent Alexander-Arnold,Liverpool FC,Right-Back,England,110000000.0
28,26,0,136,,190.0,25,0,464,3,,2022,2,,30,1,2224,2136,2.0,12.0,10.0,Joe Worrall,Nottingham Forest,Centre-Back,England,10000000.0
31,29,4,119,,169.0,10,0,310,2,,2021,2,,28,4,2028,1921,-2.0,20.0,22.0,Fred,Manchester United,Central Midfield,Brazil,22000000.0
25,21,1,174,,173.0,50,0,713,10,,2020,2,,18,1,745,1594,1.25,2.0,0.75,Nathan Tella,Southampton FC,Right Midfield,Nigeria,750000.0
33,32,0,202,,185.0,38,0,646,12,,2023,2,,30,1,115,2414,-1.0,3.0,4.0,Matt Doherty,Wolverhampton Wanderers,Right-Back,Ireland,4000000.0
28,24,2,118,,191.0,63,1,811,5,,2020,2,,34,2,2748,1602,6.0,70.0,64.0,Rodri,Manchester City,Defensive Midfield,Spain,64000000.0
28,24,2,108,4.0,185.0,50,0,530,4,0.0,2020,2,1.0,25,12,1459,398,5.0,20.0,15.0,Kelechi Iheanacho,Leicester City,Centre-Forward,Nigeria,15000000.0
29,28,3,41,,180.0,21,0,642,2,,2023,2,,32,3,2204,2311,0.0,28.0,28.0,Mathias Jensen,Brentford FC,Central Midfield,Denmark,28000000.0
36,31,2,21,-4.0,180.0,29,0,667,1,0.0,2019,2,-1.0,18,1,1438,24,-4.5,17.5,22.0,Mesut ozil,Arsenal FC,Attacking Midfield,Germany,22000000.0
31,29,1,188,-2.0,191.0,25,0,268,3,0.0,2022,2,-1.0,33,2,2817,1051,-12.0,18.0,30.0,Eric Dier,Tottenham Hotspur,Centre-Back,England,30000000.0
28,25,8,50,,180.0,29,0,915,8,,2020,2,,35,6,2602,1487,-5.0,65.0,70.0,Timo Werner,Chelsea FC,Left Winger,Germany,70000000.0
26,24,2,50,-10.0,181.0,25,0,629,1,0.0,2022,2,-1.0,24,3,1647,877,-15.0,60.0,75.0,Mason Mount,Chelsea FC,Attacking Midfield,England,75000000.0
30,26,1,119,,187.0,64,0,942,3,,2020,2,,29,1,2585,1521,0.0,24.0,24.0,Victor Lindelof,Manchester United,Centre-Back,Sweden,24000000.0
32,29,3,46,,197.0,48,0,971,4,,2021,2,,20,2,1450,1703,-6.0,14.0,20.0,Wout Weghorst,Burnley FC,Centre-Forward,Netherlands,20000000.0
30,26,0,79,,172.0,42,0,896,8,,2020,2,-1.0,19,3,1004,361,2.0,12.0,10.0,Takumi Minamino,For 2 Clubs,Left Winger,Japan,10000000.0
29,26,2,21,0.0,183.0,16,0,724,11,0.0,2021,2,0.0,20,1,696,535,-5.0,25.0,30.0,Nicolas Pepe,Arsenal FC,Right Winger,Cote dIvoire,30000000.0
23,21,0,46,,193.0,38,0,710,3,,2021,2,,19,2,1671,1793,2.0,10.0,8.0,Nathan Collins,Burnley FC,Centre-Back,Ireland,8000000.0
35,30,1,132,-2.0,173.0,58,0,648,10,0.0,2019,2,-1.0,18,2,1313,176,-2.5,9.5,12.0,Matt Ritchie,Newcastle United,Right Midfield,Scotland,12000000.0
24,22,3,119,-5.0,180.0,25,0,405,8,0.0,2021,2,-1.0,29,3,1898,715,-15.0,75.0,90.0,Jadon Sancho,Manchester United,Left Winger,England,90000000.0
29,28,3,202,,177.0,43,1,367,4,,2023,2,,29,12,2119,2498,7.0,25.0,18.0,Hee-chan Hwang,Wolverhampton Wanderers,Centre-Forward,"Korea, South",18000000.0
34,31,1,57,0.0,190.0,8,0,160,4,0.0,2021,2,0.0,25,4,1146,619,-1.0,6.0,7.0,Christian Benteke,Crystal Palace,Centre-Forward,Belgium,7000000.0
34,33,3,199,,180.0,41,0,673,4,,2022,2,,33,5,1830,2037,-2.0,7.0,9.0,Michail Antonio,West Ham United,Centre-Forward,Jamaica,9000000.0
32,28,4,188,-2.0,172.0,10,0,575,11,0.0,2020,2,-1.0,30,3,1411,484,0.0,25.0,25.0,Lucas Moura,Tottenham Hotspur,Right Winger,Brazil,25000000.0
24,21,2,21,,182.0,25,0,258,1,,2021,2,,33,10,1921,1856,12.0,40.0,28.0,Emile Smith Rowe,Arsenal FC,Attacking Midfield,England,28000000.0
27,23,3,66,-5.0,184.0,10,0,799,4,0.0,2019,2,-1.0,36,13,3070,94,-8.0,52.0,60.0,Richarlison,Everton FC,Centre-Forward,Brazil,60000000.0
26,23,1,170,,195.0,53,1,850,5,,2020,2,,15,1,1120,1581,0.0,18.0,18.0,Sander Berge,Sheffield United,Defensive Midfield,Norway,18000000.0
23,22,1,202,2.0,180.0,2,0,792,9,0.0,2023,2,1.0,33,2,2329,1370,10.0,35.0,25.0,Rayan Ait-Nouri,Wolverhampton Wanderers,Left-Back,Algeria,25000000.0
27,25,2,188,,187.0,72,0,813,5,,2022,2,,18,5,1500,2022,5.0,40.0,35.0,Rodrigo Bentancur,Tottenham Hotspur,Defensive Midfield,Uruguay,35000000.0
28,26,2,66,,183.0,50,0,28,8,,2021,2,,28,2,2034,1756,0.0,18.0,18.0,Alex Iwobi,Everton FC,Left Winger,Nigeria,18000000.0
28,24,1,108,5.0,185.0,68,0,989,3,0.0,2019,2,1.0,34,1,3037,119,12.0,32.0,20.0,caglar Soyuncu,Leicester City,Centre-Back,Turkiye,20000000.0
28,23,1,108,5.0,183.0,50,0,960,5,0.0,2019,2,1.0,32,2,2674,115,-9.0,36.0,45.0,Wilfred Ndidi,Leicester City,Defensive Midfield,Nigeria,45000000.0
30,25,7,119,-2.0,179.0,56,4,126,1,0.0,2019,2,-1.0,14,8,1186,158,-12.0,48.0,60.0,Bruno Fernandes,Manchester United,Attacking Midfield,Portugal,60000000.0
26,26,2,46,-1.0,195.0,53,0,850,5,1.0,2023,2,-1.0,37,1,3005,1171,0.0,20.0,20.0,Sander Berge,Burnley FC,Defensive Midfield,Norway,20000000.0
25,23,6,132,,186.0,25,0,463,2,,2022,2,,35,3,2558,2087,13.0,38.0,25.0,Joe Willock,Newcastle United,Central Midfield,England,25000000.0
29,27,1,112,,189.0,8,0,230,4,,2021,2,,7,3,133,1853,0.0,12.0,12.0,Divock Origi,Liverpool FC,Centre-Forward,Belgium,12000000.0
33,29,1,170,11.0,175.0,52,1,738,2,0.0,2019,2,1.0,38,1,3090,197,1.5,6.5,5.0,Oliver Norwood,Sheffield United,Central Midfield,Northern Ireland,5000000.0
32,28,0,46,1.0,185.0,25,0,417,3,0.0,2020,2,1.0,36,1,3240,309,-3.0,25.0,28.0,James Tarkowski,Burnley FC,Centre-Back,England,28000000.0
33,29,5,21,-4.0,175.0,27,0,34,4,0.0,2019,2,-1.0,30,10,1874,22,-22.0,48.0,70.0,Alexandre Lacazette,Arsenal FC,Centre-Forward,France,70000000.0
33,31,5,118,2.0,179.0,2,4,803,11,0.0,2021,2,1.0,28,11,1499,696,-5.0,35.0,40.0,Riyad Mahrez,Manchester City,Right Winger,Algeria,40000000.0
27,23,3,188,,171.0,48,0,888,8,,2020,2,,21,1,1208,1540,-6.0,22.0,28.0,Steven Bergwijn,Tottenham Hotspur,Left Winger,Netherlands,28000000.0
22,22,9,136,,178.0,64,0,68,11,,2023,2,,36,5,2434,2240,4.0,22.0,18.0,Anthony Elanga,Nottingham Forest,Right Winger,Sweden,18000000.0
31,27,4,199,-8.0,175.0,10,0,294,8,0.0,2019,2,-1.0,25,1,1497,236,-13.0,32.0,45.0,Felipe Anderson,West Ham United,Left Winger,Brazil,45000000.0
22,18,3,202,,185.0,56,1,285,4,,2020,2,,32,4,1369,1461,13.0,25.0,12.0,Fabio Silva,Wolverhampton Wanderers,Centre-Forward,Portugal,12000000.0
28,23,3,43,1.0,171.0,27,1,715,4,0.0,2019,2,1.0,37,10,2767,49,-0.5,17.5,18.0,Neal Maupay,Brighton & Hove Albion,Centre-Forward,France,18000000.0
25,21,0,107,,190.0,48,0,755,3,,2020,2,,27,1,2075,1404,8.25,9.0,0.75,Pascal Struijk,Leeds United,Centre-Back,Netherlands,750000.0
32,30,0,174,,183.0,58,0,889,2,,2021,2,,25,2,1473,1677,0.0,6.0,6.0,Stuart Armstrong,Southampton FC,Central Midfield,Scotland,6000000.0
27,26,2,22,,185.0,55,0,653,12,,2023,2,,29,2,2142,2371,0.0,28.0,28.0,Matty Cash,Aston Villa,Right-Back,Poland,28000000.0
23,23,10,132,,183.0,25,1,69,8,,2023,2,,35,11,2891,2470,22.0,60.0,38.0,Anthony Gordon,Newcastle United,Left Winger,England,38000000.0
29,26,0,197,,178.0,38,0,134,4,,2020,2,,28,5,1560,1470,-2.0,6.0,8.0,Callum Robinson,West Bromwich Albion,Centre-Forward,Ireland,8000000.0
27,24,2,119,-5.0,185.0,25,0,616,8,0.0,2021,2,-1.0,25,4,1236,716,-25.0,60.0,85.0,Marcus Rashford,Manchester United,Left Winger,England,85000000.0
23,20,1,135,-1.0,190.0,38,0,12,4,1.0,2021,2,-1.0,17,1,625,746,0.0,3.0,3.0,Adam Idah,Norwich City,Centre-Forward,Ireland,3000000.0
33,30,0,43,,193.0,38,0,874,3,,2021,2,,18,1,1436,1720,0.0,5.0,5.0,Shane Duffy,Brighton & Hove Albion,Centre-Back,Ireland,5000000.0
23,20,6,21,,178.0,10,1,316,8,,2021,2,,29,6,1861,1863,12.0,40.0,28.0,Gabriel Martinelli,Arsenal FC,Left Winger,Brazil,28000000.0
32,27,2,57,-5.0,178.0,30,0,438,7,0.0,2019,2,-1.0,17,3,1036,89,-2.5,9.5,12.0,Jeffrey Schlupp,Crystal Palace,Left Midfield,Ghana,12000000.0
25,21,0,79,,186.0,25,0,463,2,,2020,2,,21,8,1216,1444,0.0,16.0,16.0,Joe Willock,For 2 Clubs,Central Midfield,England,16000000.0
25,21,3,50,-2.0,193.0,29,0,515,4,0.0,2020,2,-1.0,27,4,1519,324,-11.0,70.0,81.0,Kai Havertz,Chelsea FC,Centre-Forward,Germany,81000000.0
32,29,3,132,0.0,184.0,25,0,481,2,0.0,2020,2,0.0,30,1,2617,451,-1.5,13.0,14.5,Jonjo Shelvey,Newcastle United,Central Midfield,England,14500000.0
40,39,1,50,,181.0,10,0,909,3,,2023,2,,31,3,2527,2361,-1.0,1.0,2.0,Thiago Silva,Chelsea FC,Centre-Back,Brazil,2000000.0
27,23,1,50,-2.0,194.0,25,0,897,4,0.0,2020,2,-1.0,22,6,1040,317,-2.0,38.0,40.0,Tammy Abraham,Chelsea FC,Centre-Forward,England,40000000.0
33,32,7,57,2.0,182.0,30,0,484,4,0.0,2023,2,1.0,35,4,2544,1195,0.0,4.0,4.0,Jordan Ayew,Crystal Palace,Centre-Forward,Ghana,4000000.0
33,29,1,50,-2.0,178.0,40,7,487,5,0.0,2020,2,-1.0,28,7,2010,327,-5.0,45.0,50.0,Jorginho,Chelsea FC,Defensive Midfield,Italy,50000000.0
32,31,3,119,,185.0,10,0,144,5,,2022,2,,28,4,2127,2096,-10.0,40.0,50.0,Casemiro,Manchester United,Defensive Midfield,Brazil,50000000.0
35,34,0,41,,180.0,25,0,101,3,,2023,2,,16,2,1273,2263,0.0,1.0,1.0,Ben Mee,Brentford FC,Centre-Back,England,1000000.0
40,39,1,50,-2.0,181.0,10,0,909,3,0.0,2023,2,-1.0,31,3,2527,1175,-1.0,1.0,2.0,Thiago Silva,Chelsea FC,Centre-Back,Brazil,2000000.0
25,25,4,3,,178.0,25,0,617,7,,2023,2,,30,3,2118,2312,3.0,20.0,17.0,Marcus Tavernier,AFC Bournemouth,Left Midfield,England,17000000.0
24,23,0,108,-7.0,175.0,10,0,904,11,1.0,2022,2,-1.0,13,1,733,955,-3.0,25.0,28.0,Tete,Leicester City,Right Winger,Brazil,28000000.0
32,31,0,66,-5.0,188.0,25,0,669,3,0.0,2023,2,-1.0,9,1,439,1199,-1.0,6.0,7.0,Michael Keane,Everton FC,Centre-Back,England,7000000.0
34,29,1,57,-5.0,190.0,8,0,160,4,0.0,2019,2,-1.0,24,2,1262,84,-2.5,10.5,13.0,Christian Benteke,Crystal Palace,Centre-Forward,Belgium,13000000.0
27,24,2,119,,185.0,25,0,616,8,,2021,2,,25,4,1236,1913,-25.0,60.0,85.0,Marcus Rashford,Manchester United,Left Winger,England,85000000.0
28,25,6,22,,172.0,4,0,259,1,,2021,2,,35,4,1897,1928,-3.0,32.0,35.0,Emiliano Buendia,Aston Villa,Attacking Midfield,Argentina,35000000.0
28,24,0,57,-6.0,182.0,48,0,407,5,0.0,2020,2,-1.0,33,2,1820,343,3.5,8.0,4.5,Jairo Riedewald,Crystal Palace,Defensive Midfield,Netherlands,4500000.0
29,28,1,3,,178.0,58,0,831,2,,2022,2,,32,1,1834,2164,1.0,10.0,9.0,Ryan Christie,AFC Bournemouth,Central Midfield,Scotland,9000000.0
27,25,9,118,2.0,175.0,10,1,313,4,0.0,2021,2,1.0,28,8,1877,699,-10.0,50.0,60.0,Gabriel Jesus,Manchester City,Centre-Forward,Brazil,60000000.0
28,24,0,57,,182.0,48,0,407,5,,2020,2,,33,2,1820,1526,3.5,8.0,4.5,Jairo Riedewald,Crystal Palace,Defensive Midfield,Netherlands,4500000.0
25,23,3,112,,187.0,72,0,202,4,,2022,2,,29,9,1695,2012,-5.0,65.0,70.0,Darwin Nunez,Liverpool FC,Centre-Forward,Uruguay,70000000.0
33,32,7,57,,182.0,30,0,484,4,,2023,2,,35,4,2544,2291,0.0,4.0,4.0,Jordan Ayew,Crystal Palace,Centre-Forward,Ghana,4000000.0
28,26,5,108,-7.0,185.0,50,1,530,4,1.0,2022,2,-1.0,28,5,1127,961,1.0,18.0,17.0,Kelechi Iheanacho,Leicester City,Centre-Forward,Nigeria,17000000.0
36,32,2,195,-7.0,184.0,25,5,932,4,1.0,2019,2,-1.0,27,10,2225,226,-1.5,6.5,8.0,Troy Deeney,Watford FC,Centre-Forward,England,8000000.0
38,34,1,202,2.0,170.0,56,0,454,2,0.0,2020,2,1.0,33,1,2529,530,-1.0,4.0,5.0,Joao Moutinho,Wolverhampton Wanderers,Central Midfield,Portugal,5000000.0
33,30,2,107,10.0,183.0,52,0,890,7,0.0,2020,2,1.0,38,8,3409,381,1.0,4.0,3.0,Stuart Dallas,Leeds United,Left Midfield,Northern Ireland,3000000.0
26,25,1,136,-4.0,178.0,8,0,745,5,0.0,2022,2,-1.0,27,1,1549,1018,4.0,16.0,12.0,Orel Mangala,Nottingham Forest,Defensive Midfield,Belgium,12000000.0
25,23,8,79,,171.0,25,2,691,1,,2022,2,-1.0,37,5,3152,914,15.0,40.0,25.0,Morgan Gibbs-White,For 2 Clubs,Attacking Midfield,England,25000000.0
28,25,3,188,2.0,178.0,63,0,871,9,0.0,2021,2,1.0,25,2,1916,774,-3.0,25.0,28.0,Sergio Reguilon,Tottenham Hotspur,Left-Back,Spain,28000000.0
31,29,9,119,,191.0,27,0,765,2,,2021,2,,20,1,1350,1772,-7.0,48.0,55.0,Paul Pogba,Manchester United,Central Midfield,France,55000000.0
36,32,5,21,-5.0,175.0,10,0,965,8,0.0,2020,2,-1.0,25,1,1406,264,-10.0,9.0,19.0,Willian,Arsenal FC,Left Winger,Brazil,19000000.0
33,30,0,43,7.0,193.0,38,0,874,3,0.0,2021,2,1.0,18,1,1436,583,0.0,5.0,5.0,Shane Duffy,Brighton & Hove Albion,Centre-Back,Ireland,5000000.0
33,30,1,21,0.0,171.0,56,0,146,12,0.0,2021,2,0.0,21,1,1485,544,1.0,6.0,5.0,Cedric Soares,Arsenal FC,Right-Back,Portugal,5000000.0
33,31,1,43,,184.0,48,0,466,12,,2022,2,,31,1,2188,2161,0.0,10.0,10.0,Joel Veltman,Brighton & Hove Albion,Right-Back,Netherlands,10000000.0
23,22,3,136,-4.0,186.0,74,1,123,11,0.0,2022,2,-1.0,38,8,2934,1027,18.0,38.0,20.0,Brennan Johnson,Nottingham Forest,Right Winger,Wales,20000000.0
27,23,0,21,,190.0,10,0,314,3,,2020,2,,23,2,1997,1608,5.0,25.0,20.0,Gabriel Magalhaes,Arsenal FC,Centre-Back,Brazil,20000000.0
22,21,3,188,,184.0,59,0,753,2,,2023,2,,34,3,2069,2309,10.0,45.0,35.0,Pape Matar Sarr,Tottenham Hotspur,Central Midfield,Senegal,35000000.0
34,29,1,118,0.0,180.0,29,1,990,2,0.0,2019,2,0.0,31,2,2020,145,-10.0,40.0,50.0,ilkay Gundogan,Manchester City,Central Midfield,Germany,50000000.0
29,26,0,21,0.0,189.0,25,0,804,3,0.0,2021,2,0.0,15,1,846,536,-2.0,10.0,12.0,Rob Holding,Arsenal FC,Centre-Back,England,12000000.0
27,24,4,132,,173.0,27,0,41,8,,2020,2,,25,3,1559,1503,2.0,30.0,28.0,Allan Saint-Maximin,Newcastle United,Left Winger,France,28000000.0
33,28,8,112,4.0,181.0,10,0,808,4,0.0,2019,2,1.0,38,9,2988,122,-18.0,72.0,90.0,Roberto Firmino,Liverpool FC,Centre-Forward,Brazil,90000000.0
32,27,0,174,2.0,199.0,21,0,425,3,0.0,2019,2,1.0,19,1,1497,201,-6.0,12.0,18.0,Jannik Vestergaard,Southampton FC,Centre-Back,Denmark,18000000.0
28,24,4,170,11.0,186.0,27,0,595,4,0.0,2019,2,1.0,30,6,1241,191,3.5,9.5,6.0,Lys Mousset,Sheffield United,Centre-Forward,France,6000000.0
21,17,0,170,0.0,190.0,13,0,194,4,1.0,2020,2,-1.0,4,1,284,462,1.0,1.0,0.0,Daniel Jebbison,Sheffield United,Centre-Forward,Canada,0.0
35,30,6,50,-1.0,178.0,63,0,149,3,0.0,2019,2,-1.0,36,2,3229,80,-6.0,24.0,30.0,Cesar Azpilicueta,Chelsea FC,Centre-Back,Spain,30000000.0
31,30,1,79,,185.0,25,0,175,3,,2022,2,-1.0,24,1,2095,916,-6.0,12.0,18.0,Conor Coady,For 2 Clubs,Centre-Back,England,18000000.0
31,27,3,107,,179.0,3,0,368,11,,2020,2,,22,3,1156,1489,-2.0,10.0,12.0,Helder Costa,Leeds United,Right Winger,Angola,12000000.0
23,22,0,66,-5.0,195.0,8,0,44,5,0.0,2023,2,-1.0,30,2,2091,1198,0.0,50.0,50.0,Amadou Onana,Everton FC,Defensive Midfield,Belgium,50000000.0
24,21,2,118,,184.0,63,0,297,11,,2020,2,,24,7,1306,1439,5.0,50.0,45.0,Ferran Torres,Manchester City,Right Winger,Spain,45000000.0
33,29,7,112,,181.0,10,0,808,4,,2020,2,,36,9,2838,1467,-22.0,50.0,72.0,Roberto Firmino,Liverpool FC,Centre-Forward,Brazil,72000000.0
33,28,0,199,-8.0,189.0,54,0,281,3,0.0,2019,2,-1.0,17,1,1177,247,-2.5,9.5,12.0,Fabian Balbuena,West Ham United,Centre-Back,Paraguay,12000000.0
33,31,2,41,7.0,196.0,64,0,780,3,0.0,2021,2,1.0,37,3,3321,574,1.0,7.0,6.0,Pontus Jansson,Brentford FC,Centre-Back,Sweden,6000000.0
32,29,7,112,,174.0,59,0,838,8,,2020,2,,35,11,2810,1392,-35.0,85.0,120.0,Sadio Mane,Liverpool FC,Left Winger,Senegal,120000000.0
25,24,2,3,,185.0,30,0,72,11,,2023,2,,33,8,2106,2486,0.0,10.0,10.0,Antoine Semenyo,AFC Bournemouth,Right Winger,Ghana,10000000.0
28,24,1,21,-4.0,166.0,72,0,578,5,0.0,2019,2,-1.0,29,1,1512,29,-9.0,36.0,45.0,Lucas Torreira,Arsenal FC,Defensive Midfield,Uruguay,45000000.0
26,23,0,197,,180.0,20,0,346,11,,2020,2,,20,1,1235,1591,-2.0,10.0,12.0,Grady Diangana,West Bromwich Albion,Right Winger,DR Congo,12000000.0
24,24,1,119,-7.0,172.0,10,0,75,11,0.0,2023,2,-1.0,29,1,1324,1285,-25.0,25.0,50.0,Antony,Manchester United,Right Winger,Brazil,50000000.0
28,27,2,21,1.0,175.0,70,0,735,9,0.0,2023,2,1.0,27,1,1721,1112,-4.0,38.0,42.0,Oleksandr Zinchenko,Arsenal FC,Left-Back,Ukraine,42000000.0
25,25,4,3,3.0,178.0,25,0,617,7,0.0,2023,2,1.0,30,3,2118,1090,3.0,20.0,17.0,Marcus Tavernier,AFC Bournemouth,Left Midfield,England,17000000.0
30,28,1,81,,189.0,60,4,26,4,,2022,2,,24,14,2008,1941,3.0,28.0,25.0,Aleksandar Mitrovic,Fulham FC,Centre-Forward,Serbia,25000000.0
33,31,1,50,,186.0,59,0,516,3,,2022,2,,23,2,1801,1986,-20.0,15.0,35.0,Kalidou Koulibaly,Chelsea FC,Centre-Back,Senegal,35000000.0
32,30,2,79,,177.0,25,2,197,4,,2022,2,,35,8,1598,2003,-4.0,12.0,16.0,Danny Ings,For 2 Clubs,Centre-Forward,England,16000000.0
33,30,3,57,,182.0,30,0,484,4,,2021,2,,31,3,2020,1857,0.0,6.0,6.0,Jordan Ayew,Crystal Palace,Centre-Forward,Ghana,6000000.0
25,25,4,46,,189.0,38,0,199,3,,2023,2,,33,3,2893,2317,0.0,7.0,7.0,Dara OShea,Burnley FC,Centre-Back,Ireland,7000000.0
28,28,3,46,,175.0,38,0,490,5,,2023,2,,25,2,2057,2380,-3.0,10.0,13.0,Josh Cullen,Burnley FC,Defensive Midfield,Ireland,13000000.0
24,24,3,188,,186.0,64,0,215,1,,2023,2,,36,8,2762,2480,0.0,55.0,55.0,Dejan Kulusevski,Tottenham Hotspur,Attacking Midfield,Sweden,55000000.0
35,31,3,66,-5.0,175.0,25,0,906,11,0.0,2019,2,-1.0,25,2,1287,99,-3.0,12.0,15.0,Theo Walcott,Everton FC,Right Winger,England,15000000.0
35,32,2,108,,175.0,25,0,606,10,,2021,2,,17,1,1132,1823,0.0,2.5,2.5,Marc Albrighton,Leicester City,Right Midfield,England,2500000.0
29,27,3,108,,185.0,8,0,916,12,,2022,2,,37,2,3254,2134,-3.0,25.0,28.0,Timothy Castagne,Leicester City,Right-Back,Belgium,28000000.0
28,26,1,3,,193.0,21,0,775,2,,2022,2,,36,7,2765,1995,2.0,20.0,18.0,Philip Billing,AFC Bournemouth,Central Midfield,Denmark,18000000.0
28,26,1,66,,183.0,41,2,217,8,,2022,2,,33,4,2506,2090,0.0,20.0,20.0,Demarai Gray,Everton FC,Left Winger,Jamaica,20000000.0
33,32,0,202,2.0,185.0,38,0,646,12,0.0,2023,2,1.0,30,1,115,1378,-1.0,3.0,4.0,Matt Doherty,Wolverhampton Wanderers,Right-Back,Ireland,4000000.0
27,26,9,22,3.0,178.0,41,0,557,11,0.0,2023,2,1.0,35,10,2068,1124,12.0,42.0,30.0,Leon Bailey,Aston Villa,Right Winger,Jamaica,30000000.0
35,33,0,136,-4.0,189.0,59,0,152,5,0.0,2022,2,-1.0,21,1,881,1026,-1.0,2.0,3.0,Cheikhou Kouyate,Nottingham Forest,Defensive Midfield,Senegal,3000000.0
30,29,2,132,,174.0,54,0,677,11,,2022,2,,34,11,2490,2166,14.0,32.0,18.0,Miguel Almiron,Newcastle United,Right Winger,Paraguay,18000000.0
28,27,9,188,,175.0,25,0,413,1,,2023,2,,28,4,2134,2295,0.0,70.0,70.0,James Maddison,Tottenham Hotspur,Attacking Midfield,England,70000000.0
30,26,3,81,,189.0,60,1,26,4,,2020,2,,27,3,1402,1490,-6.0,16.0,22.0,Aleksandar Mitrovic,Fulham FC,Centre-Forward,Serbia,22000000.0
23,18,5,21,-4.0,178.0,25,0,132,11,0.0,2019,2,-1.0,26,1,1753,17,13.0,20.0,7.0,Bukayo Saka,Arsenal FC,Right Winger,England,7000000.0
27,25,3,199,-5.0,180.0,10,1,577,1,0.0,2022,2,-1.0,28,4,2153,1062,0.0,45.0,45.0,Lucas Paqueta,West Ham United,Attacking Midfield,Brazil,45000000.0
21,20,0,188,1.0,186.0,4,0,24,4,0.0,2023,2,1.0,8,1,49,1343,2.0,9.0,7.0,Alejo Veliz,Tottenham Hotspur,Centre-Forward,Argentina,7000000.0
33,32,10,118,1.0,181.0,8,0,536,1,0.0,2023,2,1.0,18,4,1221,1269,-10.0,50.0,60.0,Kevin De Bruyne,Manchester City,Attacking Midfield,Belgium,60000000.0
31,29,0,22,,178.0,27,0,574,9,,2022,2,,28,1,1503,1964,-7.0,15.0,22.0,Lucas Digne,Aston Villa,Left-Back,France,22000000.0
23,22,2,136,-4.0,177.0,10,0,196,5,0.0,2022,2,-1.0,13,3,976,1019,3.0,28.0,25.0,Danilo,Nottingham Forest,Defensive Midfield,Brazil,25000000.0
35,32,0,197,,183.0,74,0,355,4,,2020,2,,19,2,562,1600,-2.4,0.0,2.4,Hal Robson-Kanu,West Bromwich Albion,Centre-Forward,Wales,2400000.0
33,31,1,79,,178.0,40,2,487,5,,2022,2,,32,2,2133,2111,-10.0,25.0,35.0,Jorginho,For 2 Clubs,Defensive Midfield,Italy,35000000.0
35,31,2,46,,185.0,25,0,431,4,,2020,2,,31,1,1265,1550,-2.0,4.0,6.0,Jay Rodriguez,Burnley FC,Centre-Forward,England,6000000.0
34,31,3,118,,180.0,29,0,990,2,,2021,2,,27,8,1856,1872,-10.0,25.0,35.0,ilkay Gundogan,Manchester City,Central Midfield,Germany,35000000.0
25,24,0,116,,185.0,48,0,893,11,,2023,2,,33,4,1985,2327,1.5,6.0,4.5,Tahith Chong,Luton Town,Right Winger,Netherlands,4500000.0
29,25,0,21,-4.0,178.0,63,0,366,12,0.0,2019,2,-1.0,15,1,1158,27,-8.0,32.0,40.0,Hector Bellerin,Arsenal FC,Right-Back,Spain,40000000.0
29,29,2,118,1.0,180.0,48,0,709,3,0.0,2023,2,1.0,29,2,2042,1277,0.0,40.0,40.0,Nathan Ake,Manchester City,Centre-Back,Netherlands,40000000.0
32,30,12,112,-1.0,175.0,24,2,686,11,0.0,2022,2,-1.0,38,19,3290,969,-15.0,65.0,80.0,Mohamed Salah,Liverpool FC,Right Winger,Egypt,80000000.0
23,23,1,202,,176.0,10,0,453,2,,2023,2,,34,2,2648,2357,13.0,35.0,22.0,Joao Gomes,Wolverhampton Wanderers,Central Midfield,Brazil,22000000.0
24,23,2,50,-2.0,178.0,4,1,266,2,0.0,2023,2,-1.0,28,3,2209,1174,-5.0,75.0,80.0,Enzo Fernandez,Chelsea FC,Central Midfield,Argentina,80000000.0
29,25,2,202,,170.0,56,0,195,11,,2020,2,,24,3,1661,1492,8.0,25.0,17.0,Daniel Podence,Wolverhampton Wanderers,Right Winger,Portugal,17000000.0
24,22,3,107,,177.0,71,0,122,1,,2022,2,,36,1,2371,2048,-5.0,25.0,30.0,Brenden Aaronson,Leeds United,Attacking Midfield,United States,30000000.0
30,27,0,118,,188.0,25,0,475,3,,2021,2,,14,1,1119,1729,0.0,28.0,28.0,John Stones,Manchester City,Centre-Back,England,28000000.0
31,26,1,50,-1.0,185.0,8,0,675,4,0.0,2019,2,-1.0,16,1,238,68,-7.5,17.5,25.0,Michy Batshuayi,Chelsea FC,Centre-Forward,Belgium,25000000.0
23,21,0,202,1.0,180.0,2,0,792,9,0.0,2022,2,1.0,21,1,1077,1072,0.0,22.0,22.0,Rayan Ait-Nouri,Wolverhampton Wanderers,Left-Back,Algeria,22000000.0
32,30,6,188,-2.0,184.0,43,0,369,8,0.0,2022,2,-1.0,36,10,2888,1054,-20.0,50.0,70.0,Heung-min Son,Tottenham Hotspur,Left Winger,"Korea, South",70000000.0
24,23,5,118,2.0,171.0,25,0,774,11,0.0,2022,2,1.0,32,11,1842,983,0.0,110.0,110.0,Phil Foden,Manchester City,Right Winger,England,110000000.0
32,29,3,22,,172.0,10,0,776,1,,2021,2,,19,5,1330,1894,0.0,20.0,20.0,Philippe Coutinho,Aston Villa,Attacking Midfield,Brazil,20000000.0
31,27,3,107,10.0,179.0,3,0,368,11,0.0,2020,2,1.0,22,3,1156,374,-2.0,10.0,12.0,Helder Costa,Leeds United,Right Winger,Angola,12000000.0
26,22,2,50,-2.0,177.0,71,0,164,11,0.0,2020,2,-1.0,27,4,1739,331,-10.0,50.0,60.0,Christian Pulisic,Chelsea FC,Right Winger,United States,60000000.0
28,28,2,188,1.0,177.0,4,0,340,2,0.0,2023,2,1.0,22,2,506,1342,0.0,16.0,16.0,Giovani Lo Celso,Tottenham Hotspur,Central Midfield,Argentina,16000000.0
24,23,2,50,,178.0,4,1,266,2,,2023,2,,28,3,2209,2363,-5.0,75.0,80.0,Enzo Fernandez,Chelsea FC,Central Midfield,Argentina,80000000.0
28,26,2,66,-9.0,183.0,50,0,28,8,0.0,2021,2,-1.0,28,2,2034,641,0.0,18.0,18.0,Alex Iwobi,Everton FC,Left Winger,Nigeria,18000000.0
27,26,2,119,-7.0,185.0,25,2,616,8,0.0,2023,2,-1.0,33,7,2271,1292,-15.0,60.0,75.0,Marcus Rashford,Manchester United,Left Winger,England,75000000.0
28,27,0,22,3.0,192.0,63,0,762,3,0.0,2023,2,1.0,29,2,2464,1128,0.0,45.0,45.0,Pau Torres,Aston Villa,Centre-Back,Spain,45000000.0
30,26,0,170,,176.0,25,0,102,2,,2020,2,,24,1,1604,1625,0.0,2.0,2.0,Ben Osborn,Sheffield United,Central Midfield,England,2000000.0
24,20,0,170,0.0,178.0,25,0,432,12,1.0,2020,2,-1.0,16,2,1110,464,0.7,7.0,6.3,Jayden Bogle,Sheffield United,Right-Back,England,6300000.0
30,28,2,132,,178.0,63,0,430,12,,2021,2,,19,1,1257,1671,0.0,3.0,3.0,Javier Manquillo,Newcastle United,Right-Back,Spain,3000000.0
25,21,0,107,10.0,190.0,48,0,755,3,0.0,2020,2,1.0,27,1,2075,379,8.25,9.0,0.75,Pascal Struijk,Leeds United,Centre-Back,Netherlands,750000.0
35,31,1,132,0.0,174.0,25,0,241,4,0.0,2020,2,0.0,18,1,514,454,-4.0,4.0,8.0,Dwight Gayle,Newcastle United,Centre-Forward,England,8000000.0
27,24,1,202,,180.0,56,3,828,5,,2020,2,,36,5,2675,1476,-5.0,45.0,50.0,Ruben Neves,Wolverhampton Wanderers,Defensive Midfield,Portugal,50000000.0
24,22,0,66,-7.0,191.0,25,0,252,4,0.0,2022,2,-1.0,11,1,226,907,3.4,4.0,0.6,Ellis Simms,Everton FC,Centre-Forward,England,600000.0
21,20,2,112,,170.0,25,0,364,2,,2022,2,,32,1,1612,2032,0.0,35.0,35.0,Harvey Elliott,Liverpool FC,Central Midfield,England,35000000.0
25,24,6,41,1.0,171.0,12,3,130,11,0.0,2023,2,1.0,25,9,196,1129,2.0,40.0,38.0,Bryan Mbeumo,Brentford FC,Right Winger,Cameroon,38000000.0
23,20,1,195,,182.0,10,0,459,4,,2021,2,,28,3,1644,1858,4.0,14.0,10.0,Joco Pedro,Watford FC,Centre-Forward,Brazil,10000000.0
28,26,0,174,-4.0,193.0,17,0,239,3,1.0,2022,2,-1.0,13,1,946,1032,-3.0,11.0,14.0,Duje Caleta-Car,Southampton FC,Centre-Back,Croatia,14000000.0
34,30,1,43,,185.0,25,0,198,4,,2020,2,,24,6,1545,1479,4.0,4.0,0.0,Danny Welbeck,Brighton & Hove Albion,Centre-Forward,England,0.0
25,24,8,22,3.0,170.0,27,0,698,11,0.0,2023,2,1.0,38,6,2174,1121,0.0,55.0,55.0,Moussa Diaby,Aston Villa,Right Winger,France,55000000.0
27,26,2,22,3.0,185.0,55,0,653,12,0.0,2023,2,1.0,29,2,2142,1125,0.0,28.0,28.0,Matty Cash,Aston Villa,Right-Back,Poland,28000000.0
25,20,0,21,-4.0,175.0,25,0,794,11,0.0,2019,2,-1.0,17,1,631,20,-1.5,12.5,14.0,Reiss Nelson,Arsenal FC,Right Winger,England,14000000.0
28,24,2,118,3.0,191.0,63,1,811,5,0.0,2020,2,1.0,34,2,2748,431,6.0,70.0,64.0,Rodri,Manchester City,Defensive Midfield,Spain,64000000.0
23,20,2,202,,180.0,2,0,792,9,,2021,2,,23,1,1828,1820,5.0,20.0,15.0,Rayan Ait-Nouri,Wolverhampton Wanderers,Left-Back,Algeria,15000000.0
33,32,1,132,2.0,186.0,65,0,282,3,0.0,2023,2,1.0,36,4,3054,1319,0.0,10.0,10.0,Fabian Schar,Newcastle United,Centre-Back,Switzerland,10000000.0
33,30,2,107,10.0,182.0,63,0,812,4,0.0,2020,2,1.0,26,7,1288,384,-12.0,18.0,30.0,Rodrigo,Leeds United,Centre-Forward,Spain,30000000.0
33,29,2,21,,175.0,27,3,34,4,,2020,2,,31,13,1924,1386,-14.0,28.0,42.0,Alexandre Lacazette,Arsenal FC,Centre-Forward,France,42000000.0
38,34,0,50,,192.0,27,0,740,4,,2020,2,,17,4,748,1515,-1.0,4.0,5.0,Olivier Giroud,Chelsea FC,Centre-Forward,France,5000000.0
31,26,4,108,5.0,178.0,63,1,93,4,0.0,2019,2,1.0,33,8,2004,118,-6.0,24.0,30.0,Ayoze Perez,Leicester City,Centre-Forward,Spain,30000000.0
36,32,0,118,0.0,183.0,4,0,723,3,0.0,2019,2,0.0,24,2,1715,139,-3.5,14.5,18.0,Nicolas Otamendi,Manchester City,Centre-Back,Argentina,18000000.0
33,29,0,132,,186.0,65,1,282,3,,2020,2,,18,1,1246,1576,-4.0,9.0,13.0,Fabian Schar,Newcastle United,Centre-Back,Switzerland,13000000.0
26,26,5,22,,177.0,10,4,238,2,,2023,2,,35,9,2994,2473,15.0,70.0,55.0,Douglas Luiz,Aston Villa,Central Midfield,Brazil,55000000.0
26,23,3,108,,183.0,75,0,761,4,,2021,2,,23,5,1158,1902,-2.0,20.0,22.0,Patson Daka,Leicester City,Centre-Forward,Zambia,22000000.0
34,33,1,202,,188.0,25,0,178,3,,2023,2,,25,1,2209,2454,0.0,2.0,2.0,Craig Dawson,Wolverhampton Wanderers,Centre-Back,England,2000000.0
30,26,5,43,,172.0,8,0,556,8,,2020,2,,35,5,2607,1474,2.0,17.0,15.0,Leandro Trossard,Brighton & Hove Albion,Left Winger,Belgium,15000000.0
24,23,0,21,3.0,189.0,55,0,408,3,0.0,2022,2,1.0,7,1,427,836,19.0,25.0,6.0,Jakub Kiwior,Arsenal FC,Centre-Back,Poland,6000000.0
28,25,2,66,-4.0,183.0,50,0,28,8,0.0,2020,2,-1.0,30,1,1542,355,-3.5,22.0,25.5,Alex Iwobi,Everton FC,Left Winger,Nigeria,25500000.0
36,32,5,21,,175.0,10,0,965,8,,2020,2,,25,1,1406,1570,-10.0,9.0,19.0,Willian,Arsenal FC,Left Winger,Brazil,19000000.0
27,25,2,174,-4.0,173.0,27,0,819,9,1.0,2022,2,-1.0,29,2,1835,1038,2.0,12.0,10.0,Romain Perraud,Southampton FC,Left-Back,France,10000000.0
30,26,11,119,-1.0,179.0,56,9,126,1,0.0,2020,2,-1.0,37,18,3099,441,20.0,90.0,70.0,Bruno Fernandes,Manchester United,Attacking Midfield,Portugal,70000000.0
31,29,4,119,-5.0,169.0,10,0,310,2,0.0,2021,2,-1.0,28,4,2028,712,-2.0,20.0,22.0,Fred,Manchester United,Central Midfield,Brazil,22000000.0
37,34,1,108,1.0,188.0,52,0,482,3,0.0,2021,2,1.0,18,1,1348,674,-1.0,4.0,5.0,Jonny Evans,Leicester City,Centre-Back,Northern Ireland,5000000.0
23,18,1,119,-2.0,181.0,41,0,627,11,0.0,2019,2,-1.0,31,10,1321,157,22.0,29.0,7.0,Mason Greenwood,Manchester United,Right Winger,Jamaica,7000000.0
32,28,1,199,4.0,181.0,25,0,833,12,0.0,2020,2,1.0,14,1,569,511,-1.5,2.5,4.0,Ryan Fredericks,West Ham United,Right-Back,England,4000000.0
30,28,0,199,,190.0,27,0,549,3,,2022,2,,25,2,1989,1979,-10.0,22.0,32.0,Kurt Zouma,West Ham United,Centre-Back,France,32000000.0
22,21,7,118,1.0,173.0,8,0,439,8,0.0,2023,2,1.0,29,3,1595,1270,5.0,65.0,60.0,Jeremy Doku,Manchester City,Left Winger,Belgium,60000000.0
35,30,1,174,2.0,179.0,25,0,830,9,0.0,2019,2,1.0,32,1,2743,206,-2.5,10.5,13.0,Ryan Bertrand,Southampton FC,Left-Back,England,13000000.0
34,34,2,199,-1.0,180.0,41,0,673,4,0.0,2023,2,-1.0,26,6,1695,1367,-2.0,4.0,6.0,Michail Antonio,West Ham United,Centre-Forward,Jamaica,6000000.0
25,24,4,3,3.0,178.0,25,0,617,7,0.0,2022,2,1.0,23,5,1743,819,7.0,17.0,10.0,Marcus Tavernier,AFC Bournemouth,Left Midfield,England,10000000.0
25,24,6,66,,183.0,25,0,242,1,,2023,2,,35,3,2892,2316,2.0,22.0,20.0,Dwight McNeil,Everton FC,Attacking Midfield,England,20000000.0
21,21,2,119,-7.0,191.0,21,0,789,4,0.0,2023,2,-1.0,30,10,2159,1288,0.0,65.0,65.0,Rasmus Hojlund,Manchester United,Centre-Forward,Denmark,65000000.0
28,27,0,199,,190.0,47,0,714,3,,2022,2,,18,2,1595,1973,10.0,35.0,25.0,Nayef Aguerd,West Ham United,Centre-Back,Morocco,25000000.0
26,24,1,188,,183.0,10,0,256,12,,2022,2,,26,2,1735,1985,-10.0,20.0,30.0,Emerson Royal,Tottenham Hotspur,Right-Back,Brazil,30000000.0
33,31,5,118,,179.0,2,4,803,11,,2021,2,,28,11,1499,1661,-5.0,35.0,40.0,Riyad Mahrez,Manchester City,Right Winger,Algeria,40000000.0
22,19,0,119,-1.0,178.0,64,0,68,11,0.0,2020,2,-1.0,2,1,155,444,0.8,0.8,0.0,Anthony Elanga,Manchester United,Right Winger,Sweden,0.0
29,26,0,188,-2.0,190.0,10,0,141,4,0.0,2020,2,-1.0,9,1,309,485,-2.0,18.0,20.0,Carlos Vinicius,Tottenham Hotspur,Centre-Forward,Brazil,20000000.0
30,28,3,50,-10.0,170.0,25,0,785,11,0.0,2022,2,-1.0,28,6,1890,878,-15.0,55.0,70.0,Raheem Sterling,Chelsea FC,Right Winger,England,70000000.0
25,24,2,132,,192.0,64,5,31,4,,2023,2,,30,21,2255,2213,5.0,75.0,70.0,Alexander Isak,Newcastle United,Centre-Forward,Sweden,70000000.0
26,23,1,107,1.0,180.0,74,0,933,4,0.0,2021,2,1.0,23,1,987,664,0.0,8.0,8.0,Tyler Roberts,Leeds United,Centre-Forward,Wales,8000000.0
29,25,6,199,,172.0,2,0,840,8,,2020,2,,30,1,1391,1587,0.0,22.0,22.0,Said Benrahma,West Ham United,Left Winger,Algeria,22000000.0
31,31,0,188,1.0,181.0,74,0,98,3,0.0,2023,2,1.0,17,1,109,1355,-5.0,10.0,15.0,Ben Davies,Tottenham Hotspur,Centre-Back,Wales,15000000.0
33,28,2,57,-5.0,182.0,30,0,484,4,0.0,2019,2,-1.0,37,9,3148,90,-1.5,6.5,8.0,Jordan Ayew,Crystal Palace,Centre-Forward,Ghana,8000000.0
26,22,2,107,,180.0,74,0,933,4,,2020,2,,27,1,1340,1551,2.4,6.0,3.6,Tyler Roberts,Leeds United,Centre-Forward,Wales,3600000.0
30,29,2,50,-10.0,177.0,17,0,633,2,0.0,2022,2,-1.0,27,1,1707,876,-2.0,38.0,40.0,Mateo Kovacic,Chelsea FC,Central Midfield,Croatia,40000000.0
28,27,3,66,-5.0,175.0,25,0,396,11,0.0,2023,2,-1.0,29,3,2214,1200,-4.0,18.0,22.0,Jack Harrison,Everton FC,Right Winger,England,22000000.0
23,22,1,202,,180.0,2,0,792,9,,2023,2,,33,2,2329,2359,10.0,35.0,25.0,Rayan Ait-Nouri,Wolverhampton Wanderers,Left-Back,Algeria,25000000.0
28,25,2,135,-1.0,178.0,44,0,681,11,1.0,2021,2,-1.0,31,1,2230,747,-1.0,7.0,8.0,Milot Rashica,Norwich City,Right Winger,Kosovo,8000000.0
33,30,0,135,-1.0,188.0,58,0,348,3,1.0,2021,2,-1.0,33,1,2897,749,-0.5,3.5,4.0,Grant Hanley,Norwich City,Centre-Back,Scotland,4000000.0
32,31,10,112,2.0,175.0,24,5,686,11,0.0,2023,2,1.0,32,18,2534,1238,-10.0,55.0,65.0,Mohamed Salah,Liverpool FC,Right Winger,Egypt,65000000.0
27,25,2,57,,187.0,27,0,733,4,,2022,2,,35,5,1803,2031,0.0,15.0,15.0,Odsonne Edouard,Crystal Palace,Centre-Forward,France,15000000.0
31,30,1,81,,170.0,41,0,115,11,,2022,2,,36,4,2476,2089,0.0,7.0,7.0,Bobby De Cordova-Reid,Fulham FC,Right Winger,Jamaica,7000000.0
24,23,6,199,,177.0,30,0,688,11,,2023,2,,33,8,2485,2489,5.0,50.0,45.0,Mohammed Kudus,West Ham United,Right Winger,Ghana,45000000.0
27,23,0,21,-5.0,190.0,10,0,314,3,0.0,2020,2,-1.0,23,2,1997,266,5.0,25.0,20.0,Gabriel Magalhaes,Arsenal FC,Centre-Back,Brazil,20000000.0
25,24,0,81,,185.0,50,0,137,3,,2023,2,,29,1,2303,2421,0.0,16.0,16.0,Calvin Bassey,Fulham FC,Centre-Back,Nigeria,16000000.0
27,24,0,108,1.0,174.0,50,0,18,13,0.0,2021,2,1.0,26,6,1453,672,1.0,10.0,9.0,Ademola Lookman,Leicester City,Second Striker,Nigeria,9000000.0
34,30,1,57,,190.0,8,0,160,4,,2020,2,,30,10,1817,1480,0.0,9.0,9.0,Christian Benteke,Crystal Palace,Centre-Forward,Belgium,9000000.0
33,29,0,199,,189.0,54,0,281,3,,2020,2,,14,1,1199,1642,-3.0,5.0,8.0,Fabian Balbuena,West Ham United,Centre-Back,Paraguay,8000000.0
32,28,7,112,4.0,174.0,59,0,838,8,0.0,2019,2,1.0,35,18,2747,135,-30.0,120.0,150.0,Sadio Mane,Liverpool FC,Left Winger,Senegal,150000000.0
27,23,5,132,-2.0,173.0,27,0,41,8,0.0,2019,2,-1.0,26,3,1863,170,-5.0,20.0,25.0,Allan Saint-Maximin,Newcastle United,Left Winger,France,25000000.0
27,23,4,108,4.0,182.0,25,0,363,8,0.0,2020,2,1.0,25,9,1945,392,13.0,35.0,22.0,Harvey Barnes,Leicester City,Left Winger,England,22000000.0
29,24,0,202,8.0,170.0,56,0,195,11,0.0,2019,2,1.0,9,1,289,260,6.0,12.0,6.0,Daniel Podence,Wolverhampton Wanderers,Right Winger,Portugal,6000000.0
24,19,0,112,4.0,185.0,25,0,185,2,0.0,2019,2,1.0,6,1,126,125,0.3,1.8,1.5,Curtis Jones,Liverpool FC,Central Midfield,England,1500000.0
27,24,3,57,,187.0,27,1,733,4,,2021,2,,28,6,1563,1839,0.0,17.0,17.0,Odsonne Edouard,Crystal Palace,Centre-Forward,France,17000000.0
26,22,0,174,,177.0,45,0,699,8,,2020,2,,27,1,1240,1636,0.0,13.0,13.0,Moussa Djenepo,Southampton FC,Left Winger,Mali,13000000.0
33,28,0,79,,183.0,68,0,148,4,,2019,2,,10,2,468,105,-3.0,12.0,15.0,Cenk Tosun,For 2 Clubs,Centre-Forward,Turkiye,15000000.0
29,26,0,132,0.0,187.0,41,0,382,5,0.0,2021,2,0.0,14,1,1001,737,-2.0,8.0,10.0,Isaac Hayden,Newcastle United,Defensive Midfield,Jamaica,10000000.0
29,25,1,21,-5.0,183.0,16,1,724,11,0.0,2020,2,-1.0,29,10,1617,267,-10.0,35.0,45.0,Nicolas Pepe,Arsenal FC,Right Winger,Cote dIvoire,45000000.0
25,24,8,116,,183.0,25,0,37,7,,2023,2,,37,2,2925,2330,5.5,10.0,4.5,Alfie Doughty,Luton Town,Left Midfield,England,4500000.0
30,28,5,118,,173.0,56,0,109,1,,2022,2,,34,4,2204,2110,0.0,80.0,80.0,Bernardo Silva,Manchester City,Attacking Midfield,Portugal,80000000.0
23,20,1,119,-5.0,181.0,41,0,627,11,0.0,2021,2,-1.0,18,5,1270,720,-50.0,0.0,50.0,Mason Greenwood,Manchester United,Right Winger,Jamaica,50000000.0
29,26,0,188,,190.0,10,0,141,4,,2020,2,,9,1,309,1630,-2.0,18.0,20.0,Carlos Vinicius,Tottenham Hotspur,Centre-Forward,Brazil,20000000.0
25,22,0,132,,186.0,25,0,463,2,,2021,2,,29,2,2036,1681,0.0,22.0,22.0,Joe Willock,Newcastle United,Central Midfield,England,22000000.0
29,28,4,116,,185.0,25,5,142,4,,2023,2,,38,11,2864,2471,3.0,13.0,10.0,Carlton Morris,Luton Town,Centre-Forward,England,10000000.0
35,33,2,41,,180.0,25,0,101,3,,2022,2,,37,3,3269,2082,0.2,2.0,1.8,Ben Mee,Brentford FC,Centre-Back,England,1800000.0
33,33,0,81,,187.0,46,0,781,4,,2023,2,,24,7,1395,2260,-1.0,5.0,6.0,Rael Jimenez,Fulham FC,Centre-Forward,Mexico,6000000.0
28,24,1,81,-4.0,184.0,50,0,734,12,1.0,2020,2,-1.0,31,2,2664,370,-1.0,6.0,7.0,Ola Aina,Fulham FC,Right-Back,Nigeria,7000000.0
30,26,0,118,3.0,188.0,25,0,475,3,0.0,2020,2,1.0,22,4,1934,421,0.0,30.0,30.0,John Stones,Manchester City,Centre-Back,England,30000000.0
31,28,3,50,,180.0,47,0,354,11,,2020,2,,23,2,1171,1410,-2.0,38.0,40.0,Hakim Ziyech,Chelsea FC,Right Winger,Morocco,40000000.0
26,25,1,21,1.0,188.0,42,0,895,12,0.0,2023,2,1.0,22,2,1151,1108,5.0,35.0,30.0,Takehiro Tomiyasu,Arsenal FC,Right-Back,Japan,30000000.0
25,25,0,170,-1.0,190.0,9,0,63,3,1.0,2023,2,-1.0,31,2,265,1333,0.0,18.0,18.0,Anel Ahmedhodzic,Sheffield United,Centre-Back,Bosnia-Herzegovina,18000000.0
21,20,0,50,,183.0,25,0,38,3,,2023,2,,11,1,206,2298,4.8,5.0,0.2,Alfie Gilchrist,Chelsea FC,Centre-Back,England,200000.0
26,22,0,174,-2.0,177.0,45,0,699,8,0.0,2020,2,-1.0,27,1,1240,475,0.0,13.0,13.0,Moussa Djenepo,Southampton FC,Left Winger,Mali,13000000.0
29,25,6,199,4.0,172.0,2,0,840,8,0.0,2020,2,1.0,30,1,1391,504,0.0,22.0,22.0,Said Benrahma,West Ham United,Left Winger,Algeria,22000000.0
30,27,0,79,,182.0,25,0,136,3,,2021,2,,13,1,1001,644,-2.0,10.0,12.0,Calum Chambers,For 2 Clubs,Centre-Back,England,12000000.0
23,20,1,119,,181.0,41,0,627,11,,2021,2,,18,5,1270,1885,-50.0,0.0,50.0,Mason Greenwood,Manchester United,Right Winger,Jamaica,50000000.0
29,25,0,202,8.0,188.0,8,0,555,5,0.0,2019,2,1.0,38,4,2795,251,-2.5,22.5,25.0,Leander Dendoncker,Wolverhampton Wanderers,Defensive Midfield,Belgium,25000000.0
32,30,0,136,-4.0,176.0,16,0,866,12,0.0,2022,2,-1.0,24,1,1943,1020,0.0,8.0,8.0,Serge Aurier,Nottingham Forest,Right-Back,Cote dIvoire,8000000.0
24,24,1,57,,188.0,71,0,158,3,,2023,2,,26,1,2094,2222,4.0,12.0,8.0,Chris Richards,Crystal Palace,Centre-Back,United States,8000000.0
27,26,5,57,2.0,192.0,27,2,434,4,0.0,2023,2,1.0,35,16,2282,1192,13.0,20.0,7.0,Jean-Philippe Mateta,Crystal Palace,Centre-Forward,France,7000000.0
33,32,3,116,2.0,181.0,25,0,61,11,1.0,2023,2,1.0,27,1,1209,1260,0.0,1.8,1.8,Andros Townsend,Luton Town,Right Winger,England,1800000.0
30,27,2,174,,178.0,53,0,685,8,,2021,2,,30,4,2041,1918,2.0,12.0,10.0,Mohamed Elyounoussi,Southampton FC,Left Winger,Norway,10000000.0
38,35,2,108,,179.0,25,0,422,4,,2021,2,,25,15,1806,1654,0.0,5.0,5.0,Jamie Vardy,Leicester City,Centre-Forward,England,5000000.0
26,25,0,46,-1.0,183.0,21,1,401,8,1.0,2023,2,-1.0,32,6,1249,1161,5.0,8.0,3.0,Jacob Bruun Larsen,Burnley FC,Left Winger,Denmark,3000000.0
30,26,1,22,,180.0,24,0,598,8,,2020,2,,21,2,1166,1552,2.0,10.0,8.0,Mahmoud Trezeguet,Aston Villa,Left Winger,Egypt,8000000.0
25,22,1,202,,184.0,56,0,930,11,,2021,2,,28,2,1337,1745,-2.0,20.0,22.0,Trincco,Wolverhampton Wanderers,Right Winger,Portugal,22000000.0
28,26,9,108,,175.0,25,1,413,1,,2022,2,,30,10,2480,2198,5.0,60.0,55.0,James Maddison,Leicester City,Attacking Midfield,England,55000000.0
30,29,1,116,,184.0,25,0,145,4,,2023,2,,24,1,426,2450,0.0,1.0,1.0,Cauley Woodrow,Luton Town,Centre-Forward,England,1000000.0
31,28,0,50,-2.0,190.0,29,0,74,3,0.0,2020,2,-1.0,19,1,1710,326,-2.0,28.0,30.0,Antonio Rudiger,Chelsea FC,Centre-Back,Germany,30000000.0
33,29,0,195,-7.0,178.0,41,0,52,4,1.0,2019,2,-1.0,23,2,755,231,-2.5,9.5,12.0,Andre Gray,Watford FC,Centre-Forward,Jamaica,12000000.0
32,30,0,22,0.0,172.0,10,0,776,1,0.0,2022,2,0.0,20,1,786,842,-8.0,10.0,18.0,Philippe Coutinho,Aston Villa,Attacking Midfield,Brazil,18000000.0
26,24,1,50,-10.0,177.0,71,0,164,11,0.0,2022,2,-1.0,24,1,820,888,-13.0,25.0,38.0,Christian Pulisic,Chelsea FC,Right Winger,United States,38000000.0
32,28,0,66,,167.0,10,0,108,8,,2020,2,,12,1,455,1640,-3.0,12.0,15.0,Bernard,Everton FC,Left Winger,Brazil,15000000.0
22,22,11,79,,185.0,25,9,171,1,,2023,2,,34,22,2618,2218,62.0,80.0,18.0,Cole Palmer,For 2 Clubs,Attacking Midfield,England,18000000.0
34,29,0,195,-7.0,185.0,25,0,198,4,1.0,2019,2,-1.0,18,2,823,227,-3.5,5.5,9.0,Danny Welbeck,Watford FC,Centre-Forward,England,9000000.0
35,31,1,46,1.0,180.0,25,0,651,12,0.0,2020,2,1.0,34,1,3060,308,-1.5,2.5,4.0,Matthew Lowton,Burnley FC,Right-Back,England,4000000.0
22,20,2,107,1.0,179.0,25,0,462,4,0.0,2021,2,1.0,20,2,744,655,3.0,6.0,3.0,Joe Gelhardt,Leeds United,Centre-Forward,England,3000000.0
21,17,0,170,,190.0,13,0,194,4,,2020,2,,4,1,284,1635,1.0,1.0,0.0,Daniel Jebbison,Sheffield United,Centre-Forward,Canada,0.0
31,28,0,132,,188.0,25,0,409,3,,2021,2,,26,1,2059,1734,-1.0,10.0,11.0,Jamaal Lascelles,Newcastle United,Centre-Back,England,11000000.0
33,32,1,107,,182.0,63,1,812,4,,2022,2,,31,13,1935,1945,-3.0,6.0,9.0,Rodrigo,Leeds United,Centre-Forward,Spain,9000000.0
27,24,1,119,-1.0,184.0,48,0,236,2,0.0,2020,2,-1.0,19,1,526,440,-14.0,30.0,44.0,Donny van de Beek,Manchester United,Central Midfield,Netherlands,44000000.0
27,26,0,22,3.0,183.0,25,0,280,3,0.0,2023,2,1.0,35,1,3069,1119,0.0,35.0,35.0,Ezri Konsa,Aston Villa,Centre-Back,England,35000000.0
27,26,4,188,1.0,184.0,10,0,799,4,0.0,2023,2,1.0,28,11,1491,1345,-2.0,38.0,40.0,Richarlison,Tottenham Hotspur,Centre-Forward,Brazil,40000000.0
27,25,1,79,,171.0,74,0,193,11,,2022,2,,24,2,817,1988,-4.0,12.0,16.0,Daniel James,For 2 Clubs,Right Winger,Wales,16000000.0
28,25,1,188,2.0,181.0,27,0,898,2,0.0,2021,2,1.0,9,1,484,770,-15.0,30.0,45.0,Tanguy Ndombele,Tottenham Hotspur,Central Midfield,France,45000000.0
25,23,0,50,-10.0,181.0,56,0,452,13,0.0,2022,2,-1.0,16,4,941,886,0.0,50.0,50.0,Joao Felix,Chelsea FC,Second Striker,Portugal,50000000.0
32,32,2,119,-7.0,182.0,21,0,161,2,0.0,2023,2,-1.0,22,1,1141,1287,-10.0,8.0,18.0,Christian Eriksen,Manchester United,Central Midfield,Denmark,18000000.0
33,32,1,136,-6.0,191.0,49,0,159,4,0.0,2023,2,-1.0,31,14,1811,1328,0.0,7.0,7.0,Chris Wood,Nottingham Forest,Centre-Forward,New Zealand,7000000.0
39,35,1,57,,193.0,25,0,323,3,,2020,2,,20,1,1800,1618,-1.0,1.5,2.5,Gary Cahill,Crystal Palace,Centre-Back,England,2500000.0
34,30,3,135,-1.0,180.0,26,2,902,4,1.0,2019,2,-1.0,36,11,2886,183,-1.0,8.0,9.0,Teemu Pukki,Norwich City,Centre-Forward,Finland,9000000.0
32,29,3,107,10.0,171.0,51,0,279,9,0.0,2020,2,1.0,36,2,2460,380,1.5,5.0,3.5,Ezgjan Alioski,Leeds United,Left-Back,North Macedonia,3500000.0
35,34,2,174,,175.0,25,0,906,11,,2022,2,,20,2,1129,2122,-0.8,1.0,1.8,Theo Walcott,Southampton FC,Right Winger,England,1800000.0
33,30,2,107,,182.0,63,0,812,4,,2020,2,,26,7,1288,1440,-12.0,18.0,30.0,Rodrigo,Leeds United,Centre-Forward,Spain,30000000.0
31,26,3,174,2.0,185.0,25,0,399,3,0.0,2019,2,1.0,28,1,2452,205,-1.5,5.5,7.0,Jack Stephens,Southampton FC,Centre-Back,England,7000000.0
29,27,2,119,-2.0,181.0,27,1,70,4,0.0,2022,2,-1.0,21,6,979,1001,0.0,15.0,15.0,Anthony Martial,Manchester United,Centre-Forward,France,15000000.0
23,23,1,41,1.0,170.0,25,0,527,8,0.0,2023,2,1.0,30,3,1441,1137,3.0,15.0,12.0,Keane Lewis-Potter,Brentford FC,Left Winger,England,12000000.0
26,25,5,112,2.0,176.0,4,1,35,2,0.0,2023,2,1.0,33,5,2602,1236,10.0,75.0,65.0,Alexis Mac Allister,Liverpool FC,Central Midfield,Argentina,65000000.0
25,24,3,116,,183.0,8,0,22,2,,2023,2,,17,1,1304,2445,3.0,15.0,12.0,Albert Sambi Lokonga,Luton Town,Central Midfield,Belgium,12000000.0
26,23,1,22,0.0,189.0,25,0,528,4,0.0,2020,2,0.0,15,1,277,283,0.7,3.0,2.3,Keinan Davis,Aston Villa,Centre-Forward,England,2300000.0
24,23,0,170,,178.0,25,0,432,12,,2023,2,,34,3,2788,2341,0.0,3.8,3.8,Jayden Bogle,Sheffield United,Right-Back,England,3800000.0
32,30,4,41,7.0,182.0,21,0,161,2,0.0,2021,2,1.0,11,1,939,562,5.0,20.0,15.0,Christian Eriksen,Brentford FC,Central Midfield,Denmark,15000000.0
33,30,4,188,2.0,185.0,38,0,646,12,0.0,2021,2,1.0,15,2,875,771,0.0,12.0,12.0,Matt Doherty,Tottenham Hotspur,Right-Back,Ireland,12000000.0
25,24,0,66,-5.0,180.0,70,0,949,9,0.0,2023,2,-1.0,28,2,2469,1212,0.0,28.0,28.0,Vitaliy Mykolenko,Everton FC,Left-Back,Ukraine,28000000.0
33,32,3,116,,181.0,25,0,61,11,,2023,2,,27,1,1209,2453,0.0,1.8,1.8,Andros Townsend,Luton Town,Right Winger,England,1800000.0
22,21,3,79,,180.0,25,1,414,1,,2023,2,,31,3,1823,1215,0.0,12.0,12.0,James McAtee,For 2 Clubs,Attacking Midfield,England,12000000.0
31,29,0,21,,185.0,30,0,912,5,,2022,2,,33,3,2483,2064,-3.0,35.0,38.0,Thomas Partey,Arsenal FC,Defensive Midfield,Ghana,38000000.0
31,27,3,119,-2.0,191.0,27,0,765,2,0.0,2019,2,-1.0,16,1,1204,156,-20.0,80.0,100.0,Paul Pogba,Manchester United,Central Midfield,France,100000000.0
31,28,0,50,-1.0,189.0,25,0,825,2,0.0,2021,2,-1.0,6,1,179,605,-5.0,12.0,17.0,Ross Barkley,Chelsea FC,Central Midfield,England,17000000.0
33,28,1,135,-1.0,180.0,58,0,532,2,1.0,2019,2,-1.0,37,1,2968,187,1.0,3.5,2.5,Kenny McLean,Norwich City,Central Midfield,Scotland,2500000.0
26,25,4,112,,175.0,25,0,928,12,,2023,2,,28,3,2156,2318,0.0,70.0,70.0,Trent Alexander-Arnold,Liverpool FC,Right-Back,England,70000000.0
31,29,0,202,3.0,185.0,25,0,175,3,0.0,2021,2,1.0,38,4,3361,803,0.0,25.0,25.0,Conor Coady,Wolverhampton Wanderers,Centre-Back,England,25000000.0
27,25,3,199,,180.0,10,1,577,1,,2022,2,,28,4,2153,2102,0.0,45.0,45.0,Lucas Paqueta,West Ham United,Attacking Midfield,Brazil,45000000.0
27,27,5,21,1.0,175.0,10,0,313,4,0.0,2023,2,1.0,27,4,1479,1100,-5.0,65.0,70.0,Gabriel Jesus,Arsenal FC,Centre-Forward,Brazil,70000000.0
32,31,2,66,-5.0,183.0,45,0,8,2,0.0,2023,2,-1.0,32,7,2628,1208,-2.0,10.0,12.0,Abdoulaye Doucoure,Everton FC,Central Midfield,Mali,12000000.0
28,26,2,132,,186.0,10,0,468,2,,2022,2,,32,6,2661,2059,14.0,42.0,28.0,Joelinton,Newcastle United,Central Midfield,Brazil,28000000.0
28,24,0,66,-5.0,183.0,50,0,28,8,0.0,2019,2,-1.0,25,1,1595,103,-6.5,25.5,32.0,Alex Iwobi,Everton FC,Left Winger,Nigeria,32000000.0
32,28,0,66,-4.0,167.0,10,0,108,8,0.0,2020,2,-1.0,12,1,455,347,-3.0,12.0,15.0,Bernard,Everton FC,Left Winger,Brazil,15000000.0
34,33,4,81,0.0,185.0,58,0,920,2,0.0,2023,2,0.0,34,1,1488,1231,0.0,2.0,2.0,Tom Cairney,Fulham FC,Central Midfield,Scotland,2000000.0
30,25,1,22,-3.0,180.0,24,0,598,8,0.0,2019,2,-1.0,34,6,1951,33,0.0,8.0,8.0,Mahmoud Trezeguet,Aston Villa,Left Winger,Egypt,8000000.0
33,28,2,170,11.0,169.0,58,0,471,2,0.0,2019,2,1.0,30,5,2516,199,0.5,6.5,6.0,John Fleck,Sheffield United,Central Midfield,Scotland,6000000.0
24,23,2,46,-1.0,181.0,27,0,569,12,1.0,2023,2,-1.0,15,1,1235,1166,0.0,10.0,10.0,Lorenz Assignon,Burnley FC,Right-Back,France,10000000.0
33,31,3,57,2.0,182.0,30,0,484,4,0.0,2022,2,1.0,38,4,2715,900,-1.0,5.0,6.0,Jordan Ayew,Crystal Palace,Centre-Forward,Ghana,6000000.0
23,22,3,50,-2.0,178.0,23,0,690,5,0.0,2023,2,-1.0,35,1,2866,1176,-15.0,75.0,90.0,Moises Caicedo,Chelsea FC,Defensive Midfield,Ecuador,90000000.0
29,27,0,202,1.0,170.0,56,0,195,11,0.0,2022,2,1.0,32,6,1771,1077,0.0,20.0,20.0,Daniel Podence,Wolverhampton Wanderers,Right Winger,Portugal,20000000.0
29,28,3,136,-6.0,183.0,25,0,361,9,0.0,2023,2,-1.0,23,1,1459,1325,0.0,5.0,5.0,Harry Toffolo,Nottingham Forest,Left-Back,England,5000000.0
30,26,0,50,-2.0,190.0,27,0,549,3,0.0,2020,2,-1.0,24,5,2029,322,2.0,32.0,30.0,Kurt Zouma,Chelsea FC,Centre-Back,France,30000000.0
27,23,1,50,,194.0,25,0,897,4,,2020,2,,22,6,1040,1482,-2.0,38.0,40.0,Tammy Abraham,Chelsea FC,Centre-Forward,England,40000000.0
36,34,5,81,5.0,175.0,10,0,965,8,0.0,2022,2,1.0,27,5,2126,924,-1.0,3.0,4.0,Willian,Fulham FC,Left Winger,Brazil,4000000.0
24,23,1,136,-6.0,178.0,25,0,133,8,0.0,2023,2,-1.0,29,8,1854,1327,6.0,18.0,12.0,Callum Hudson-Odoi,Nottingham Forest,Left Winger,England,12000000.0
32,29,0,119,-5.0,174.0,25,0,442,1,0.0,2021,2,-1.0,16,2,367,713,-2.0,18.0,20.0,Jesse Lingard,Manchester United,Attacking Midfield,England,20000000.0
27,26,2,41,1.0,183.0,50,0,309,2,0.0,2023,2,1.0,26,1,1159,1144,0.0,9.0,9.0,Frank Onyeka,Brentford FC,Central Midfield,Nigeria,9000000.0
27,26,4,21,,186.0,25,0,103,12,,2023,2,,37,4,2988,2283,0.0,55.0,55.0,Ben White,Arsenal FC,Right-Back,England,55000000.0
25,22,9,50,,180.0,25,0,793,12,,2021,2,,26,5,1865,1910,15.0,60.0,45.0,Reece James,Chelsea FC,Right-Back,England,45000000.0
23,22,9,21,,178.0,25,6,132,11,,2023,2,,35,16,2919,2216,20.0,140.0,120.0,Bukayo Saka,Arsenal FC,Right Winger,England,120000000.0
29,28,0,81,0.0,190.0,10,0,141,4,0.0,2023,2,0.0,13,2,315,1222,-2.0,4.0,6.0,Carlos Vinicius,Fulham FC,Centre-Forward,Brazil,6000000.0
28,27,0,22,,192.0,63,0,762,3,,2023,2,,29,2,2464,2273,0.0,45.0,45.0,Pau Torres,Aston Villa,Centre-Back,Spain,45000000.0
27,26,0,22,,183.0,25,0,280,3,,2023,2,,35,1,3069,2420,0.0,35.0,35.0,Ezri Konsa,Aston Villa,Centre-Back,England,35000000.0
29,25,0,199,-8.0,192.0,19,0,925,5,0.0,2019,2,-1.0,13,3,1040,238,4.5,12.0,7.5,Tomas Soucek,West Ham United,Defensive Midfield,Czech Republic,7500000.0
27,26,5,57,,192.0,27,2,434,4,,2023,2,,35,16,2282,2220,13.0,20.0,7.0,Jean-Philippe Mateta,Crystal Palace,Centre-Forward,France,7000000.0
27,23,4,108,,182.0,25,0,363,8,,2020,2,,25,9,1945,1453,13.0,35.0,22.0,Harvey Barnes,Leicester City,Left Winger,England,22000000.0
32,28,0,21,,179.0,24,0,684,5,,2020,2,,23,1,1544,1614,5.0,10.0,5.0,Mohamed Elneny,Arsenal FC,Defensive Midfield,Egypt,5000000.0
32,29,6,188,2.0,172.0,10,0,575,11,0.0,2021,2,1.0,34,2,1775,765,-2.0,20.0,22.0,Lucas Moura,Tottenham Hotspur,Right Winger,Brazil,22000000.0
28,26,2,112,-1.0,180.0,15,0,582,8,0.0,2022,2,-1.0,17,4,996,968,0.0,75.0,75.0,Luis Diaz,Liverpool FC,Left Winger,Colombia,75000000.0
29,25,6,21,-4.0,183.0,16,1,724,11,0.0,2019,2,-1.0,31,5,2010,16,-23.0,52.0,75.0,Nicolas Pepe,Arsenal FC,Right Winger,Cote dIvoire,75000000.0
35,33,0,57,0.0,192.0,25,0,418,3,0.0,2021,2,0.0,8,1,547,621,-0.5,1.5,2.0,James Tomkins,Crystal Palace,Centre-Back,England,2000000.0
30,26,0,66,-4.0,195.0,15,0,975,3,0.0,2020,2,-1.0,24,2,1937,349,0.0,20.0,20.0,Yerry Mina,Everton FC,Centre-Back,Colombia,20000000.0
27,25,4,132,,187.0,25,0,861,2,,2022,2,,33,1,2518,2056,10.0,25.0,15.0,Sean Longstaff,Newcastle United,Central Midfield,England,15000000.0
32,31,10,188,,184.0,43,2,369,8,,2023,2,,35,17,2934,2206,-5.0,45.0,50.0,Heung-min Son,Tottenham Hotspur,Left Winger,"Korea, South",50000000.0
21,19,2,43,13.0,173.0,54,0,505,1,0.0,2022,2,1.0,20,4,806,874,11.0,22.0,11.0,Julio Enciso,Brighton & Hove Albion,Attacking Midfield,Paraguay,11000000.0
23,22,0,50,-10.0,194.0,27,0,107,3,0.0,2022,2,-1.0,11,1,905,883,0.0,40.0,40.0,Benoit Badiashile,Chelsea FC,Centre-Back,France,40000000.0
29,26,1,46,-1.0,175.0,74,0,172,12,1.0,2021,2,-1.0,21,1,1691,600,-0.5,2.5,3.0,Connor Roberts,Burnley FC,Right-Back,Wales,3000000.0
20,19,1,46,,175.0,40,0,572,11,,2023,2,,15,1,974,2431,1.0,7.0,6.0,Luca Koleosho,Burnley FC,Right Winger,Italy,6000000.0
33,29,1,174,-2.0,183.0,63,0,746,5,0.0,2020,2,-1.0,21,1,1763,480,-2.0,6.0,8.0,Oriol Romeu,Southampton FC,Defensive Midfield,Spain,8000000.0
33,30,0,112,,174.0,63,0,907,2,,2020,2,,24,1,1854,1622,-18.0,30.0,48.0,Thiago Alcantara,Liverpool FC,Central Midfield,Spain,48000000.0
27,26,2,119,,185.0,25,2,616,8,,2023,2,,33,7,2271,2477,-15.0,60.0,75.0,Marcus Rashford,Manchester United,Left Winger,England,75000000.0
25,21,3,50,,193.0,29,0,515,4,,2020,2,,27,4,1519,1465,-11.0,70.0,81.0,Kai Havertz,Chelsea FC,Centre-Forward,Germany,81000000.0
31,28,1,199,3.0,179.0,20,0,84,9,0.0,2021,2,1.0,13,1,651,789,0.0,5.0,5.0,Arthur Masuaku,West Ham United,Left-Back,DR Congo,5000000.0
27,26,1,174,,173.0,25,0,10,4,,2022,2,,30,2,1336,2114,-5.0,10.0,15.0,Adam Armstrong,Southampton FC,Centre-Forward,England,15000000.0
26,24,4,57,,178.0,25,1,244,1,,2022,2,,38,10,2637,2203,15.0,40.0,25.0,Eberechi Eze,Crystal Palace,Attacking Midfield,England,25000000.0
30,29,0,118,1.0,188.0,25,0,475,3,0.0,2023,2,1.0,16,1,1064,1276,0.0,38.0,38.0,John Stones,Manchester City,Centre-Back,England,38000000.0
26,24,0,136,-4.0,190.0,25,0,843,4,0.0,2022,2,-1.0,20,1,323,1023,2.5,5.0,2.5,Sam Surridge,Nottingham Forest,Centre-Forward,England,2500000.0
24,21,2,50,,178.0,25,0,133,8,,2021,2,,15,1,962,1817,-7.0,25.0,32.0,Callum Hudson-Odoi,Chelsea FC,Left Winger,England,32000000.0
30,27,3,174,-2.0,173.0,25,0,712,11,0.0,2020,2,-1.0,29,2,1738,473,0.0,18.0,18.0,Nathan Redmond,Southampton FC,Right Winger,England,18000000.0
31,29,1,119,,191.0,27,0,787,3,,2021,2,,22,1,1831,1802,-17.0,48.0,65.0,Raphael Varane,Manchester United,Centre-Back,France,65000000.0
34,31,3,118,2.0,180.0,29,0,990,2,0.0,2021,2,1.0,27,8,1856,704,-10.0,25.0,35.0,ilkay Gundogan,Manchester City,Central Midfield,Germany,35000000.0
27,26,6,170,-1.0,169.0,48,0,350,2,1.0,2023,2,-1.0,36,4,2909,1338,-1.0,15.0,16.0,Gustavo Hamer,Sheffield United,Central Midfield,Netherlands,16000000.0
23,23,1,41,,193.0,38,0,710,3,,2023,2,,32,1,2652,2461,0.0,25.0,25.0,Nathan Collins,Brentford FC,Centre-Back,Ireland,25000000.0
30,29,2,50,,177.0,17,0,633,2,,2022,2,,27,1,1707,2025,-2.0,38.0,40.0,Mateo Kovacic,Chelsea FC,Central Midfield,Croatia,40000000.0
29,28,1,81,,190.0,56,0,455,5,,2023,2,,33,4,2698,2340,0.0,55.0,55.0,Joao Palhinha,Fulham FC,Defensive Midfield,Portugal,55000000.0
24,21,1,118,2.0,184.0,63,0,297,11,0.0,2021,2,1.0,4,2,303,709,0.0,45.0,45.0,Ferran Torres,Manchester City,Right Winger,Spain,45000000.0
24,23,5,118,,171.0,25,0,774,11,,2022,2,,32,11,1842,1948,0.0,110.0,110.0,Phil Foden,Manchester City,Right Winger,England,110000000.0
30,28,0,199,,176.0,40,0,255,9,,2022,2,,22,1,1321,2179,-3.0,12.0,15.0,Emerson,West Ham United,Left-Back,Italy,15000000.0
24,24,9,118,,170.0,4,2,503,4,,2023,2,,36,11,2647,2479,10.0,90.0,80.0,Julian Alvarez,Manchester City,Centre-Forward,Argentina,80000000.0
28,26,0,43,13.0,179.0,29,0,219,4,0.0,2022,2,1.0,22,5,628,870,4.0,10.0,6.0,Deniz Undav,Brighton & Hove Albion,Centre-Forward,Germany,6000000.0
27,25,0,57,2.0,192.0,27,0,434,4,0.0,2022,2,1.0,29,2,770,897,-2.0,7.0,9.0,Jean-Philippe Mateta,Crystal Palace,Centre-Forward,France,9000000.0
29,27,6,22,0.0,180.0,25,1,741,4,0.0,2022,2,0.0,37,15,3127,844,8.0,40.0,32.0,Ollie Watkins,Aston Villa,Centre-Forward,England,32000000.0
32,28,3,188,,176.0,16,0,866,12,,2020,2,,19,2,1605,1611,4.0,20.0,16.0,Serge Aurier,Tottenham Hotspur,Right-Back,Cote dIvoire,16000000.0
24,23,8,118,1.0,171.0,25,0,774,11,0.0,2023,2,1.0,35,19,2858,1273,40.0,150.0,110.0,Phil Foden,Manchester City,Right Winger,England,110000000.0
31,28,2,107,1.0,185.0,25,0,756,4,0.0,2021,2,1.0,9,2,559,656,-4.0,16.0,20.0,Patrick Bamford,Leeds United,Centre-Forward,England,20000000.0
27,26,9,22,,178.0,41,0,557,11,,2023,2,,35,10,2068,2469,12.0,42.0,30.0,Leon Bailey,Aston Villa,Right Winger,Jamaica,30000000.0
26,22,2,50,,177.0,71,0,164,11,,2020,2,,27,4,1739,1506,-10.0,50.0,60.0,Christian Pulisic,Chelsea FC,Right Winger,United States,60000000.0
24,23,4,118,,195.0,53,7,270,4,,2023,2,,31,27,2552,2205,0.0,180.0,180.0,Erling Haaland,Manchester City,Centre-Forward,Norway,180000000.0
35,32,3,199,3.0,170.0,25,0,2,9,0.0,2021,2,1.0,31,2,2726,792,-1.0,3.0,4.0,Aaron Cresswell,West Ham United,Left-Back,England,4000000.0
37,35,0,199,,180.0,25,1,621,2,,2021,2,,11,1,332,1719,-1.0,0.0,1.0,Mark Noble,West Ham United,Central Midfield,England,1000000.0
23,22,0,66,,195.0,8,0,44,5,,2023,2,,30,2,2091,2272,0.0,50.0,50.0,Amadou Onana,Everton FC,Defensive Midfield,Belgium,50000000.0
23,20,1,135,,190.0,38,0,12,4,,2021,2,,17,1,625,1795,0.0,3.0,3.0,Adam Idah,Norwich City,Centre-Forward,Ireland,3000000.0
24,19,5,50,-1.0,178.0,25,0,133,8,0.0,2019,2,-1.0,22,1,863,74,-3.5,31.5,35.0,Callum Hudson-Odoi,Chelsea FC,Left Winger,England,35000000.0
27,25,5,132,,182.0,10,0,127,5,,2022,2,,32,4,2726,2107,20.0,70.0,50.0,Bruno Guimaraes,Newcastle United,Defensive Midfield,Brazil,50000000.0
30,27,3,174,,173.0,25,0,712,11,,2020,2,,29,2,1738,1417,0.0,18.0,18.0,Nathan Redmond,Southampton FC,Right Winger,England,18000000.0
28,26,0,57,,192.0,21,0,450,3,,2022,2,,32,1,2782,2138,2.0,30.0,28.0,Joachim Andersen,Crystal Palace,Centre-Back,Denmark,28000000.0
27,27,6,81,0.0,173.0,74,0,362,11,0.0,2023,2,0.0,35,4,1619,1235,0.0,17.0,17.0,Harry Wilson,Fulham FC,Right Winger,Wales,17000000.0
31,29,0,50,,191.0,8,1,821,4,,2021,2,,26,8,1589,1875,-30.0,70.0,100.0,Romelu Lukaku,Chelsea FC,Centre-Forward,Belgium,100000000.0
32,29,2,46,-1.0,185.0,25,0,417,3,1.0,2021,2,-1.0,35,1,3106,595,0.0,22.0,22.0,James Tarkowski,Burnley FC,Centre-Back,England,22000000.0
20,18,1,43,13.0,174.0,4,0,287,1,0.0,2022,2,1.0,13,1,564,861,6.0,12.0,6.0,Facundo Buonanotte,Brighton & Hove Albion,Attacking Midfield,Argentina,6000000.0
27,23,4,81,-4.0,174.0,50,0,18,13,1.0,2020,2,-1.0,34,4,2747,369,1.0,11.0,10.0,Ademola Lookman,Fulham FC,Second Striker,Nigeria,10000000.0
23,23,2,66,-5.0,182.0,25,0,411,5,0.0,2023,2,-1.0,37,1,3004,1205,6.0,22.0,16.0,James Garner,Everton FC,Defensive Midfield,England,16000000.0
27,25,0,3,,175.0,72,0,645,9,,2022,2,,12,2,458,1972,2.0,8.0,6.0,Matias Vina,AFC Bournemouth,Left-Back,Uruguay,6000000.0
22,20,2,174,,183.0,4,0,139,2,,2022,2,,18,4,1029,2092,6.5,15.0,8.5,Carlos Alcaraz,Southampton FC,Central Midfield,Argentina,8500000.0
20,19,4,119,,180.0,4,0,23,8,,2023,2,,36,7,2565,2487,15.0,45.0,30.0,Alejandro Garnacho,Manchester United,Left Winger,Argentina,30000000.0
33,29,1,22,,181.0,38,0,177,2,,2020,2,,4,1,226,1558,-2.5,3.5,6.0,Conor Hourihane,Aston Villa,Central Midfield,Ireland,6000000.0
25,21,1,43,,174.0,38,0,1,4,,2020,2,,17,2,791,1556,0.0,7.0,7.0,Aaron Connolly,Brighton & Hove Albion,Centre-Forward,Ireland,7000000.0
28,26,7,107,,175.0,25,0,396,11,,2022,2,,36,5,2708,2053,-6.0,22.0,28.0,Jack Harrison,Leeds United,Right Winger,England,28000000.0
28,25,0,108,4.0,185.0,68,0,989,3,0.0,2020,2,1.0,23,1,1819,401,5.0,45.0,40.0,caglar Soyuncu,Leicester City,Centre-Back,Turkiye,40000000.0
22,22,0,116,,186.0,25,0,901,3,,2023,2,,30,1,2469,2422,5.0,12.0,7.0,Teden Mengi,Luton Town,Centre-Back,England,7000000.0
30,29,7,199,,177.0,25,2,419,2,,2023,2,,37,7,3001,2484,-8.0,30.0,38.0,James Ward-Prowse,West Ham United,Central Midfield,England,38000000.0
31,30,2,22,0.0,196.0,25,0,935,3,0.0,2022,2,0.0,35,1,3150,846,-3.0,22.0,25.0,Tyrone Mings,Aston Villa,Centre-Back,England,25000000.0
32,29,6,188,,172.0,10,0,575,11,,2021,2,,34,2,1775,1710,-2.0,20.0,22.0,Lucas Moura,Tottenham Hotspur,Right Winger,Brazil,22000000.0
34,30,1,118,3.0,183.0,25,0,551,12,0.0,2020,2,1.0,24,1,1946,422,-12.0,28.0,40.0,Kyle Walker,Manchester City,Right-Back,England,40000000.0
38,35,0,174,-1.0,180.0,38,0,875,4,0.0,2021,2,-1.0,13,1,308,758,0.0,0.8,0.8,Shane Long,Southampton FC,Centre-Forward,Ireland,800000.0
26,25,1,41,,184.0,29,0,950,5,,2022,2,,35,3,2210,2077,4.0,20.0,16.0,Vitaly Janelt,Brentford FC,Defensive Midfield,Germany,16000000.0
35,30,1,57,-5.0,192.0,25,0,418,3,0.0,2019,2,-1.0,18,1,1584,87,-2.0,4.0,6.0,James Tomkins,Crystal Palace,Centre-Back,England,6000000.0
31,29,1,188,,191.0,25,0,268,3,,2022,2,,33,2,2817,2112,-12.0,18.0,30.0,Eric Dier,Tottenham Hotspur,Centre-Back,England,30000000.0
27,23,3,188,-2.0,171.0,48,0,888,8,0.0,2020,2,-1.0,21,1,1208,491,-6.0,22.0,28.0,Steven Bergwijn,Tottenham Hotspur,Left Winger,Netherlands,28000000.0
33,30,0,112,3.0,174.0,63,0,907,2,0.0,2020,2,1.0,24,1,1854,415,-18.0,30.0,48.0,Thiago Alcantara,Liverpool FC,Central Midfield,Spain,48000000.0
32,30,6,188,,184.0,43,0,369,8,,2022,2,,36,10,2888,2199,-20.0,50.0,70.0,Heung-min Son,Tottenham Hotspur,Left Winger,"Korea, South",70000000.0
26,24,2,108,,176.0,25,0,542,2,,2022,2,,31,2,2308,2121,10.0,25.0,15.0,Kiernan Dewsbury-Hall,Leicester City,Central Midfield,England,15000000.0
32,31,2,57,,178.0,30,0,438,7,,2023,2,,29,2,1351,2372,0.0,7.0,7.0,Jeffrey Schlupp,Crystal Palace,Left Midfield,Ghana,7000000.0
33,29,4,66,-4.0,180.0,15,0,416,1,0.0,2020,2,-1.0,23,6,1764,348,-7.0,28.0,35.0,James Rodriguez,Everton FC,Attacking Midfield,Colombia,35000000.0
28,26,3,174,-4.0,179.0,58,0,151,4,1.0,2022,2,-1.0,28,5,1992,1042,-2.0,20.0,22.0,Che Adams,Southampton FC,Centre-Forward,Scotland,22000000.0
33,29,1,50,,178.0,40,7,487,5,,2020,2,,28,7,2010,1434,-5.0,45.0,50.0,Jorginho,Chelsea FC,Defensive Midfield,Italy,50000000.0
27,26,0,21,,190.0,10,0,314,3,,2023,2,,36,4,3044,2329,10.0,70.0,60.0,Gabriel Magalhaes,Arsenal FC,Centre-Back,Brazil,60000000.0
27,23,0,22,0.0,183.0,25,0,280,3,0.0,2020,2,0.0,36,2,3196,282,16.0,25.0,9.0,Ezri Konsa,Aston Villa,Centre-Back,England,9000000.0
33,30,1,202,,195.0,16,0,967,3,,2020,2,,21,1,1879,1505,-2.0,14.0,16.0,Willy Boly,Wolverhampton Wanderers,Centre-Back,Cote dIvoire,16000000.0
22,19,0,66,,195.0,25,0,427,3,,2021,2,,6,1,389,1670,0.0,3.0,3.0,Jarrad Branthwaite,Everton FC,Centre-Back,England,3000000.0
34,31,0,41,,189.0,21,0,985,3,,2021,2,,8,1,518,1713,-0.3,1.2,1.5,Zanka,Brentford FC,Centre-Back,Denmark,1500000.0
23,22,3,50,,178.0,23,0,690,5,,2023,2,,35,1,2866,2460,-15.0,75.0,90.0,Moises Caicedo,Chelsea FC,Defensive Midfield,Ecuador,90000000.0
29,27,1,112,2.0,189.0,8,0,230,4,0.0,2021,2,1.0,7,3,133,679,0.0,12.0,12.0,Divock Origi,Liverpool FC,Centre-Forward,Belgium,12000000.0
31,28,1,199,,179.0,20,0,84,9,,2021,2,,13,1,651,1794,0.0,5.0,5.0,Arthur Masuaku,West Ham United,Left-Back,DR Congo,5000000.0
29,28,3,81,0.0,178.0,63,0,16,11,0.0,2023,2,0.0,17,2,377,1233,0.0,9.0,9.0,Adama Traore,Fulham FC,Right Winger,Spain,9000000.0
34,34,0,41,1.0,189.0,21,0,985,3,0.0,2023,2,1.0,14,1,1087,1133,0.0,1.0,1.0,Zanka,Brentford FC,Centre-Back,Denmark,1000000.0
31,29,1,119,-5.0,191.0,27,0,787,3,0.0,2021,2,-1.0,22,1,1831,719,-17.0,48.0,65.0,Raphael Varane,Manchester United,Centre-Back,France,65000000.0
36,35,2,81,,175.0,10,2,965,8,,2023,2,,31,4,2052,2230,0.0,3.0,3.0,Willian,Fulham FC,Left Winger,Brazil,3000000.0
29,27,3,199,-5.0,172.0,2,4,840,8,0.0,2022,2,-1.0,35,6,2069,1060,3.0,25.0,22.0,Said Benrahma,West Ham United,Left Winger,Algeria,22000000.0
35,32,0,197,-2.0,183.0,74,0,355,4,1.0,2020,2,-1.0,19,2,562,503,-2.4,0.0,2.4,Hal Robson-Kanu,West Bromwich Albion,Centre-Forward,Wales,2400000.0
27,26,1,202,1.0,180.0,56,3,828,5,0.0,2022,2,1.0,35,6,3020,1078,0.0,40.0,40.0,Ruben Neves,Wolverhampton Wanderers,Defensive Midfield,Portugal,40000000.0
33,32,10,118,2.0,179.0,2,1,803,11,0.0,2022,2,1.0,30,5,1921,980,-10.0,20.0,30.0,Riyad Mahrez,Manchester City,Right Winger,Algeria,30000000.0
20,19,1,43,,174.0,4,0,287,1,,2023,2,,27,3,1364,2345,6.0,18.0,12.0,Facundo Buonanotte,Brighton & Hove Albion,Attacking Midfield,Argentina,12000000.0
29,26,0,119,-5.0,181.0,27,0,70,4,0.0,2021,2,-1.0,8,1,214,717,-19.0,16.0,35.0,Anthony Martial,Manchester United,Centre-Forward,France,35000000.0
31,29,1,108,-7.0,175.0,56,0,797,12,1.0,2022,2,-1.0,10,1,454,962,-8.0,10.0,18.0,Ricardo Pereira,Leicester City,Right-Back,Portugal,18000000.0
27,25,0,3,3.0,175.0,72,0,645,9,0.0,2022,2,1.0,12,2,458,823,2.0,8.0,6.0,Matias Vina,AFC Bournemouth,Left-Back,Uruguay,6000000.0
28,25,0,108,,185.0,68,0,989,3,,2020,2,,23,1,1819,1612,5.0,45.0,40.0,caglar Soyuncu,Leicester City,Centre-Back,Turkiye,40000000.0
27,25,0,57,,192.0,27,0,434,4,,2022,2,,29,2,770,1984,-2.0,7.0,9.0,Jean-Philippe Mateta,Crystal Palace,Centre-Forward,France,9000000.0
27,25,5,21,,186.0,25,0,103,12,,2022,2,,38,2,3054,2125,10.0,55.0,45.0,Ben White,Arsenal FC,Right-Back,England,45000000.0
28,27,0,81,0.0,182.0,60,0,856,2,0.0,2023,2,0.0,24,1,1121,1232,0.0,10.0,10.0,Sasa Lukic,Fulham FC,Central Midfield,Serbia,10000000.0
39,35,1,57,-6.0,193.0,25,0,323,3,0.0,2020,2,-1.0,20,1,1800,338,-1.0,1.5,2.5,Gary Cahill,Crystal Palace,Centre-Back,England,2500000.0
32,29,0,119,,174.0,25,0,442,1,,2021,2,,16,2,367,1773,-2.0,18.0,20.0,Jesse Lingard,Manchester United,Attacking Midfield,England,20000000.0
30,26,1,43,,180.0,25,0,882,11,,2020,2,,21,2,1672,1562,0.0,9.0,9.0,Solly March,Brighton & Hove Albion,Right Winger,England,9000000.0
31,27,1,112,,180.0,25,0,29,2,,2020,2,,13,1,253,1568,-6.0,18.0,24.0,Alex Oxlade-Chamberlain,Liverpool FC,Central Midfield,England,24000000.0
25,23,0,107,-2.0,172.0,15,0,585,8,1.0,2022,2,-1.0,19,5,869,937,0.0,22.0,22.0,Luis Sinisterra,Leeds United,Left Winger,Colombia,22000000.0
30,28,0,199,-5.0,176.0,40,0,255,9,0.0,2022,2,-1.0,22,1,1321,1068,-3.0,12.0,15.0,Emerson,West Ham United,Left-Back,Italy,15000000.0
27,27,5,3,3.0,185.0,4,0,614,3,0.0,2023,2,1.0,31,4,2242,1085,2.0,22.0,20.0,Marcos Senesi,AFC Bournemouth,Centre-Back,Argentina,20000000.0
32,29,0,132,,185.0,38,0,436,2,,2021,2,,3,1,73,1682,-2.0,5.0,7.0,Jeff Hendrick,Newcastle United,Central Midfield,Ireland,7000000.0
21,19,0,174,,181.0,8,0,822,5,,2022,2,,29,1,2221,2133,7.0,32.0,25.0,Romeo Lavia,Southampton FC,Defensive Midfield,Belgium,25000000.0
34,30,1,112,3.0,182.0,25,0,486,2,0.0,2020,2,1.0,21,1,1704,406,-8.0,20.0,28.0,Jordan Henderson,Liverpool FC,Central Midfield,England,28000000.0
26,24,2,50,,181.0,25,0,629,1,,2022,2,,24,3,1647,1959,-15.0,60.0,75.0,Mason Mount,Chelsea FC,Attacking Midfield,England,75000000.0
32,28,0,21,-5.0,179.0,24,0,684,5,0.0,2020,2,-1.0,23,1,1544,268,5.0,10.0,5.0,Mohamed Elneny,Arsenal FC,Defensive Midfield,Egypt,5000000.0
22,19,0,135,,188.0,38,0,57,3,,2021,2,,5,1,382,1669,0.0,1.2,1.2,Andrew Omobamidele,Norwich City,Centre-Back,Ireland,1200000.0
32,28,2,46,8.0,185.0,38,0,436,2,0.0,2019,2,1.0,24,2,1931,65,-2.0,9.0,11.0,Jeff Hendrick,Burnley FC,Central Midfield,Ireland,11000000.0
26,22,1,43,0.0,176.0,4,0,35,2,0.0,2020,2,0.0,21,1,1115,289,-1.0,10.0,11.0,Alexis Mac Allister,Brighton & Hove Albion,Central Midfield,Argentina,11000000.0
20,19,1,43,3.0,174.0,4,0,287,1,0.0,2023,2,1.0,27,3,1364,1146,6.0,18.0,12.0,Facundo Buonanotte,Brighton & Hove Albion,Attacking Midfield,Argentina,12000000.0
31,27,1,112,3.0,180.0,25,0,29,2,0.0,2020,2,1.0,13,1,253,409,-6.0,18.0,24.0,Alex Oxlade-Chamberlain,Liverpool FC,Central Midfield,England,24000000.0
30,26,0,132,0.0,184.0,64,0,257,12,0.0,2020,2,0.0,16,1,1288,459,-0.5,3.5,4.0,Emil Krafth,Newcastle United,Right-Back,Sweden,4000000.0
32,32,2,132,,201.0,25,0,188,3,,2023,2,,33,2,2726,2375,-2.0,8.0,10.0,Dan Burn,Newcastle United,Centre-Back,England,10000000.0
24,23,1,46,-1.0,185.0,65,1,986,4,1.0,2023,2,-1.0,34,5,1956,1173,-3.0,12.0,15.0,Zeki Amdouni,Burnley FC,Centre-Forward,Switzerland,15000000.0
34,31,5,199,,180.0,41,0,673,4,,2020,2,,26,10,1974,1651,0.0,12.0,12.0,Michail Antonio,West Ham United,Centre-Forward,Jamaica,12000000.0
20,18,2,119,-2.0,180.0,4,0,23,8,0.0,2022,2,-1.0,19,3,568,992,23.0,25.0,2.0,Alejandro Garnacho,Manchester United,Left Winger,Argentina,2000000.0
33,31,4,50,,168.0,27,0,705,5,,2021,2,,26,2,1773,1704,-10.0,40.0,50.0,NGolo Kante,Chelsea FC,Defensive Midfield,France,50000000.0
30,29,9,118,,173.0,56,0,109,1,,2023,2,,33,6,2578,2258,-10.0,70.0,80.0,Bernardo Silva,Manchester City,Attacking Midfield,Portugal,80000000.0
36,32,1,112,4.0,172.0,25,0,13,1,0.0,2019,2,1.0,15,1,382,130,-2.5,9.5,12.0,Adam Lallana,Liverpool FC,Attacking Midfield,England,12000000.0
32,31,0,3,3.0,196.0,74,0,538,4,0.0,2023,2,1.0,8,1,108,1096,-0.5,2.0,2.5,Kieffer Moore,AFC Bournemouth,Centre-Forward,Wales,2500000.0
26,26,3,41,1.0,184.0,29,0,950,5,0.0,2023,2,1.0,38,1,3054,1139,0.0,22.0,22.0,Vitaly Janelt,Brentford FC,Defensive Midfield,Germany,22000000.0
27,23,0,57,-6.0,192.0,27,0,434,4,0.0,2020,2,-1.0,7,1,221,340,-2.0,13.0,15.0,Jean-Philippe Mateta,Crystal Palace,Centre-Forward,France,15000000.0
22,22,2,3,3.0,177.0,11,0,191,8,0.0,2023,2,1.0,30,1,1229,1086,0.0,20.0,20.0,Dango Ouattara,AFC Bournemouth,Left Winger,Burkina Faso,20000000.0
26,25,5,112,,176.0,4,1,35,2,,2023,2,,33,5,2602,2235,10.0,75.0,65.0,Alexis Mac Allister,Liverpool FC,Central Midfield,Argentina,65000000.0
25,21,1,57,-6.0,181.0,25,0,934,9,0.0,2020,2,-1.0,19,1,1710,337,2.0,7.0,5.0,Tyrick Mitchell,Crystal Palace,Left-Back,England,5000000.0
33,30,0,135,-1.0,180.0,58,0,532,2,1.0,2021,2,-1.0,31,1,2706,750,-0.5,2.5,3.0,Kenny McLean,Norwich City,Central Midfield,Scotland,3000000.0
31,30,0,41,,194.0,41,0,274,3,,2023,2,,29,2,2521,2276,-3.0,12.0,15.0,Ethan Pinnock,Brentford FC,Centre-Back,Jamaica,15000000.0
31,28,3,119,,191.0,27,0,765,2,,2020,2,,26,3,1897,1495,-20.0,60.0,80.0,Paul Pogba,Manchester United,Central Midfield,France,80000000.0
32,32,2,119,-7.0,185.0,10,0,144,5,0.0,2023,2,-1.0,25,1,1982,1284,-10.0,20.0,30.0,Casemiro,Manchester United,Defensive Midfield,Brazil,30000000.0
21,20,0,50,-2.0,183.0,25,0,38,3,0.0,2023,2,-1.0,11,1,206,1178,4.8,5.0,0.2,Alfie Gilchrist,Chelsea FC,Centre-Back,England,200000.0
30,26,5,22,0.0,178.0,58,0,474,2,0.0,2020,2,0.0,37,3,3330,288,14.0,30.0,16.0,John McGinn,Aston Villa,Central Midfield,Scotland,16000000.0
21,21,6,112,,170.0,25,0,364,2,,2023,2,,34,3,1351,2325,5.0,35.0,30.0,Harvey Elliott,Liverpool FC,Central Midfield,England,30000000.0
28,24,2,132,,186.0,10,1,468,2,,2020,2,,31,4,1984,1507,-3.0,17.0,20.0,Joelinton,Newcastle United,Central Midfield,Brazil,20000000.0
24,22,0,188,-2.0,175.0,25,0,739,5,0.0,2022,2,-1.0,23,1,1490,1052,0.0,15.0,15.0,Oliver Skipp,Tottenham Hotspur,Defensive Midfield,England,15000000.0
34,29,0,195,-7.0,182.0,4,1,809,2,1.0,2019,2,-1.0,28,3,1648,225,-2.0,9.0,11.0,Roberto Pereyra,Watford FC,Central Midfield,Argentina,11000000.0
32,28,3,188,-2.0,176.0,16,0,866,12,0.0,2020,2,-1.0,19,2,1605,486,4.0,20.0,16.0,Serge Aurier,Tottenham Hotspur,Right-Back,Cote dIvoire,16000000.0
26,25,3,202,2.0,187.0,56,0,927,3,0.0,2023,2,1.0,35,1,2772,1381,6.0,20.0,14.0,Toti,Wolverhampton Wanderers,Centre-Back,Portugal,14000000.0
27,25,0,119,,175.0,4,0,568,3,,2022,2,,27,1,2115,2201,0.0,50.0,50.0,Lisandro Martinez,Manchester United,Centre-Back,Argentina,50000000.0
29,28,7,81,,178.0,10,0,54,1,,2023,2,,37,3,2614,2337,0.0,20.0,20.0,Andreas Pereira,Fulham FC,Attacking Midfield,Brazil,20000000.0
25,21,1,174,-2.0,173.0,50,0,713,10,0.0,2020,2,-1.0,18,1,745,476,1.25,2.0,0.75,Nathan Tella,Southampton FC,Right Midfield,Nigeria,750000.0
31,30,4,116,2.0,189.0,25,0,825,2,1.0,2023,2,1.0,32,5,2618,1255,3.5,8.0,4.5,Ross Barkley,Luton Town,Central Midfield,England,4500000.0
30,28,0,195,,170.0,16,0,365,9,,2021,2,,19,1,1624,1721,-3.0,4.0,7.0,Hassane Kamara,Watford FC,Left-Back,Cote dIvoire,7000000.0
29,25,0,22,-3.0,191.0,25,0,546,3,0.0,2019,2,-1.0,18,1,1545,39,3.5,6.5,3.0,Kortney Hause,Aston Villa,Centre-Back,England,3000000.0
24,22,1,202,3.0,174.0,56,0,769,11,0.0,2021,2,1.0,13,1,466,810,-3.0,32.0,35.0,Pedro Neto,Wolverhampton Wanderers,Right Winger,Portugal,35000000.0
34,31,0,41,7.0,189.0,21,0,985,3,0.0,2021,2,1.0,8,1,518,561,-0.3,1.2,1.5,Zanka,Brentford FC,Centre-Back,Denmark,1500000.0
35,32,0,46,-1.0,180.0,25,0,101,3,1.0,2021,2,-1.0,21,3,1839,597,-1.5,2.5,4.0,Ben Mee,Burnley FC,Centre-Back,England,4000000.0
29,27,6,81,,178.0,10,1,54,1,,2022,2,,33,4,2692,2108,11.0,18.0,7.0,Andreas Pereira,Fulham FC,Attacking Midfield,Brazil,7000000.0
29,26,0,22,,189.0,48,4,76,11,,2020,2,,28,10,1613,1460,5.0,13.0,8.0,Anwar El Ghazi,Aston Villa,Right Winger,Netherlands,8000000.0
33,31,4,112,,174.0,63,0,907,2,,2021,2,,25,1,1534,1774,-5.0,20.0,25.0,Thiago Alcantara,Liverpool FC,Central Midfield,Spain,25000000.0
22,21,0,132,2.0,182.0,25,0,917,12,0.0,2023,2,1.0,26,1,1313,1309,5.0,35.0,30.0,Tino Livramento,Newcastle United,Right-Back,England,30000000.0
24,20,1,43,0.0,163.0,30,0,899,12,0.0,2020,2,0.0,11,1,887,300,10.0,18.0,8.0,Tariq Lamptey,Brighton & Hove Albion,Right-Back,Ghana,8000000.0
33,30,2,107,,183.0,52,0,890,7,,2020,2,,38,8,3409,1456,1.0,4.0,3.0,Stuart Dallas,Leeds United,Left Midfield,Northern Ireland,3000000.0
26,25,4,112,2.0,175.0,25,0,928,12,0.0,2023,2,1.0,28,3,2156,1240,0.0,70.0,70.0,Trent Alexander-Arnold,Liverpool FC,Right-Back,England,70000000.0
28,23,2,188,0.0,181.0,27,0,898,2,0.0,2019,2,0.0,21,2,1009,222,-13.0,52.0,65.0,Tanguy Ndombele,Tottenham Hotspur,Central Midfield,France,65000000.0
32,31,0,66,,188.0,25,0,669,3,,2023,2,,9,1,439,2227,-1.0,6.0,7.0,Michael Keane,Everton FC,Centre-Back,England,7000000.0
28,26,0,108,-7.0,185.0,68,0,989,3,1.0,2022,2,-1.0,7,1,529,964,-13.0,15.0,28.0,caglar Soyuncu,Leicester City,Centre-Back,Turkiye,28000000.0
20,18,0,112,,185.0,63,0,884,5,,2022,2,,11,1,528,2160,12.0,13.0,1.0,Stefan Bajcetic,Liverpool FC,Defensive Midfield,Spain,1000000.0
31,29,3,199,,170.0,4,3,605,1,,2021,2,,30,5,1786,1895,2.0,12.0,10.0,Manuel Lanzini,West Ham United,Attacking Midfield,Argentina,10000000.0
21,21,2,119,,191.0,21,0,789,4,,2023,2,,30,10,2159,2501,0.0,65.0,65.0,Rasmus Hojlund,Manchester United,Centre-Forward,Denmark,65000000.0
39,37,0,119,-2.0,188.0,56,0,181,4,0.0,2022,2,-1.0,10,1,525,1004,-5.0,15.0,20.0,Cristiano Ronaldo,Manchester United,Centre-Forward,Portugal,20000000.0
31,28,1,21,,185.0,30,0,912,5,,2021,2,,24,2,2028,1739,-2.0,38.0,40.0,Thomas Partey,Arsenal FC,Defensive Midfield,Ghana,40000000.0
32,31,0,3,,196.0,74,0,538,4,,2023,2,,8,1,108,2385,-0.5,2.0,2.5,Kieffer Moore,AFC Bournemouth,Centre-Forward,Wales,2500000.0
28,27,1,132,2.0,186.0,10,0,468,2,0.0,2023,2,1.0,20,2,1279,1300,-2.0,40.0,42.0,Joelinton,Newcastle United,Central Midfield,Brazil,42000000.0
33,29,12,118,3.0,181.0,8,2,536,1,0.0,2020,2,1.0,25,6,1997,418,-20.0,100.0,120.0,Kevin De Bruyne,Manchester City,Attacking Midfield,Belgium,120000000.0
29,27,2,202,,188.0,8,0,555,5,,2021,2,,30,2,1950,1687,-2.0,28.0,30.0,Leander Dendoncker,Wolverhampton Wanderers,Defensive Midfield,Belgium,30000000.0
38,34,2,170,11.0,175.0,25,0,113,4,0.0,2019,2,1.0,25,3,1052,189,-0.4,1.6,2.0,Billy Sharp,Sheffield United,Centre-Forward,England,2000000.0
28,27,3,79,,171.0,27,0,715,4,,2023,2,,31,6,1432,1217,2.0,12.0,10.0,Neal Maupay,For 2 Clubs,Centre-Forward,France,10000000.0
28,28,0,136,-6.0,190.0,59,0,700,3,0.0,2023,2,-1.0,21,1,1461,1331,0.0,16.0,16.0,Moussa Niakhate,Nottingham Forest,Centre-Back,Senegal,16000000.0
22,19,0,66,-9.0,195.0,25,0,427,3,0.0,2021,2,-1.0,6,1,389,631,0.0,3.0,3.0,Jarrad Branthwaite,Everton FC,Centre-Back,England,3000000.0
23,22,1,79,,175.0,25,0,138,4,,2023,2,,30,4,1838,1216,-5.0,13.0,18.0,Cameron Archer,For 2 Clubs,Centre-Forward,England,18000000.0
27,24,0,199,3.0,179.0,17,0,727,1,0.0,2021,2,1.0,19,1,560,787,-5.0,22.0,27.0,Nikola Vlasic,West Ham United,Attacking Midfield,Croatia,27000000.0
26,24,2,43,,176.0,4,6,35,2,,2022,2,,35,10,2886,2194,40.0,65.0,25.0,Alexis Mac Allister,Brighton & Hove Albion,Central Midfield,Argentina,25000000.0
32,31,10,112,,175.0,24,5,686,11,,2023,2,,32,18,2534,2208,-10.0,55.0,65.0,Mohamed Salah,Liverpool FC,Right Winger,Egypt,65000000.0
34,30,1,112,,182.0,25,0,486,2,,2020,2,,21,1,1704,1408,-8.0,20.0,28.0,Jordan Henderson,Liverpool FC,Central Midfield,England,28000000.0
24,24,1,119,,172.0,10,0,75,11,,2023,2,,29,1,1324,2459,-25.0,25.0,50.0,Antony,Manchester United,Right Winger,Brazil,50000000.0
23,23,2,66,,182.0,25,0,411,5,,2023,2,,37,1,3004,2449,6.0,22.0,16.0,James Garner,Everton FC,Defensive Midfield,England,16000000.0
27,26,0,116,,193.0,25,0,251,4,,2023,2,,27,10,1416,2496,5.0,12.0,7.0,Elijah Adebayo,Luton Town,Centre-Forward,England,7000000.0
30,29,0,199,,190.0,27,0,549,3,,2023,2,,33,3,2838,2338,0.0,25.0,25.0,Kurt Zouma,West Ham United,Centre-Back,France,25000000.0
23,19,1,202,,180.0,2,0,792,9,,2020,2,,21,1,1404,1517,-2.0,18.0,20.0,Rayan Ait-Nouri,Wolverhampton Wanderers,Left-Back,Algeria,20000000.0
27,24,3,21,,180.0,58,0,540,9,,2021,2,,22,1,1915,1763,0.0,32.0,32.0,Kieran Tierney,Arsenal FC,Left-Back,Scotland,32000000.0
30,26,0,118,,188.0,25,0,475,3,,2020,2,,22,4,1934,1504,0.0,30.0,30.0,John Stones,Manchester City,Centre-Back,England,30000000.0
28,24,0,170,,185.0,25,0,526,3,,2020,2,,13,1,1004,1639,1.75,2.0,0.25,Kean Bryan,Sheffield United,Centre-Back,England,250000.0
30,28,5,50,,177.0,17,0,633,2,,2021,2,,25,2,1558,1705,-3.0,42.0,45.0,Mateo Kovacic,Chelsea FC,Central Midfield,Croatia,45000000.0
26,23,4,199,3.0,188.0,25,0,213,2,0.0,2021,2,1.0,36,1,3179,795,10.0,80.0,70.0,Declan Rice,West Ham United,Central Midfield,England,70000000.0
28,25,3,188,,178.0,63,0,871,9,,2021,2,,25,2,1916,1691,-3.0,25.0,28.0,Sergio Reguilon,Tottenham Hotspur,Left-Back,Spain,28000000.0
29,25,5,22,0.0,180.0,25,1,741,4,0.0,2020,2,0.0,37,14,3329,280,2.0,32.0,30.0,Ollie Watkins,Aston Villa,Centre-Forward,England,30000000.0
33,32,10,118,,179.0,2,1,803,11,,2022,2,,30,5,1921,2047,-10.0,20.0,30.0,Riyad Mahrez,Manchester City,Right Winger,Algeria,30000000.0
33,30,6,118,3.0,179.0,2,0,803,11,0.0,2020,2,1.0,27,9,1949,416,-6.0,42.0,48.0,Riyad Mahrez,Manchester City,Right Winger,Algeria,48000000.0
33,32,1,132,,186.0,65,0,282,3,,2023,2,,36,4,3054,2355,0.0,10.0,10.0,Fabian Schar,Newcastle United,Centre-Back,Switzerland,10000000.0
34,32,3,135,,180.0,26,3,902,4,,2021,2,,37,11,3253,1666,-1.0,4.0,5.0,Teemu Pukki,Norwich City,Centre-Forward,Finland,5000000.0
28,27,3,66,,175.0,25,0,396,11,,2023,2,,29,3,2214,2229,-4.0,18.0,22.0,Jack Harrison,Everton FC,Right Winger,England,22000000.0
27,26,2,132,2.0,187.0,25,0,861,2,0.0,2023,2,1.0,35,6,2747,1302,0.0,25.0,25.0,Sean Longstaff,Newcastle United,Central Midfield,England,25000000.0
34,33,3,46,,186.0,36,0,469,11,,2023,2,,26,1,1191,2452,0.0,1.0,1.0,Johann Berg Gudmundsson,Burnley FC,Right Winger,Iceland,1000000.0
35,33,0,136,,189.0,59,0,152,5,,2022,2,,21,1,881,2187,-1.0,2.0,3.0,Cheikhou Kouyate,Nottingham Forest,Defensive Midfield,Senegal,3000000.0
29,28,2,46,,179.0,25,0,489,2,,2023,2,,33,4,2253,2287,-3.0,15.0,18.0,Josh Brownhill,Burnley FC,Central Midfield,England,18000000.0
28,27,6,199,,176.0,25,0,428,11,,2023,2,,34,16,3019,2207,2.0,50.0,48.0,Jarrod Bowen,West Ham United,Right Winger,England,48000000.0
30,29,1,116,2.0,184.0,25,0,145,4,1.0,2023,2,1.0,24,1,426,1259,0.0,1.0,1.0,Cauley Woodrow,Luton Town,Centre-Forward,England,1000000.0
35,34,1,46,-1.0,185.0,25,1,431,4,1.0,2023,2,-1.0,21,2,822,1163,0.0,1.0,1.0,Jay Rodriguez,Burnley FC,Centre-Forward,England,1000000.0
27,27,1,116,2.0,181.0,38,0,155,11,1.0,2023,2,1.0,30,4,1995,1263,5.0,8.0,3.0,Chiedozie Ogbene,Luton Town,Right Winger,Ireland,3000000.0
25,24,8,22,,170.0,27,0,698,11,,2023,2,,38,6,2174,2253,0.0,55.0,55.0,Moussa Diaby,Aston Villa,Right Winger,France,55000000.0
25,24,4,3,,178.0,25,0,617,7,,2022,2,,23,5,1743,2038,7.0,17.0,10.0,Marcus Tavernier,AFC Bournemouth,Left Midfield,England,10000000.0
36,33,0,199,,191.0,40,0,65,3,,2021,2,,11,1,921,1712,-0.8,1.2,2.0,Angelo Ogbonna,West Ham United,Centre-Back,Italy,2000000.0
24,21,1,112,2.0,185.0,25,0,185,2,0.0,2021,2,1.0,15,1,852,688,-2.0,28.0,30.0,Curtis Jones,Liverpool FC,Central Midfield,England,30000000.0
29,25,1,21,,183.0,16,1,724,11,,2020,2,,29,10,1617,1464,-10.0,35.0,45.0,Nicolas Pepe,Arsenal FC,Right Winger,Cote dIvoire,45000000.0
29,26,0,119,,181.0,27,0,70,4,,2021,2,,8,1,214,1685,-19.0,16.0,35.0,Anthony Martial,Manchester United,Centre-Forward,France,35000000.0
25,23,1,107,,190.0,48,0,755,3,,2022,2,,29,2,2199,2109,0.0,18.0,18.0,Pascal Struijk,Leeds United,Centre-Back,Netherlands,18000000.0
34,31,2,107,1.0,183.0,55,0,635,2,0.0,2021,2,1.0,33,1,2074,661,-1.0,3.0,4.0,Mateusz Klich,Leeds United,Central Midfield,Poland,4000000.0
29,27,1,202,1.0,177.0,43,0,367,4,0.0,2022,2,1.0,27,3,1130,1075,0.0,12.0,12.0,Hee-chan Hwang,Wolverhampton Wanderers,Centre-Forward,"Korea, South",12000000.0
24,23,3,46,-1.0,185.0,62,0,594,4,1.0,2023,2,-1.0,24,5,1899,1172,0.0,13.0,13.0,Lyle Foster,Burnley FC,Centre-Forward,South Africa,13000000.0
30,26,0,66,,195.0,15,0,975,3,,2020,2,,24,2,1937,1616,0.0,20.0,20.0,Yerry Mina,Everton FC,Centre-Back,Colombia,20000000.0
31,28,1,112,2.0,180.0,25,0,29,2,0.0,2021,2,1.0,17,2,786,687,-2.0,16.0,18.0,Alex Oxlade-Chamberlain,Liverpool FC,Central Midfield,England,18000000.0
23,22,1,43,3.0,175.0,16,0,878,8,0.0,2023,2,1.0,31,6,2222,1148,15.0,30.0,15.0,Simon Adingra,Brighton & Hove Albion,Left Winger,Cote dIvoire,15000000.0
25,22,1,21,,175.0,25,0,245,4,,2021,2,,21,5,835,1891,4.0,16.0,12.0,Eddie Nketiah,Arsenal FC,Centre-Forward,England,12000000.0
29,27,0,22,,181.0,11,0,110,11,,2022,2,,8,2,233,1970,-2.0,12.0,14.0,Bertrand Traore,Aston Villa,Right Winger,Burkina Faso,14000000.0
28,26,3,41,,176.0,20,0,976,4,,2022,2,,38,7,1607,1999,3.0,18.0,15.0,Yoane Wissa,Brentford FC,Centre-Forward,DR Congo,15000000.0
28,27,3,41,,176.0,20,0,976,4,,2023,2,,34,12,2493,2219,3.0,28.0,25.0,Yoane Wissa,Brentford FC,Centre-Forward,DR Congo,25000000.0
26,26,0,188,,185.0,4,0,180,3,,2023,2,,33,5,2791,2303,0.0,65.0,65.0,Cristian Romero,Tottenham Hotspur,Centre-Back,Argentina,65000000.0
23,19,2,119,,181.0,41,0,627,11,,2020,2,,31,7,1822,1442,5.0,50.0,45.0,Mason Greenwood,Manchester United,Right Winger,Jamaica,45000000.0
36,33,1,43,,172.0,25,0,13,1,,2020,2,,30,1,1595,1514,-4.0,4.0,8.0,Adam Lallana,Brighton & Hove Albion,Attacking Midfield,England,8000000.0
29,29,7,132,2.0,179.0,25,0,402,11,0.0,2023,2,1.0,21,3,1189,1305,0.0,15.0,15.0,Jacob Murphy,Newcastle United,Right Winger,England,15000000.0
31,28,3,108,,178.0,63,0,93,4,,2021,2,,14,2,446,1693,-5.0,10.0,15.0,Ayoze Perez,Leicester City,Centre-Forward,Spain,15000000.0
28,28,0,199,-1.0,190.0,47,0,714,3,0.0,2023,2,-1.0,21,1,1858,1369,-3.0,35.0,38.0,Nayef Aguerd,West Ham United,Centre-Back,Morocco,38000000.0
30,28,4,81,,181.0,25,0,358,2,,2022,2,,37,3,2866,2085,3.0,18.0,15.0,Harrison Reed,Fulham FC,Central Midfield,England,15000000.0
28,24,1,3,-1.0,193.0,21,0,775,2,1.0,2019,2,-1.0,34,1,2530,2,-0.5,14.5,15.0,Philip Billing,AFC Bournemouth,Central Midfield,Denmark,15000000.0
30,29,0,202,1.0,175.0,63,0,483,12,0.0,2022,2,1.0,18,1,1261,1083,-4.0,13.0,17.0,Jonny Otto,Wolverhampton Wanderers,Right-Back,Spain,17000000.0
37,35,1,119,-5.0,184.0,72,0,246,4,0.0,2021,2,-1.0,15,2,768,725,0.0,4.0,4.0,Edinson Cavani,Manchester United,Centre-Forward,Uruguay,4000000.0
26,25,2,136,-6.0,179.0,4,0,721,2,0.0,2023,2,-1.0,26,2,1495,1320,0.0,17.0,17.0,Nicolas Dominguez,Nottingham Forest,Central Midfield,Argentina,17000000.0
28,25,1,50,,180.0,25,0,97,9,,2021,2,,7,3,542,1845,0.0,38.0,38.0,Ben Chilwell,Chelsea FC,Left-Back,England,38000000.0
34,30,2,118,3.0,180.0,29,1,990,2,0.0,2020,2,1.0,28,13,2029,425,0.0,40.0,40.0,ilkay Gundogan,Manchester City,Central Midfield,Germany,40000000.0
29,28,0,118,,188.0,65,0,604,3,,2023,2,,30,2,2512,2275,3.0,45.0,42.0,Manuel Akanji,Manchester City,Centre-Back,Switzerland,42000000.0
25,21,2,50,,180.0,25,0,793,12,,2020,2,,32,1,2373,1541,10.0,40.0,30.0,Reece James,Chelsea FC,Right-Back,England,30000000.0
28,23,1,22,-3.0,191.0,10,0,959,4,0.0,2019,2,-1.0,21,5,1782,31,-6.0,24.0,30.0,Wesley Moraes,Aston Villa,Centre-Forward,Brazil,30000000.0
32,31,0,132,4.0,201.0,25,0,188,3,0.0,2022,2,1.0,38,1,3111,1013,-2.0,10.0,12.0,Dan Burn,Newcastle United,Centre-Back,England,12000000.0
31,31,0,119,-7.0,191.0,27,0,787,3,0.0,2023,2,-1.0,22,1,1375,1293,-5.0,20.0,25.0,Raphael Varane,Manchester United,Centre-Back,France,25000000.0
28,26,1,202,,179.0,56,0,343,8,,2022,2,,13,1,707,2146,-12.0,23.0,35.0,Goncalo Guedes,Wolverhampton Wanderers,Left Winger,Portugal,35000000.0
29,27,1,202,1.0,178.0,63,0,16,11,0.0,2022,2,1.0,34,2,1494,1081,-5.0,10.0,15.0,Adama Traore,Wolverhampton Wanderers,Right Winger,Spain,15000000.0
29,28,2,46,-1.0,179.0,25,0,489,2,1.0,2023,2,-1.0,33,4,2253,1164,-3.0,15.0,18.0,Josh Brownhill,Burnley FC,Central Midfield,England,18000000.0
27,24,1,188,2.0,171.0,48,0,888,8,0.0,2021,2,1.0,25,3,564,773,0.0,18.0,18.0,Steven Bergwijn,Tottenham Hotspur,Left Winger,Netherlands,18000000.0
26,22,4,195,-7.0,185.0,59,0,385,11,1.0,2019,2,-1.0,28,5,2028,234,-2.5,24.5,27.0,Ismaila Sarr,Watford FC,Right Winger,Senegal,27000000.0
32,28,0,112,,193.0,10,0,40,6,,2020,2,,33,1,2970,1546,-20.0,60.0,80.0,Alisson,Liverpool FC,Goalkeeper,Brazil,80000000.0
32,28,1,188,0.0,184.0,4,0,269,11,0.0,2019,2,0.0,25,2,1215,213,-6.0,16.0,22.0,Erik Lamela,Tottenham Hotspur,Right Winger,Argentina,22000000.0
28,24,2,43,,171.0,27,3,715,4,,2020,2,,33,8,2513,1447,0.0,20.0,20.0,Neal Maupay,Brighton & Hove Albion,Centre-Forward,France,20000000.0
35,33,0,108,-7.0,175.0,25,0,606,10,1.0,2022,2,-1.0,6,1,237,959,-1.0,1.0,2.0,Marc Albrighton,Leicester City,Right Midfield,England,2000000.0
22,22,2,50,-2.0,182.0,25,1,730,11,0.0,2023,2,-1.0,23,5,1053,1179,3.0,28.0,25.0,Noni Madueke,Chelsea FC,Right Winger,England,25000000.0
32,30,7,21,,186.0,65,0,347,5,,2022,2,,37,7,2993,2001,-5.0,20.0,25.0,Granit Xhaka,Arsenal FC,Defensive Midfield,Switzerland,25000000.0
28,26,2,112,,180.0,15,0,582,8,,2022,2,,17,4,996,2091,0.0,75.0,75.0,Luis Diaz,Liverpool FC,Left Winger,Colombia,75000000.0
29,25,0,79,,191.0,25,0,827,2,,2020,2,-1.0,31,1,1969,360,-6.0,18.0,24.0,Ruben Loftus-Cheek,For 2 Clubs,Central Midfield,England,24000000.0
24,21,2,50,-1.0,178.0,25,0,133,8,0.0,2021,2,-1.0,15,1,962,606,-7.0,25.0,32.0,Callum Hudson-Odoi,Chelsea FC,Left Winger,England,32000000.0
27,25,5,132,,173.0,27,0,41,8,,2021,2,,35,5,2804,1901,0.0,32.0,32.0,Allan Saint-Maximin,Newcastle United,Left Winger,France,32000000.0
22,21,0,66,,195.0,25,0,427,3,,2023,2,,35,3,3116,2348,24.0,42.0,18.0,Jarrad Branthwaite,Everton FC,Centre-Back,England,18000000.0
29,27,0,22,0.0,181.0,11,0,110,11,0.0,2022,2,0.0,8,2,233,843,-2.0,12.0,14.0,Bertrand Traore,Aston Villa,Right Winger,Burkina Faso,14000000.0
28,26,2,21,,175.0,70,0,735,9,,2022,2,,27,1,2119,2027,10.0,42.0,32.0,Oleksandr Zinchenko,Arsenal FC,Left-Back,Ukraine,32000000.0
22,22,0,116,2.0,186.0,25,0,901,3,1.0,2023,2,1.0,30,1,2469,1257,5.0,12.0,7.0,Teden Mengi,Luton Town,Centre-Back,England,7000000.0
30,29,8,119,,179.0,56,4,126,1,,2023,2,,35,10,3118,2497,0.0,70.0,70.0,Bruno Fernandes,Manchester United,Attacking Midfield,Portugal,70000000.0
31,29,0,50,-1.0,191.0,8,1,821,4,0.0,2021,2,-1.0,26,8,1589,601,-30.0,70.0,100.0,Romelu Lukaku,Chelsea FC,Centre-Forward,Belgium,100000000.0
31,27,0,81,,170.0,25,0,461,9,,2020,2,,16,1,669,1565,-0.5,5.0,5.5,Joe Bryan,Fulham FC,Left-Back,England,5500000.0
31,26,4,50,-1.0,189.0,25,0,825,2,0.0,2019,2,-1.0,21,1,1103,73,-5.5,21.5,27.0,Ross Barkley,Chelsea FC,Central Midfield,England,27000000.0
28,26,5,41,,185.0,25,5,391,4,,2021,2,,33,12,2909,1667,3.0,35.0,32.0,Ivan Toney,Brentford FC,Centre-Forward,England,32000000.0
33,31,1,107,-2.0,183.0,25,0,589,12,1.0,2022,2,-1.0,29,2,2054,943,-1.2,1.8,3.0,Luke Ayling,Leeds United,Right-Back,England,3000000.0
33,30,0,79,,191.0,49,1,159,4,,2021,2,,34,5,2695,1927,4.0,10.0,6.0,Chris Wood,For 2 Clubs,Centre-Forward,New Zealand,6000000.0
24,23,1,112,2.0,185.0,25,0,185,2,0.0,2023,2,1.0,23,1,1166,1242,10.0,35.0,25.0,Curtis Jones,Liverpool FC,Central Midfield,England,25000000.0
27,26,0,21,1.0,190.0,10,0,314,3,0.0,2023,2,1.0,36,4,3044,1101,10.0,70.0,60.0,Gabriel Magalhaes,Arsenal FC,Centre-Back,Brazil,60000000.0
38,35,1,202,,170.0,56,0,458,2,,2021,2,,35,2,2971,1750,0.0,2.5,2.5,Joco Moutinho,Wolverhampton Wanderers,Central Midfield,Portugal,2500000.0
30,29,1,43,,180.0,25,0,882,11,,2023,2,,7,3,554,2346,-4.0,18.0,22.0,Solly March,Brighton & Hove Albion,Right Winger,England,22000000.0
31,29,0,119,,194.0,25,0,360,3,,2021,2,,30,1,2516,1778,-12.0,38.0,50.0,Harry Maguire,Manchester United,Centre-Back,England,50000000.0
31,27,0,81,-4.0,175.0,3,1,389,8,1.0,2020,2,-1.0,36,3,2472,363,-1.0,7.0,8.0,Ivan Cavaleiro,Fulham FC,Left Winger,Angola,8000000.0
26,23,2,50,,177.0,71,0,164,11,,2021,2,,22,6,1290,1911,-3.0,42.0,45.0,Christian Pulisic,Chelsea FC,Right Winger,United States,45000000.0
31,28,1,41,,194.0,41,0,274,3,,2021,2,,32,1,2694,1807,2.0,12.0,10.0,Ethan Pinnock,Brentford FC,Centre-Back,Jamaica,10000000.0
31,27,1,79,,189.0,25,0,825,2,,2020,2,,26,3,1573,1407,-1.5,20.0,21.5,Ross Barkley,For 2 Clubs,Central Midfield,England,21500000.0
26,24,0,41,,184.0,29,0,950,5,,2021,2,,31,4,2298,1870,4.0,14.0,10.0,Vitaly Janelt,Brentford FC,Defensive Midfield,Germany,10000000.0
23,21,1,21,,192.0,27,0,964,3,,2022,2,,27,2,2415,1987,25.0,65.0,40.0,William Saliba,Arsenal FC,Centre-Back,France,40000000.0
28,27,3,112,2.0,178.0,56,0,229,4,0.0,2023,2,1.0,21,10,1146,1249,0.0,50.0,50.0,Diogo Jota,Liverpool FC,Centre-Forward,Portugal,50000000.0
32,31,0,202,,174.0,63,0,751,11,,2022,2,,13,1,765,2172,-8.0,14.0,22.0,Pablo Sarabia,Wolverhampton Wanderers,Right Winger,Spain,22000000.0
28,27,5,112,2.0,180.0,15,0,582,8,0.0,2023,2,1.0,37,8,2629,1237,0.0,75.0,75.0,Luis Diaz,Liverpool FC,Left Winger,Colombia,75000000.0
34,30,0,195,-7.0,188.0,25,0,178,3,1.0,2019,2,-1.0,29,2,2361,228,-1.2,4.8,6.0,Craig Dawson,Watford FC,Centre-Back,England,6000000.0
30,28,3,22,,178.0,58,0,474,2,,2022,2,,34,1,2694,2042,-3.0,27.0,30.0,John McGinn,Aston Villa,Central Midfield,Scotland,30000000.0
34,32,3,135,-1.0,180.0,26,3,902,4,1.0,2021,2,-1.0,37,11,3253,743,-1.0,4.0,5.0,Teemu Pukki,Norwich City,Centre-Forward,Finland,5000000.0
32,30,2,66,-7.0,188.0,25,0,669,3,0.0,2022,2,-1.0,12,1,985,906,-6.0,10.0,16.0,Michael Keane,Everton FC,Centre-Back,England,16000000.0
22,21,0,50,,182.0,25,0,730,11,,2022,2,,12,1,643,2168,15.0,30.0,15.0,Noni Madueke,Chelsea FC,Right Winger,England,15000000.0
32,30,0,22,,172.0,10,0,776,1,,2022,2,,20,1,786,2178,-8.0,10.0,18.0,Philippe Coutinho,Aston Villa,Attacking Midfield,Brazil,18000000.0
23,22,5,50,-2.0,187.0,59,0,722,4,0.0,2023,2,-1.0,35,14,2799,1186,0.0,35.0,35.0,Nicolas Jackson,Chelsea FC,Centre-Forward,Senegal,35000000.0
32,28,2,174,2.0,177.0,25,1,197,4,0.0,2019,2,1.0,38,22,2804,202,-0.5,17.5,18.0,Danny Ings,Southampton FC,Centre-Forward,England,18000000.0
30,26,6,118,,173.0,56,0,109,1,,2020,2,,26,2,2065,1431,-10.0,70.0,80.0,Bernardo Silva,Manchester City,Attacking Midfield,Portugal,80000000.0
27,24,4,43,7.0,184.0,75,0,265,2,0.0,2021,2,1.0,18,2,996,587,-2.0,18.0,20.0,Enock Mwepu,Brighton & Hove Albion,Central Midfield,Zambia,20000000.0
26,24,0,202,,187.0,56,0,927,3,,2022,2,,17,1,984,2180,3.5,6.0,2.5,Toti,Wolverhampton Wanderers,Centre-Back,Portugal,2500000.0
20,19,0,43,3.0,188.0,38,0,275,4,0.0,2023,2,1.0,27,6,1367,1155,-15.0,50.0,65.0,Evan Ferguson,Brighton & Hove Albion,Centre-Forward,Ireland,65000000.0
37,35,0,199,3.0,180.0,25,1,621,2,0.0,2021,2,1.0,11,1,332,793,-1.0,0.0,1.0,Mark Noble,West Ham United,Central Midfield,England,1000000.0
27,25,5,66,,184.0,10,3,799,4,,2021,2,,30,10,2523,1880,-7.0,48.0,55.0,Richarlison,Everton FC,Centre-Forward,Brazil,55000000.0
23,23,1,41,1.0,193.0,38,0,710,3,0.0,2023,2,1.0,32,1,2652,1142,0.0,25.0,25.0,Nathan Collins,Brentford FC,Centre-Back,Ireland,25000000.0
35,32,0,46,-1.0,185.0,25,1,86,4,1.0,2021,2,-1.0,23,1,808,593,-0.5,1.5,2.0,Ashley Barnes,Burnley FC,Centre-Forward,England,2000000.0
28,27,1,199,-5.0,178.0,63,0,750,1,0.0,2022,2,-1.0,32,3,1502,1071,-3.0,22.0,25.0,Pablo Fornals,West Ham United,Attacking Midfield,Spain,25000000.0
30,27,0,43,7.0,190.0,25,0,15,3,0.0,2021,2,1.0,22,2,1435,579,-1.0,17.0,18.0,Adam Webster,Brighton & Hove Albion,Centre-Back,England,18000000.0
30,26,1,118,3.0,185.0,27,0,104,9,0.0,2020,2,1.0,13,2,953,424,-8.0,20.0,28.0,Benjamin Mendy,Manchester City,Left-Back,France,28000000.0
33,30,2,174,,183.0,63,0,746,5,,2021,2,,36,2,2888,1688,0.0,5.0,5.0,Oriol Romeu,Southampton FC,Defensive Midfield,Spain,5000000.0
24,24,9,118,1.0,170.0,4,2,503,4,0.0,2023,2,1.0,36,11,2647,1268,10.0,90.0,80.0,Julian Alvarez,Manchester City,Centre-Forward,Argentina,80000000.0
35,30,2,132,-2.0,174.0,25,0,241,4,0.0,2019,2,-1.0,20,4,849,166,-2.5,9.5,12.0,Dwight Gayle,Newcastle United,Centre-Forward,England,12000000.0
22,21,0,50,-10.0,182.0,25,0,730,11,0.0,2022,2,-1.0,12,1,643,882,15.0,30.0,15.0,Noni Madueke,Chelsea FC,Right Winger,England,15000000.0
30,29,0,108,-7.0,181.0,8,0,221,2,1.0,2022,2,-1.0,22,1,650,954,-4.0,7.0,11.0,Dennis Praet,Leicester City,Central Midfield,Belgium,11000000.0
25,24,2,21,1.0,175.0,25,0,245,4,0.0,2023,2,1.0,27,5,1081,1104,0.0,30.0,30.0,Eddie Nketiah,Arsenal FC,Centre-Forward,England,30000000.0
25,21,5,46,,183.0,25,0,242,1,,2020,2,,36,2,3069,1421,-3.0,22.0,25.0,Dwight McNeil,Burnley FC,Attacking Midfield,England,25000000.0
33,30,3,112,,195.0,12,0,465,3,,2021,2,,31,3,2790,1867,0.0,18.0,18.0,Joel Matip,Liverpool FC,Centre-Back,Cameroon,18000000.0
30,25,3,43,1.0,172.0,8,0,556,8,0.0,2019,2,1.0,31,5,2010,45,-3.0,13.0,16.0,Leandro Trossard,Brighton & Hove Albion,Left Winger,Belgium,16000000.0
28,24,5,50,,180.0,25,0,97,9,,2020,2,,27,3,2286,1499,-5.0,45.0,50.0,Ben Chilwell,Chelsea FC,Left-Back,England,50000000.0
29,26,2,22,,180.0,25,1,741,4,,2021,2,,35,11,2952,1925,0.0,35.0,35.0,Ollie Watkins,Aston Villa,Centre-Forward,England,35000000.0
29,24,2,22,-3.0,183.0,25,0,649,9,0.0,2019,2,-1.0,28,1,2291,38,0.5,10.5,10.0,Matt Targett,Aston Villa,Left-Back,England,10000000.0
23,22,10,79,,186.0,74,0,123,11,,2023,2,,35,5,2322,1219,0.0,48.0,48.0,Brennan Johnson,For 2 Clubs,Right Winger,Wales,48000000.0
33,29,8,43,,181.0,29,3,754,2,,2020,2,,34,3,2484,1500,0.0,7.0,7.0,Pascal Gross,Brighton & Hove Albion,Central Midfield,Germany,7000000.0
27,26,4,188,,184.0,10,0,799,4,,2022,2,,27,1,1010,2055,-2.0,48.0,50.0,Richarlison,Tottenham Hotspur,Centre-Forward,Brazil,50000000.0
25,20,1,21,-4.0,186.0,25,0,463,2,0.0,2019,2,-1.0,29,1,856,21,10.0,16.0,6.0,Joe Willock,Arsenal FC,Central Midfield,England,6000000.0
33,30,1,57,,186.0,60,1,588,5,,2020,2,,31,1,2360,1518,-8.0,8.0,16.0,Luka Milivojevic,Crystal Palace,Defensive Midfield,Serbia,16000000.0
26,22,0,66,-5.0,180.0,25,0,922,2,0.0,2019,2,-1.0,30,1,2027,100,-2.0,16.0,18.0,Tom Davies,Everton FC,Central Midfield,England,18000000.0
35,31,0,46,,180.0,25,0,101,3,,2020,2,,30,2,2693,1620,-2.0,6.0,8.0,Ben Mee,Burnley FC,Centre-Back,England,8000000.0
33,28,0,43,1.0,193.0,38,0,874,3,0.0,2019,2,1.0,19,1,1238,53,-2.5,9.5,12.0,Shane Duffy,Brighton & Hove Albion,Centre-Back,Ireland,12000000.0
25,22,9,50,-1.0,180.0,25,0,793,12,0.0,2021,2,-1.0,26,5,1865,609,15.0,60.0,45.0,Reece James,Chelsea FC,Right-Back,England,45000000.0
25,23,2,21,3.0,175.0,25,0,794,11,0.0,2022,2,1.0,11,3,212,829,5.0,12.0,7.0,Reiss Nelson,Arsenal FC,Right Winger,England,7000000.0
27,25,0,21,,190.0,10,0,314,3,,2022,2,,38,3,3409,2063,15.0,55.0,40.0,Gabriel Magalhaes,Arsenal FC,Centre-Back,Brazil,40000000.0
25,23,2,195,,176.0,15,0,183,4,,2021,2,,25,5,1147,1886,0.0,9.0,9.0,Cucho Hernandez,Watford FC,Centre-Forward,Colombia,9000000.0
30,29,1,119,-7.0,187.0,64,0,942,3,0.0,2023,2,-1.0,19,1,1328,1298,-3.0,15.0,18.0,Victor Lindelof,Manchester United,Centre-Back,Sweden,18000000.0
33,29,1,46,1.0,176.0,38,0,805,7,0.0,2020,2,1.0,19,1,1052,314,-1.8,3.0,4.8,Robbie Brady,Burnley FC,Left Midfield,Ireland,4800000.0
19,18,0,43,3.0,182.0,25,0,397,2,0.0,2023,2,1.0,12,3,870,1151,15.0,16.0,1.0,Jack Hinshelwood,Brighton & Hove Albion,Central Midfield,England,1000000.0
27,25,0,21,3.0,190.0,10,0,314,3,0.0,2022,2,1.0,38,3,3409,827,15.0,55.0,40.0,Gabriel Magalhaes,Arsenal FC,Centre-Back,Brazil,40000000.0
32,29,7,188,,184.0,43,0,369,8,,2021,2,,35,23,3007,1659,-5.0,75.0,80.0,Heung-min Son,Tottenham Hotspur,Left Winger,"Korea, South",80000000.0
31,28,3,119,-1.0,191.0,27,0,765,2,0.0,2020,2,-1.0,26,3,1897,438,-20.0,60.0,80.0,Paul Pogba,Manchester United,Central Midfield,France,80000000.0
28,25,3,112,2.0,180.0,15,0,582,8,0.0,2021,2,1.0,13,4,958,683,40.0,65.0,25.0,Luis Diaz,Liverpool FC,Left Winger,Colombia,25000000.0
33,32,1,107,-2.0,182.0,63,1,812,4,1.0,2022,2,-1.0,31,13,1935,948,-3.0,6.0,9.0,Rodrigo,Leeds United,Centre-Forward,Spain,9000000.0
30,26,0,108,,186.0,30,0,192,3,,2020,2,,12,1,722,1631,1.5,5.0,3.5,Daniel Amartey,Leicester City,Centre-Back,Ghana,3500000.0
26,23,10,50,,181.0,25,1,629,1,,2021,2,,32,11,2363,1665,0.0,75.0,75.0,Mason Mount,Chelsea FC,Attacking Midfield,England,75000000.0
36,33,2,119,-1.0,170.0,63,1,502,1,0.0,2020,2,-1.0,9,1,509,443,-3.5,4.0,7.5,Juan Mata,Manchester United,Attacking Midfield,Spain,7500000.0
31,27,0,50,-1.0,190.0,29,0,74,3,0.0,2019,2,-1.0,20,2,1710,78,-10.0,40.0,50.0,Antonio Rudiger,Chelsea FC,Centre-Back,Germany,50000000.0
26,23,0,66,-9.0,180.0,25,0,922,2,0.0,2021,2,-1.0,6,1,236,632,0.0,18.0,18.0,Tom Davies,Everton FC,Central Midfield,England,18000000.0
31,31,2,81,,170.0,41,0,115,11,,2023,2,,33,6,1424,2249,-1.0,5.0,6.0,Bobby De Cordova-Reid,Fulham FC,Right Winger,Jamaica,6000000.0
29,26,0,22,,191.0,25,0,546,3,,2021,2,,7,1,397,1706,-1.0,4.0,5.0,Kortney Hause,Aston Villa,Centre-Back,England,5000000.0
28,26,0,108,,185.0,68,0,989,3,,2022,2,,7,1,529,2163,-13.0,15.0,28.0,caglar Soyuncu,Leicester City,Centre-Back,Turkiye,28000000.0
31,30,0,41,,175.0,37,0,844,1,,2023,2,,19,1,739,2403,0.0,2.0,2.0,Saman Ghoddos,Brentford FC,Attacking Midfield,Iran,2000000.0
21,21,6,112,2.0,170.0,25,0,364,2,0.0,2023,2,1.0,34,3,1351,1241,5.0,35.0,30.0,Harvey Elliott,Liverpool FC,Central Midfield,England,30000000.0
24,24,7,50,,182.0,25,0,176,2,,2023,2,,37,5,3129,2238,10.0,50.0,40.0,Conor Gallagher,Chelsea FC,Central Midfield,England,40000000.0
28,27,7,66,-7.0,183.0,50,0,28,8,0.0,2022,2,-1.0,38,2,3378,911,6.0,28.0,22.0,Alex Iwobi,Everton FC,Left Winger,Nigeria,22000000.0
28,28,3,46,-1.0,175.0,38,0,490,5,1.0,2023,2,-1.0,25,2,2057,1169,-3.0,10.0,13.0,Josh Cullen,Burnley FC,Defensive Midfield,Ireland,13000000.0
34,32,2,199,,188.0,25,0,178,3,,2021,2,,34,2,2755,1684,0.0,3.0,3.0,Craig Dawson,West Ham United,Centre-Back,England,3000000.0
27,25,2,66,,189.0,25,2,233,4,,2021,2,,17,5,1283,1889,-5.0,40.0,45.0,Dominic Calvert-Lewin,Everton FC,Centre-Forward,England,45000000.0
26,25,0,188,1.0,183.0,10,0,256,12,0.0,2023,2,1.0,22,1,1161,1344,0.0,18.0,18.0,Emerson Royal,Tottenham Hotspur,Right-Back,Brazil,18000000.0
23,19,2,119,-1.0,181.0,41,0,627,11,0.0,2020,2,-1.0,31,7,1822,439,5.0,50.0,45.0,Mason Greenwood,Manchester United,Right Winger,Jamaica,45000000.0
25,25,4,46,-1.0,189.0,38,0,199,3,1.0,2023,2,-1.0,33,3,2893,1168,0.0,7.0,7.0,Dara OShea,Burnley FC,Centre-Back,Ireland,7000000.0
29,27,2,119,,178.0,25,0,591,9,,2022,2,,31,1,2552,2035,12.0,42.0,30.0,Luke Shaw,Manchester United,Left-Back,England,30000000.0
27,26,8,132,,182.0,10,0,127,5,,2023,2,,37,7,3263,2478,0.0,85.0,85.0,Bruno Guimaraes,Newcastle United,Defensive Midfield,Brazil,85000000.0
27,24,1,66,,189.0,25,0,233,4,,2020,2,,33,16,2871,1385,5.0,45.0,40.0,Dominic Calvert-Lewin,Everton FC,Centre-Forward,England,40000000.0
28,25,1,66,,187.0,41,0,628,3,,2021,2,,25,2,2135,1744,0.0,18.0,18.0,Mason Holgate,Everton FC,Centre-Back,Jamaica,18000000.0
34,32,0,195,-3.0,180.0,25,0,189,2,1.0,2021,2,-1.0,4,1,166,780,0.0,1.0,1.0,Dan Gosling,Watford FC,Central Midfield,England,1000000.0
18,17,3,132,2.0,189.0,25,0,563,2,0.0,2023,2,1.0,17,1,1203,1310,19.5,22.0,2.5,Lewis Miley,Newcastle United,Central Midfield,England,2500000.0
34,31,5,112,,182.0,25,0,486,2,,2021,2,,35,2,2597,1707,-3.0,15.0,18.0,Jordan Henderson,Liverpool FC,Central Midfield,England,18000000.0
29,25,2,107,,179.0,25,0,517,5,,2020,2,,29,1,2428,1549,18.0,40.0,22.0,Kalvin Phillips,Leeds United,Defensive Midfield,England,22000000.0
36,34,0,202,,186.0,63,0,224,4,,2022,2,,23,1,1242,2191,-1.5,2.0,3.5,Diego Costa,Wolverhampton Wanderers,Centre-Forward,Spain,3500000.0
27,23,1,119,,171.0,74,0,193,11,,2020,2,,15,3,910,1446,-1.0,18.0,19.0,Daniel James,Manchester United,Right Winger,Wales,19000000.0
37,34,0,21,,189.0,10,0,206,3,,2020,2,,20,1,1397,1601,-4.0,4.0,8.0,David Luiz,Arsenal FC,Centre-Back,Brazil,8000000.0
21,19,0,174,-4.0,181.0,8,0,822,5,1.0,2022,2,-1.0,29,1,2221,1030,7.0,32.0,25.0,Romeo Lavia,Southampton FC,Defensive Midfield,Belgium,25000000.0
25,20,6,46,8.0,183.0,25,0,242,1,0.0,2019,2,1.0,38,2,3338,58,-2.0,18.0,20.0,Dwight McNeil,Burnley FC,Attacking Midfield,England,20000000.0
23,21,11,21,3.0,178.0,25,2,132,11,0.0,2022,2,1.0,38,14,3181,828,50.0,120.0,70.0,Bukayo Saka,Arsenal FC,Right Winger,England,70000000.0
29,28,3,199,-5.0,192.0,19,0,925,5,0.0,2022,2,-1.0,36,2,2815,1063,-10.0,35.0,45.0,Tomas Soucek,West Ham United,Defensive Midfield,Czech Republic,45000000.0
31,27,1,108,,178.0,63,0,93,4,,2020,2,,25,2,1331,1569,-2.0,18.0,20.0,Ayoze Perez,Leicester City,Centre-Forward,Spain,20000000.0
22,20,2,174,-4.0,183.0,4,0,139,2,1.0,2022,2,-1.0,18,4,1029,1029,6.5,15.0,8.5,Carlos Alcaraz,Southampton FC,Central Midfield,Argentina,8500000.0
24,22,2,21,3.0,170.0,56,0,286,1,0.0,2022,2,1.0,22,1,514,837,-5.0,25.0,30.0,Fabio Vieira,Arsenal FC,Attacking Midfield,Portugal,30000000.0
25,24,2,132,2.0,195.0,48,0,891,3,0.0,2023,2,1.0,17,2,1377,1315,0.0,45.0,45.0,Sven Botman,Newcastle United,Centre-Back,Netherlands,45000000.0
34,32,4,43,13.0,185.0,25,0,198,4,0.0,2022,2,1.0,31,6,1853,865,1.0,7.0,6.0,Danny Welbeck,Brighton & Hove Albion,Centre-Forward,England,6000000.0
23,23,2,136,-6.0,177.0,10,0,196,5,0.0,2023,2,-1.0,29,2,1791,1322,0.0,28.0,28.0,Danilo,Nottingham Forest,Defensive Midfield,Brazil,28000000.0
33,29,0,107,,186.0,58,0,565,3,,2020,2,,25,1,2186,1624,0.0,7.0,7.0,Liam Cooper,Leeds United,Centre-Back,Scotland,7000000.0
32,31,2,57,2.0,178.0,30,0,438,7,0.0,2023,2,1.0,29,2,1351,1196,0.0,7.0,7.0,Jeffrey Schlupp,Crystal Palace,Left Midfield,Ghana,7000000.0
29,28,1,57,2.0,185.0,25,0,963,2,0.0,2022,2,1.0,27,1,842,894,0.0,5.0,5.0,Will Hughes,Crystal Palace,Central Midfield,England,5000000.0
24,20,5,118,3.0,171.0,25,0,774,11,0.0,2020,2,1.0,28,9,1616,420,40.0,80.0,40.0,Phil Foden,Manchester City,Right Winger,England,40000000.0
27,26,6,199,-1.0,180.0,10,2,577,1,0.0,2023,2,-1.0,31,4,2623,1356,0.0,65.0,65.0,Lucas Paqueta,West Ham United,Attacking Midfield,Brazil,65000000.0
28,26,3,199,,178.0,63,0,750,1,,2021,2,,36,6,2794,1837,2.0,22.0,20.0,Pablo Fornals,West Ham United,Attacking Midfield,Spain,20000000.0
30,26,0,118,0.0,191.0,63,0,92,3,0.0,2019,2,0.0,15,1,1097,149,-15.0,60.0,75.0,Aymeric Laporte,Manchester City,Centre-Back,Spain,75000000.0
38,34,9,108,,179.0,25,8,422,4,,2020,2,,34,15,2840,1384,-9.0,7.0,16.0,Jamie Vardy,Leicester City,Centre-Forward,England,16000000.0
29,26,3,202,,170.0,56,0,195,11,,2021,2,,26,2,1484,1692,-2.0,20.0,22.0,Daniel Podence,Wolverhampton Wanderers,Right Winger,Portugal,22000000.0
26,24,2,199,,188.0,25,0,213,2,,2022,2,,37,4,3273,2095,10.0,90.0,80.0,Declan Rice,West Ham United,Central Midfield,England,80000000.0
23,19,1,21,-5.0,178.0,10,0,316,8,0.0,2020,2,-1.0,14,2,589,263,-3.0,22.0,25.0,Gabriel Martinelli,Arsenal FC,Left Winger,Brazil,25000000.0
23,20,1,43,7.0,178.0,23,0,690,5,0.0,2021,2,1.0,8,1,660,577,6.0,6.0,0.0,Moises Caicedo,Brighton & Hove Albion,Defensive Midfield,Ecuador,0.0
30,26,3,118,,182.0,56,0,451,12,,2020,2,,28,2,2300,1423,19.0,55.0,36.0,Joao Cancelo,Manchester City,Right-Back,Portugal,36000000.0
31,28,9,188,2.0,188.0,25,4,359,4,0.0,2021,2,1.0,37,17,3232,769,-10.0,90.0,100.0,Harry Kane,Tottenham Hotspur,Centre-Forward,England,100000000.0
33,33,1,136,,195.0,16,0,967,3,,2023,2,,20,2,144,2279,0.0,2.5,2.5,Willy Boly,Nottingham Forest,Centre-Back,Cote dIvoire,2500000.0
32,28,3,66,,183.0,45,0,8,2,,2020,2,,29,2,2443,1438,0.0,25.0,25.0,Abdoulaye Doucoure,Everton FC,Central Midfield,Mali,25000000.0
30,28,0,66,-7.0,195.0,15,0,975,3,0.0,2022,2,-1.0,7,2,594,902,-8.0,10.0,18.0,Yerry Mina,Everton FC,Centre-Back,Colombia,18000000.0
34,32,4,118,,180.0,29,0,990,2,,2022,2,,31,8,2353,2013,-5.0,20.0,25.0,ilkay Gundogan,Manchester City,Central Midfield,Germany,25000000.0
31,29,1,108,,175.0,56,0,797,12,,2022,2,,10,1,454,2143,-8.0,10.0,18.0,Ricardo Pereira,Leicester City,Right-Back,Portugal,18000000.0
24,23,0,170,-1.0,178.0,25,0,432,12,1.0,2023,2,-1.0,34,3,2788,1337,0.0,3.8,3.8,Jayden Bogle,Sheffield United,Right-Back,England,3800000.0
33,29,0,112,3.0,195.0,48,0,948,3,0.0,2020,2,1.0,5,1,370,412,-25.0,55.0,80.0,Virgil van Dijk,Liverpool FC,Centre-Back,Netherlands,80000000.0
26,25,0,119,,181.0,25,0,629,1,,2023,2,,14,1,516,2224,-10.0,35.0,45.0,Mason Mount,Manchester United,Attacking Midfield,England,45000000.0
33,28,4,3,-1.0,180.0,53,3,494,4,1.0,2019,2,-1.0,26,6,2011,9,-4.0,16.0,20.0,Joshua King,AFC Bournemouth,Centre-Forward,Norway,20000000.0
27,25,4,22,0.0,178.0,41,0,557,11,0.0,2022,2,0.0,33,4,1968,849,3.0,28.0,25.0,Leon Bailey,Aston Villa,Right Winger,Jamaica,25000000.0
20,18,1,43,,174.0,4,0,287,1,,2022,2,,13,1,564,2145,6.0,12.0,6.0,Facundo Buonanotte,Brighton & Hove Albion,Attacking Midfield,Argentina,6000000.0
29,25,3,108,,185.0,8,0,916,12,,2020,2,,27,2,2345,1419,10.0,28.0,18.0,Timothy Castagne,Leicester City,Right-Back,Belgium,18000000.0
32,30,2,57,,180.0,16,0,962,8,,2022,2,,27,7,2288,1994,-10.0,22.0,32.0,Wilfried Zaha,Crystal Palace,Left Winger,Cote dIvoire,32000000.0
27,25,1,108,,182.0,25,0,363,8,,2022,2,,34,13,2711,1943,3.0,35.0,32.0,Harvey Barnes,Leicester City,Left Winger,England,32000000.0
24,22,0,57,2.0,182.0,25,0,608,3,0.0,2022,2,1.0,37,1,3329,893,0.0,35.0,35.0,Marc Guehi,Crystal Palace,Centre-Back,England,35000000.0
20,18,0,112,-1.0,185.0,63,0,884,5,0.0,2022,2,-1.0,11,1,528,978,12.0,13.0,1.0,Stefan Bajcetic,Liverpool FC,Defensive Midfield,Spain,1000000.0
29,28,0,81,,180.0,48,0,533,12,,2023,2,,14,1,867,2439,0.0,15.0,15.0,Kenny Tete,Fulham FC,Right-Back,Netherlands,15000000.0
25,25,1,170,-1.0,185.0,14,1,95,4,1.0,2023,2,-1.0,14,6,1105,1335,-2.0,8.0,10.0,Ben Brereton Diaz,Sheffield United,Centre-Forward,Chile,10000000.0
28,25,2,135,-1.0,179.0,53,0,643,5,1.0,2021,2,-1.0,23,1,1644,748,-3.0,10.0,13.0,Mathias Normann,Norwich City,Defensive Midfield,Norway,13000000.0
30,28,0,3,3.0,179.0,15,0,437,5,0.0,2022,2,1.0,37,5,3252,816,5.0,20.0,15.0,Jefferson Lerma,AFC Bournemouth,Defensive Midfield,Colombia,15000000.0
31,28,0,202,2.0,185.0,25,0,175,3,0.0,2020,2,1.0,37,1,3303,522,7.0,25.0,18.0,Conor Coady,Wolverhampton Wanderers,Centre-Back,England,18000000.0
28,24,8,107,,175.0,25,0,396,11,,2020,2,,36,8,2847,1458,8.0,15.0,7.0,Jack Harrison,Leeds United,Right Winger,England,7000000.0
31,27,0,81,-4.0,184.0,28,0,619,5,1.0,2020,2,-1.0,28,1,1703,366,0.0,10.0,10.0,Mario Lemina,Fulham FC,Defensive Midfield,Gabon,10000000.0
29,28,0,119,-7.0,181.0,27,0,70,4,0.0,2023,2,-1.0,13,1,447,1294,-5.0,10.0,15.0,Anthony Martial,Manchester United,Centre-Forward,France,15000000.0
20,19,0,118,,169.0,25,0,801,12,,2023,2,,16,2,809,2261,0.0,38.0,38.0,Rico Lewis,Manchester City,Right-Back,England,38000000.0
25,24,0,50,,192.0,25,0,929,3,,2023,2,,13,1,952,2401,-5.0,13.0,18.0,Trevoh Chalobah,Chelsea FC,Centre-Back,England,18000000.0
27,25,5,119,,185.0,25,0,616,8,,2022,2,,35,17,2880,1935,25.0,80.0,55.0,Marcus Rashford,Manchester United,Left Winger,England,55000000.0
24,19,0,119,-2.0,180.0,25,0,120,9,0.0,2019,2,-1.0,17,1,1006,153,4.0,11.0,7.0,Brandon Williams,Manchester United,Left-Back,England,7000000.0
29,25,10,22,,180.0,25,0,395,8,,2020,2,,26,6,2185,1486,25.0,65.0,40.0,Jack Grealish,Aston Villa,Left Winger,England,40000000.0
23,22,0,136,-4.0,183.0,74,0,716,12,0.0,2022,2,-1.0,31,1,1883,1028,5.0,20.0,15.0,Neco Williams,Nottingham Forest,Right-Back,Wales,15000000.0
27,26,0,116,2.0,193.0,25,0,251,4,1.0,2023,2,1.0,27,10,1416,1262,5.0,12.0,7.0,Elijah Adebayo,Luton Town,Centre-Forward,England,7000000.0
33,29,4,43,1.0,181.0,29,0,754,2,0.0,2019,2,1.0,29,2,1797,50,-2.5,9.5,12.0,Pascal Gross,Brighton & Hove Albion,Central Midfield,Germany,12000000.0
25,24,0,22,,190.0,40,0,726,1,,2023,2,,25,2,839,2277,-5.0,20.0,25.0,Nicolo Zaniolo,Aston Villa,Attacking Midfield,Italy,25000000.0
28,24,3,108,5.0,183.0,41,0,217,8,0.0,2019,2,1.0,21,2,622,113,-3.5,14.5,18.0,Demarai Gray,Leicester City,Left Winger,Jamaica,18000000.0
29,25,1,112,4.0,189.0,8,0,230,4,0.0,2019,2,1.0,28,4,717,120,-4.0,16.0,20.0,Divock Origi,Liverpool FC,Centre-Forward,Belgium,20000000.0
24,21,5,118,,171.0,25,0,774,11,,2021,2,,28,9,2129,1896,5.0,90.0,85.0,Phil Foden,Manchester City,Right Winger,England,85000000.0
31,31,2,119,-7.0,194.0,25,0,360,3,0.0,2023,2,-1.0,22,2,1653,1291,-2.0,18.0,20.0,Harry Maguire,Manchester United,Centre-Back,England,20000000.0
30,27,4,22,-6.0,178.0,58,0,474,2,0.0,2021,2,-1.0,35,3,3090,559,2.0,32.0,30.0,John McGinn,Aston Villa,Central Midfield,Scotland,30000000.0
28,27,1,136,-6.0,184.0,50,0,734,12,0.0,2023,2,-1.0,22,1,1692,1330,7.0,12.0,5.0,Ola Aina,Nottingham Forest,Right-Back,Nigeria,5000000.0
28,23,1,119,-2.0,191.0,58,0,859,2,0.0,2019,2,-1.0,27,4,1771,159,2.5,22.5,20.0,Scott McTominay,Manchester United,Central Midfield,Scotland,20000000.0
23,21,2,107,-2.0,180.0,25,0,842,1,1.0,2022,2,-1.0,18,1,423,940,2.0,5.0,3.0,Sam Greenwood,Leeds United,Attacking Midfield,England,3000000.0
27,26,1,188,,187.0,72,0,813,5,,2023,2,,23,1,1005,2226,0.0,35.0,35.0,Rodrigo Bentancur,Tottenham Hotspur,Defensive Midfield,Uruguay,35000000.0
33,29,0,50,-1.0,168.0,27,0,705,5,0.0,2019,2,-1.0,22,3,1732,76,-20.0,80.0,100.0,NGolo Kante,Chelsea FC,Defensive Midfield,France,100000000.0
26,23,2,108,,176.0,25,0,542,2,,2021,2,,28,1,2105,1755,6.0,8.0,2.0,Kiernan Dewsbury-Hall,Leicester City,Central Midfield,England,2000000.0
22,18,0,81,-4.0,170.0,56,0,284,1,1.0,2020,2,-1.0,4,1,255,371,0.25,0.25,0.0,Fabio Carvalho,Fulham FC,Attacking Midfield,Portugal,0.0
32,27,0,22,-3.0,183.0,66,0,42,4,0.0,2019,2,-1.0,14,1,943,43,-2.5,9.5,12.0,Ally Samatta,Aston Villa,Centre-Forward,Tanzania,12000000.0
28,24,5,174,,179.0,58,0,151,4,,2020,2,,36,9,2667,1455,8.0,20.0,12.0,Che Adams,Southampton FC,Centre-Forward,Scotland,12000000.0
35,32,0,188,,187.0,8,0,918,3,,2020,2,,25,1,2240,1623,-9.0,11.0,20.0,Toby Alderweireld,Tottenham Hotspur,Centre-Back,Belgium,20000000.0
28,26,0,174,,189.0,55,0,423,3,,2021,2,,31,4,2629,1827,0.0,22.0,22.0,Jan Bednarek,Southampton FC,Centre-Back,Poland,22000000.0
28,27,7,66,,183.0,50,0,28,8,,2022,2,,38,2,3378,2131,6.0,28.0,22.0,Alex Iwobi,Everton FC,Left Winger,Nigeria,22000000.0
27,25,2,136,,175.0,50,0,261,4,,2022,2,,19,2,722,2115,-4.0,8.0,12.0,Emmanuel Dennis,Nottingham Forest,Centre-Forward,Nigeria,12000000.0
22,21,3,188,,188.0,40,0,223,9,,2023,2,,28,2,2392,2379,7.0,45.0,38.0,Destiny Udogie,Tottenham Hotspur,Left-Back,Italy,38000000.0
24,22,0,57,,182.0,25,0,608,3,,2022,2,,37,1,3329,2147,0.0,35.0,35.0,Marc Guehi,Crystal Palace,Centre-Back,England,35000000.0
33,30,3,57,0.0,182.0,30,0,484,4,0.0,2021,2,0.0,31,3,2020,628,0.0,6.0,6.0,Jordan Ayew,Crystal Palace,Centre-Forward,Ghana,6000000.0
27,23,3,21,,180.0,58,0,540,9,,2020,2,,27,1,2299,1553,4.0,32.0,28.0,Kieran Tierney,Arsenal FC,Left-Back,Scotland,28000000.0
29,26,0,22,0.0,189.0,48,4,76,11,0.0,2020,2,0.0,28,10,1613,287,5.0,13.0,8.0,Anwar El Ghazi,Aston Villa,Right Winger,Netherlands,8000000.0
31,29,3,50,,180.0,47,0,354,11,,2021,2,,23,4,1319,1919,-7.0,28.0,35.0,Hakim Ziyech,Chelsea FC,Right Winger,Morocco,35000000.0
28,25,2,43,,182.0,45,0,981,5,,2021,2,,26,1,2111,1754,10.0,35.0,25.0,Yves Bissouma,Brighton & Hove Albion,Defensive Midfield,Mali,25000000.0
25,24,2,3,,172.0,15,0,585,8,,2023,2,,20,2,698,2374,-3.0,17.0,20.0,Luis Sinisterra,AFC Bournemouth,Left Winger,Colombia,20000000.0
27,24,1,132,0.0,187.0,25,0,861,2,0.0,2021,2,0.0,24,1,1463,733,0.0,13.0,13.0,Sean Longstaff,Newcastle United,Central Midfield,England,13000000.0
30,27,0,79,,190.0,27,0,549,3,,2021,2,,24,1,2078,1730,-4.0,28.0,32.0,Kurt Zouma,For 2 Clubs,Centre-Back,France,32000000.0
30,28,3,132,0.0,163.0,58,0,832,8,0.0,2021,2,0.0,27,2,1466,739,2.0,10.0,8.0,Ryan Fraser,Newcastle United,Left Winger,Scotland,8000000.0
30,25,7,118,0.0,173.0,56,0,109,1,0.0,2019,2,0.0,34,6,2030,146,-20.0,80.0,100.0,Bernardo Silva,Manchester City,Attacking Midfield,Portugal,100000000.0
29,26,1,79,,183.0,25,0,649,9,,2021,2,,33,1,2871,1813,0.0,17.0,17.0,Matt Targett,For 2 Clubs,Left-Back,England,17000000.0
31,28,1,21,0.0,185.0,30,0,912,5,0.0,2021,2,0.0,24,2,2028,542,-2.0,38.0,40.0,Thomas Partey,Arsenal FC,Defensive Midfield,Ghana,40000000.0
28,25,1,188,-2.0,177.0,4,0,340,2,0.0,2020,2,-1.0,18,1,945,481,-8.0,27.0,35.0,Giovani Lo Celso,Tottenham Hotspur,Central Midfield,Argentina,35000000.0
29,28,1,57,,185.0,25,0,963,2,,2022,2,,27,1,842,2151,0.0,5.0,5.0,Will Hughes,Crystal Palace,Central Midfield,England,5000000.0
27,24,1,135,,183.0,25,0,539,1,,2021,2,,19,1,911,1805,-0.5,2.5,3.0,Kieran Dowell,Norwich City,Attacking Midfield,England,3000000.0
25,24,7,188,,173.0,63,0,770,12,,2023,2,,35,3,3089,2323,0.0,45.0,45.0,Pedro Porro,Tottenham Hotspur,Right-Back,Spain,45000000.0
22,21,0,66,,175.0,25,0,560,8,,2023,2,,12,1,232,2413,1.5,2.5,1.0,Lewis Dobbin,Everton FC,Left Winger,England,1000000.0
29,27,0,81,5.0,190.0,56,0,455,5,0.0,2022,2,1.0,35,3,3108,932,12.0,40.0,28.0,Joao Palhinha,Fulham FC,Defensive Midfield,Portugal,28000000.0
25,25,1,3,3.0,172.0,48,0,511,8,0.0,2023,2,1.0,32,7,1915,1093,3.0,14.0,11.0,Justin Kluivert,AFC Bournemouth,Left Winger,Netherlands,11000000.0
32,30,0,132,,180.0,25,2,135,4,,2021,2,,18,8,1386,1876,-2.0,18.0,20.0,Callum Wilson,Newcastle United,Centre-Forward,England,20000000.0
27,25,1,136,-4.0,183.0,50,0,894,4,0.0,2022,2,-1.0,27,10,1404,1025,5.0,25.0,20.0,Taiwo Awoniyi,Nottingham Forest,Centre-Forward,Nigeria,20000000.0
35,32,1,21,0.0,187.0,28,0,778,4,0.0,2021,2,0.0,14,4,1037,541,0.0,15.0,15.0,Pierre-Emerick Aubameyang,Arsenal FC,Centre-Forward,Gabon,15000000.0
30,30,1,132,2.0,174.0,54,0,677,11,0.0,2023,2,1.0,33,3,1938,1316,-10.0,20.0,30.0,Miguel Almiron,Newcastle United,Right Winger,Paraguay,30000000.0
30,28,12,79,,172.0,8,0,556,8,,2022,2,,36,8,2247,2011,10.0,35.0,25.0,Leandro Trossard,For 2 Clubs,Left Winger,Belgium,25000000.0
27,26,0,174,-4.0,173.0,25,0,552,12,1.0,2022,2,-1.0,31,1,2650,1036,0.0,25.0,25.0,Kyle Walker-Peters,Southampton FC,Right-Back,England,25000000.0
25,24,0,132,2.0,186.0,25,0,463,2,0.0,2023,2,1.0,9,1,418,1307,-5.0,30.0,35.0,Joe Willock,Newcastle United,Central Midfield,England,35000000.0
25,23,0,81,5.0,170.0,39,0,603,8,0.0,2022,2,1.0,19,4,573,929,0.0,18.0,18.0,Manor Solomon,Fulham FC,Left Winger,Israel,18000000.0
25,24,3,112,,193.0,48,0,170,8,,2022,2,,21,7,1458,1997,20.0,55.0,35.0,Cody Gakpo,Liverpool FC,Left Winger,Netherlands,35000000.0
30,26,1,22,0.0,180.0,24,0,598,8,0.0,2020,2,0.0,21,2,1166,279,2.0,10.0,8.0,Mahmoud Trezeguet,Aston Villa,Left Winger,Egypt,8000000.0
28,26,0,174,-4.0,183.0,50,0,460,2,1.0,2022,2,-1.0,21,2,1225,1040,-4.0,11.0,15.0,Joe Aribo,Southampton FC,Central Midfield,Nigeria,15000000.0
28,25,10,199,,176.0,25,0,428,11,,2021,2,,36,12,2983,1662,7.0,42.0,35.0,Jarrod Bowen,West Ham United,Right Winger,England,35000000.0
33,29,20,118,0.0,181.0,8,2,536,1,0.0,2019,2,0.0,35,13,2791,140,-30.0,120.0,150.0,Kevin De Bruyne,Manchester City,Attacking Midfield,Belgium,150000000.0
32,31,0,132,,201.0,25,0,188,3,,2022,2,,38,1,3111,2144,-2.0,10.0,12.0,Dan Burn,Newcastle United,Centre-Back,England,12000000.0
27,26,0,202,,200.0,6,0,855,4,,2023,2,,11,2,166,2267,-7.0,5.0,12.0,Sasa Kalajdzic,Wolverhampton Wanderers,Centre-Forward,Austria,12000000.0
29,25,2,202,,178.0,63,0,16,11,,2020,2,,37,2,2649,1607,-5.0,30.0,35.0,Adama Traore,Wolverhampton Wanderers,Right Winger,Spain,35000000.0
37,34,0,57,,194.0,25,0,858,3,,2020,2,,15,1,1350,1644,-1.3,1.5,2.8,Scott Dann,Crystal Palace,Centre-Back,England,2800000.0
27,24,4,132,0.0,173.0,27,0,41,8,0.0,2020,2,0.0,25,3,1559,455,2.0,30.0,28.0,Allan Saint-Maximin,Newcastle United,Left Winger,France,28000000.0
26,24,3,22,,177.0,10,0,238,2,,2021,2,,34,2,2716,1701,3.0,38.0,35.0,Douglas Luiz,Aston Villa,Central Midfield,Brazil,35000000.0
27,24,3,21,0.0,180.0,58,0,540,9,0.0,2021,2,0.0,22,1,1915,546,0.0,32.0,32.0,Kieran Tierney,Arsenal FC,Left-Back,Scotland,32000000.0
27,24,6,195,,175.0,50,0,261,4,,2021,2,,33,10,2582,1824,6.0,14.0,8.0,Emmanuel Dennis,Watford FC,Centre-Forward,Nigeria,8000000.0
29,27,3,199,,172.0,2,4,840,8,,2022,2,,35,6,2069,1962,3.0,25.0,22.0,Said Benrahma,West Ham United,Left Winger,Algeria,22000000.0
27,26,3,3,,186.0,25,2,234,4,,2023,2,,38,19,3325,2209,15.0,40.0,25.0,Dominic Solanke,AFC Bournemouth,Centre-Forward,England,25000000.0
24,24,9,202,2.0,174.0,56,0,769,11,0.0,2023,2,1.0,20,2,1516,1380,23.0,55.0,32.0,Pedro Neto,Wolverhampton Wanderers,Right Winger,Portugal,32000000.0
25,24,7,21,1.0,193.0,29,1,515,4,0.0,2023,2,1.0,37,13,2634,1107,10.0,70.0,60.0,Kai Havertz,Arsenal FC,Centre-Forward,Germany,60000000.0
28,25,1,107,,175.0,25,0,396,11,,2021,2,,35,8,2639,1871,3.0,18.0,15.0,Jack Harrison,Leeds United,Right Winger,England,15000000.0
36,32,0,21,-4.0,186.0,31,0,881,3,0.0,2019,2,-1.0,19,2,1696,25,-3.5,14.5,18.0,Sokratis Papastathopoulos,Arsenal FC,Centre-Back,Greece,18000000.0
25,23,1,132,,192.0,64,2,31,4,,2022,2,,22,10,1521,1958,20.0,70.0,50.0,Alexander Isak,Newcastle United,Centre-Forward,Sweden,50000000.0
24,22,8,188,,186.0,64,0,215,1,,2021,2,,18,5,1261,1903,5.0,40.0,35.0,Dejan Kulusevski,Tottenham Hotspur,Attacking Midfield,Sweden,35000000.0
32,31,1,66,,185.0,25,0,417,3,,2023,2,,38,1,3419,2464,0.0,13.0,13.0,James Tarkowski,Everton FC,Centre-Back,England,13000000.0
34,31,2,43,7.0,185.0,25,0,198,4,0.0,2021,2,1.0,25,6,1477,580,1.0,4.0,3.0,Danny Welbeck,Brighton & Hove Albion,Centre-Forward,England,3000000.0
30,27,0,112,2.0,172.0,42,0,896,8,0.0,2021,2,1.0,11,3,186,690,0.0,12.0,12.0,Takumi Minamino,Liverpool FC,Left Winger,Japan,12000000.0
34,31,5,50,,188.0,63,0,612,9,,2021,2,,28,4,2167,1920,-3.0,12.0,15.0,Marcos Alonso,Chelsea FC,Left-Back,Spain,15000000.0
25,23,2,21,,175.0,25,0,794,11,,2022,2,,11,3,212,2081,5.0,12.0,7.0,Reiss Nelson,Arsenal FC,Right Winger,England,7000000.0
28,24,5,108,,175.0,25,0,413,1,,2020,2,,31,8,2099,1451,0.0,55.0,55.0,James Maddison,Leicester City,Attacking Midfield,England,55000000.0
33,30,2,132,,186.0,65,0,282,3,,2021,2,,25,2,2158,1753,0.0,7.0,7.0,Fabian Schar,Newcastle United,Centre-Back,Switzerland,7000000.0
23,21,0,46,-1.0,193.0,38,0,710,3,1.0,2021,2,-1.0,19,2,1671,598,2.0,10.0,8.0,Nathan Collins,Burnley FC,Centre-Back,Ireland,8000000.0
28,27,9,118,1.0,191.0,63,0,811,5,0.0,2023,2,1.0,34,8,2932,1281,30.0,130.0,100.0,Rodri,Manchester City,Defensive Midfield,Spain,100000000.0
27,21,0,202,8.0,183.0,40,0,757,4,0.0,2019,2,1.0,12,2,297,253,-9.5,15.5,25.0,Patrick Cutrone,Wolverhampton Wanderers,Centre-Forward,Italy,25000000.0
33,30,7,21,0.0,175.0,27,2,34,4,0.0,2021,2,0.0,30,4,1781,540,-7.0,15.0,22.0,Alexandre Lacazette,Arsenal FC,Centre-Forward,France,22000000.0
29,26,6,199,,172.0,2,0,840,8,,2021,2,,32,8,2168,1882,0.0,25.0,25.0,Said Benrahma,West Ham United,Left Winger,Algeria,25000000.0
26,25,0,136,-6.0,178.0,8,0,745,5,0.0,2023,2,-1.0,20,1,1563,1321,0.0,20.0,20.0,Orel Mangala,Nottingham Forest,Defensive Midfield,Belgium,20000000.0
26,22,2,21,-5.0,178.0,53,0,624,1,0.0,2020,2,-1.0,14,1,866,274,-5.0,40.0,45.0,Martin odegaard,Arsenal FC,Attacking Midfield,Norway,45000000.0
33,30,8,118,,181.0,8,0,536,1,,2021,2,,30,15,2202,1655,-5.0,85.0,90.0,Kevin De Bruyne,Manchester City,Attacking Midfield,Belgium,90000000.0
22,21,0,46,,187.0,8,0,45,3,,2023,2,,13,1,1056,2391,1.0,12.0,11.0,Ameen Al-Dakhil,Burnley FC,Centre-Back,Belgium,11000000.0
25,21,0,202,,171.0,25,0,691,1,,2020,2,,11,1,414,1637,1.0,7.0,6.0,Morgan Gibbs-White,Wolverhampton Wanderers,Attacking Midfield,England,6000000.0
39,34,10,118,0.0,170.0,63,0,209,1,0.0,2019,2,0.0,27,6,1827,148,-3.0,12.0,15.0,David Silva,Manchester City,Attacking Midfield,Spain,15000000.0
37,35,0,46,-1.0,165.0,25,0,3,11,1.0,2021,2,-1.0,28,2,1551,590,0.0,1.0,1.0,Aaron Lennon,Burnley FC,Right Winger,England,1000000.0
29,27,0,81,,190.0,56,0,455,5,,2022,2,,35,3,3108,2068,12.0,40.0,28.0,Joao Palhinha,Fulham FC,Defensive Midfield,Portugal,28000000.0
31,30,1,170,-1.0,180.0,25,0,398,3,1.0,2023,2,-1.0,34,1,2885,1336,0.0,1.0,1.0,Jack Robinson,Sheffield United,Centre-Back,England,1000000.0
26,25,0,116,2.0,185.0,50,0,317,3,1.0,2023,2,1.0,21,2,1846,1265,2.0,3.0,1.0,Gabriel Osho,Luton Town,Centre-Back,Nigeria,1000000.0
29,26,3,46,,179.0,25,0,489,2,,2021,2,,35,2,2955,1695,0.0,7.0,7.0,Josh Brownhill,Burnley FC,Central Midfield,England,7000000.0
30,25,1,118,0.0,170.0,25,0,785,11,0.0,2019,2,0.0,33,20,2650,142,-32.0,128.0,160.0,Raheem Sterling,Manchester City,Right Winger,England,160000000.0
25,24,3,116,2.0,183.0,8,0,22,2,1.0,2023,2,1.0,17,1,1304,1252,3.0,15.0,12.0,Albert Sambi Lokonga,Luton Town,Central Midfield,Belgium,12000000.0
27,22,1,3,-1.0,186.0,25,0,234,4,1.0,2019,2,-1.0,32,3,1651,5,-3.0,12.0,15.0,Dominic Solanke,AFC Bournemouth,Centre-Forward,England,15000000.0
33,29,0,132,0.0,186.0,65,1,282,3,0.0,2020,2,0.0,18,1,1246,460,-4.0,9.0,13.0,Fabian Schar,Newcastle United,Centre-Back,Switzerland,13000000.0
33,29,0,202,2.0,187.0,46,0,791,4,0.0,2020,2,1.0,10,4,823,524,-12.0,28.0,40.0,Raul Jimenez,Wolverhampton Wanderers,Centre-Forward,Mexico,40000000.0
34,30,3,199,-8.0,180.0,41,1,673,4,0.0,2019,2,-1.0,24,10,1768,245,-2.5,9.5,12.0,Michail Antonio,West Ham United,Centre-Forward,Jamaica,12000000.0
25,21,0,21,-4.0,175.0,25,0,245,4,0.0,2019,2,-1.0,13,2,634,18,11.0,11.0,0.0,Eddie Nketiah,Arsenal FC,Centre-Forward,England,0.0
29,27,0,118,2.0,180.0,48,0,709,3,0.0,2021,2,1.0,14,2,923,705,-3.0,25.0,28.0,Nathan Ake,Manchester City,Centre-Back,Netherlands,28000000.0
30,26,0,43,,190.0,25,0,15,3,,2020,2,,29,1,2594,1628,3.0,18.0,15.0,Adam Webster,Brighton & Hove Albion,Centre-Back,England,15000000.0
25,22,0,107,,190.0,48,0,755,3,,2021,2,,29,1,2056,1674,6.0,15.0,9.0,Pascal Struijk,Leeds United,Centre-Back,Netherlands,9000000.0
27,24,1,132,,182.0,10,0,128,5,,2021,2,,17,5,1034,1924,10.0,40.0,30.0,Bruno Guimarces,Newcastle United,Defensive Midfield,Brazil,30000000.0
27,24,0,21,,190.0,10,0,315,3,,2021,2,,35,5,3064,1926,13.0,38.0,25.0,Gabriel Magalhces,Arsenal FC,Centre-Back,Brazil,25000000.0
28,25,1,50,-1.0,180.0,25,0,97,9,0.0,2021,2,-1.0,7,3,542,607,0.0,38.0,38.0,Ben Chilwell,Chelsea FC,Left-Back,England,38000000.0
27,25,2,41,,177.0,63,0,869,8,,2021,2,,31,3,2084,1854,0.0,14.0,14.0,Sergi Canos,Brentford FC,Left Winger,Spain,14000000.0
27,24,3,57,0.0,187.0,27,1,733,4,0.0,2021,2,0.0,28,6,1563,626,0.0,17.0,17.0,Odsonne Edouard,Crystal Palace,Centre-Forward,France,17000000.0
29,26,0,118,3.0,180.0,48,0,709,3,0.0,2020,2,1.0,10,1,797,426,-8.0,32.0,40.0,Nathan Ake,Manchester City,Centre-Back,Netherlands,40000000.0
26,24,0,136,-4.0,173.0,25,0,564,2,0.0,2022,2,-1.0,13,1,584,1022,-8.0,0.0,8.0,Lewis OBrien,Nottingham Forest,Central Midfield,England,8000000.0
35,31,2,188,-2.0,186.0,74,0,322,11,0.0,2020,2,-1.0,20,11,920,492,-10.0,18.0,28.0,Gareth Bale,Tottenham Hotspur,Right Winger,Wales,28000000.0
28,24,2,132,0.0,186.0,10,1,468,2,0.0,2020,2,0.0,31,4,1984,448,-3.0,17.0,20.0,Joelinton,Newcastle United,Central Midfield,Brazil,20000000.0
27,24,4,118,,175.0,10,0,313,4,,2020,2,,29,9,2063,1452,0.0,60.0,60.0,Gabriel Jesus,Manchester City,Centre-Forward,Brazil,60000000.0
25,24,0,81,0.0,185.0,50,0,137,3,0.0,2023,2,0.0,29,1,2303,1229,0.0,16.0,16.0,Calvin Bassey,Fulham FC,Centre-Back,Nigeria,16000000.0
34,30,5,107,10.0,183.0,55,2,635,2,0.0,2020,2,1.0,35,4,2394,382,0.5,4.0,3.5,Mateusz Klich,Leeds United,Central Midfield,Poland,3500000.0
28,24,4,108,,183.0,50,0,960,5,,2020,2,,26,1,2176,1564,15.0,60.0,45.0,Wilfred Ndidi,Leicester City,Defensive Midfield,Nigeria,45000000.0
34,32,8,199,,180.0,41,0,673,4,,2021,2,,36,10,2972,1826,-2.0,10.0,12.0,Michail Antonio,West Ham United,Centre-Forward,Jamaica,12000000.0
36,33,1,43,0.0,172.0,25,0,13,1,0.0,2020,2,0.0,30,1,1595,295,-4.0,4.0,8.0,Adam Lallana,Brighton & Hove Albion,Attacking Midfield,England,8000000.0
25,24,8,112,2.0,187.0,72,0,201,4,0.0,2023,2,1.0,36,11,2047,1251,5.0,70.0,65.0,Darwin Nenez,Liverpool FC,Centre-Forward,Uruguay,65000000.0
28,25,0,108,,185.0,68,0,989,3,,2021,2,,28,1,2497,1680,-5.0,40.0,45.0,caglar Soyuncu,Leicester City,Centre-Back,Turkiye,45000000.0
31,26,0,43,1.0,181.0,37,0,39,11,0.0,2019,2,1.0,10,2,311,51,-5.5,6.5,12.0,Alireza Jahanbakhsh,Brighton & Hove Albion,Right Winger,Iran,12000000.0
30,27,1,108,4.0,181.0,8,0,221,2,0.0,2020,2,1.0,15,1,718,389,-4.0,18.0,22.0,Dennis Praet,Leicester City,Central Midfield,Belgium,22000000.0
28,23,0,43,1.0,182.0,45,0,981,5,0.0,2019,2,1.0,22,1,1260,54,-2.5,9.5,12.0,Yves Bissouma,Brighton & Hove Albion,Defensive Midfield,Mali,12000000.0
23,22,7,22,,180.0,25,0,403,7,,2022,2,,35,6,2637,2005,14.0,42.0,28.0,Jacob Ramsey,Aston Villa,Left Midfield,England,28000000.0
26,24,0,136,,173.0,25,0,564,2,,2022,2,,13,1,584,2173,-8.0,0.0,8.0,Lewis OBrien,Nottingham Forest,Central Midfield,England,8000000.0
22,19,0,135,-1.0,188.0,38,0,57,3,1.0,2021,2,-1.0,5,1,382,745,0.0,1.2,1.2,Andrew Omobamidele,Norwich City,Centre-Back,Ireland,1200000.0
32,30,1,66,-7.0,185.0,25,0,417,3,0.0,2022,2,-1.0,38,1,3420,905,-4.0,18.0,22.0,James Tarkowski,Everton FC,Centre-Back,England,22000000.0
27,26,3,136,-6.0,183.0,50,0,894,4,0.0,2023,2,-1.0,20,6,1042,1329,-2.0,28.0,30.0,Taiwo Awoniyi,Nottingham Forest,Centre-Forward,Nigeria,30000000.0
35,34,1,46,,185.0,25,1,431,4,,2023,2,,21,2,822,2280,0.0,1.0,1.0,Jay Rodriguez,Burnley FC,Centre-Forward,England,1000000.0
27,26,4,43,3.0,178.0,42,0,519,8,0.0,2023,2,1.0,19,3,1486,1156,-5.0,45.0,50.0,Kaoru Mitoma,Brighton & Hove Albion,Left Winger,Japan,50000000.0
35,32,3,79,,175.0,25,0,906,11,,2020,2,-1.0,22,3,1631,359,-5.0,5.0,10.0,Theo Walcott,For 2 Clubs,Right Winger,England,10000000.0
23,22,3,43,3.0,182.0,10,4,456,4,0.0,2023,2,1.0,31,9,2046,1147,10.0,45.0,35.0,Joao Pedro,Brighton & Hove Albion,Centre-Forward,Brazil,35000000.0
28,28,2,79,,183.0,50,0,28,8,,2023,2,,32,5,2332,1218,-3.0,25.0,28.0,Alex Iwobi,For 2 Clubs,Left Winger,Nigeria,28000000.0
32,27,0,135,-1.0,184.0,65,0,495,4,1.0,2019,2,-1.0,21,1,647,188,-0.4,1.6,2.0,Josip Drmic,Norwich City,Centre-Forward,Switzerland,2000000.0
31,30,0,132,2.0,188.0,25,0,409,3,0.0,2023,2,1.0,16,1,108,1311,0.0,7.0,7.0,Jamaal Lascelles,Newcastle United,Centre-Back,England,7000000.0
28,25,6,197,,175.0,10,4,640,1,,2020,2,,33,11,2578,1397,2.0,15.0,13.0,Matheus Pereira,West Bromwich Albion,Attacking Midfield,Brazil,13000000.0
25,23,8,79,,171.0,25,2,691,1,,2022,2,,37,5,3152,2049,15.0,40.0,25.0,Morgan Gibbs-White,For 2 Clubs,Attacking Midfield,England,25000000.0
29,25,5,119,,178.0,25,0,591,9,,2020,2,,32,1,2654,1574,20.0,42.0,22.0,Luke Shaw,Manchester United,Left-Back,England,22000000.0
35,31,3,21,,187.0,28,2,778,4,,2020,2,,29,10,2333,1472,-25.0,25.0,50.0,Pierre-Emerick Aubameyang,Arsenal FC,Centre-Forward,Gabon,50000000.0
30,28,8,119,-2.0,179.0,56,2,126,1,0.0,2022,2,-1.0,37,8,3316,1002,0.0,75.0,75.0,Bruno Fernandes,Manchester United,Attacking Midfield,Portugal,75000000.0
25,24,0,116,2.0,185.0,48,0,893,11,1.0,2023,2,1.0,33,4,1985,1264,1.5,6.0,4.5,Tahith Chong,Luton Town,Right Winger,Netherlands,4500000.0
33,28,1,79,,171.0,56,0,146,12,,2019,2,,21,1,1555,104,-2.0,8.0,10.0,Cedric Soares,For 2 Clubs,Right-Back,Portugal,10000000.0
30,29,7,199,-1.0,177.0,25,2,419,2,0.0,2023,2,-1.0,37,7,3001,1362,-8.0,30.0,38.0,James Ward-Prowse,West Ham United,Central Midfield,England,38000000.0
38,33,6,202,8.0,170.0,56,0,454,2,0.0,2019,2,1.0,38,1,3108,259,-2.0,8.0,10.0,Joao Moutinho,Wolverhampton Wanderers,Central Midfield,Portugal,10000000.0
36,32,3,118,0.0,173.0,4,2,870,4,0.0,2019,2,0.0,24,16,1452,138,-13.0,52.0,65.0,Sergio Aguero,Manchester City,Centre-Forward,Argentina,65000000.0
30,29,9,118,1.0,173.0,56,0,109,1,0.0,2023,2,1.0,33,6,2578,1280,-10.0,70.0,80.0,Bernardo Silva,Manchester City,Attacking Midfield,Portugal,80000000.0
33,31,4,112,-1.0,181.0,10,0,808,4,0.0,2022,2,-1.0,25,11,1213,966,-10.0,18.0,28.0,Roberto Firmino,Liverpool FC,Centre-Forward,Brazil,28000000.0
27,25,2,174,,173.0,25,0,552,12,,2021,2,,32,1,2633,1759,4.0,22.0,18.0,Kyle Walker-Peters,Southampton FC,Right-Back,England,18000000.0
33,30,2,112,,195.0,48,0,948,3,,2021,2,,34,3,3060,1849,0.0,55.0,55.0,Virgil van Dijk,Liverpool FC,Centre-Back,Netherlands,55000000.0
31,27,1,57,-6.0,185.0,8,0,675,4,0.0,2020,2,-1.0,18,2,728,333,-4.0,10.0,14.0,Michy Batshuayi,Crystal Palace,Centre-Forward,Belgium,14000000.0
30,27,7,112,3.0,178.0,58,0,58,9,0.0,2020,2,1.0,38,1,3383,413,-10.0,65.0,75.0,Andrew Robertson,Liverpool FC,Left-Back,Scotland,75000000.0
26,23,0,197,-2.0,180.0,20,0,346,11,1.0,2020,2,-1.0,20,1,1235,494,-2.0,10.0,12.0,Grady Diangana,West Bromwich Albion,Right Winger,DR Congo,12000000.0
28,27,1,119,-7.0,191.0,58,0,859,2,0.0,2023,2,-1.0,32,7,1901,1297,4.0,32.0,28.0,Scott McTominay,Manchester United,Central Midfield,Scotland,28000000.0
30,27,1,132,0.0,174.0,54,0,677,11,0.0,2020,2,0.0,34,4,2428,458,1.5,17.5,16.0,Miguel Almiron,Newcastle United,Right Winger,Paraguay,16000000.0
25,24,0,170,-1.0,187.0,10,0,947,5,1.0,2023,2,-1.0,36,1,2668,1334,0.0,12.0,12.0,Vini Souza,Sheffield United,Defensive Midfield,Brazil,12000000.0
29,25,0,22,,191.0,25,0,546,3,,2020,2,,7,1,630,1638,-1.5,5.0,6.5,Kortney Hause,Aston Villa,Centre-Back,England,6500000.0
33,29,1,43,0.0,184.0,48,0,466,12,0.0,2020,2,0.0,28,1,2281,303,1.0,6.0,5.0,Joel Veltman,Brighton & Hove Albion,Right-Back,Netherlands,5000000.0
32,29,3,46,,180.0,19,0,631,4,,2021,2,,22,2,680,1690,-1.0,2.0,3.0,Matej Vydra,Burnley FC,Centre-Forward,Czech Republic,3000000.0
22,21,3,3,,177.0,11,0,191,8,,2022,2,,19,1,1241,2045,18.0,25.0,7.0,Dango Ouattara,AFC Bournemouth,Left Winger,Burkina Faso,7000000.0
33,29,1,22,0.0,181.0,38,0,177,2,0.0,2020,2,0.0,4,1,226,286,-2.5,3.5,6.0,Conor Hourihane,Aston Villa,Central Midfield,Ireland,6000000.0
32,29,0,132,0.0,185.0,38,0,436,2,0.0,2021,2,0.0,3,1,73,736,-2.0,5.0,7.0,Jeff Hendrick,Newcastle United,Central Midfield,Ireland,7000000.0
33,32,0,41,,196.0,64,0,780,3,,2022,2,,12,1,723,2169,-2.5,2.5,5.0,Pontus Jansson,Brentford FC,Centre-Back,Sweden,5000000.0
25,22,3,50,-1.0,193.0,29,0,515,4,0.0,2021,2,-1.0,29,8,1809,612,0.0,70.0,70.0,Kai Havertz,Chelsea FC,Centre-Forward,Germany,70000000.0
31,28,1,199,4.0,170.0,4,0,605,1,0.0,2020,2,1.0,17,1,568,505,-4.0,10.0,14.0,Manuel Lanzini,West Ham United,Attacking Midfield,Argentina,14000000.0
30,27,5,118,,170.0,25,2,785,11,,2021,2,,30,13,2128,1663,-15.0,70.0,85.0,Raheem Sterling,Manchester City,Right Winger,England,85000000.0
28,28,2,79,,183.0,50,0,28,8,,2023,2,,32,5,2332,2314,-3.0,25.0,28.0,Alex Iwobi,For 2 Clubs,Left Winger,Nigeria,28000000.0
29,26,0,197,-2.0,178.0,38,0,134,4,1.0,2020,2,-1.0,28,5,1560,499,-2.0,6.0,8.0,Callum Robinson,West Bromwich Albion,Centre-Forward,Ireland,8000000.0
36,33,0,66,-9.0,177.0,38,0,860,12,0.0,2021,2,-1.0,30,1,2656,637,-0.5,3.0,3.5,Seamus Coleman,Everton FC,Right-Back,Ireland,3500000.0
33,31,0,112,,195.0,12,0,465,3,,2022,2,,14,1,1092,1952,-4.0,12.0,16.0,Joel Matip,Liverpool FC,Centre-Back,Cameroon,16000000.0
23,22,6,57,2.0,184.0,27,1,671,11,0.0,2023,2,1.0,19,10,1276,1194,5.0,55.0,50.0,Michael Olise,Crystal Palace,Right Winger,France,50000000.0
22,21,1,22,,187.0,25,0,692,1,,2023,2,,11,3,638,2354,12.8,15.0,2.2,Morgan Rogers,Aston Villa,Attacking Midfield,England,2200000.0
22,22,11,79,,185.0,25,9,171,1,,2023,2,,34,22,2618,1214,62.0,80.0,18.0,Cole Palmer,For 2 Clubs,Attacking Midfield,England,18000000.0
32,28,1,199,,181.0,25,0,833,12,,2020,2,,14,1,569,1580,-1.5,2.5,4.0,Ryan Fredericks,West Ham United,Right-Back,England,4000000.0
24,20,2,112,,185.0,25,0,185,2,,2020,2,,24,1,1179,1542,25.0,30.0,5.0,Curtis Jones,Liverpool FC,Central Midfield,England,5000000.0
28,24,0,66,,187.0,41,0,628,3,,2020,2,,28,1,2287,1406,2.0,20.0,18.0,Mason Holgate,Everton FC,Centre-Back,Jamaica,18000000.0
30,26,0,170,0.0,176.0,25,0,102,2,1.0,2020,2,-1.0,24,1,1604,465,0.0,2.0,2.0,Ben Osborn,Sheffield United,Central Midfield,England,2000000.0
30,27,6,119,-5.0,179.0,56,0,126,1,0.0,2021,2,-1.0,36,10,3110,722,-5.0,85.0,90.0,Bruno Fernandes,Manchester United,Attacking Midfield,Portugal,90000000.0
35,31,0,46,,185.0,25,1,86,4,,2020,2,,22,3,1331,1429,-3.0,3.5,6.5,Ashley Barnes,Burnley FC,Centre-Forward,England,6500000.0
33,32,10,43,,181.0,29,1,754,2,,2023,2,,36,4,3114,2297,0.0,8.0,8.0,Pascal Gross,Brighton & Hove Albion,Central Midfield,Germany,8000000.0
27,23,0,3,-1.0,173.0,74,0,204,11,1.0,2019,2,-1.0,9,1,506,11,-6.0,24.0,30.0,David Brooks,AFC Bournemouth,Right Winger,Wales,30000000.0
28,25,1,41,,176.0,20,0,976,4,,2021,2,,30,7,1284,1868,2.0,12.0,10.0,Yoane Wissa,Brentford FC,Centre-Forward,DR Congo,10000000.0
33,29,2,112,3.0,195.0,12,0,465,3,0.0,2020,2,1.0,10,1,691,404,-14.0,18.0,32.0,Joel Matip,Liverpool FC,Centre-Back,Cameroon,32000000.0
23,20,0,174,,191.0,1,0,78,4,,2021,2,,32,6,1975,1904,13.0,22.0,9.0,Armando Broja,Southampton FC,Centre-Forward,Albania,9000000.0
26,23,4,21,,178.0,53,0,624,1,,2021,2,,36,7,2785,1874,3.0,45.0,42.0,Martin odegaard,Arsenal FC,Attacking Midfield,Norway,42000000.0
26,24,1,202,1.0,183.0,56,0,639,2,0.0,2022,2,1.0,34,1,2467,1076,0.0,45.0,45.0,Matheus Nunes,Wolverhampton Wanderers,Central Midfield,Portugal,45000000.0
25,23,3,188,-2.0,173.0,63,0,770,12,0.0,2022,2,-1.0,15,3,1131,1056,15.0,40.0,25.0,Pedro Porro,Tottenham Hotspur,Right-Back,Spain,25000000.0
23,21,5,21,,178.0,10,0,316,8,,2022,2,,36,15,2789,1940,20.0,80.0,60.0,Gabriel Martinelli,Arsenal FC,Left Winger,Brazil,60000000.0
30,28,1,174,-4.0,178.0,53,0,685,8,1.0,2022,2,-1.0,33,1,2168,1041,-3.0,9.0,12.0,Mohamed Elyounoussi,Southampton FC,Left Winger,Norway,12000000.0
29,27,6,41,,180.0,21,0,642,2,,2022,2,,37,5,2804,2041,10.0,22.0,12.0,Mathias Jensen,Brentford FC,Central Midfield,Denmark,12000000.0
28,26,3,174,,179.0,58,0,151,4,,2022,2,,28,5,1992,2030,-2.0,20.0,22.0,Che Adams,Southampton FC,Centre-Forward,Scotland,22000000.0
27,25,2,188,-2.0,187.0,72,0,813,5,0.0,2022,2,-1.0,18,5,1500,1058,5.0,40.0,35.0,Rodrigo Bentancur,Tottenham Hotspur,Defensive Midfield,Uruguay,35000000.0
26,25,10,21,,178.0,53,2,624,1,,2023,2,,35,8,3091,2491,20.0,110.0,90.0,Martin odegaard,Arsenal FC,Attacking Midfield,Norway,90000000.0
27,25,1,79,,171.0,74,0,193,11,,2022,2,-1.0,24,2,817,922,-4.0,12.0,16.0,Daniel James,For 2 Clubs,Right Winger,Wales,16000000.0
31,27,0,107,,186.0,63,0,225,3,,2020,2,,15,1,1204,1652,0.0,20.0,20.0,Diego Llorente,Leeds United,Centre-Back,Spain,20000000.0
35,32,0,199,3.0,189.0,70,0,60,11,0.0,2021,2,1.0,19,1,316,799,-1.0,2.5,3.5,Andriy Yarmolenko,West Ham United,Right Winger,Ukraine,3500000.0
34,30,0,112,,175.0,48,0,331,2,,2020,2,,38,2,2941,1535,-10.0,30.0,40.0,Georginio Wijnaldum,Liverpool FC,Central Midfield,Netherlands,40000000.0
24,22,8,118,,195.0,53,7,270,4,,2022,2,,35,36,2769,1934,10.0,180.0,170.0,Erling Haaland,Manchester City,Centre-Forward,Norway,170000000.0
33,32,1,43,3.0,184.0,48,0,466,12,0.0,2023,2,1.0,27,1,1588,1157,0.0,10.0,10.0,Joel Veltman,Brighton & Hove Albion,Right-Back,Netherlands,10000000.0
28,24,9,107,,176.0,10,0,788,8,,2020,2,,30,6,2360,1491,12.0,30.0,18.0,Raphinha,Leeds United,Left Winger,Brazil,18000000.0
37,32,1,22,-3.0,182.0,24,0,19,12,0.0,2019,2,-1.0,18,1,1031,34,-0.5,2.0,2.5,Ahmed El Mohamady,Aston Villa,Right-Back,Egypt,2500000.0
30,25,3,174,2.0,177.0,25,1,419,2,0.0,2019,2,1.0,38,5,3420,204,-3.5,14.5,18.0,James Ward-Prowse,Southampton FC,Central Midfield,England,18000000.0
26,23,1,57,0.0,178.0,25,0,244,1,0.0,2021,2,0.0,13,1,605,623,2.0,22.0,20.0,Eberechi Eze,Crystal Palace,Attacking Midfield,England,20000000.0
26,24,7,21,3.0,178.0,53,0,624,1,0.0,2022,2,1.0,37,15,3127,835,40.0,90.0,50.0,Martin odegaard,Arsenal FC,Attacking Midfield,Norway,50000000.0
20,19,1,46,-1.0,175.0,40,0,572,11,1.0,2023,2,-1.0,15,1,974,1170,1.0,7.0,6.0,Luca Koleosho,Burnley FC,Right Winger,Italy,6000000.0
29,27,2,132,,179.0,25,0,402,11,,2021,2,,33,1,1473,1765,0.0,5.0,5.0,Jacob Murphy,Newcastle United,Right Winger,England,5000000.0
34,30,0,50,-2.0,188.0,63,0,612,9,0.0,2020,2,-1.0,13,2,960,330,-6.0,12.0,18.0,Marcos Alonso,Chelsea FC,Left-Back,Spain,18000000.0
28,25,5,108,1.0,185.0,50,0,530,4,0.0,2021,2,1.0,26,4,1264,673,0.0,20.0,20.0,Kelechi Iheanacho,Leicester City,Centre-Forward,Nigeria,20000000.0
27,26,1,199,,190.0,46,0,248,5,,2023,2,,31,1,2377,2467,0.0,35.0,35.0,Edson alvarez,West Ham United,Defensive Midfield,Mexico,35000000.0
27,26,1,136,-6.0,190.0,25,0,836,2,0.0,2023,2,-1.0,35,1,1992,1326,0.0,12.0,12.0,Ryan Yates,Nottingham Forest,Central Midfield,England,12000000.0
28,27,6,199,-1.0,176.0,25,0,428,11,0.0,2023,2,-1.0,34,16,3019,1359,2.0,50.0,48.0,Jarrod Bowen,West Ham United,Right Winger,England,48000000.0
25,24,10,136,,171.0,25,1,691,1,,2023,2,,37,5,3155,2242,0.0,40.0,40.0,Morgan Gibbs-White,Nottingham Forest,Attacking Midfield,England,40000000.0
29,27,5,81,,180.0,48,0,533,12,,2022,2,,31,1,2569,1966,8.0,15.0,7.0,Kenny Tete,Fulham FC,Right-Back,Netherlands,7000000.0
28,27,0,199,-5.0,190.0,47,0,714,3,0.0,2022,2,-1.0,18,2,1595,1070,10.0,35.0,25.0,Nayef Aguerd,West Ham United,Centre-Back,Morocco,25000000.0
37,36,0,81,,186.0,71,0,914,3,,2023,2,,18,1,1505,2402,-0.2,0.8,1.0,Tim Ream,Fulham FC,Centre-Back,United States,1000000.0
39,34,2,112,4.0,175.0,25,2,415,2,0.0,2019,2,1.0,22,2,937,129,-5.5,6.5,12.0,James Milner,Liverpool FC,Central Midfield,England,12000000.0
32,29,0,188,-2.0,184.0,4,0,269,11,0.0,2020,2,-1.0,23,1,718,482,0.0,16.0,16.0,Erik Lamela,Tottenham Hotspur,Right Winger,Argentina,16000000.0
37,34,3,119,,184.0,72,0,246,4,,2020,2,,26,10,1376,1398,-6.0,6.0,12.0,Edinson Cavani,Manchester United,Centre-Forward,Uruguay,12000000.0
30,27,2,174,-1.0,178.0,53,0,685,8,0.0,2021,2,-1.0,30,4,2041,759,2.0,12.0,10.0,Mohamed Elyounoussi,Southampton FC,Left Winger,Norway,10000000.0
29,24,3,119,-2.0,178.0,10,0,54,1,0.0,2019,2,-1.0,25,1,1484,150,1.0,16.0,15.0,Andreas Pereira,Manchester United,Attacking Midfield,Brazil,15000000.0
36,33,0,199,3.0,191.0,40,0,65,3,0.0,2021,2,1.0,11,1,921,796,-0.8,1.2,2.0,Angelo Ogbonna,West Ham United,Centre-Back,Italy,2000000.0
27,24,1,132,,187.0,25,0,861,2,,2021,2,,24,1,1463,1801,0.0,13.0,13.0,Sean Longstaff,Newcastle United,Central Midfield,England,13000000.0
30,26,7,174,-2.0,177.0,25,3,419,2,0.0,2020,2,-1.0,38,8,3420,474,12.0,30.0,18.0,James Ward-Prowse,Southampton FC,Central Midfield,England,18000000.0
25,22,1,21,,183.0,56,0,732,9,,2021,2,,22,1,1177,1800,2.0,15.0,13.0,Nuno Tavares,Arsenal FC,Left-Back,Portugal,13000000.0
27,23,4,119,,183.0,25,0,5,12,,2020,2,,34,2,3060,1420,0.0,40.0,40.0,Aaron Wan-Bissaka,Manchester United,Right-Back,England,40000000.0
27,24,4,118,,187.0,56,0,826,3,,2021,2,,29,2,2402,1708,0.0,75.0,75.0,Ruben Dias,Manchester City,Centre-Back,Portugal,75000000.0
35,33,0,108,,175.0,25,0,606,10,,2022,2,,6,1,237,2154,-1.0,1.0,2.0,Marc Albrighton,Leicester City,Right Midfield,England,2000000.0
28,27,3,170,-1.0,188.0,58,2,736,4,1.0,2023,2,-1.0,21,6,1282,1340,0.0,4.5,4.5,Oli McBurnie,Sheffield United,Centre-Forward,Scotland,4500000.0
29,27,1,112,,172.0,33,0,706,2,,2021,2,,23,3,1173,1848,-5.0,25.0,30.0,Naby Keita,Liverpool FC,Central Midfield,Guinea,30000000.0
34,33,1,43,,185.0,25,0,198,4,,2023,2,,29,5,1693,2301,-1.0,5.0,6.0,Danny Welbeck,Brighton & Hove Albion,Centre-Forward,England,6000000.0
29,26,1,202,,177.0,43,0,367,4,,2021,2,,30,5,1815,1887,3.0,16.0,13.0,Hee-chan Hwang,Wolverhampton Wanderers,Centre-Forward,"Korea, South",13000000.0
41,36,1,43,1.0,186.0,25,0,342,4,0.0,2019,2,1.0,23,1,797,48,-0.4,1.6,2.0,Glenn Murray,Brighton & Hove Albion,Centre-Forward,England,2000000.0
34,33,3,199,-5.0,180.0,41,0,673,4,0.0,2022,2,-1.0,33,5,1830,1069,-2.0,7.0,9.0,Michail Antonio,West Ham United,Centre-Forward,Jamaica,9000000.0
35,31,0,57,-6.0,189.0,59,0,152,5,0.0,2020,2,-1.0,36,1,3121,344,-2.0,6.0,8.0,Cheikhou Kouyate,Crystal Palace,Defensive Midfield,Senegal,8000000.0
34,31,0,132,0.0,173.0,25,0,541,12,0.0,2021,2,0.0,6,2,429,732,15.0,15.0,0.0,Kieran Trippier,Newcastle United,Right-Back,England,0.0
26,24,1,188,-2.0,183.0,10,0,256,12,0.0,2022,2,-1.0,26,2,1735,1045,-10.0,20.0,30.0,Emerson Royal,Tottenham Hotspur,Right-Back,Brazil,30000000.0
31,30,0,22,3.0,179.0,63,0,988,9,0.0,2023,2,1.0,21,2,1031,1127,3.0,13.0,10.0,alex Moreno,Aston Villa,Left-Back,Spain,10000000.0
32,29,1,57,,178.0,30,0,438,7,,2021,2,,32,4,1851,1906,0.0,8.0,8.0,Jeffrey Schlupp,Crystal Palace,Left Midfield,Ghana,8000000.0
34,32,0,81,,185.0,58,0,920,2,,2022,2,,33,2,988,1981,-1.0,2.0,3.0,Tom Cairney,Fulham FC,Central Midfield,Scotland,3000000.0
26,23,1,22,,189.0,25,0,528,4,,2020,2,,15,1,277,1585,0.7,3.0,2.3,Keinan Davis,Aston Villa,Centre-Forward,England,2300000.0
36,32,0,199,-8.0,191.0,40,0,65,3,0.0,2019,2,-1.0,31,2,2786,244,-1.5,6.5,8.0,Angelo Ogbonna,West Ham United,Centre-Back,Italy,8000000.0
32,28,0,174,,199.0,21,0,425,3,,2020,2,,30,3,2575,1432,6.0,18.0,12.0,Jannik Vestergaard,Southampton FC,Centre-Back,Denmark,12000000.0
35,30,1,199,-8.0,189.0,70,0,60,11,0.0,2019,2,-1.0,23,5,991,250,-5.5,9.5,15.0,Andriy Yarmolenko,West Ham United,Right Winger,Ukraine,15000000.0
21,21,1,50,-2.0,187.0,25,0,558,3,0.0,2023,2,-1.0,23,1,1797,1182,15.0,50.0,35.0,Levi Colwill,Chelsea FC,Centre-Back,England,35000000.0
26,26,0,50,-2.0,191.0,27,0,90,3,0.0,2023,2,-1.0,31,2,258,1184,0.0,40.0,40.0,Axel Disasi,Chelsea FC,Centre-Back,France,40000000.0
22,21,1,119,-7.0,173.0,16,0,43,11,0.0,2023,2,-1.0,9,1,390,1286,0.0,18.0,18.0,Amad Diallo,Manchester United,Right Winger,Cote dIvoire,18000000.0
33,28,0,112,4.0,195.0,12,0,465,3,0.0,2019,2,1.0,9,1,703,123,-3.0,32.0,35.0,Joel Matip,Liverpool FC,Centre-Back,Cameroon,35000000.0
25,22,0,199,,184.0,25,0,100,12,,2021,2,,20,1,1397,1725,6.0,9.0,3.0,Ben Johnson,West Ham United,Right-Back,England,3000000.0
38,36,4,108,,179.0,25,0,422,4,,2022,2,,37,3,1858,2086,-1.5,2.5,4.0,Jamie Vardy,Leicester City,Centre-Forward,England,4000000.0
33,31,0,43,,192.0,25,0,561,3,,2022,2,,36,1,3239,2142,-2.0,16.0,18.0,Lewis Dunk,Brighton & Hove Albion,Centre-Back,England,18000000.0
29,25,3,112,4.0,172.0,33,0,706,2,0.0,2019,2,1.0,18,2,814,131,-16.5,33.5,50.0,Naby Keita,Liverpool FC,Central Midfield,Guinea,50000000.0
32,28,1,66,,188.0,25,0,669,3,,2020,2,,35,3,2991,1405,-3.0,25.0,28.0,Michael Keane,Everton FC,Centre-Back,England,28000000.0
29,27,1,199,,192.0,19,0,925,5,,2021,2,,35,5,3062,1897,3.0,45.0,42.0,Tomas Soucek,West Ham United,Defensive Midfield,Czech Republic,42000000.0
33,31,0,43,13.0,192.0,25,0,561,3,0.0,2022,2,1.0,36,1,3239,868,-2.0,16.0,18.0,Lewis Dunk,Brighton & Hove Albion,Centre-Back,England,18000000.0
31,30,1,46,,183.0,25,0,150,9,,2023,2,,28,1,2331,2225,0.0,3.0,3.0,Charlie Taylor,Burnley FC,Left-Back,England,3000000.0
34,32,7,132,4.0,173.0,25,0,541,12,0.0,2022,2,1.0,38,1,3341,1009,-2.0,11.0,13.0,Kieran Trippier,Newcastle United,Right-Back,England,13000000.0
30,29,0,199,-1.0,190.0,27,0,549,3,0.0,2023,2,-1.0,33,3,2838,1363,0.0,25.0,25.0,Kurt Zouma,West Ham United,Centre-Back,France,25000000.0
33,30,0,43,,192.0,25,0,561,3,,2021,2,,29,1,2574,1776,-2.0,20.0,22.0,Lewis Dunk,Brighton & Hove Albion,Centre-Back,England,22000000.0
30,28,0,202,,175.0,63,0,483,12,,2021,2,,13,2,1024,1769,0.0,15.0,15.0,Jonny Otto,Wolverhampton Wanderers,Right-Back,Spain,15000000.0
24,20,3,50,,178.0,25,0,133,8,,2020,2,,23,2,1059,1621,-3.0,32.0,35.0,Callum Hudson-Odoi,Chelsea FC,Left Winger,England,35000000.0
25,23,1,50,,193.0,29,1,515,4,,2022,2,,35,7,2569,1992,-15.0,55.0,70.0,Kai Havertz,Chelsea FC,Centre-Forward,Germany,70000000.0
31,28,3,108,1.0,178.0,63,0,93,4,0.0,2021,2,1.0,14,2,446,676,-5.0,10.0,15.0,Ayoze Perez,Leicester City,Centre-Forward,Spain,15000000.0
27,25,4,108,,177.0,8,2,977,2,,2021,2,,32,6,2632,1835,0.0,55.0,55.0,Youri Tielemans,Leicester City,Central Midfield,Belgium,55000000.0
25,21,1,43,0.0,174.0,38,0,1,4,0.0,2020,2,0.0,17,2,791,301,0.0,7.0,7.0,Aaron Connolly,Brighton & Hove Albion,Centre-Forward,Ireland,7000000.0
23,21,11,57,,184.0,27,0,671,11,,2022,2,,37,2,2748,1951,16.0,38.0,22.0,Michael Olise,Crystal Palace,Right Winger,France,22000000.0
32,27,0,119,-2.0,174.0,25,0,442,1,0.0,2019,2,-1.0,22,1,935,154,-14.5,17.5,32.0,Jesse Lingard,Manchester United,Attacking Midfield,England,32000000.0
21,20,2,112,-1.0,170.0,25,0,364,2,0.0,2022,2,-1.0,32,1,1612,970,0.0,35.0,35.0,Harvey Elliott,Liverpool FC,Central Midfield,England,35000000.0
28,24,2,188,,181.0,27,0,898,2,,2020,2,,33,3,2091,1494,5.0,50.0,45.0,Tanguy Ndombele,Tottenham Hotspur,Central Midfield,France,45000000.0
34,31,3,46,,174.0,25,0,87,5,,2020,2,,38,3,3410,1498,-0.5,5.0,5.5,Ashley Westwood,Burnley FC,Defensive Midfield,England,5500000.0
30,29,1,116,,185.0,74,0,923,3,,2023,2,,14,1,1169,2429,-1.0,2.5,3.5,Tom Lockyer,Luton Town,Centre-Back,Wales,3500000.0
36,34,1,43,13.0,172.0,25,0,13,1,0.0,2022,2,1.0,16,2,721,866,-0.3,1.2,1.5,Adam Lallana,Brighton & Hove Albion,Attacking Midfield,England,1500000.0
28,24,0,132,-2.0,181.0,6,0,937,7,0.0,2019,2,-1.0,13,1,481,163,-4.0,15.0,19.0,Valentino Lazaro,Newcastle United,Left Midfield,Austria,19000000.0
28,25,4,199,,178.0,63,0,750,1,,2020,2,,33,5,2572,1473,0.0,18.0,18.0,Pablo Fornals,West Ham United,Attacking Midfield,Spain,18000000.0
28,27,2,3,3.0,193.0,21,0,775,2,0.0,2023,2,1.0,29,2,1401,1088,0.0,22.0,22.0,Philip Billing,AFC Bournemouth,Central Midfield,Denmark,22000000.0
27,24,3,22,-6.0,185.0,55,0,653,12,0.0,2021,2,-1.0,38,4,3377,558,3.0,25.0,22.0,Matty Cash,Aston Villa,Right-Back,Poland,22000000.0
28,27,3,41,1.0,176.0,20,0,976,4,0.0,2023,2,1.0,34,12,2493,1134,3.0,28.0,25.0,Yoane Wissa,Brentford FC,Centre-Forward,DR Congo,25000000.0
32,31,10,188,1.0,184.0,43,2,369,8,0.0,2023,2,1.0,35,17,2934,1349,-5.0,45.0,50.0,Heung-min Son,Tottenham Hotspur,Left Winger,"Korea, South",50000000.0
26,22,0,43,,180.0,15,0,887,2,,2020,2,,15,1,896,1641,-1.0,6.0,7.0,Steven Alzate,Brighton & Hove Albion,Central Midfield,Colombia,7000000.0
30,26,7,118,,170.0,25,0,785,11,,2020,2,,31,10,2536,1643,-38.0,90.0,128.0,Raheem Sterling,Manchester City,Right Winger,England,128000000.0
33,29,5,22,-3.0,181.0,38,0,177,2,0.0,2019,2,-1.0,27,3,1534,40,-1.5,6.0,7.5,Conor Hourihane,Aston Villa,Central Midfield,Ireland,7500000.0
28,25,0,188,,187.0,15,0,210,3,,2021,2,,23,2,1631,1679,-2.0,28.0,30.0,Davinson Sanchez,Tottenham Hotspur,Centre-Back,Colombia,30000000.0
29,28,0,118,1.0,188.0,65,0,604,3,0.0,2023,2,1.0,30,2,2512,1282,3.0,45.0,42.0,Manuel Akanji,Manchester City,Centre-Back,Switzerland,42000000.0
28,23,4,199,-8.0,176.0,25,0,428,11,0.0,2019,2,-1.0,13,1,917,242,16.0,16.0,0.0,Jarrod Bowen,West Ham United,Right Winger,England,0.0
29,28,3,41,1.0,180.0,21,0,642,2,0.0,2023,2,1.0,32,3,2204,1130,0.0,28.0,28.0,Mathias Jensen,Brentford FC,Central Midfield,Denmark,28000000.0
30,26,1,43,0.0,180.0,25,0,882,11,0.0,2020,2,0.0,21,2,1672,296,0.0,9.0,9.0,Solly March,Brighton & Hove Albion,Right Winger,England,9000000.0
24,24,3,188,1.0,186.0,64,0,215,1,0.0,2023,2,1.0,36,8,2762,1353,0.0,55.0,55.0,Dejan Kulusevski,Tottenham Hotspur,Attacking Midfield,Sweden,55000000.0
28,25,2,118,,191.0,63,0,811,5,,2021,2,,33,7,2884,1865,10.0,80.0,70.0,Rodri,Manchester City,Defensive Midfield,Spain,70000000.0
28,25,3,107,,176.0,10,4,788,8,,2021,2,,35,11,2916,1933,13.0,45.0,32.0,Raphinha,Leeds United,Left Winger,Brazil,32000000.0
29,27,0,21,3.0,189.0,25,0,804,3,0.0,2022,2,1.0,14,1,566,832,-2.0,8.0,10.0,Rob Holding,Arsenal FC,Centre-Back,England,10000000.0
26,24,2,195,,185.0,59,0,385,11,,2021,2,,22,5,1861,1888,0.0,27.0,27.0,Ismaila Sarr,Watford FC,Right Winger,Senegal,27000000.0
26,26,0,188,1.0,185.0,4,0,180,3,0.0,2023,2,1.0,33,5,2791,1341,0.0,65.0,65.0,Cristian Romero,Tottenham Hotspur,Centre-Back,Argentina,65000000.0
27,22,1,108,5.0,178.0,7,0,356,5,0.0,2019,2,1.0,20,1,894,106,-2.0,8.0,10.0,Hamza Choudhury,Leicester City,Defensive Midfield,Bangladesh,10000000.0
28,26,4,112,,178.0,56,0,229,4,,2022,2,,22,7,1132,2002,-5.0,50.0,55.0,Diogo Jota,Liverpool FC,Centre-Forward,Portugal,55000000.0
25,22,1,50,-1.0,192.0,25,0,929,3,0.0,2021,2,-1.0,20,3,1448,608,10.0,20.0,10.0,Trevoh Chalobah,Chelsea FC,Centre-Back,England,10000000.0
27,24,2,22,-6.0,178.0,41,0,557,11,0.0,2021,2,-1.0,18,1,760,557,-7.0,25.0,32.0,Leon Bailey,Aston Villa,Right Winger,Jamaica,32000000.0
23,22,9,21,1.0,178.0,25,6,132,11,0.0,2023,2,1.0,35,16,2919,1102,20.0,140.0,120.0,Bukayo Saka,Arsenal FC,Right Winger,England,120000000.0
30,28,1,118,,182.0,56,0,451,12,,2022,2,,17,2,1275,1982,-20.0,50.0,70.0,Joao Cancelo,Manchester City,Right-Back,Portugal,70000000.0
27,23,0,197,-2.0,183.0,25,0,523,4,1.0,2020,2,-1.0,21,1,1127,498,0.0,8.0,8.0,Karlan Grant,West Bromwich Albion,Centre-Forward,England,8000000.0
26,25,4,57,,178.0,25,1,244,1,,2023,2,,27,11,2056,2499,7.0,55.0,48.0,Eberechi Eze,Crystal Palace,Attacking Midfield,England,48000000.0
25,22,1,21,0.0,175.0,25,0,245,4,0.0,2021,2,0.0,21,5,835,538,4.0,16.0,12.0,Eddie Nketiah,Arsenal FC,Centre-Forward,England,12000000.0
30,28,0,199,-5.0,190.0,27,0,549,3,0.0,2022,2,-1.0,25,2,1989,1066,-10.0,22.0,32.0,Kurt Zouma,West Ham United,Centre-Back,France,32000000.0
24,23,7,188,,186.0,64,0,215,1,,2022,2,,30,2,2067,2130,0.0,50.0,50.0,Dejan Kulusevski,Tottenham Hotspur,Attacking Midfield,Sweden,50000000.0
22,22,0,112,2.0,190.0,48,0,834,5,0.0,2023,2,1.0,26,1,1121,1246,0.0,35.0,35.0,Ryan Gravenberch,Liverpool FC,Defensive Midfield,Netherlands,35000000.0
27,23,9,119,,185.0,25,0,616,8,,2020,2,,37,11,2916,1394,5.0,85.0,80.0,Marcus Rashford,Manchester United,Left Winger,England,80000000.0
35,33,0,50,-10.0,187.0,28,0,778,4,0.0,2022,2,-1.0,15,1,555,884,-8.0,4.0,12.0,Pierre-Emerick Aubameyang,Chelsea FC,Centre-Forward,Gabon,12000000.0
29,26,0,202,,188.0,8,0,555,5,,2020,2,,33,1,2503,1534,2.0,30.0,28.0,Leander Dendoncker,Wolverhampton Wanderers,Defensive Midfield,Belgium,28000000.0
24,23,0,118,,170.0,4,1,503,4,,2022,2,,31,9,1465,2015,32.0,60.0,28.0,Julian Alvarez,Manchester City,Centre-Forward,Argentina,28000000.0
33,30,2,66,,181.0,25,1,61,11,,2021,2,,21,3,1455,1855,-2.0,5.0,7.0,Andros Townsend,Everton FC,Right Winger,England,7000000.0
31,27,14,188,-2.0,188.0,25,4,359,4,0.0,2020,2,-1.0,35,23,3082,488,0.0,120.0,120.0,Harry Kane,Tottenham Hotspur,Centre-Forward,England,120000000.0
28,26,1,50,,180.0,29,0,915,8,,2021,2,,21,4,1283,1915,-20.0,35.0,55.0,Timo Werner,Chelsea FC,Left Winger,Germany,55000000.0
29,26,0,108,,185.0,8,0,916,12,,2021,2,,27,1,2127,1678,0.0,28.0,28.0,Timothy Castagne,Leicester City,Right-Back,Belgium,28000000.0
32,31,0,199,,177.0,25,0,197,4,,2023,2,,20,1,403,2407,-1.0,8.0,9.0,Danny Ings,West Ham United,Centre-Forward,England,9000000.0
33,31,1,107,,182.0,63,1,812,4,,2021,2,,31,6,2265,1836,-3.0,12.0,15.0,Rodrigo,Leeds United,Centre-Forward,Spain,15000000.0
27,26,0,188,-2.0,178.0,48,0,81,8,0.0,2022,2,-1.0,9,1,169,1055,-10.0,25.0,35.0,Arnaut Danjuma,Tottenham Hotspur,Left Winger,Netherlands,35000000.0
30,30,2,112,2.0,178.0,58,0,58,9,0.0,2023,2,1.0,23,3,1693,1250,-5.0,30.0,35.0,Andrew Robertson,Liverpool FC,Left-Back,Scotland,35000000.0
31,29,1,188,2.0,181.0,74,0,98,3,0.0,2021,2,1.0,29,1,2538,776,2.0,20.0,18.0,Ben Davies,Tottenham Hotspur,Centre-Back,Wales,18000000.0
30,28,5,174,-1.0,173.0,25,0,712,11,0.0,2021,2,-1.0,27,1,1833,755,0.0,18.0,18.0,Nathan Redmond,Southampton FC,Right Winger,England,18000000.0
19,19,1,119,-7.0,180.0,25,0,543,2,0.0,2023,2,-1.0,24,3,1924,1290,49.0,55.0,6.0,Kobbie Mainoo,Manchester United,Central Midfield,England,6000000.0
28,24,1,119,,191.0,58,0,859,2,,2020,2,,32,4,2129,1511,12.5,35.0,22.5,Scott McTominay,Manchester United,Central Midfield,Scotland,22500000.0
26,25,2,108,,187.0,8,0,970,3,,2022,2,,31,1,2787,2029,5.0,20.0,15.0,Wout Faes,Leicester City,Centre-Back,Belgium,15000000.0
26,22,6,50,,181.0,25,1,629,1,,2020,2,,36,6,2891,1485,30.0,75.0,45.0,Mason Mount,Chelsea FC,Attacking Midfield,England,45000000.0
31,30,0,41,1.0,194.0,41,0,274,3,0.0,2023,2,1.0,29,2,2521,1143,-3.0,12.0,15.0,Ethan Pinnock,Brentford FC,Centre-Back,Jamaica,15000000.0
25,22,1,50,,192.0,25,0,929,3,,2021,2,,20,3,1448,1846,10.0,20.0,10.0,Trevoh Chalobah,Chelsea FC,Centre-Back,England,10000000.0
27,26,3,43,3.0,175.0,23,0,772,9,0.0,2023,2,1.0,19,2,1244,1149,-5.0,30.0,35.0,Pervis Estupinan,Brighton & Hove Albion,Left-Back,Ecuador,35000000.0
22,20,2,119,,178.0,64,0,68,11,,2021,2,,21,2,1213,1747,16.0,20.0,4.0,Anthony Elanga,Manchester United,Right Winger,Sweden,4000000.0
33,29,0,43,,192.0,25,0,561,3,,2020,2,,33,5,2933,1469,5.0,25.0,20.0,Lewis Dunk,Brighton & Hove Albion,Centre-Back,England,20000000.0
31,30,1,202,2.0,184.0,28,0,619,5,0.0,2023,2,1.0,35,4,297,1377,0.0,10.0,10.0,Mario Lemina,Wolverhampton Wanderers,Defensive Midfield,Gabon,10000000.0
28,24,1,81,,192.0,21,0,450,3,,2020,2,,31,1,2731,1516,9.0,22.0,13.0,Joachim Andersen,Fulham FC,Centre-Back,Denmark,13000000.0
33,29,3,46,,191.0,49,2,159,4,,2020,2,,33,12,2742,1390,-4.0,8.0,12.0,Chris Wood,Burnley FC,Centre-Forward,New Zealand,12000000.0
33,31,1,107,,183.0,52,0,890,7,,2021,2,,34,1,2919,1819,0.0,4.0,4.0,Stuart Dallas,Leeds United,Left Midfield,Northern Ireland,4000000.0
29,26,2,188,2.0,185.0,21,0,779,5,0.0,2021,2,1.0,36,2,3196,768,0.0,40.0,40.0,Pierre-Emile Hojbjerg,Tottenham Hotspur,Defensive Midfield,Denmark,40000000.0
35,32,2,108,1.0,175.0,25,0,606,10,0.0,2021,2,1.0,17,1,1132,670,0.0,2.5,2.5,Marc Albrighton,Leicester City,Right Midfield,England,2500000.0
32,29,1,57,,180.0,16,5,962,8,,2021,2,,33,14,2762,1658,-2.0,38.0,40.0,Wilfried Zaha,Crystal Palace,Left Winger,Cote dIvoire,40000000.0
27,26,0,202,2.0,194.0,25,0,659,3,0.0,2023,2,1.0,38,2,342,1374,-3.0,32.0,35.0,Maximilian Kilman,Wolverhampton Wanderers,Centre-Back,England,35000000.0
24,20,2,66,-5.0,183.0,40,0,689,4,0.0,2019,2,-1.0,29,2,851,102,-7.0,25.0,32.0,Moise Kean,Everton FC,Centre-Forward,Italy,32000000.0
32,30,3,112,,174.0,59,0,838,8,,2021,2,,34,16,2820,1664,-10.0,70.0,80.0,Sadio Mane,Liverpool FC,Left Winger,Senegal,80000000.0
35,31,2,46,1.0,185.0,25,0,431,4,0.0,2020,2,1.0,31,1,1265,310,-2.0,4.0,6.0,Jay Rodriguez,Burnley FC,Centre-Forward,England,6000000.0
37,32,1,108,5.0,188.0,52,0,482,3,0.0,2019,2,1.0,38,1,3384,116,0.0,12.0,12.0,Jonny Evans,Leicester City,Centre-Back,Northern Ireland,12000000.0
33,30,2,107,,183.0,25,0,589,12,,2021,2,,26,2,2273,1752,0.0,4.0,4.0,Luke Ayling,Leeds United,Right-Back,England,4000000.0
29,27,0,21,,189.0,25,0,804,3,,2022,2,,14,1,566,2171,-2.0,8.0,10.0,Rob Holding,Arsenal FC,Centre-Back,England,10000000.0
30,27,7,118,2.0,182.0,56,0,457,12,0.0,2021,2,1.0,36,1,3227,707,5.0,65.0,60.0,Joco Cancelo,Manchester City,Right-Back,Portugal,60000000.0
33,30,1,197,-2.0,194.0,25,0,550,3,1.0,2020,2,-1.0,30,3,2584,495,-0.3,2.5,2.8,Kyle Bartley,West Bromwich Albion,Centre-Back,England,2800000.0
35,30,0,199,-8.0,170.0,25,0,2,9,0.0,2019,2,-1.0,31,3,2727,240,-1.5,6.5,8.0,Aaron Cresswell,West Ham United,Left-Back,England,8000000.0
29,28,2,81,,190.0,10,0,141,4,,2022,2,,28,5,1109,2034,0.0,6.0,6.0,Carlos Vinicius,Fulham FC,Centre-Forward,Brazil,6000000.0
27,26,1,174,,187.0,10,0,593,3,,2022,2,,21,1,1180,2149,-0.5,3.5,4.0,Lyanco,Southampton FC,Centre-Back,Brazil,4000000.0
33,31,4,50,-1.0,168.0,27,0,705,5,0.0,2021,2,-1.0,26,2,1773,610,-10.0,40.0,50.0,NGolo Kante,Chelsea FC,Defensive Midfield,France,50000000.0
32,31,1,174,,183.0,58,0,889,2,,2022,2,,32,2,1407,2119,-1.5,4.5,6.0,Stuart Armstrong,Southampton FC,Central Midfield,Scotland,6000000.0
35,34,0,132,,173.0,58,0,648,10,,2023,2,,13,1,128,2425,0.0,1.0,1.0,Matt Ritchie,Newcastle United,Right Midfield,Scotland,1000000.0
27,25,2,174,,173.0,25,0,10,4,,2021,2,,23,2,1414,1748,-3.0,15.0,18.0,Adam Armstrong,Southampton FC,Centre-Forward,England,18000000.0
29,28,13,22,,180.0,25,0,741,4,,2023,2,,37,19,3217,2215,10.0,65.0,55.0,Ollie Watkins,Aston Villa,Centre-Forward,England,55000000.0
35,31,3,132,-2.0,189.0,4,0,292,3,0.0,2019,2,-1.0,32,2,2620,162,-1.5,5.5,7.0,Federico Fernandez,Newcastle United,Centre-Back,Argentina,7000000.0
26,21,4,50,-1.0,177.0,71,0,164,11,0.0,2019,2,-1.0,25,9,1722,83,-6.0,54.0,60.0,Christian Pulisic,Chelsea FC,Right Winger,United States,60000000.0
27,25,1,107,-2.0,187.0,21,0,790,12,1.0,2022,2,-1.0,26,3,1960,938,-2.0,13.0,15.0,Rasmus Kristensen,Leeds United,Right-Back,Denmark,15000000.0
27,26,1,66,,189.0,25,1,233,4,,2022,2,,17,2,1167,1983,-5.0,25.0,30.0,Dominic Calvert-Lewin,Everton FC,Centre-Forward,England,30000000.0
30,28,7,43,,180.0,25,0,882,11,,2022,2,,33,7,2716,2007,10.0,22.0,12.0,Solly March,Brighton & Hove Albion,Right Winger,England,12000000.0
27,26,0,50,-2.0,177.0,27,0,165,4,0.0,2023,2,-1.0,11,3,444,1185,-10.0,65.0,75.0,Christopher Nkunku,Chelsea FC,Centre-Forward,France,75000000.0
24,20,2,174,2.0,170.0,38,0,670,4,0.0,2019,2,1.0,21,3,665,207,2.5,4.5,2.0,Michael Obafemi,Southampton FC,Centre-Forward,Ireland,2000000.0
32,32,1,132,2.0,180.0,25,2,135,4,0.0,2023,2,1.0,20,9,991,1313,0.0,13.0,13.0,Callum Wilson,Newcastle United,Centre-Forward,England,13000000.0
31,26,0,43,1.0,181.0,57,0,300,4,0.0,2019,2,1.0,3,1,74,56,-1.3,3.2,4.5,Florin Andone,Brighton & Hove Albion,Centre-Forward,Romania,4500000.0
35,32,1,66,-9.0,189.0,73,0,841,4,0.0,2021,2,-1.0,20,1,791,643,-2.5,2.5,5.0,Salomon Rondon,Everton FC,Centre-Forward,Venezuela,5000000.0
40,37,0,50,,181.0,10,0,909,3,,2021,2,,32,3,2650,1841,0.0,2.5,2.5,Thiago Silva,Chelsea FC,Centre-Back,Brazil,2500000.0
24,23,0,108,,175.0,10,0,904,11,,2022,2,,13,1,733,2175,-3.0,25.0,28.0,Tete,Leicester City,Right Winger,Brazil,28000000.0
30,25,0,22,-3.0,195.0,8,0,114,3,0.0,2019,2,-1.0,17,1,1447,30,-0.5,9.5,10.0,Bjorn Engels,Aston Villa,Centre-Back,Belgium,10000000.0
37,35,0,81,5.0,186.0,71,0,914,3,0.0,2022,2,1.0,33,1,2898,935,0.2,1.0,0.8,Tim Ream,Fulham FC,Centre-Back,United States,800000.0
23,22,1,118,,185.0,17,0,496,9,,2023,2,,28,4,2328,2333,-5.0,75.0,80.0,Josko Gvardiol,Manchester City,Left-Back,Croatia,80000000.0
28,24,0,199,,194.0,27,0,387,3,,2020,2,,18,2,1381,1590,-7.0,18.0,25.0,Issa Diop,West Ham United,Centre-Back,France,25000000.0
33,30,4,112,2.0,181.0,10,0,808,4,0.0,2021,2,1.0,20,5,988,680,-8.0,32.0,40.0,Roberto Firmino,Liverpool FC,Centre-Forward,Brazil,40000000.0
29,25,0,202,,178.0,63,0,16,11,,2021,2,,20,1,1066,1728,-8.0,20.0,28.0,Adama Traore,Wolverhampton Wanderers,Right Winger,Spain,28000000.0
32,31,5,132,,180.0,25,3,135,4,,2022,2,,31,18,1877,1944,-2.0,16.0,18.0,Callum Wilson,Newcastle United,Centre-Forward,England,18000000.0
26,23,1,170,0.0,195.0,53,1,850,5,1.0,2020,2,-1.0,15,1,1120,468,0.0,18.0,18.0,Sander Berge,Sheffield United,Defensive Midfield,Norway,18000000.0
37,35,0,81,,186.0,71,0,914,3,,2022,2,,33,1,2898,2139,0.2,1.0,0.8,Tim Ream,Fulham FC,Centre-Back,United States,800000.0
32,29,1,132,,185.0,38,0,436,2,,2020,2,,22,2,1423,1567,0.0,9.0,9.0,Jeff Hendrick,Newcastle United,Central Midfield,Ireland,9000000.0
36,34,0,66,,177.0,38,0,860,12,,2022,2,,23,1,1656,2190,-0.8,1.0,1.8,Seamus Coleman,Everton FC,Right-Back,Ireland,1800000.0
26,23,12,112,,175.0,25,0,928,12,,2021,2,,32,2,2852,1716,0.0,80.0,80.0,Trent Alexander-Arnold,Liverpool FC,Right-Back,England,80000000.0
24,22,3,119,,180.0,25,0,405,8,,2021,2,,29,3,1898,1861,-15.0,75.0,90.0,Jadon Sancho,Manchester United,Left Winger,England,90000000.0
29,27,5,188,,185.0,21,0,779,5,,2022,2,,35,4,3131,2104,3.0,45.0,42.0,Pierre-Emile Hojbjerg,Tottenham Hotspur,Defensive Midfield,Denmark,42000000.0
31,28,1,119,,194.0,25,0,360,3,,2020,2,,34,2,3047,1412,0.0,50.0,50.0,Harry Maguire,Manchester United,Centre-Back,England,50000000.0
27,25,6,43,,175.0,23,0,772,9,,2022,2,,35,1,2677,1967,12.0,32.0,20.0,Pervis Estupinan,Brighton & Hove Albion,Left-Back,Ecuador,20000000.0
23,23,0,188,,193.0,48,0,676,3,,2023,2,,27,3,2339,2344,15.0,55.0,40.0,Micky van de Ven,Tottenham Hotspur,Centre-Back,Netherlands,40000000.0
29,28,1,81,0.0,190.0,56,0,455,5,0.0,2023,2,0.0,33,4,2698,1230,0.0,55.0,55.0,Joao Palhinha,Fulham FC,Defensive Midfield,Portugal,55000000.0
30,27,3,43,,172.0,8,1,556,8,,2021,2,,34,8,2802,1879,3.0,20.0,17.0,Leandro Trossard,Brighton & Hove Albion,Left Winger,Belgium,17000000.0
31,28,0,132,0.0,188.0,25,0,409,3,0.0,2021,2,0.0,26,1,2059,729,-1.0,10.0,11.0,Jamaal Lascelles,Newcastle United,Centre-Back,England,11000000.0
23,19,0,21,-4.0,178.0,10,0,316,8,0.0,2019,2,-1.0,14,3,663,14,20.0,25.0,5.0,Gabriel Martinelli,Arsenal FC,Left Winger,Brazil,5000000.0
34,29,1,46,8.0,186.0,36,0,469,11,0.0,2019,2,1.0,12,1,621,64,-2.0,8.0,10.0,Johann Berg Gudmundsson,Burnley FC,Right Winger,Iceland,10000000.0
35,31,5,66,,186.0,36,3,352,1,,2020,2,,36,6,2253,1484,-5.0,13.0,18.0,Gylfi Sigurdsson,Everton FC,Attacking Midfield,Iceland,18000000.0
30,26,0,199,4.0,190.0,16,0,862,4,0.0,2020,2,1.0,16,3,937,506,-3.0,27.0,30.0,Sebastien Haller,West Ham United,Centre-Forward,Cote dIvoire,30000000.0
33,28,0,112,4.0,169.0,65,0,972,1,0.0,2019,2,1.0,7,1,185,136,-6.0,16.0,22.0,Xherdan Shaqiri,Liverpool FC,Attacking Midfield,Switzerland,22000000.0
24,23,4,118,1.0,195.0,53,7,270,4,0.0,2023,2,1.0,31,27,2552,1278,0.0,180.0,180.0,Erling Haaland,Manchester City,Centre-Forward,Norway,180000000.0
36,34,0,66,-7.0,177.0,38,0,860,12,0.0,2022,2,-1.0,23,1,1656,908,-0.8,1.0,1.8,Seamus Coleman,Everton FC,Right-Back,Ireland,1800000.0
29,28,7,81,0.0,178.0,10,0,54,1,0.0,2023,2,0.0,37,3,2614,1223,0.0,20.0,20.0,Andreas Pereira,Fulham FC,Attacking Midfield,Brazil,20000000.0
32,29,2,66,,188.0,25,0,669,3,,2021,2,,32,3,2793,1847,-5.0,20.0,25.0,Michael Keane,Everton FC,Centre-Back,England,25000000.0
34,29,2,50,-1.0,188.0,63,0,612,9,0.0,2019,2,-1.0,18,4,1430,81,-12.0,20.0,32.0,Marcos Alonso,Chelsea FC,Left-Back,Spain,32000000.0
25,24,8,116,2.0,183.0,25,0,37,7,1.0,2023,2,1.0,37,2,2925,1256,5.5,10.0,4.5,Alfie Doughty,Luton Town,Left Midfield,England,4500000.0
27,26,1,174,-4.0,173.0,25,0,10,4,1.0,2022,2,-1.0,30,2,1336,1034,-5.0,10.0,15.0,Adam Armstrong,Southampton FC,Centre-Forward,England,15000000.0
31,28,0,135,,185.0,27,0,777,5,,2021,2,,33,1,2267,1791,-2.0,5.0,7.0,Pierre Lees-Melou,Norwich City,Defensive Midfield,France,7000000.0
32,27,2,46,8.0,185.0,25,0,417,3,0.0,2019,2,1.0,38,2,3420,62,-5.0,20.0,25.0,James Tarkowski,Burnley FC,Centre-Back,England,25000000.0
29,28,4,116,2.0,185.0,25,5,142,4,1.0,2023,2,1.0,38,11,2864,1261,3.0,13.0,10.0,Carlton Morris,Luton Town,Centre-Forward,England,10000000.0
27,23,6,108,5.0,177.0,8,0,977,2,0.0,2019,2,1.0,37,3,2828,107,-1.0,44.0,45.0,Youri Tielemans,Leicester City,Central Midfield,Belgium,45000000.0
28,24,5,199,,176.0,25,0,428,11,,2020,2,,38,8,2561,1449,5.0,30.0,25.0,Jarrod Bowen,West Ham United,Right Winger,England,25000000.0
32,28,3,57,-6.0,178.0,30,0,438,7,0.0,2020,2,-1.0,27,2,1428,341,-1.0,9.0,10.0,Jeffrey Schlupp,Crystal Palace,Left Midfield,Ghana,10000000.0
32,28,10,188,-2.0,184.0,43,1,369,8,0.0,2020,2,-1.0,37,17,3114,490,10.0,85.0,75.0,Heung-min Son,Tottenham Hotspur,Left Winger,"Korea, South",75000000.0
27,23,1,21,-4.0,180.0,58,0,540,9,0.0,2019,2,-1.0,15,1,989,26,-5.0,20.0,25.0,Kieran Tierney,Arsenal FC,Left-Back,Scotland,25000000.0
29,25,3,119,,181.0,27,0,70,4,,2020,2,,22,4,1481,1415,-13.0,45.0,58.0,Anthony Martial,Manchester United,Centre-Forward,France,58000000.0
32,29,6,22,,177.0,25,1,197,4,,2021,2,,30,7,1898,1873,-2.0,20.0,22.0,Danny Ings,Aston Villa,Centre-Forward,England,22000000.0
28,27,0,199,-1.0,179.0,16,0,661,8,0.0,2023,2,-1.0,7,1,112,1357,-1.0,9.0,10.0,Maxwel Cornet,West Ham United,Left Winger,Cote dIvoire,10000000.0
25,24,3,57,,181.0,25,0,934,9,,2023,2,,37,2,3204,2322,3.0,25.0,22.0,Tyrick Mitchell,Crystal Palace,Left-Back,England,22000000.0
27,23,8,118,0.0,175.0,10,0,313,4,0.0,2019,2,0.0,34,14,2030,141,-14.0,56.0,70.0,Gabriel Jesus,Manchester City,Centre-Forward,Brazil,70000000.0
20,19,0,199,-1.0,180.0,25,0,327,1,0.0,2023,2,-1.0,3,1,34,1360,1.0,1.0,0.0,George Earthy,West Ham United,Attacking Midfield,England,0.0
35,34,0,66,,174.0,59,0,376,2,,2023,2,,25,4,1884,2320,-1.0,3.0,4.0,Idrissa Gueye,Everton FC,Central Midfield,Senegal,4000000.0
34,31,0,202,,188.0,47,0,820,3,,2020,2,,27,3,2407,1433,2.0,10.0,8.0,Romain Saiss,Wolverhampton Wanderers,Centre-Back,Morocco,8000000.0
31,27,1,202,,177.0,56,0,717,12,,2020,2,,34,1,2983,1524,-12.0,28.0,40.0,Nelson Semedo,Wolverhampton Wanderers,Right-Back,Portugal,40000000.0
26,23,1,43,7.0,173.0,63,0,607,9,0.0,2021,2,1.0,35,1,3089,586,8.0,28.0,20.0,Marc Cucurella,Brighton & Hove Albion,Left-Back,Spain,20000000.0
31,27,7,107,,185.0,25,2,756,4,,2020,2,,38,17,3050,1387,12.0,22.0,10.0,Patrick Bamford,Leeds United,Centre-Forward,England,10000000.0
26,23,3,108,1.0,183.0,75,0,761,4,0.0,2021,2,1.0,23,5,1158,678,-2.0,20.0,22.0,Patson Daka,Leicester City,Centre-Forward,Zambia,22000000.0
33,32,0,41,11.0,196.0,64,0,780,3,0.0,2022,2,1.0,12,1,723,860,-2.5,2.5,5.0,Pontus Jansson,Brentford FC,Centre-Back,Sweden,5000000.0
26,22,0,81,,181.0,50,1,492,4,,2020,2,,15,3,810,1425,-1.5,5.0,6.5,Josh Maja,Fulham FC,Centre-Forward,Nigeria,6500000.0
34,30,0,46,,186.0,36,0,469,11,,2020,2,,22,2,1363,1606,-3.5,3.0,6.5,Johann Berg Gudmundsson,Burnley FC,Right Winger,Iceland,6500000.0
36,35,2,81,0.0,175.0,10,2,965,8,0.0,2023,2,0.0,31,4,2052,1221,0.0,3.0,3.0,Willian,Fulham FC,Left Winger,Brazil,3000000.0
27,24,0,41,,170.0,25,0,800,9,,2021,2,,34,3,2776,1843,10.0,20.0,10.0,Rico Henry,Brentford FC,Left-Back,England,10000000.0
34,33,0,79,,188.0,25,0,178,3,,2022,2,-1.0,25,1,2134,917,-0.5,2.0,2.5,Craig Dawson,For 2 Clubs,Centre-Back,England,2500000.0
28,26,0,174,,183.0,50,0,460,2,,2022,2,,21,2,1225,1976,-4.0,11.0,15.0,Joe Aribo,Southampton FC,Central Midfield,Nigeria,15000000.0
28,25,3,174,,179.0,58,0,151,4,,2021,2,,30,7,2039,1869,-2.0,18.0,20.0,Che Adams,Southampton FC,Centre-Forward,Scotland,20000000.0
27,26,3,81,,173.0,74,0,362,11,,2022,2,,29,2,1100,2127,-1.0,16.0,17.0,Harry Wilson,Fulham FC,Right Winger,Wales,17000000.0
26,24,0,188,,185.0,4,0,180,3,,2021,2,,22,1,1844,1726,13.0,48.0,35.0,Cristian Romero,Tottenham Hotspur,Centre-Back,Argentina,35000000.0
32,30,2,66,,183.0,45,0,8,2,,2022,2,,25,5,1534,2023,-6.0,12.0,18.0,Abdoulaye Doucoure,Everton FC,Central Midfield,Mali,18000000.0
32,28,2,57,,180.0,16,2,962,8,,2020,2,,30,11,2612,1650,-5.0,45.0,50.0,Wilfried Zaha,Crystal Palace,Left Winger,Cote dIvoire,50000000.0
27,24,0,202,,194.0,25,0,659,3,,2021,2,,30,1,2687,1780,7.0,16.0,9.0,Maximilian Kilman,Wolverhampton Wanderers,Centre-Back,England,9000000.0
27,26,4,21,1.0,186.0,25,0,103,12,0.0,2023,2,1.0,37,4,2988,1103,0.0,55.0,55.0,Ben White,Arsenal FC,Right-Back,England,55000000.0
29,26,3,118,,180.0,25,0,395,8,,2021,2,,26,3,1913,1852,-30.0,70.0,100.0,Jack Grealish,Manchester City,Left Winger,England,100000000.0
34,32,0,202,3.0,188.0,47,0,820,3,0.0,2021,2,1.0,31,2,2706,806,-1.0,8.0,9.0,Romain Saiss,Wolverhampton Wanderers,Centre-Back,Morocco,9000000.0
31,30,1,116,2.0,183.0,25,0,485,2,1.0,2023,2,1.0,23,1,1304,1258,0.0,1.0,1.0,Jordan Clark,Luton Town,Central Midfield,England,1000000.0
27,26,0,57,2.0,187.0,27,0,733,4,0.0,2023,2,1.0,30,7,1555,1193,-2.0,18.0,20.0,Odsonne Edouard,Crystal Palace,Centre-Forward,France,20000000.0
33,31,4,202,,187.0,46,1,791,4,,2021,2,,34,6,2633,1864,-4.0,18.0,22.0,Raul Jimenez,Wolverhampton Wanderers,Centre-Forward,Mexico,22000000.0
24,23,2,112,,187.0,35,0,235,2,,2023,2,,33,3,2104,2358,5.0,75.0,70.0,Dominik Szoboszlai,Liverpool FC,Central Midfield,Hungary,70000000.0
37,35,1,195,,186.0,61,0,510,2,,2021,2,,26,1,1921,1804,-0.2,1.8,2.0,Juraj Kucka,Watford FC,Central Midfield,Slovakia,2000000.0
30,28,5,50,-1.0,177.0,17,0,633,2,0.0,2021,2,-1.0,25,2,1558,603,-3.0,42.0,45.0,Mateo Kovacic,Chelsea FC,Central Midfield,Croatia,45000000.0
39,37,1,118,2.0,179.0,10,0,295,5,0.0,2021,2,1.0,19,2,964,698,-0.5,1.5,2.0,Fernandinho,Manchester City,Defensive Midfield,Brazil,2000000.0
27,24,1,57,,192.0,27,0,434,4,,2021,2,,22,5,1145,1892,2.0,10.0,8.0,Jean-Philippe Mateta,Crystal Palace,Centre-Forward,France,8000000.0
32,30,0,174,-1.0,183.0,58,0,889,2,0.0,2021,2,-1.0,25,2,1473,761,0.0,6.0,6.0,Stuart Armstrong,Southampton FC,Central Midfield,Scotland,6000000.0
23,21,1,43,13.0,178.0,23,0,690,5,0.0,2022,2,1.0,37,1,3139,864,50.0,75.0,25.0,Moises Caicedo,Brighton & Hove Albion,Defensive Midfield,Ecuador,25000000.0
33,31,8,43,13.0,181.0,29,0,754,2,0.0,2022,2,1.0,37,9,3239,869,0.0,8.0,8.0,Pascal Gross,Brighton & Hove Albion,Central Midfield,Germany,8000000.0
33,31,0,79,,191.0,49,1,159,4,,2022,2,-1.0,25,3,819,921,-2.0,8.0,10.0,Chris Wood,For 2 Clubs,Centre-Forward,New Zealand,10000000.0
32,32,7,202,2.0,174.0,63,2,751,11,0.0,2023,2,1.0,30,4,1746,1382,-2.0,10.0,12.0,Pablo Sarabia,Wolverhampton Wanderers,Right Winger,Spain,12000000.0
28,24,0,170,,188.0,58,0,736,4,,2020,2,,23,1,1324,1617,-2.0,10.0,12.0,Oli McBurnie,Sheffield United,Centre-Forward,Scotland,12000000.0
24,21,6,202,,174.0,56,0,769,11,,2020,2,,31,5,2550,1481,20.0,35.0,15.0,Pedro Neto,Wolverhampton Wanderers,Right Winger,Portugal,15000000.0
24,20,3,202,8.0,174.0,56,0,769,11,0.0,2019,2,1.0,29,3,939,256,4.5,11.5,7.0,Pedro Neto,Wolverhampton Wanderers,Right Winger,Portugal,7000000.0
30,30,1,41,,187.0,21,0,163,5,,2023,2,,31,2,2505,2353,-2.0,18.0,20.0,Christian Norgaard,Brentford FC,Defensive Midfield,Denmark,20000000.0
28,25,1,174,-2.0,189.0,55,0,423,3,0.0,2020,2,-1.0,36,1,3101,477,10.0,25.0,15.0,Jan Bednarek,Southampton FC,Centre-Back,Poland,15000000.0
27,26,1,3,,173.0,74,0,204,11,,2023,2,,13,1,282,2394,-1.0,8.0,9.0,David Brooks,AFC Bournemouth,Right Winger,Wales,9000000.0
31,28,1,41,,175.0,37,0,844,1,,2021,2,,17,1,536,1810,-0.5,2.5,3.0,Saman Ghoddos,Brentford FC,Attacking Midfield,Iran,3000000.0
27,26,3,81,5.0,173.0,74,0,362,11,0.0,2022,2,1.0,29,2,1100,936,-1.0,16.0,17.0,Harry Wilson,Fulham FC,Right Winger,Wales,17000000.0
32,29,13,112,,175.0,24,5,686,11,,2021,2,,35,23,2762,1653,-10.0,90.0,100.0,Mohamed Salah,Liverpool FC,Right Winger,Egypt,100000000.0
37,33,1,188,0.0,189.0,8,0,424,3,0.0,2019,2,0.0,23,1,1645,215,-7.5,14.5,22.0,Jan Vertonghen,Tottenham Hotspur,Centre-Back,Belgium,22000000.0
35,30,0,195,-7.0,175.0,25,0,921,2,1.0,2019,2,-1.0,18,1,971,229,-1.2,4.8,6.0,Tom Cleverley,Watford FC,Central Midfield,England,6000000.0
33,32,2,112,,195.0,48,0,948,3,,2023,2,,36,2,3178,2369,-2.0,30.0,32.0,Virgil van Dijk,Liverpool FC,Centre-Back,Netherlands,32000000.0
27,25,2,202,,180.0,56,0,828,5,,2021,2,,33,4,2660,1916,-2.0,40.0,42.0,Ruben Neves,Wolverhampton Wanderers,Defensive Midfield,Portugal,42000000.0
31,29,0,112,-1.0,180.0,25,0,29,2,0.0,2022,2,-1.0,9,1,335,973,-6.0,7.0,13.0,Alex Oxlade-Chamberlain,Liverpool FC,Central Midfield,England,13000000.0
33,29,0,202,,187.0,46,0,791,4,,2020,2,,10,4,823,1502,-12.0,28.0,40.0,Raul Jimenez,Wolverhampton Wanderers,Centre-Forward,Mexico,40000000.0
33,31,4,112,,181.0,10,0,808,4,,2022,2,,25,11,1213,2200,-10.0,18.0,28.0,Roberto Firmino,Liverpool FC,Centre-Forward,Brazil,28000000.0
31,29,2,107,-2.0,185.0,25,0,756,4,1.0,2022,2,-1.0,28,4,1515,942,-5.0,9.0,14.0,Patrick Bamford,Leeds United,Centre-Forward,England,14000000.0
28,25,3,174,-1.0,179.0,58,0,151,4,0.0,2021,2,-1.0,30,7,2039,762,-2.0,18.0,20.0,Che Adams,Southampton FC,Centre-Forward,Scotland,20000000.0
24,22,1,135,,185.0,71,0,493,4,,2021,2,,26,2,1572,1743,-1.0,7.0,8.0,Josh Sargent,Norwich City,Centre-Forward,United States,8000000.0
29,25,3,119,-1.0,181.0,27,0,70,4,0.0,2020,2,-1.0,22,4,1481,437,-13.0,45.0,58.0,Anthony Martial,Manchester United,Centre-Forward,France,58000000.0
32,32,1,132,,180.0,25,2,135,4,,2023,2,,20,9,991,2488,0.0,13.0,13.0,Callum Wilson,Newcastle United,Centre-Forward,England,13000000.0
26,25,1,202,2.0,172.0,27,0,435,2,0.0,2023,2,1.0,22,2,959,1376,0.0,15.0,15.0,Jean-Ricner Bellegarde,Wolverhampton Wanderers,Central Midfield,France,15000000.0
30,27,7,118,,182.0,56,0,457,12,,2021,2,,36,1,3227,1779,5.0,65.0,60.0,Joco Cancelo,Manchester City,Right-Back,Portugal,60000000.0
27,24,1,135,-1.0,183.0,25,0,539,1,1.0,2021,2,-1.0,19,1,911,742,-0.5,2.5,3.0,Kieran Dowell,Norwich City,Attacking Midfield,England,3000000.0
27,25,5,132,0.0,173.0,27,0,41,8,0.0,2021,2,0.0,35,5,2804,735,0.0,32.0,32.0,Allan Saint-Maximin,Newcastle United,Left Winger,France,32000000.0
31,30,1,81,5.0,170.0,41,0,115,11,0.0,2022,2,1.0,36,4,2476,930,0.0,7.0,7.0,Bobby De Cordova-Reid,Fulham FC,Right Winger,Jamaica,7000000.0
30,29,4,50,-2.0,170.0,25,0,785,11,0.0,2023,2,-1.0,31,8,1979,1183,-15.0,35.0,50.0,Raheem Sterling,Chelsea FC,Right Winger,England,50000000.0
32,30,0,136,,176.0,16,0,866,12,,2022,2,,24,1,1943,2202,0.0,8.0,8.0,Serge Aurier,Nottingham Forest,Right-Back,Cote dIvoire,8000000.0
30,29,4,50,,170.0,25,0,785,11,,2023,2,,31,8,1979,2490,-15.0,35.0,50.0,Raheem Sterling,Chelsea FC,Right Winger,England,50000000.0
25,25,5,112,,193.0,48,0,170,8,,2023,2,,35,8,165,2481,5.0,55.0,50.0,Cody Gakpo,Liverpool FC,Left Winger,Netherlands,50000000.0
30,30,1,41,1.0,187.0,21,0,163,5,0.0,2023,2,1.0,31,2,2505,1131,-2.0,18.0,20.0,Christian Norgaard,Brentford FC,Defensive Midfield,Denmark,20000000.0
27,24,1,132,0.0,182.0,10,0,128,5,0.0,2021,2,0.0,17,5,1034,727,10.0,40.0,30.0,Bruno Guimarces,Newcastle United,Defensive Midfield,Brazil,30000000.0
23,22,4,21,,178.0,10,0,316,8,,2023,2,,35,6,2019,2252,-15.0,70.0,85.0,Gabriel Martinelli,Arsenal FC,Left Winger,Brazil,85000000.0
36,33,0,199,4.0,191.0,40,0,65,3,0.0,2020,2,1.0,28,3,2492,514,-2.5,2.5,5.0,Angelo Ogbonna,West Ham United,Centre-Back,Italy,5000000.0
36,32,1,118,3.0,173.0,4,1,870,4,0.0,2020,2,1.0,12,4,559,417,-24.0,18.0,42.0,Sergio Aguero,Manchester City,Centre-Forward,Argentina,42000000.0
25,23,1,50,,180.0,25,0,793,12,,2022,2,,16,1,1244,2148,-5.0,65.0,70.0,Reece James,Chelsea FC,Right-Back,England,70000000.0
34,33,0,79,,188.0,25,0,178,3,,2022,2,,25,1,2134,2196,-0.5,2.0,2.5,Craig Dawson,For 2 Clubs,Centre-Back,England,2500000.0
27,22,3,50,-1.0,194.0,25,0,897,4,0.0,2019,2,-1.0,34,15,2215,71,8.0,40.0,32.0,Tammy Abraham,Chelsea FC,Centre-Forward,England,32000000.0
26,25,2,108,-7.0,187.0,8,0,970,3,1.0,2022,2,-1.0,31,1,2787,952,5.0,20.0,15.0,Wout Faes,Leicester City,Centre-Back,Belgium,15000000.0
26,21,5,50,-1.0,181.0,25,0,629,1,0.0,2019,2,-1.0,37,7,2868,72,5.5,40.5,35.0,Mason Mount,Chelsea FC,Attacking Midfield,England,35000000.0
23,22,2,136,,177.0,10,0,196,5,,2022,2,,13,3,976,2076,3.0,28.0,25.0,Danilo,Nottingham Forest,Defensive Midfield,Brazil,25000000.0
30,29,1,21,,172.0,8,0,556,8,,2023,2,,34,12,1649,2474,-3.0,35.0,38.0,Leandro Trossard,Arsenal FC,Left Winger,Belgium,38000000.0
28,25,4,66,,183.0,41,0,217,8,,2021,2,,34,5,2338,1909,7.0,22.0,15.0,Demarai Gray,Everton FC,Left Winger,Jamaica,15000000.0
32,28,4,79,,174.0,25,1,442,1,,2020,2,-1.0,16,9,1420,358,8.0,22.0,14.0,Jesse Lingard,For 2 Clubs,Attacking Midfield,England,14000000.0
29,25,4,188,-2.0,185.0,21,0,779,5,0.0,2020,2,-1.0,38,2,3420,487,20.0,40.0,20.0,Pierre-Emile Hojbjerg,Tottenham Hotspur,Defensive Midfield,Denmark,20000000.0
29,26,1,199,4.0,192.0,19,0,925,5,0.0,2020,2,1.0,38,10,3420,507,22.0,40.0,18.0,Tomas Soucek,West Ham United,Defensive Midfield,Czech Republic,18000000.0
31,27,1,119,-2.0,194.0,25,0,360,3,0.0,2019,2,-1.0,38,1,3420,152,-14.0,56.0,70.0,Harry Maguire,Manchester United,Centre-Back,England,70000000.0
34,30,1,202,8.0,188.0,47,0,820,3,0.0,2019,2,1.0,33,2,2706,255,-1.0,4.0,5.0,Romain Saiss,Wolverhampton Wanderers,Centre-Back,Morocco,5000000.0
24,22,0,79,,185.0,27,0,958,3,,2022,2,-1.0,17,1,1363,918,-10.0,55.0,65.0,Wesley Fofana,For 2 Clubs,Centre-Back,France,65000000.0
24,23,2,50,-2.0,175.0,70,0,703,8,0.0,2023,2,-1.0,31,5,1575,1187,-10.0,35.0,45.0,Mykhaylo Mudryk,Chelsea FC,Left Winger,Ukraine,45000000.0
23,20,1,195,-3.0,182.0,10,0,459,4,1.0,2021,2,-1.0,28,3,1644,777,4.0,14.0,10.0,Joco Pedro,Watford FC,Centre-Forward,Brazil,10000000.0
27,25,4,108,1.0,177.0,8,2,977,2,0.0,2021,2,1.0,32,6,2632,666,0.0,55.0,55.0,Youri Tielemans,Leicester City,Central Midfield,Belgium,55000000.0
23,21,2,66,-7.0,195.0,8,0,44,5,0.0,2022,2,-1.0,33,1,2487,901,15.0,45.0,30.0,Amadou Onana,Everton FC,Defensive Midfield,Belgium,30000000.0
27,24,4,79,,171.0,74,0,193,11,,2021,2,,34,4,2492,1932,0.0,18.0,18.0,Daniel James,For 2 Clubs,Right Winger,Wales,18000000.0
28,27,9,188,1.0,175.0,25,0,413,1,0.0,2023,2,1.0,28,4,2134,1346,0.0,70.0,70.0,James Maddison,Tottenham Hotspur,Attacking Midfield,England,70000000.0
27,25,1,107,,187.0,21,0,790,12,,2022,2,,26,3,1960,2072,-2.0,13.0,15.0,Rasmus Kristensen,Leeds United,Right-Back,Denmark,15000000.0
31,31,0,112,,178.0,42,0,956,5,,2023,2,,29,1,1722,2417,0.0,13.0,13.0,Wataru Endo,Liverpool FC,Defensive Midfield,Japan,13000000.0
27,26,0,116,,194.0,21,0,596,3,,2023,2,,8,1,400,2383,0.0,3.0,3.0,Mads Andersen,Luton Town,Centre-Back,Denmark,3000000.0
31,30,2,22,,196.0,25,0,935,3,,2022,2,,35,1,3150,2046,-3.0,22.0,25.0,Tyrone Mings,Aston Villa,Centre-Back,England,25000000.0
30,26,11,119,,179.0,56,9,126,1,,2020,2,,37,18,3099,1388,20.0,90.0,70.0,Bruno Fernandes,Manchester United,Attacking Midfield,Portugal,70000000.0
25,21,1,21,,175.0,25,0,245,4,,2020,2,,17,2,422,1548,1.0,16.0,15.0,Eddie Nketiah,Arsenal FC,Centre-Forward,England,15000000.0
26,24,2,41,7.0,198.0,53,0,547,3,0.0,2021,2,1.0,24,1,1980,572,1.0,18.0,17.0,Kristoffer Ajer,Brentford FC,Centre-Back,Norway,17000000.0
25,23,6,132,4.0,186.0,25,0,463,2,0.0,2022,2,1.0,35,3,2558,1011,13.0,38.0,25.0,Joe Willock,Newcastle United,Central Midfield,England,25000000.0
28,25,4,66,-9.0,183.0,41,0,217,8,0.0,2021,2,-1.0,34,5,2338,639,7.0,22.0,15.0,Demarai Gray,Everton FC,Left Winger,Jamaica,15000000.0
30,29,1,57,2.0,179.0,15,0,437,5,0.0,2023,2,1.0,28,1,24,1188,0.0,20.0,20.0,Jefferson Lerma,Crystal Palace,Defensive Midfield,Colombia,20000000.0
31,30,0,66,-5.0,190.0,56,0,51,2,0.0,2023,2,-1.0,12,1,509,1210,-2.0,10.0,12.0,Andre Gomes,Everton FC,Central Midfield,Portugal,12000000.0
23,22,0,79,,183.0,25,0,69,8,,2022,2,-1.0,32,4,1583,915,-2.0,38.0,40.0,Anthony Gordon,For 2 Clubs,Left Winger,England,40000000.0
32,29,5,174,,183.0,58,0,889,2,,2020,2,,33,4,2764,1477,1.5,8.0,6.5,Stuart Armstrong,Southampton FC,Central Midfield,Scotland,6500000.0
27,26,3,132,2.0,182.0,25,0,363,8,0.0,2023,2,1.0,21,5,802,1304,0.0,35.0,35.0,Harvey Barnes,Newcastle United,Left Winger,England,35000000.0
27,26,0,188,,178.0,48,0,81,8,,2022,2,,9,1,169,2156,-10.0,25.0,35.0,Arnaut Danjuma,Tottenham Hotspur,Left Winger,Netherlands,35000000.0
26,25,1,21,,188.0,42,0,895,12,,2023,2,,22,2,1151,2231,5.0,35.0,30.0,Takehiro Tomiyasu,Arsenal FC,Right-Back,Japan,30000000.0
27,24,4,108,4.0,177.0,8,2,977,2,0.0,2020,2,1.0,38,6,3357,388,10.0,55.0,45.0,Youri Tielemans,Leicester City,Central Midfield,Belgium,45000000.0
29,28,1,3,3.0,178.0,58,0,831,2,0.0,2022,2,1.0,32,1,1834,822,1.0,10.0,9.0,Ryan Christie,AFC Bournemouth,Central Midfield,Scotland,9000000.0
27,22,1,132,-2.0,187.0,25,0,861,2,0.0,2019,2,-1.0,23,1,1379,165,-0.5,17.5,18.0,Sean Longstaff,Newcastle United,Central Midfield,England,18000000.0
23,23,0,188,1.0,193.0,48,0,676,3,0.0,2023,2,1.0,27,3,2339,1350,15.0,55.0,40.0,Micky van de Ven,Tottenham Hotspur,Centre-Back,Netherlands,40000000.0
30,28,3,50,,170.0,25,0,785,11,,2022,2,,28,6,1890,2065,-15.0,55.0,70.0,Raheem Sterling,Chelsea FC,Right Winger,England,70000000.0
34,32,0,202,,188.0,47,0,820,3,,2021,2,,31,2,2706,1735,-1.0,8.0,9.0,Romain Saiss,Wolverhampton Wanderers,Centre-Back,Morocco,9000000.0
28,26,0,174,,193.0,17,0,239,3,,2022,2,,13,1,946,2177,-3.0,11.0,14.0,Duje Caleta-Car,Southampton FC,Centre-Back,Croatia,14000000.0
36,33,0,66,,177.0,38,0,860,12,,2021,2,,30,1,2656,1783,-0.5,3.0,3.5,Seamus Coleman,Everton FC,Right-Back,Ireland,3500000.0
24,23,0,132,2.0,181.0,40,0,851,2,0.0,2023,2,1.0,8,1,439,1314,-22.0,38.0,60.0,Sandro Tonali,Newcastle United,Central Midfield,Italy,60000000.0
32,27,0,170,11.0,185.0,38,0,470,3,0.0,2019,2,1.0,36,2,3188,195,2.5,9.5,7.0,John Egan,Sheffield United,Centre-Back,Ireland,7000000.0
33,30,4,43,7.0,181.0,29,0,754,2,0.0,2021,2,1.0,29,2,2038,582,-1.0,6.0,7.0,Pascal Gross,Brighton & Hove Albion,Central Midfield,Germany,7000000.0
22,20,0,119,,183.0,67,0,357,1,,2023,2,,5,1,134,2377,-3.0,9.0,12.0,Hannibal,Manchester United,Attacking Midfield,Tunisia,12000000.0
30,30,0,118,,177.0,17,0,633,2,,2023,2,,30,1,1551,2419,-8.0,30.0,38.0,Mateo Kovacic,Manchester City,Central Midfield,Croatia,38000000.0
37,33,1,170,,184.0,38,0,207,4,,2020,2,,35,8,2397,1445,-0.5,1.5,2.0,David McGoldrick,Sheffield United,Centre-Forward,Ireland,2000000.0
28,26,5,108,,185.0,50,1,530,4,,2022,2,,28,5,1127,2043,1.0,18.0,17.0,Kelechi Iheanacho,Leicester City,Centre-Forward,Nigeria,17000000.0
34,34,2,199,,180.0,41,0,673,4,,2023,2,,26,6,1695,2257,-2.0,4.0,6.0,Michail Antonio,West Ham United,Centre-Forward,Jamaica,6000000.0
25,23,3,66,-7.0,183.0,25,0,242,1,0.0,2022,2,-1.0,36,7,2497,904,2.0,20.0,18.0,Dwight McNeil,Everton FC,Attacking Midfield,England,18000000.0
27,26,6,170,,169.0,48,0,350,2,,2023,2,,36,4,2909,2304,-1.0,15.0,16.0,Gustavo Hamer,Sheffield United,Central Midfield,Netherlands,16000000.0
26,26,0,66,,194.0,34,0,112,4,,2023,2,,30,3,952,2339,-2.0,20.0,22.0,Beto,Everton FC,Centre-Forward,Guinea-Bissau,22000000.0
30,26,1,119,-1.0,187.0,64,0,942,3,0.0,2020,2,-1.0,29,1,2585,445,0.0,24.0,24.0,Victor Lindelof,Manchester United,Centre-Back,Sweden,24000000.0
26,24,2,195,-3.0,185.0,59,0,385,11,1.0,2021,2,-1.0,22,5,1861,783,0.0,27.0,27.0,Ismaila Sarr,Watford FC,Right Winger,Senegal,27000000.0
26,26,0,50,,191.0,27,0,90,3,,2023,2,,31,2,258,2292,0.0,40.0,40.0,Axel Disasi,Chelsea FC,Centre-Back,France,40000000.0
32,32,7,202,,174.0,63,2,751,11,,2023,2,,30,4,1746,2290,-2.0,10.0,12.0,Pablo Sarabia,Wolverhampton Wanderers,Right Winger,Spain,12000000.0
33,29,0,132,,183.0,74,0,763,9,,2020,2,,15,1,1255,1646,-1.5,3.0,4.5,Paul Dummett,Newcastle United,Left-Back,Wales,4500000.0
32,30,1,57,,178.0,30,0,438,7,,2022,2,,34,3,2532,2079,-1.0,7.0,8.0,Jeffrey Schlupp,Crystal Palace,Left Midfield,Ghana,8000000.0
27,27,2,66,,189.0,25,2,233,4,,2023,2,,32,7,217,2265,0.0,22.0,22.0,Dominic Calvert-Lewin,Everton FC,Centre-Forward,England,22000000.0
30,26,12,112,4.0,178.0,58,0,58,9,0.0,2019,2,1.0,36,2,3111,134,-16.0,64.0,80.0,Andrew Robertson,Liverpool FC,Left-Back,Scotland,80000000.0
33,31,1,43,13.0,184.0,48,0,466,12,0.0,2022,2,1.0,31,1,2188,873,0.0,10.0,10.0,Joel Veltman,Brighton & Hove Albion,Right-Back,Netherlands,10000000.0
28,26,1,66,-7.0,183.0,41,2,217,8,0.0,2022,2,-1.0,33,4,2506,909,0.0,20.0,20.0,Demarai Gray,Everton FC,Left Winger,Jamaica,20000000.0
27,27,2,66,-5.0,189.0,25,2,233,4,0.0,2023,2,-1.0,32,7,217,1201,0.0,22.0,22.0,Dominic Calvert-Lewin,Everton FC,Centre-Forward,England,22000000.0
20,19,0,199,,180.0,25,0,327,1,,2023,2,,3,1,34,2228,1.0,1.0,0.0,George Earthy,West Ham United,Attacking Midfield,England,0.0
32,28,1,3,-1.0,180.0,25,0,135,4,1.0,2019,2,-1.0,35,8,2894,6,-6.0,24.0,30.0,Callum Wilson,AFC Bournemouth,Centre-Forward,England,30000000.0
25,22,0,66,-9.0,180.0,70,0,949,9,0.0,2021,2,-1.0,13,1,1055,642,1.0,18.0,17.0,Vitaliy Mykolenko,Everton FC,Left-Back,Ukraine,17000000.0
31,27,14,188,,188.0,25,4,359,4,,2020,2,,35,23,3082,1383,0.0,120.0,120.0,Harry Kane,Tottenham Hotspur,Centre-Forward,England,120000000.0
31,27,0,132,,188.0,25,0,409,3,,2020,2,,19,2,1625,1597,-1.5,13.0,14.5,Jamaal Lascelles,Newcastle United,Centre-Back,England,14500000.0
26,24,0,41,7.0,180.0,32,0,873,2,0.0,2021,2,1.0,22,1,912,569,2.0,3.0,1.0,Shandon Baptiste,Brentford FC,Central Midfield,Grenada,1000000.0
30,29,4,22,3.0,178.0,58,0,474,2,0.0,2023,2,1.0,35,6,3,1126,0.0,30.0,30.0,John McGinn,Aston Villa,Central Midfield,Scotland,30000000.0
26,22,1,170,11.0,195.0,53,0,850,5,0.0,2019,2,1.0,14,1,943,198,-2.0,20.0,22.0,Sander Berge,Sheffield United,Defensive Midfield,Norway,22000000.0
33,32,10,118,,181.0,8,0,536,1,,2023,2,,18,4,1221,2296,-10.0,50.0,60.0,Kevin De Bruyne,Manchester City,Attacking Midfield,Belgium,60000000.0
21,20,0,22,,185.0,15,0,447,4,,2023,2,,23,5,475,2300,3.0,20.0,17.0,Jhon Duran,Aston Villa,Centre-Forward,Colombia,17000000.0
32,29,2,46,,180.0,19,0,631,4,,2020,2,,28,3,1370,1493,-1.0,3.0,4.0,Matej Vydra,Burnley FC,Centre-Forward,Czech Republic,4000000.0
30,29,4,22,,178.0,58,0,474,2,,2023,2,,35,6,3,2254,0.0,30.0,30.0,John McGinn,Aston Villa,Central Midfield,Scotland,30000000.0
22,21,0,3,3.0,189.0,70,0,381,3,0.0,2023,2,1.0,37,1,333,1095,7.0,32.0,25.0,Ilya Zabarnyi,AFC Bournemouth,Centre-Back,Ukraine,25000000.0
27,27,2,3,3.0,187.0,69,0,263,4,0.0,2023,2,1.0,16,2,328,1094,-7.0,18.0,25.0,Enes unal,AFC Bournemouth,Centre-Forward,T脙录rkiye,25000000.0
22,20,0,119,-7.0,183.0,67,0,357,1,0.0,2023,2,-1.0,5,1,134,1299,-3.0,9.0,12.0,Hannibal,Manchester United,Attacking Midfield,Tunisia,12000000.0
22,19,0,119,,178.0,64,0,68,11,,2020,2,,2,1,155,1399,0.8,0.8,0.0,Anthony Elanga,Manchester United,Right Winger,Sweden,0.0
28,25,4,112,2.0,178.0,56,0,229,4,0.0,2021,2,1.0,35,15,2365,692,0.0,60.0,60.0,Diogo Jota,Liverpool FC,Centre-Forward,Portugal,60000000.0
21,19,4,107,-2.0,170.0,40,0,961,11,1.0,2022,2,-1.0,24,2,1354,944,8.0,18.0,10.0,Wilfried Gnonto,Leeds United,Right Winger,Italy,10000000.0
35,31,0,132,,185.0,38,0,169,3,,2020,2,,22,1,1891,1619,-1.8,3.0,4.8,Ciaran Clark,Newcastle United,Centre-Back,Ireland,4800000.0
29,24,6,22,-3.0,180.0,25,0,395,8,0.0,2019,2,-1.0,36,8,3233,35,-4.5,30.5,35.0,Jack Grealish,Aston Villa,Left Winger,England,35000000.0
27,22,0,50,-1.0,185.0,25,0,298,3,0.0,2019,2,-1.0,15,1,1291,75,6.0,16.0,10.0,Fikayo Tomori,Chelsea FC,Centre-Back,England,10000000.0
31,28,2,22,,196.0,25,0,935,3,,2020,2,,36,2,3195,1605,3.0,30.0,27.0,Tyrone Mings,Aston Villa,Centre-Back,England,27000000.0
32,28,10,188,0.0,184.0,43,0,369,8,0.0,2019,2,0.0,30,11,2478,223,-16.0,64.0,80.0,Heung-min Son,Tottenham Hotspur,Left Winger,"Korea, South",80000000.0
29,27,2,132,0.0,179.0,25,0,402,11,0.0,2021,2,0.0,33,1,1473,731,0.0,5.0,5.0,Jacob Murphy,Newcastle United,Right Winger,England,5000000.0
25,24,6,41,,171.0,12,3,130,11,,2023,2,,25,9,196,2492,2.0,40.0,38.0,Bryan Mbeumo,Brentford FC,Right Winger,Cameroon,38000000.0
26,24,2,41,,198.0,53,0,547,3,,2021,2,,24,1,1980,1818,1.0,18.0,17.0,Kristoffer Ajer,Brentford FC,Centre-Back,Norway,17000000.0
29,25,2,3,-1.0,180.0,48,0,709,3,1.0,2019,2,-1.0,29,2,2503,8,-7.0,28.0,35.0,Nathan Ake,AFC Bournemouth,Centre-Back,Netherlands,35000000.0
32,30,1,132,,184.0,25,0,481,2,,2021,2,,24,2,1985,1742,-1.0,10.0,11.0,Jonjo Shelvey,Newcastle United,Central Midfield,England,11000000.0
33,31,0,79,,191.0,49,1,159,4,,2022,2,,25,3,819,2061,-2.0,8.0,10.0,Chris Wood,For 2 Clubs,Centre-Forward,New Zealand,10000000.0
25,25,5,112,2.0,193.0,48,0,170,8,0.0,2023,2,1.0,35,8,165,1247,5.0,55.0,50.0,Cody Gakpo,Liverpool FC,Left Winger,Netherlands,50000000.0
33,30,1,197,,183.0,58,0,647,11,,2020,2,,33,2,1828,1582,-1.5,4.0,5.5,Matt Phillips,West Bromwich Albion,Right Winger,Scotland,5500000.0
21,20,1,50,-2.0,188.0,25,0,143,2,0.0,2023,2,-1.0,9,1,227,1181,0.0,15.0,15.0,Carney Chukwuemeka,Chelsea FC,Central Midfield,England,15000000.0
28,25,6,197,-2.0,175.0,10,4,640,1,1.0,2020,2,-1.0,33,11,2578,493,2.0,15.0,13.0,Matheus Pereira,West Bromwich Albion,Attacking Midfield,Brazil,13000000.0
23,22,2,79,,191.0,1,0,78,4,,2023,2,,21,1,542,2416,-6.0,22.0,28.0,Armando Broja,For 2 Clubs,Centre-Forward,Albania,28000000.0
31,29,3,22,-6.0,196.0,25,0,935,3,0.0,2021,2,-1.0,36,1,3189,551,-2.0,30.0,32.0,Tyrone Mings,Aston Villa,Centre-Back,England,32000000.0
27,27,6,22,3.0,177.0,8,0,977,2,0.0,2023,2,1.0,32,2,1622,1113,5.0,25.0,20.0,Youri Tielemans,Aston Villa,Central Midfield,Belgium,20000000.0
38,35,2,108,1.0,179.0,25,0,422,4,0.0,2021,2,1.0,25,15,1806,667,0.0,5.0,5.0,Jamie Vardy,Leicester City,Centre-Forward,England,5000000.0
32,30,12,112,,175.0,24,2,686,11,,2022,2,,38,19,3290,1936,-15.0,65.0,80.0,Mohamed Salah,Liverpool FC,Right Winger,Egypt,80000000.0
28,23,3,108,5.0,185.0,50,0,530,4,0.0,2019,2,1.0,20,5,960,114,0.0,12.0,12.0,Kelechi Iheanacho,Leicester City,Centre-Forward,Nigeria,12000000.0
36,31,0,199,-8.0,175.0,46,0,154,4,0.0,2019,2,-1.0,2,1,107,246,-2.2,6.8,9.0,Chicharito,West Ham United,Centre-Forward,Mexico,9000000.0
30,29,1,116,2.0,185.0,74,0,923,3,1.0,2023,2,1.0,14,1,1169,1267,-1.0,2.5,3.5,Tom Lockyer,Luton Town,Centre-Back,Wales,3500000.0
27,23,9,119,-1.0,185.0,25,0,616,8,0.0,2020,2,-1.0,37,11,2916,433,5.0,85.0,80.0,Marcus Rashford,Manchester United,Left Winger,England,80000000.0
28,25,3,107,1.0,176.0,10,4,788,8,0.0,2021,2,1.0,35,11,2916,654,13.0,45.0,32.0,Raphinha,Leeds United,Left Winger,Brazil,32000000.0
21,20,0,22,3.0,185.0,15,0,447,4,0.0,2023,2,1.0,23,5,475,1116,3.0,20.0,17.0,Jhon Duran,Aston Villa,Centre-Forward,Colombia,17000000.0
25,21,1,21,-5.0,175.0,25,0,245,4,0.0,2020,2,-1.0,17,2,422,271,1.0,16.0,15.0,Eddie Nketiah,Arsenal FC,Centre-Forward,England,15000000.0
32,28,5,112,3.0,175.0,24,6,686,11,0.0,2020,2,1.0,37,22,3078,405,-20.0,100.0,120.0,Mohamed Salah,Liverpool FC,Right Winger,Egypt,120000000.0
26,24,7,21,,178.0,53,0,624,1,,2022,2,,37,15,3127,1939,40.0,90.0,50.0,Martin odegaard,Arsenal FC,Attacking Midfield,Norway,50000000.0
24,22,0,66,,191.0,25,0,252,4,,2022,2,,11,1,226,2188,3.4,4.0,0.6,Ellis Simms,Everton FC,Centre-Forward,England,600000.0
34,31,0,199,,188.0,25,0,178,3,,2020,2,,22,3,1926,1437,-1.0,3.0,4.0,Craig Dawson,West Ham United,Centre-Back,England,4000000.0
25,23,3,66,,183.0,25,0,242,1,,2022,2,,36,7,2497,1998,2.0,20.0,18.0,Dwight McNeil,Everton FC,Attacking Midfield,England,18000000.0
30,26,3,81,-4.0,189.0,60,1,26,4,1.0,2020,2,-1.0,27,3,1402,373,-6.0,16.0,22.0,Aleksandar Mitrovic,Fulham FC,Centre-Forward,Serbia,22000000.0
26,24,2,43,13.0,176.0,4,6,35,2,0.0,2022,2,1.0,35,10,2886,862,40.0,65.0,25.0,Alexis Mac Allister,Brighton & Hove Albion,Central Midfield,Argentina,25000000.0
32,28,10,188,,184.0,43,1,369,8,,2020,2,,37,17,3114,1391,10.0,85.0,75.0,Heung-min Son,Tottenham Hotspur,Left Winger,"Korea, South",75000000.0
26,24,0,199,-5.0,195.0,40,0,337,4,0.0,2022,2,-1.0,16,3,926,1067,-8.0,22.0,30.0,Gianluca Scamacca,West Ham United,Centre-Forward,Italy,30000000.0
25,25,0,170,,190.0,9,0,63,3,,2023,2,,31,2,265,2278,0.0,18.0,18.0,Anel Ahmedhodzic,Sheffield United,Centre-Back,Bosnia-Herzegovina,18000000.0
33,29,0,3,-1.0,185.0,25,0,886,3,1.0,2019,2,-1.0,29,1,2429,7,-2.5,9.5,12.0,Steve Cook,AFC Bournemouth,Centre-Back,England,12000000.0
37,34,3,119,-1.0,184.0,72,0,246,4,0.0,2020,2,-1.0,26,10,1376,446,-6.0,6.0,12.0,Edinson Cavani,Manchester United,Centre-Forward,Uruguay,12000000.0
22,21,3,188,1.0,184.0,59,0,753,2,0.0,2023,2,1.0,34,3,2069,1351,10.0,45.0,35.0,Pape Matar Sarr,Tottenham Hotspur,Central Midfield,Senegal,35000000.0
26,22,2,135,-1.0,180.0,25,0,919,1,1.0,2019,2,-1.0,37,6,2489,182,13.0,20.0,7.0,Todd Cantwell,Norwich City,Attacking Midfield,England,7000000.0
35,33,2,41,11.0,180.0,25,0,101,3,0.0,2022,2,1.0,37,3,3269,856,0.2,2.0,1.8,Ben Mee,Brentford FC,Centre-Back,England,1800000.0
37,33,1,170,0.0,184.0,38,0,207,4,1.0,2020,2,-1.0,35,8,2397,467,-0.5,1.5,2.0,David McGoldrick,Sheffield United,Centre-Forward,Ireland,2000000.0
28,25,4,112,,178.0,56,0,229,4,,2021,2,,35,15,2365,1660,0.0,60.0,60.0,Diogo Jota,Liverpool FC,Centre-Forward,Portugal,60000000.0
32,30,0,3,,196.0,74,0,538,4,,2022,2,,27,4,1278,2083,0.0,4.0,4.0,Kieffer Moore,AFC Bournemouth,Centre-Forward,Wales,4000000.0
35,32,2,46,-1.0,180.0,25,0,651,12,1.0,2021,2,-1.0,25,1,1774,596,-0.8,1.2,2.0,Matthew Lowton,Burnley FC,Right-Back,England,2000000.0
33,31,0,112,-1.0,195.0,12,0,465,3,0.0,2022,2,-1.0,14,1,1092,967,-4.0,12.0,16.0,Joel Matip,Liverpool FC,Centre-Back,Cameroon,16000000.0
24,23,6,199,-1.0,177.0,30,0,688,11,0.0,2023,2,-1.0,33,8,2485,1364,5.0,50.0,45.0,Mohammed Kudus,West Ham United,Right Winger,Ghana,45000000.0
23,21,0,202,,180.0,2,0,792,9,,2022,2,,21,1,1077,2181,0.0,22.0,22.0,Rayan Ait-Nouri,Wolverhampton Wanderers,Left-Back,Algeria,22000000.0
26,26,0,66,-5.0,194.0,34,0,112,4,0.0,2023,2,-1.0,30,3,952,1207,-2.0,20.0,22.0,Beto,Everton FC,Centre-Forward,Guinea-Bissau,22000000.0
26,22,6,57,-6.0,178.0,25,0,244,1,0.0,2020,2,-1.0,34,4,2559,335,2.0,20.0,18.0,Eberechi Eze,Crystal Palace,Attacking Midfield,England,18000000.0
27,26,6,43,13.0,178.0,42,0,519,8,0.0,2022,2,1.0,33,7,2317,872,29.0,32.0,3.0,Kaoru Mitoma,Brighton & Hove Albion,Left Winger,Japan,3000000.0
29,29,2,199,,192.0,19,0,925,5,,2023,2,,37,7,287,2476,-5.0,30.0,35.0,Tomas Soucek,West Ham United,Defensive Midfield,Czech Republic,35000000.0
32,31,3,119,-2.0,185.0,10,0,144,5,0.0,2022,2,-1.0,28,4,2127,994,-10.0,40.0,50.0,Casemiro,Manchester United,Defensive Midfield,Brazil,50000000.0
27,25,2,174,-1.0,173.0,25,0,552,12,0.0,2021,2,-1.0,32,1,2633,754,4.0,22.0,18.0,Kyle Walker-Peters,Southampton FC,Right-Back,England,18000000.0
27,26,0,202,2.0,200.0,6,0,855,4,0.0,2023,2,1.0,11,2,166,1371,-7.0,5.0,12.0,Sasa Kalajdzic,Wolverhampton Wanderers,Centre-Forward,Austria,12000000.0
21,20,1,3,3.0,178.0,25,0,30,2,0.0,2023,2,1.0,23,1,1013,1091,0.0,20.0,20.0,Alex Scott,AFC Bournemouth,Central Midfield,England,20000000.0
26,24,1,50,,177.0,71,0,164,11,,2022,2,,24,1,820,2152,-13.0,25.0,38.0,Christian Pulisic,Chelsea FC,Right Winger,United States,38000000.0
38,35,0,170,,175.0,25,2,113,4,,2020,2,,16,3,734,1430,-0.5,0.5,1.0,Billy Sharp,Sheffield United,Centre-Forward,England,1000000.0
26,22,1,43,,176.0,4,0,35,2,,2020,2,,21,1,1115,1512,-1.0,10.0,11.0,Alexis Mac Allister,Brighton & Hove Albion,Central Midfield,Argentina,11000000.0
29,28,0,81,,190.0,10,0,141,4,,2023,2,,13,2,315,2262,-2.0,4.0,6.0,Carlos Vinicius,Fulham FC,Centre-Forward,Brazil,6000000.0
27,26,0,3,3.0,185.0,4,0,614,3,0.0,2022,2,1.0,31,2,2491,814,5.0,22.0,17.0,Marcos Senesi,AFC Bournemouth,Centre-Back,Argentina,17000000.0
25,21,0,199,,184.0,25,0,100,12,,2020,2,,14,1,523,1645,2.0,3.0,1.0,Ben Johnson,West Ham United,Right-Back,England,1000000.0
28,23,7,135,-1.0,172.0,4,0,259,1,1.0,2019,2,-1.0,36,1,2464,179,-3.5,14.5,18.0,Emiliano Buendia,Norwich City,Attacking Midfield,Argentina,18000000.0
28,27,1,119,,191.0,58,0,859,2,,2023,2,,32,7,1901,2256,4.0,32.0,28.0,Scott McTominay,Manchester United,Central Midfield,Scotland,28000000.0
22,21,1,46,,180.0,16,0,205,4,,2023,2,,15,4,879,2326,4.0,12.0,8.0,David Datro Fofana,Burnley FC,Centre-Forward,Cote dIvoire,8000000.0
27,27,2,3,,187.0,69,0,263,4,,2023,2,,16,2,328,2362,-7.0,18.0,25.0,Enes unal,AFC Bournemouth,Centre-Forward,T脙录rkiye,25000000.0
33,30,0,79,,191.0,49,1,159,4,,2021,2,,34,5,2695,652,4.0,10.0,6.0,Chris Wood,For 2 Clubs,Centre-Forward,New Zealand,6000000.0
26,24,4,108,-7.0,183.0,75,0,761,4,1.0,2022,2,-1.0,30,4,1186,965,-2.0,18.0,20.0,Patson Daka,Leicester City,Centre-Forward,Zambia,20000000.0
33,31,8,43,,181.0,29,0,754,2,,2022,2,,37,9,3239,1949,0.0,8.0,8.0,Pascal Gross,Brighton & Hove Albion,Central Midfield,Germany,8000000.0
27,23,0,22,,183.0,25,0,280,3,,2020,2,,36,2,3196,1525,16.0,25.0,9.0,Ezri Konsa,Aston Villa,Centre-Back,England,9000000.0
27,25,4,22,,178.0,41,0,557,11,,2022,2,,33,4,1968,2106,3.0,28.0,25.0,Leon Bailey,Aston Villa,Right Winger,Jamaica,25000000.0
28,24,1,119,-1.0,191.0,58,0,859,2,0.0,2020,2,-1.0,32,4,2129,442,12.5,35.0,22.5,Scott McTominay,Manchester United,Central Midfield,Scotland,22500000.0
23,23,1,21,,192.0,27,0,964,3,,2023,2,,38,2,342,2364,10.0,80.0,70.0,William Saliba,Arsenal FC,Centre-Back,France,70000000.0
24,23,2,21,,170.0,56,1,286,1,,2023,2,,11,1,299,2387,-6.0,22.0,28.0,Fabio Vieira,Arsenal FC,Attacking Midfield,Portugal,28000000.0
29,28,0,81,0.0,180.0,48,0,533,12,0.0,2023,2,0.0,14,1,867,1228,0.0,15.0,15.0,Kenny Tete,Fulham FC,Right-Back,Netherlands,15000000.0
31,30,0,66,,190.0,56,0,51,2,,2023,2,,12,1,509,2388,-2.0,10.0,12.0,Andre Gomes,Everton FC,Central Midfield,Portugal,12000000.0
23,22,1,22,,180.0,25,0,403,7,,2023,2,,16,1,853,2428,-7.0,35.0,42.0,Jacob Ramsey,Aston Villa,Left Midfield,England,42000000.0
27,24,0,21,0.0,190.0,10,0,315,3,0.0,2021,2,0.0,35,5,3064,534,13.0,38.0,25.0,Gabriel Magalhces,Arsenal FC,Centre-Back,Brazil,25000000.0
36,31,7,50,-1.0,175.0,10,4,965,8,0.0,2019,2,-1.0,36,9,2600,69,-12.5,22.5,35.0,Willian,Chelsea FC,Left Winger,Brazil,35000000.0
22,21,0,46,-1.0,187.0,8,0,45,3,1.0,2023,2,-1.0,13,1,1056,1159,1.0,12.0,11.0,Ameen Al-Dakhil,Burnley FC,Centre-Back,Belgium,11000000.0
29,26,2,188,,185.0,21,0,779,5,,2021,2,,36,2,3196,1689,0.0,40.0,40.0,Pierre-Emile Hojbjerg,Tottenham Hotspur,Defensive Midfield,Denmark,40000000.0
40,37,0,50,-1.0,181.0,10,0,909,3,0.0,2021,2,-1.0,32,3,2650,602,0.0,2.5,2.5,Thiago Silva,Chelsea FC,Centre-Back,Brazil,2500000.0
22,21,0,43,3.0,178.0,63,0,67,8,0.0,2023,2,1.0,19,2,521,1158,-5.0,25.0,30.0,Ansu Fati,Brighton & Hove Albion,Left Winger,Spain,30000000.0
29,25,5,22,,180.0,25,1,741,4,,2020,2,,37,14,3329,1395,2.0,32.0,30.0,Ollie Watkins,Aston Villa,Centre-Forward,England,30000000.0
23,23,1,81,,186.0,10,0,814,4,,2023,2,,26,9,1594,2495,15.0,20.0,5.0,Rodrigo Muniz,Fulham FC,Centre-Forward,Brazil,5000000.0
37,33,3,199,-8.0,180.0,25,3,621,2,0.0,2019,2,-1.0,33,4,2674,239,-1.2,4.8,6.0,Mark Noble,West Ham United,Central Midfield,England,6000000.0
32,30,0,188,-2.0,172.0,10,0,575,11,0.0,2022,2,-1.0,15,1,155,1044,-9.0,6.0,15.0,Lucas Moura,Tottenham Hotspur,Right Winger,Brazil,15000000.0
23,21,1,43,,178.0,23,0,690,5,,2022,2,,37,1,3139,2010,50.0,75.0,25.0,Moises Caicedo,Brighton & Hove Albion,Defensive Midfield,Ecuador,25000000.0
33,31,1,107,1.0,182.0,63,1,812,4,0.0,2021,2,1.0,31,6,2265,662,-3.0,12.0,15.0,Rodrigo,Leeds United,Centre-Forward,Spain,15000000.0
23,22,1,118,1.0,185.0,17,0,496,9,0.0,2023,2,1.0,28,4,2328,1271,-5.0,75.0,80.0,Josko Gvardiol,Manchester City,Left-Back,Croatia,80000000.0
22,21,0,3,,189.0,70,0,381,3,,2023,2,,37,1,333,2430,7.0,32.0,25.0,Ilya Zabarnyi,AFC Bournemouth,Centre-Back,Ukraine,25000000.0
29,25,4,188,,185.0,21,0,779,5,,2020,2,,38,2,3420,1422,20.0,40.0,20.0,Pierre-Emile Hojbjerg,Tottenham Hotspur,Defensive Midfield,Denmark,20000000.0
23,20,1,22,-6.0,180.0,25,0,403,7,0.0,2021,2,-1.0,34,6,2468,555,17.0,25.0,8.0,Jacob Ramsey,Aston Villa,Left Midfield,England,8000000.0
26,23,2,43,7.0,176.0,4,2,35,2,0.0,2021,2,1.0,33,5,2122,575,6.0,16.0,10.0,Alexis Mac Allister,Brighton & Hove Albion,Central Midfield,Argentina,10000000.0
28,25,1,132,,186.0,10,0,468,2,,2021,2,,35,4,2558,1912,5.0,20.0,15.0,Joelinton,Newcastle United,Central Midfield,Brazil,15000000.0
27,26,1,136,,190.0,25,0,836,2,,2023,2,,35,1,1992,2466,0.0,12.0,12.0,Ryan Yates,Nottingham Forest,Central Midfield,England,12000000.0
31,31,0,112,2.0,178.0,42,0,956,5,0.0,2023,2,1.0,29,1,1722,1244,0.0,13.0,13.0,Wataru Endo,Liverpool FC,Defensive Midfield,Japan,13000000.0
32,29,2,46,,185.0,25,0,417,3,,2021,2,,35,1,3106,1760,0.0,22.0,22.0,James Tarkowski,Burnley FC,Centre-Back,England,22000000.0
30,29,1,57,,179.0,15,0,437,5,,2023,2,,28,1,24,2457,0.0,20.0,20.0,Jefferson Lerma,Crystal Palace,Defensive Midfield,Colombia,20000000.0
28,26,0,136,-4.0,190.0,25,0,464,3,0.0,2022,2,-1.0,30,1,2224,1021,2.0,12.0,10.0,Joe Worrall,Nottingham Forest,Centre-Back,England,10000000.0
31,28,0,135,-1.0,185.0,27,0,777,5,1.0,2021,2,-1.0,33,1,2267,744,-2.0,5.0,7.0,Pierre Lees-Melou,Norwich City,Defensive Midfield,France,7000000.0
24,21,1,57,,182.0,25,0,608,3,,2021,2,,36,2,3222,1741,12.0,32.0,20.0,Marc Guehi,Crystal Palace,Centre-Back,England,20000000.0
34,30,0,46,1.0,186.0,36,0,469,11,0.0,2020,2,1.0,22,2,1363,312,-3.5,3.0,6.5,Johann Berg Gudmundsson,Burnley FC,Right Winger,Iceland,6500000.0
30,26,0,199,,190.0,16,0,862,4,,2020,2,,16,3,937,1427,-3.0,27.0,30.0,Sebastien Haller,West Ham United,Centre-Forward,Cote dIvoire,30000000.0
29,25,1,195,-7.0,185.0,25,0,963,2,1.0,2019,2,-1.0,30,1,2252,230,-3.5,14.5,18.0,Will Hughes,Watford FC,Central Midfield,England,18000000.0
32,30,0,132,0.0,180.0,25,2,135,4,0.0,2021,2,0.0,18,8,1386,734,-2.0,18.0,20.0,Callum Wilson,Newcastle United,Centre-Forward,England,20000000.0
25,24,2,119,-2.0,183.0,56,0,228,12,0.0,2022,2,-1.0,26,1,2154,1003,12.0,40.0,28.0,Diogo Dalot,Manchester United,Right-Back,Portugal,28000000.0
25,23,3,112,-1.0,187.0,72,0,202,4,0.0,2022,2,-1.0,29,9,1695,979,-5.0,65.0,70.0,Darwin Nunez,Liverpool FC,Centre-Forward,Uruguay,70000000.0
27,25,2,174,,173.0,27,0,819,9,,2022,2,,29,2,1835,2117,2.0,12.0,10.0,Romain Perraud,Southampton FC,Left-Back,France,10000000.0
34,29,1,81,,185.0,58,0,920,2,,2020,2,,10,1,759,1560,0.0,9.0,9.0,Tom Cairney,Fulham FC,Central Midfield,Scotland,9000000.0
23,19,3,21,-5.0,178.0,25,0,132,11,0.0,2020,2,-1.0,32,5,2553,270,30.0,65.0,35.0,Bukayo Saka,Arsenal FC,Right Winger,England,35000000.0
33,31,0,107,-2.0,186.0,58,0,565,3,1.0,2022,2,-1.0,18,1,1426,947,-2.0,3.0,5.0,Liam Cooper,Leeds United,Centre-Back,Scotland,5000000.0
31,28,0,107,,186.0,63,0,225,3,,2021,2,,28,3,2340,1842,0.0,18.0,18.0,Diego Llorente,Leeds United,Centre-Back,Spain,18000000.0
27,26,0,57,,187.0,27,0,733,4,,2023,2,,30,7,1555,2255,-2.0,18.0,20.0,Odsonne Edouard,Crystal Palace,Centre-Forward,France,20000000.0
35,30,0,132,-2.0,185.0,38,0,169,3,0.0,2019,2,-1.0,14,2,1186,172,-1.2,4.8,6.0,Ciaran Clark,Newcastle United,Centre-Back,Ireland,6000000.0
24,23,0,132,,181.0,40,0,851,2,,2023,2,,8,1,439,2389,-22.0,38.0,60.0,Sandro Tonali,Newcastle United,Central Midfield,Italy,60000000.0
31,30,1,202,,184.0,28,0,619,5,,2023,2,,35,4,297,2343,0.0,10.0,10.0,Mario Lemina,Wolverhampton Wanderers,Defensive Midfield,Gabon,10000000.0
29,27,7,118,2.0,180.0,25,0,395,8,0.0,2022,2,1.0,28,5,2055,984,5.0,75.0,70.0,Jack Grealish,Manchester City,Left Winger,England,70000000.0
36,32,1,118,,173.0,4,1,870,4,,2020,2,,12,4,559,1508,-24.0,18.0,42.0,Sergio Aguero,Manchester City,Centre-Forward,Argentina,42000000.0
33,31,1,107,1.0,183.0,52,0,890,7,0.0,2021,2,1.0,34,1,2919,660,0.0,4.0,4.0,Stuart Dallas,Leeds United,Left Midfield,Northern Ireland,4000000.0
21,20,1,50,,188.0,25,0,143,2,,2023,2,,9,1,227,2432,0.0,15.0,15.0,Carney Chukwuemeka,Chelsea FC,Central Midfield,England,15000000.0
28,24,0,170,0.0,188.0,58,0,736,4,1.0,2020,2,-1.0,23,1,1324,470,-2.0,10.0,12.0,Oli McBurnie,Sheffield United,Centre-Forward,Scotland,12000000.0
30,25,2,132,-2.0,177.0,48,0,444,9,0.0,2019,2,-1.0,19,2,1496,174,-1.5,5.5,7.0,Jetro Willems,Newcastle United,Left-Back,Netherlands,7000000.0
31,28,3,108,,175.0,56,0,797,12,,2021,2,,14,1,991,1761,-5.0,20.0,25.0,Ricardo Pereira,Leicester City,Right-Back,Portugal,25000000.0
32,31,8,119,-2.0,182.0,21,0,161,2,0.0,2022,2,-1.0,28,1,2048,997,0.0,22.0,22.0,Christian Eriksen,Manchester United,Central Midfield,Denmark,22000000.0
24,23,0,21,,189.0,55,0,408,3,,2022,2,,7,1,427,2159,19.0,25.0,6.0,Jakub Kiwior,Arsenal FC,Centre-Back,Poland,6000000.0
31,29,0,112,,180.0,25,0,29,2,,2022,2,,9,1,335,2162,-6.0,7.0,13.0,Alex Oxlade-Chamberlain,Liverpool FC,Central Midfield,England,13000000.0
34,33,10,132,2.0,173.0,25,0,541,12,0.0,2023,2,1.0,28,1,2236,1303,-1.0,10.0,11.0,Kieran Trippier,Newcastle United,Right-Back,England,11000000.0
30,26,0,43,0.0,190.0,25,0,15,3,0.0,2020,2,0.0,29,1,2594,297,3.0,18.0,15.0,Adam Webster,Brighton & Hove Albion,Centre-Back,England,15000000.0
31,30,0,132,,188.0,25,0,409,3,,2023,2,,16,1,108,2456,0.0,7.0,7.0,Jamaal Lascelles,Newcastle United,Centre-Back,England,7000000.0
32,28,5,112,,175.0,24,6,686,11,,2020,2,,37,22,3078,1389,-20.0,100.0,120.0,Mohamed Salah,Liverpool FC,Right Winger,Egypt,120000000.0
29,26,1,199,,192.0,19,0,925,5,,2020,2,,38,10,3420,1403,22.0,40.0,18.0,Tomas Soucek,West Ham United,Defensive Midfield,Czech Republic,18000000.0
38,35,0,170,0.0,175.0,25,2,113,4,1.0,2020,2,-1.0,16,3,734,463,-0.5,0.5,1.0,Billy Sharp,Sheffield United,Centre-Forward,England,1000000.0
25,24,7,202,2.0,183.0,10,1,636,4,0.0,2023,2,1.0,32,12,244,1372,17.0,45.0,28.0,Matheus Cunha,Wolverhampton Wanderers,Centre-Forward,Brazil,28000000.0
28,26,0,119,,191.0,58,0,859,2,,2022,2,,24,1,1160,2189,-5.0,25.0,30.0,Scott McTominay,Manchester United,Central Midfield,Scotland,30000000.0
31,27,0,197,,193.0,50,0,864,3,,2020,2,,33,2,2781,1539,1.0,6.0,5.0,Semi Ajayi,West Bromwich Albion,Centre-Back,Nigeria,5000000.0
25,21,0,79,,186.0,25,0,463,2,,2020,2,-1.0,21,8,1216,357,0.0,16.0,16.0,Joe Willock,For 2 Clubs,Central Midfield,England,16000000.0
28,26,1,50,-1.0,180.0,29,0,915,8,0.0,2021,2,-1.0,21,4,1283,613,-20.0,35.0,55.0,Timo Werner,Chelsea FC,Left Winger,Germany,55000000.0
27,26,6,21,3.0,175.0,10,1,313,4,0.0,2022,2,1.0,26,11,2064,826,10.0,75.0,65.0,Gabriel Jesus,Arsenal FC,Centre-Forward,Brazil,65000000.0
25,23,8,41,11.0,171.0,12,1,130,11,0.0,2022,2,1.0,38,9,2904,851,10.0,35.0,25.0,Bryan Mbeumo,Brentford FC,Right Winger,Cameroon,25000000.0
22,21,0,112,2.0,190.0,25,0,426,3,0.0,2023,2,1.0,17,2,119,1239,20.0,22.0,2.0,Jarell Quansah,Liverpool FC,Centre-Back,England,2000000.0
30,26,0,79,,172.0,42,0,896,8,,2020,2,,19,3,1004,1428,2.0,12.0,10.0,Takumi Minamino,For 2 Clubs,Left Winger,Japan,10000000.0
27,26,3,132,,182.0,25,0,363,8,,2023,2,,21,5,802,2306,0.0,35.0,35.0,Harvey Barnes,Newcastle United,Left Winger,England,35000000.0
20,19,0,132,2.0,179.0,25,0,562,9,0.0,2023,2,1.0,18,1,781,1308,0.0,18.0,18.0,Lewis Hall,Newcastle United,Left-Back,England,18000000.0
23,22,1,22,3.0,180.0,25,0,403,7,0.0,2023,2,1.0,16,1,853,1120,-7.0,35.0,42.0,Jacob Ramsey,Aston Villa,Left Midfield,England,42000000.0
27,24,4,108,,177.0,8,2,977,2,,2020,2,,38,6,3357,1483,10.0,55.0,45.0,Youri Tielemans,Leicester City,Central Midfield,Belgium,45000000.0
30,28,5,118,2.0,173.0,56,0,109,1,0.0,2022,2,1.0,34,4,2204,990,0.0,80.0,80.0,Bernardo Silva,Manchester City,Attacking Midfield,Portugal,80000000.0
35,34,0,57,2.0,192.0,25,0,418,3,0.0,2022,2,1.0,6,1,338,891,-0.2,0.8,1.0,James Tomkins,Crystal Palace,Centre-Back,England,1000000.0
33,32,1,43,3.0,192.0,25,0,561,3,0.0,2023,2,1.0,33,3,287,1153,-2.0,12.0,14.0,Lewis Dunk,Brighton & Hove Albion,Centre-Back,England,14000000.0
33,33,1,136,-6.0,195.0,16,0,967,3,0.0,2023,2,-1.0,20,2,144,1323,0.0,2.5,2.5,Willy Boly,Nottingham Forest,Centre-Back,Cote dIvoire,2500000.0
39,37,3,119,-5.0,188.0,56,3,181,4,0.0,2021,2,-1.0,30,18,2456,721,-5.0,30.0,35.0,Cristiano Ronaldo,Manchester United,Centre-Forward,Portugal,35000000.0
27,25,7,3,3.0,186.0,25,0,234,4,0.0,2022,2,1.0,33,6,2860,818,2.0,20.0,18.0,Dominic Solanke,AFC Bournemouth,Centre-Forward,England,18000000.0
30,27,0,79,,190.0,27,0,549,3,,2021,2,,24,1,2078,648,-4.0,28.0,32.0,Kurt Zouma,For 2 Clubs,Centre-Back,France,32000000.0
27,27,6,81,,173.0,74,0,362,11,,2023,2,,35,4,1619,2286,0.0,17.0,17.0,Harry Wilson,Fulham FC,Right Winger,Wales,17000000.0
32,30,1,79,,201.0,25,0,188,3,,2021,2,,29,1,2462,1809,8.5,12.0,3.5,Dan Burn,For 2 Clubs,Centre-Back,England,3500000.0
30,28,0,195,-3.0,170.0,16,0,365,9,1.0,2021,2,-1.0,19,1,1624,779,-3.0,4.0,7.0,Hassane Kamara,Watford FC,Left-Back,Cote dIvoire,7000000.0
29,25,5,119,-1.0,178.0,25,0,591,9,0.0,2020,2,-1.0,32,1,2654,436,20.0,42.0,22.0,Luke Shaw,Manchester United,Left-Back,England,22000000.0
33,32,1,43,,192.0,25,0,561,3,,2023,2,,33,3,287,2347,-2.0,12.0,14.0,Lewis Dunk,Brighton & Hove Albion,Centre-Back,England,14000000.0
34,30,4,118,0.0,183.0,25,0,551,12,0.0,2019,2,0.0,29,1,2392,144,-10.0,40.0,50.0,Kyle Walker,Manchester City,Right-Back,England,50000000.0
32,28,3,57,,178.0,30,0,438,7,,2020,2,,27,2,1428,1416,-1.0,9.0,10.0,Jeffrey Schlupp,Crystal Palace,Left Midfield,Ghana,10000000.0
21,20,1,118,,175.0,53,0,748,11,,2023,2,,14,1,302,2433,15.0,25.0,10.0,Oscar Bobb,Manchester City,Right Winger,Norway,10000000.0
34,31,0,199,4.0,188.0,25,0,178,3,0.0,2020,2,1.0,22,3,1926,508,-1.0,3.0,4.0,Craig Dawson,West Ham United,Centre-Back,England,4000000.0
32,29,5,174,-2.0,183.0,58,0,889,2,0.0,2020,2,-1.0,33,4,2764,479,1.5,8.0,6.5,Stuart Armstrong,Southampton FC,Central Midfield,Scotland,6500000.0
23,20,0,174,-1.0,191.0,1,0,78,4,0.0,2021,2,-1.0,32,6,1975,752,13.0,22.0,9.0,Armando Broja,Southampton FC,Centre-Forward,Albania,9000000.0
31,29,1,188,,181.0,74,0,98,3,,2021,2,,29,1,2538,1808,2.0,20.0,18.0,Ben Davies,Tottenham Hotspur,Centre-Back,Wales,18000000.0
35,30,1,188,0.0,187.0,27,0,701,2,0.0,2019,2,0.0,29,2,2452,221,-5.0,20.0,25.0,Moussa Sissoko,Tottenham Hotspur,Central Midfield,France,25000000.0
32,28,3,66,-4.0,183.0,45,0,8,2,0.0,2020,2,-1.0,29,2,2443,354,0.0,25.0,25.0,Abdoulaye Doucoure,Everton FC,Central Midfield,Mali,25000000.0
32,29,1,132,0.0,185.0,38,0,436,2,0.0,2020,2,0.0,22,2,1423,456,0.0,9.0,9.0,Jeff Hendrick,Newcastle United,Central Midfield,Ireland,9000000.0
23,21,2,107,-2.0,174.0,48,0,182,8,1.0,2022,2,-1.0,28,4,1426,945,12.0,15.0,3.0,Crysencio Summerville,Leeds United,Left Winger,Netherlands,3000000.0
30,28,10,112,2.0,178.0,58,0,58,9,0.0,2021,2,1.0,29,3,2538,693,0.0,65.0,65.0,Andrew Robertson,Liverpool FC,Left-Back,Scotland,65000000.0
22,21,3,188,1.0,188.0,40,0,223,9,0.0,2023,2,1.0,28,2,2392,1348,7.0,45.0,38.0,Destiny Udogie,Tottenham Hotspur,Left-Back,Italy,38000000.0
20,18,2,119,,180.0,4,0,23,8,,2022,2,,19,3,568,2074,23.0,25.0,2.0,Alejandro Garnacho,Manchester United,Left Winger,Argentina,2000000.0
28,27,4,41,11.0,185.0,25,6,391,4,0.0,2022,2,1.0,33,20,2951,855,-5.0,35.0,40.0,Ivan Toney,Brentford FC,Centre-Forward,England,40000000.0
20,19,3,46,,182.0,27,0,968,11,,2023,2,,29,3,2098,2241,1.0,10.0,9.0,Wilson Odobert,Burnley FC,Right Winger,France,9000000.0
27,26,8,132,2.0,182.0,10,0,127,5,0.0,2023,2,1.0,37,7,3263,1301,0.0,85.0,85.0,Bruno Guimaraes,Newcastle United,Defensive Midfield,Brazil,85000000.0
28,25,0,108,1.0,185.0,68,0,989,3,0.0,2021,2,1.0,28,1,2497,677,-5.0,40.0,45.0,caglar Soyuncu,Leicester City,Centre-Back,Turkiye,45000000.0
33,31,0,188,-2.0,185.0,38,0,646,12,0.0,2022,2,-1.0,12,1,668,1053,-7.0,5.0,12.0,Matt Doherty,Tottenham Hotspur,Right-Back,Ireland,12000000.0
37,33,2,108,,188.0,52,0,482,3,,2020,2,,28,2,2473,1595,-3.0,7.0,10.0,Jonny Evans,Leicester City,Centre-Back,Northern Ireland,10000000.0
27,25,2,174,-1.0,173.0,25,0,10,4,0.0,2021,2,-1.0,23,2,1414,753,-3.0,15.0,18.0,Adam Armstrong,Southampton FC,Centre-Forward,England,18000000.0
35,32,2,50,,178.0,63,0,149,3,,2021,2,,27,1,2070,1757,-2.0,9.0,11.0,Cesar Azpilicueta,Chelsea FC,Centre-Back,Spain,11000000.0
22,21,0,43,,178.0,63,0,67,8,,2023,2,,19,2,521,2270,-5.0,25.0,30.0,Ansu Fati,Brighton & Hove Albion,Left Winger,Spain,30000000.0
33,29,1,112,4.0,195.0,48,0,948,3,0.0,2019,2,1.0,38,5,3420,132,-20.0,80.0,100.0,Virgil van Dijk,Liverpool FC,Centre-Back,Netherlands,100000000.0
33,28,0,132,-2.0,186.0,65,0,282,3,0.0,2019,2,-1.0,22,2,1672,177,1.0,13.0,12.0,Fabian Schar,Newcastle United,Centre-Back,Switzerland,12000000.0
27,25,2,136,-4.0,175.0,50,0,261,4,0.0,2022,2,-1.0,19,2,722,1024,-4.0,8.0,12.0,Emmanuel Dennis,Nottingham Forest,Centre-Forward,Nigeria,12000000.0
28,25,10,199,3.0,176.0,25,0,428,11,0.0,2021,2,1.0,36,12,2983,790,7.0,42.0,35.0,Jarrod Bowen,West Ham United,Right Winger,England,35000000.0
25,22,1,41,7.0,184.0,21,0,597,12,0.0,2021,2,1.0,21,1,1240,563,1.0,2.5,1.5,Mads Roerslev,Brentford FC,Right-Back,Denmark,1500000.0
32,29,1,57,0.0,180.0,16,5,962,8,0.0,2021,2,0.0,33,14,2762,620,-2.0,38.0,40.0,Wilfried Zaha,Crystal Palace,Left Winger,Cote dIvoire,40000000.0
32,28,4,174,,177.0,25,2,197,4,,2020,2,,29,12,2173,1400,2.0,22.0,20.0,Danny Ings,Southampton FC,Centre-Forward,England,20000000.0
35,31,2,50,-2.0,178.0,63,0,149,3,0.0,2020,2,-1.0,26,1,2189,329,-7.0,13.0,20.0,Cesar Azpilicueta,Chelsea FC,Centre-Back,Spain,20000000.0
36,32,0,132,0.0,194.0,25,0,62,4,0.0,2020,2,0.0,18,1,392,452,-1.7,1.5,3.2,Andy Carroll,Newcastle United,Centre-Forward,England,3200000.0
30,28,4,41,7.0,187.0,21,0,163,5,0.0,2021,2,1.0,35,3,3054,564,8.0,14.0,6.0,Christian Norgaard,Brentford FC,Defensive Midfield,Denmark,6000000.0
22,21,0,112,,190.0,25,0,426,3,,2023,2,,17,2,119,2274,20.0,22.0,2.0,Jarell Quansah,Liverpool FC,Centre-Back,England,2000000.0
39,37,3,119,,188.0,56,3,181,4,,2021,2,,30,18,2456,1657,-5.0,30.0,35.0,Cristiano Ronaldo,Manchester United,Centre-Forward,Portugal,35000000.0
25,24,3,112,-1.0,193.0,48,0,170,8,0.0,2022,2,-1.0,21,7,1458,974,20.0,55.0,35.0,Cody Gakpo,Liverpool FC,Left Winger,Netherlands,35000000.0
20,19,0,118,1.0,169.0,25,0,801,12,0.0,2023,2,1.0,16,2,809,1274,0.0,38.0,38.0,Rico Lewis,Manchester City,Right-Back,England,38000000.0
33,31,3,57,,182.0,30,0,484,4,,2022,2,,38,4,2715,2099,-1.0,5.0,6.0,Jordan Ayew,Crystal Palace,Centre-Forward,Ghana,6000000.0
35,30,1,57,-5.0,189.0,59,0,152,5,0.0,2019,2,-1.0,35,1,2527,92,-2.0,8.0,10.0,Cheikhou Kouyate,Crystal Palace,Defensive Midfield,Senegal,10000000.0
27,26,1,174,-4.0,187.0,10,0,593,3,1.0,2022,2,-1.0,21,1,1180,1031,-0.5,3.5,4.0,Lyanco,Southampton FC,Centre-Back,Brazil,4000000.0
29,26,6,199,3.0,172.0,2,0,840,8,0.0,2021,2,1.0,32,8,2168,785,0.0,25.0,25.0,Said Benrahma,West Ham United,Left Winger,Algeria,25000000.0
28,24,0,43,,182.0,45,0,981,5,,2020,2,,36,1,3112,1533,12.0,25.0,13.0,Yves Bissouma,Brighton & Hove Albion,Defensive Midfield,Mali,13000000.0
31,28,1,112,2.0,188.0,10,2,283,5,0.0,2021,2,1.0,29,5,2314,681,0.0,60.0,60.0,Fabinho,Liverpool FC,Defensive Midfield,Brazil,60000000.0
33,29,3,57,,182.0,30,0,484,4,,2020,2,,33,1,2096,1571,-2.0,8.0,10.0,Jordan Ayew,Crystal Palace,Centre-Forward,Ghana,10000000.0
28,23,1,202,8.0,178.0,56,0,229,4,0.0,2019,2,1.0,34,7,2284,257,-7.0,28.0,35.0,Diogo Jota,Wolverhampton Wanderers,Centre-Forward,Portugal,35000000.0
28,26,2,21,3.0,175.0,70,0,735,9,0.0,2022,2,1.0,27,1,2119,839,10.0,42.0,32.0,Oleksandr Zinchenko,Arsenal FC,Left-Back,Ukraine,32000000.0
37,36,0,81,0.0,186.0,71,0,914,3,0.0,2023,2,0.0,18,1,1505,1234,-0.2,0.8,1.0,Tim Ream,Fulham FC,Centre-Back,United States,1000000.0
23,21,2,66,,183.0,25,0,69,8,,2021,2,,35,4,2285,1917,12.0,20.0,8.0,Anthony Gordon,Everton FC,Left Winger,England,8000000.0
31,30,3,22,,178.0,27,0,574,9,,2023,2,,33,1,241,2451,-3.0,12.0,15.0,Lucas Digne,Aston Villa,Left-Back,France,15000000.0
30,29,0,108,,181.0,8,0,221,2,,2022,2,,22,1,650,2185,-4.0,7.0,11.0,Dennis Praet,Leicester City,Central Midfield,Belgium,11000000.0
25,25,3,119,-7.0,183.0,56,0,228,12,0.0,2023,2,-1.0,36,2,3175,1295,0.0,35.0,35.0,Diogo Dalot,Manchester United,Right-Back,Portugal,35000000.0
34,32,4,118,2.0,180.0,29,0,990,2,0.0,2022,2,1.0,31,8,2353,986,-5.0,20.0,25.0,ilkay Gundogan,Manchester City,Central Midfield,Germany,25000000.0
21,20,3,112,,181.0,52,0,174,12,,2023,2,,11,1,753,2447,13.0,15.0,2.0,Conor Bradley,Liverpool FC,Right-Back,Northern Ireland,2000000.0
25,23,8,41,,171.0,12,1,130,11,,2022,2,,38,9,2904,1953,10.0,35.0,25.0,Bryan Mbeumo,Brentford FC,Right Winger,Cameroon,25000000.0
32,29,7,188,2.0,184.0,43,0,369,8,0.0,2021,2,1.0,35,23,3007,772,-5.0,75.0,80.0,Heung-min Son,Tottenham Hotspur,Left Winger,"Korea, South",80000000.0
29,26,0,22,-6.0,191.0,25,0,546,3,0.0,2021,2,-1.0,7,1,397,553,-1.0,4.0,5.0,Kortney Hause,Aston Villa,Centre-Back,England,5000000.0
26,23,2,50,-1.0,177.0,71,0,164,11,0.0,2021,2,-1.0,22,6,1290,618,-3.0,42.0,45.0,Christian Pulisic,Chelsea FC,Right Winger,United States,45000000.0
34,31,3,46,1.0,174.0,25,0,87,5,0.0,2020,2,1.0,38,3,3410,307,-0.5,5.0,5.5,Ashley Westwood,Burnley FC,Defensive Midfield,England,5500000.0
26,24,0,136,,190.0,25,0,843,4,,2022,2,,20,1,323,2184,2.5,5.0,2.5,Sam Surridge,Nottingham Forest,Centre-Forward,England,2500000.0
27,23,4,119,-1.0,183.0,25,0,5,12,0.0,2020,2,-1.0,34,2,3060,435,0.0,40.0,40.0,Aaron Wan-Bissaka,Manchester United,Right-Back,England,40000000.0
28,26,1,107,-2.0,184.0,22,0,507,9,1.0,2022,2,-1.0,19,1,1369,939,-2.0,10.0,12.0,Junior Firpo,Leeds United,Left-Back,Dominican Republic,12000000.0
23,21,2,66,-9.0,183.0,25,0,69,8,0.0,2021,2,-1.0,35,4,2285,636,12.0,20.0,8.0,Anthony Gordon,Everton FC,Left Winger,England,8000000.0
30,25,2,3,-1.0,179.0,15,0,437,5,1.0,2019,2,-1.0,33,1,2704,1,-5.0,20.0,25.0,Jefferson Lerma,AFC Bournemouth,Defensive Midfield,Colombia,25000000.0
29,25,3,197,-2.0,183.0,25,0,200,12,1.0,2020,2,-1.0,35,1,2931,496,1.8,5.0,3.2,Darnell Furlong,West Bromwich Albion,Right-Back,England,3200000.0
32,29,1,57,0.0,178.0,30,0,438,7,0.0,2021,2,0.0,32,4,1851,629,0.0,8.0,8.0,Jeffrey Schlupp,Crystal Palace,Left Midfield,Ghana,8000000.0
26,24,0,41,,180.0,32,0,873,2,,2021,2,,22,1,912,1732,2.0,3.0,1.0,Shandon Baptiste,Brentford FC,Central Midfield,Grenada,1000000.0
30,27,0,118,,191.0,63,0,92,3,,2021,2,,33,4,2829,1832,0.0,45.0,45.0,Aymeric Laporte,Manchester City,Centre-Back,Spain,45000000.0
34,33,10,132,,173.0,25,0,541,12,,2023,2,,28,1,2236,2264,-1.0,10.0,11.0,Kieran Trippier,Newcastle United,Right-Back,England,11000000.0
26,25,0,116,,185.0,50,0,317,3,,2023,2,,21,2,1846,2269,2.0,3.0,1.0,Gabriel Osho,Luton Town,Centre-Back,Nigeria,1000000.0
39,37,0,119,,188.0,56,0,181,4,,2022,2,,10,1,525,2158,-5.0,15.0,20.0,Cristiano Ronaldo,Manchester United,Centre-Forward,Portugal,20000000.0
31,30,0,41,1.0,175.0,37,0,844,1,0.0,2023,2,1.0,19,1,739,1141,0.0,2.0,2.0,Saman Ghoddos,Brentford FC,Attacking Midfield,Iran,2000000.0
26,24,0,199,,195.0,40,0,337,4,,2022,2,,16,3,926,2066,-8.0,22.0,30.0,Gianluca Scamacca,West Ham United,Centre-Forward,Italy,30000000.0
28,27,3,57,,192.0,21,0,450,3,,2023,2,,38,2,3415,2324,0.0,35.0,35.0,Joachim Andersen,Crystal Palace,Centre-Back,Denmark,35000000.0
31,28,0,119,,169.0,10,0,310,2,,2020,2,,30,1,2390,1627,4.5,22.0,17.5,Fred,Manchester United,Central Midfield,Brazil,17500000.0
24,22,1,112,-1.0,185.0,25,0,185,2,0.0,2022,2,-1.0,18,3,1035,971,0.0,25.0,25.0,Curtis Jones,Liverpool FC,Central Midfield,England,25000000.0
32,29,5,132,,180.0,25,4,135,4,,2020,2,,26,12,2084,1396,2.0,22.0,20.0,Callum Wilson,Newcastle United,Centre-Forward,England,20000000.0
26,25,1,202,,172.0,27,0,435,2,,2023,2,,22,2,959,2234,0.0,15.0,15.0,Jean-Ricner Bellegarde,Wolverhampton Wanderers,Central Midfield,France,15000000.0
26,22,6,57,,178.0,25,0,244,1,,2020,2,,34,4,2559,1466,2.0,20.0,18.0,Eberechi Eze,Crystal Palace,Attacking Midfield,England,18000000.0
32,29,2,21,,186.0,65,0,347,5,,2021,2,,27,1,2328,1758,0.0,20.0,20.0,Granit Xhaka,Arsenal FC,Defensive Midfield,Switzerland,20000000.0
33,30,1,43,,184.0,48,0,466,12,,2021,2,,34,1,2874,1900,2.0,10.0,8.0,Joel Veltman,Brighton & Hove Albion,Right-Back,Netherlands,8000000.0
28,24,2,118,0.0,191.0,63,0,811,5,0.0,2019,2,0.0,35,3,2486,147,-16.0,64.0,80.0,Rodri,Manchester City,Defensive Midfield,Spain,80000000.0
31,26,1,57,-5.0,189.0,25,0,173,4,0.0,2019,2,-1.0,6,1,96,88,-1.3,1.2,2.5,Connor Wickham,Crystal Palace,Centre-Forward,England,2500000.0
27,25,5,21,3.0,186.0,25,0,103,12,0.0,2022,2,1.0,38,2,3054,831,10.0,55.0,45.0,Ben White,Arsenal FC,Right-Back,England,45000000.0
31,30,0,199,,170.0,4,0,605,1,,2022,2,,10,1,251,2157,-4.0,6.0,10.0,Manuel Lanzini,West Ham United,Attacking Midfield,Argentina,10000000.0
27,25,1,108,-7.0,182.0,25,0,363,8,1.0,2022,2,-1.0,34,13,2711,956,3.0,35.0,32.0,Harvey Barnes,Leicester City,Left Winger,England,32000000.0
24,22,0,188,-2.0,178.0,25,0,835,9,0.0,2022,2,-1.0,17,2,813,1050,-4.0,18.0,22.0,Ryan Sessegnon,Tottenham Hotspur,Left-Back,England,22000000.0
22,19,1,174,-1.0,182.0,25,0,917,12,0.0,2021,2,-1.0,28,1,2202,756,20.0,25.0,5.0,Tino Livramento,Southampton FC,Right-Back,England,5000000.0
27,24,1,112,,190.0,25,0,708,3,,2020,2,,17,1,1456,1596,6.2,8.0,1.8,Nat Phillips,Liverpool FC,Centre-Back,England,1800000.0
35,31,0,135,-1.0,187.0,9,0,620,2,1.0,2019,2,-1.0,20,1,636,180,-0.5,2.0,2.5,Mario Vrancic,Norwich City,Central Midfield,Bosnia-Herzegovina,2500000.0
27,24,1,112,3.0,190.0,25,0,708,3,0.0,2020,2,1.0,17,1,1456,410,6.2,8.0,1.8,Nat Phillips,Liverpool FC,Centre-Back,England,1800000.0
23,21,1,21,3.0,192.0,27,0,964,3,0.0,2022,2,1.0,27,2,2415,833,25.0,65.0,40.0,William Saliba,Arsenal FC,Centre-Back,France,40000000.0
32,31,1,174,-4.0,183.0,58,0,889,2,1.0,2022,2,-1.0,32,2,1407,1043,-1.5,4.5,6.0,Stuart Armstrong,Southampton FC,Central Midfield,Scotland,6000000.0
26,22,1,199,,188.0,25,1,213,2,,2020,2,,32,2,2879,1578,15.0,70.0,55.0,Declan Rice,West Ham United,Central Midfield,England,55000000.0
29,26,1,79,,189.0,48,1,76,11,,2021,2,,11,1,399,1790,-1.0,9.0,10.0,Anwar El Ghazi,For 2 Clubs,Right Winger,Netherlands,10000000.0
28,26,2,107,,184.0,63,0,610,5,,2022,2,,32,1,2316,2036,-2.0,10.0,12.0,Marc Roca,Leeds United,Defensive Midfield,Spain,12000000.0
32,28,2,21,,186.0,65,0,347,5,,2020,2,,31,1,2523,1536,-6.0,22.0,28.0,Granit Xhaka,Arsenal FC,Defensive Midfield,Switzerland,28000000.0
30,26,4,3,-1.0,163.0,58,0,832,8,1.0,2019,2,-1.0,28,1,2067,10,-12.5,17.5,30.0,Ryan Fraser,AFC Bournemouth,Left Winger,Scotland,30000000.0
31,29,3,22,,196.0,25,0,935,3,,2021,2,,36,1,3189,1676,-2.0,30.0,32.0,Tyrone Mings,Aston Villa,Centre-Back,England,32000000.0
33,29,5,57,,181.0,25,0,61,11,,2020,2,,34,1,2258,1575,-2.5,7.0,9.5,Andros Townsend,Crystal Palace,Right Winger,England,9500000.0
30,26,0,119,-2.0,187.0,64,0,942,3,0.0,2019,2,-1.0,35,1,3092,160,-7.0,28.0,35.0,Victor Lindelof,Manchester United,Centre-Back,Sweden,35000000.0
25,24,2,119,,183.0,56,0,228,12,,2022,2,,26,1,2154,2044,12.0,40.0,28.0,Diogo Dalot,Manchester United,Right-Back,Portugal,28000000.0
30,25,1,43,1.0,190.0,25,0,15,3,0.0,2019,2,1.0,31,3,2668,46,-3.0,12.0,15.0,Adam Webster,Brighton & Hove Albion,Centre-Back,England,15000000.0
32,31,0,199,-1.0,177.0,25,0,197,4,0.0,2023,2,-1.0,20,1,403,1361,-1.0,8.0,9.0,Danny Ings,West Ham United,Centre-Forward,England,9000000.0
36,33,0,199,,191.0,40,0,65,3,,2020,2,,28,3,2492,1435,-2.5,2.5,5.0,Angelo Ogbonna,West Ham United,Centre-Back,Italy,5000000.0
27,27,0,66,-5.0,178.0,48,0,81,8,0.0,2023,2,-1.0,14,1,595,1209,-7.0,13.0,20.0,Arnaut Danjuma,Everton FC,Left Winger,Netherlands,20000000.0
28,28,2,41,,185.0,25,0,391,4,,2023,2,,17,4,145,2232,15.0,50.0,35.0,Ivan Toney,Brentford FC,Centre-Forward,England,35000000.0
30,29,2,199,,176.0,40,0,255,9,,2023,2,,36,1,3137,2437,0.0,12.0,12.0,Emerson,West Ham United,Left-Back,Italy,12000000.0
35,31,3,21,-4.0,187.0,28,2,778,4,0.0,2019,2,-1.0,36,22,3137,23,-14.0,56.0,70.0,Pierre-Emerick Aubameyang,Arsenal FC,Centre-Forward,Gabon,70000000.0
30,28,1,174,,178.0,53,0,685,8,,2022,2,,33,1,2168,2009,-3.0,9.0,12.0,Mohamed Elyounoussi,Southampton FC,Left Winger,Norway,12000000.0
25,24,0,22,3.0,190.0,40,0,726,1,0.0,2023,2,1.0,25,2,839,1123,-5.0,20.0,25.0,Nicolo Zaniolo,Aston Villa,Attacking Midfield,Italy,25000000.0
32,29,4,66,,183.0,45,0,8,2,,2021,2,,30,2,2537,1699,-3.0,22.0,25.0,Abdoulaye Doucoure,Everton FC,Central Midfield,Mali,25000000.0
27,26,0,202,,194.0,25,0,659,3,,2023,2,,38,2,342,2282,-3.0,32.0,35.0,Maximilian Kilman,Wolverhampton Wanderers,Centre-Back,England,35000000.0
30,29,2,132,4.0,174.0,54,0,677,11,0.0,2022,2,1.0,34,11,2490,1015,14.0,32.0,18.0,Miguel Almiron,Newcastle United,Right Winger,Paraguay,18000000.0
31,28,1,112,,188.0,10,2,283,5,,2021,2,,29,5,2314,1899,0.0,60.0,60.0,Fabinho,Liverpool FC,Defensive Midfield,Brazil,60000000.0
21,19,2,43,,173.0,54,0,505,1,,2022,2,,20,4,806,2098,11.0,22.0,11.0,Julio Enciso,Brighton & Hove Albion,Attacking Midfield,Paraguay,11000000.0
23,20,5,57,0.0,184.0,27,0,671,11,0.0,2021,2,0.0,26,2,1140,625,4.0,22.0,18.0,Michael Olise,Crystal Palace,Right Winger,France,18000000.0
31,29,0,21,3.0,185.0,30,0,912,5,0.0,2022,2,1.0,33,3,2483,834,-3.0,35.0,38.0,Thomas Partey,Arsenal FC,Defensive Midfield,Ghana,38000000.0
31,29,3,188,-2.0,188.0,25,5,359,4,0.0,2022,2,-1.0,38,30,3405,1049,0.0,90.0,90.0,Harry Kane,Tottenham Hotspur,Centre-Forward,England,90000000.0
26,25,0,119,-7.0,181.0,25,0,629,1,0.0,2023,2,-1.0,14,1,516,1289,-10.0,35.0,45.0,Mason Mount,Manchester United,Attacking Midfield,England,45000000.0
27,24,0,22,-6.0,183.0,25,0,280,3,0.0,2021,2,-1.0,29,2,2479,552,-3.0,22.0,25.0,Ezri Konsa,Aston Villa,Centre-Back,England,25000000.0
31,28,2,81,,170.0,41,0,115,11,,2020,2,,33,5,2372,1468,2.0,10.0,8.0,Bobby De Cordova-Reid,Fulham FC,Right Winger,Jamaica,8000000.0
25,23,2,195,-3.0,176.0,15,0,183,4,1.0,2021,2,-1.0,25,5,1147,778,0.0,9.0,9.0,Cucho Hernandez,Watford FC,Centre-Forward,Colombia,9000000.0
24,20,4,21,-5.0,182.0,25,0,258,1,0.0,2020,2,-1.0,20,2,1440,269,15.3,18.0,2.7,Emile Smith Rowe,Arsenal FC,Attacking Midfield,England,2700000.0
31,26,2,188,0.0,188.0,25,2,359,4,0.0,2019,2,0.0,29,18,2587,219,-30.0,120.0,150.0,Harry Kane,Tottenham Hotspur,Centre-Forward,England,150000000.0
27,23,0,46,1.0,191.0,38,0,449,3,0.0,2020,2,1.0,3,1,270,313,0.4,0.6,0.2,Jimmy Dunne,Burnley FC,Centre-Back,Ireland,200000.0
31,30,1,46,-1.0,183.0,25,0,150,9,1.0,2023,2,-1.0,28,1,2331,1162,0.0,3.0,3.0,Charlie Taylor,Burnley FC,Left-Back,England,3000000.0
26,21,13,112,4.0,175.0,25,0,928,12,0.0,2019,2,1.0,38,4,3175,127,-11.0,99.0,110.0,Trent Alexander-Arnold,Liverpool FC,Right-Back,England,110000000.0
26,26,1,41,,180.0,32,0,873,2,,2023,2,,10,1,229,2392,0.0,2.5,2.5,Shandon Baptiste,Brentford FC,Central Midfield,Grenada,2500000.0
28,26,7,107,-2.0,175.0,25,0,396,11,1.0,2022,2,-1.0,36,5,2708,941,-6.0,22.0,28.0,Jack Harrison,Leeds United,Right Winger,England,28000000.0
32,27,3,57,-5.0,180.0,16,0,962,8,0.0,2019,2,-1.0,38,4,3280,85,-11.0,44.0,55.0,Wilfried Zaha,Crystal Palace,Left Winger,Cote dIvoire,55000000.0
37,32,5,199,-8.0,182.0,58,0,807,11,0.0,2019,2,-1.0,24,5,1509,248,-1.2,4.8,6.0,Robert Snodgrass,West Ham United,Right Winger,Scotland,6000000.0
23,21,2,66,,195.0,8,0,44,5,,2022,2,,33,1,2487,2033,15.0,45.0,30.0,Amadou Onana,Everton FC,Defensive Midfield,Belgium,30000000.0
38,35,1,202,3.0,170.0,56,0,458,2,0.0,2021,2,1.0,35,2,2971,809,0.0,2.5,2.5,Joco Moutinho,Wolverhampton Wanderers,Central Midfield,Portugal,2500000.0
33,30,1,197,,194.0,25,0,550,3,,2020,2,,30,3,2584,1409,-0.3,2.5,2.8,Kyle Bartley,West Bromwich Albion,Centre-Back,England,2800000.0
32,29,0,43,,201.0,25,0,188,3,,2020,2,,27,1,2061,1401,0.0,5.0,5.0,Dan Burn,Brighton & Hove Albion,Centre-Back,England,5000000.0
27,26,0,81,,197.0,25,0,926,3,,2023,2,,20,2,1617,2268,8.0,20.0,12.0,Tosin Adarabioyo,Fulham FC,Centre-Back,England,12000000.0
26,23,2,43,,176.0,4,2,35,2,,2021,2,,33,5,2122,1893,6.0,16.0,10.0,Alexis Mac Allister,Brighton & Hove Albion,Central Midfield,Argentina,10000000.0
40,36,0,50,,181.0,10,0,909,3,,2020,2,,23,2,1936,1613,-1.5,3.0,4.5,Thiago Silva,Chelsea FC,Centre-Back,Brazil,4500000.0
35,31,5,108,,175.0,25,0,606,10,,2020,2,,31,1,1746,1566,-1.0,4.0,5.0,Marc Albrighton,Leicester City,Right Midfield,England,5000000.0
23,20,6,21,0.0,178.0,10,1,316,8,0.0,2021,2,0.0,29,6,1861,533,12.0,40.0,28.0,Gabriel Martinelli,Arsenal FC,Left Winger,Brazil,28000000.0
25,22,1,21,0.0,183.0,56,0,732,9,0.0,2021,2,0.0,22,1,1177,545,2.0,15.0,13.0,Nuno Tavares,Arsenal FC,Left-Back,Portugal,13000000.0
23,22,0,50,,194.0,27,0,107,3,,2022,2,,11,1,905,2165,0.0,40.0,40.0,Benoit Badiashile,Chelsea FC,Centre-Back,France,40000000.0
34,30,1,43,0.0,185.0,25,0,198,4,0.0,2020,2,0.0,24,6,1545,294,4.0,4.0,0.0,Danny Welbeck,Brighton & Hove Albion,Centre-Forward,England,0.0
28,25,2,43,,171.0,27,1,715,4,,2021,2,,32,8,2275,1878,-2.0,18.0,20.0,Neal Maupay,Brighton & Hove Albion,Centre-Forward,France,20000000.0
30,29,8,119,-7.0,179.0,56,4,126,1,0.0,2023,2,-1.0,35,10,3118,1296,0.0,70.0,70.0,Bruno Fernandes,Manchester United,Attacking Midfield,Portugal,70000000.0
33,33,0,81,0.0,187.0,46,0,781,4,0.0,2023,2,0.0,24,7,1395,1227,-1.0,5.0,6.0,Rael Jimenez,Fulham FC,Centre-Forward,Mexico,6000000.0
29,28,1,118,,180.0,25,0,395,8,,2023,2,,20,3,1008,2342,-10.0,60.0,70.0,Jack Grealish,Manchester City,Left Winger,England,70000000.0
35,31,5,108,4.0,175.0,25,0,606,10,0.0,2020,2,1.0,31,1,1746,393,-1.0,4.0,5.0,Marc Albrighton,Leicester City,Right Midfield,England,5000000.0
25,22,7,41,7.0,171.0,12,1,130,11,0.0,2021,2,1.0,35,4,2905,560,6.0,22.0,16.0,Bryan Mbeumo,Brentford FC,Right Winger,Cameroon,16000000.0
26,22,0,43,0.0,180.0,15,0,887,2,0.0,2020,2,0.0,15,1,896,291,-1.0,6.0,7.0,Steven Alzate,Brighton & Hove Albion,Central Midfield,Colombia,7000000.0
30,28,2,132,0.0,178.0,63,0,430,12,0.0,2021,2,0.0,19,1,1257,740,0.0,3.0,3.0,Javier Manquillo,Newcastle United,Right-Back,Spain,3000000.0
30,28,0,132,,174.0,54,0,677,11,,2021,2,,30,1,1716,1782,-1.5,16.0,17.5,Miguel Almiron,Newcastle United,Right Winger,Paraguay,17500000.0
32,28,4,174,-2.0,177.0,25,2,197,4,0.0,2020,2,-1.0,29,12,2173,472,2.0,22.0,20.0,Danny Ings,Southampton FC,Centre-Forward,England,20000000.0
30,28,10,112,,178.0,58,0,58,9,,2021,2,,29,3,2538,1862,0.0,65.0,65.0,Andrew Robertson,Liverpool FC,Left-Back,Scotland,65000000.0
35,31,0,46,1.0,185.0,25,1,86,4,0.0,2020,2,1.0,22,3,1331,306,-3.0,3.5,6.5,Ashley Barnes,Burnley FC,Centre-Forward,England,6500000.0
26,25,0,116,,178.0,58,0,400,4,,2023,2,,19,2,1019,2266,0.0,4.0,4.0,Jacob Brown,Luton Town,Centre-Forward,Scotland,4000000.0
31,27,0,81,-4.0,170.0,25,0,461,9,1.0,2020,2,-1.0,16,1,669,365,-0.5,5.0,5.5,Joe Bryan,Fulham FC,Left-Back,England,5500000.0
31,30,0,199,-5.0,170.0,4,0,605,1,0.0,2022,2,-1.0,10,1,251,1061,-4.0,6.0,10.0,Manuel Lanzini,West Ham United,Attacking Midfield,Argentina,10000000.0
32,27,4,188,0.0,172.0,10,0,575,11,0.0,2019,2,0.0,35,4,2242,216,-8.0,32.0,40.0,Lucas Moura,Tottenham Hotspur,Right Winger,Brazil,40000000.0
32,30,0,108,-7.0,168.0,59,0,707,5,1.0,2022,2,-1.0,19,1,756,963,-1.0,2.5,3.5,Nampalys Mendy,Leicester City,Defensive Midfield,Senegal,3500000.0
27,27,0,66,,178.0,48,0,81,8,,2023,2,,14,1,595,2284,-7.0,13.0,20.0,Arnaut Danjuma,Everton FC,Left Winger,Netherlands,20000000.0
32,31,1,116,,177.0,25,0,590,2,,2023,2,,17,2,323,2237,0.0,0.4,0.4,Luke Berry,Luton Town,Central Midfield,England,400000.0
26,24,4,57,2.0,178.0,25,1,244,1,0.0,2022,2,1.0,38,10,2637,895,15.0,40.0,25.0,Eberechi Eze,Crystal Palace,Attacking Midfield,England,25000000.0
23,20,1,22,,180.0,25,0,403,7,,2021,2,,34,6,2468,1908,17.0,25.0,8.0,Jacob Ramsey,Aston Villa,Left Midfield,England,8000000.0
29,28,0,22,3.0,188.0,8,0,555,5,0.0,2023,2,1.0,8,1,120,1114,-4.0,7.0,11.0,Leander Dendoncker,Aston Villa,Defensive Midfield,Belgium,11000000.0
26,23,4,21,0.0,178.0,53,0,624,1,0.0,2021,2,0.0,36,7,2785,543,3.0,45.0,42.0,Martin odegaard,Arsenal FC,Attacking Midfield,Norway,42000000.0
27,26,0,199,,194.0,31,0,545,3,,2023,2,,19,1,15,2400,6.0,20.0,14.0,Konstantinos Mavropanos,West Ham United,Centre-Back,Greece,14000000.0
24,21,2,21,0.0,182.0,25,0,258,1,0.0,2021,2,0.0,33,10,1921,537,12.0,40.0,28.0,Emile Smith Rowe,Arsenal FC,Attacking Midfield,England,28000000.0
25,22,0,132,0.0,186.0,25,0,463,2,0.0,2021,2,0.0,29,2,2036,728,0.0,22.0,22.0,Joe Willock,Newcastle United,Central Midfield,England,22000000.0
27,24,0,22,,183.0,25,0,280,3,,2021,2,,29,2,2479,1683,-3.0,22.0,25.0,Ezri Konsa,Aston Villa,Centre-Back,England,25000000.0
33,31,16,118,2.0,181.0,8,0,536,1,0.0,2022,2,1.0,32,7,2417,982,-10.0,70.0,80.0,Kevin De Bruyne,Manchester City,Attacking Midfield,Belgium,80000000.0
33,33,0,170,-1.0,175.0,52,1,738,2,1.0,2023,2,-1.0,27,1,144,1339,-0.5,1.0,1.5,Oliver Norwood,Sheffield United,Central Midfield,Northern Ireland,1500000.0
27,25,0,81,5.0,197.0,25,0,926,3,0.0,2022,2,1.0,25,1,2085,927,-2.0,16.0,18.0,Tosin Adarabioyo,Fulham FC,Centre-Back,England,18000000.0
40,36,0,50,-2.0,181.0,10,0,909,3,0.0,2020,2,-1.0,23,2,1936,316,-1.5,3.0,4.5,Thiago Silva,Chelsea FC,Centre-Back,Brazil,4500000.0
33,29,0,43,0.0,192.0,25,0,561,3,0.0,2020,2,0.0,33,5,2933,293,5.0,25.0,20.0,Lewis Dunk,Brighton & Hove Albion,Centre-Back,England,20000000.0
35,32,0,46,,185.0,25,0,394,5,,2021,2,,20,1,1670,1736,-1.2,1.8,3.0,Jack Cork,Burnley FC,Defensive Midfield,England,3000000.0
25,25,3,119,,183.0,56,0,228,12,,2023,2,,36,2,3175,2319,0.0,35.0,35.0,Diogo Dalot,Manchester United,Right-Back,Portugal,35000000.0
38,33,3,174,2.0,180.0,38,0,875,4,0.0,2019,2,1.0,26,2,1395,208,-2.2,2.8,5.0,Shane Long,Southampton FC,Centre-Forward,Ireland,5000000.0
29,26,1,79,,183.0,25,0,649,9,,2021,2,,33,1,2871,647,0.0,17.0,17.0,Matt Targett,For 2 Clubs,Left-Back,England,17000000.0
30,26,2,202,8.0,175.0,63,0,483,12,0.0,2019,2,1.0,35,2,2888,262,-4.0,16.0,20.0,Jonny Otto,Wolverhampton Wanderers,Right-Back,Spain,20000000.0
34,31,0,202,2.0,188.0,47,0,820,3,0.0,2020,2,1.0,27,3,2407,525,2.0,10.0,8.0,Romain Saiss,Wolverhampton Wanderers,Centre-Back,Morocco,8000000.0
31,29,3,50,-1.0,180.0,47,0,354,11,0.0,2021,2,-1.0,23,4,1319,615,-7.0,28.0,35.0,Hakim Ziyech,Chelsea FC,Right Winger,Morocco,35000000.0
26,25,10,21,1.0,178.0,53,2,624,1,0.0,2023,2,1.0,35,8,3091,1109,20.0,110.0,90.0,Martin odegaard,Arsenal FC,Attacking Midfield,Norway,90000000.0
25,24,0,50,-2.0,192.0,25,0,929,3,0.0,2023,2,-1.0,13,1,952,1180,-5.0,13.0,18.0,Trevoh Chalobah,Chelsea FC,Centre-Back,England,18000000.0
35,32,0,199,,189.0,70,0,60,11,,2021,2,,19,1,316,1723,-1.0,2.5,3.5,Andriy Yarmolenko,West Ham United,Right Winger,Ukraine,3500000.0
35,31,0,132,0.0,185.0,38,0,169,3,0.0,2020,2,0.0,22,1,1891,457,-1.8,3.0,4.8,Ciaran Clark,Newcastle United,Centre-Back,Ireland,4800000.0
29,27,6,81,5.0,178.0,10,1,54,1,0.0,2022,2,1.0,33,4,2692,925,11.0,18.0,7.0,Andreas Pereira,Fulham FC,Attacking Midfield,Brazil,7000000.0
25,24,2,3,3.0,172.0,15,0,585,8,0.0,2023,2,1.0,20,2,698,1087,-3.0,17.0,20.0,Luis Sinisterra,AFC Bournemouth,Left Winger,Colombia,20000000.0
26,23,2,108,1.0,176.0,25,0,542,2,0.0,2021,2,1.0,28,1,2105,669,6.0,8.0,2.0,Kiernan Dewsbury-Hall,Leicester City,Central Midfield,England,2000000.0
32,31,8,119,,182.0,21,0,161,2,,2022,2,,28,1,2048,1975,0.0,22.0,22.0,Christian Eriksen,Manchester United,Central Midfield,Denmark,22000000.0
29,27,2,119,,181.0,27,1,70,4,,2022,2,,21,6,979,2057,0.0,15.0,15.0,Anthony Martial,Manchester United,Centre-Forward,France,15000000.0
21,20,1,3,,178.0,25,0,30,2,,2023,2,,23,1,1013,2444,0.0,20.0,20.0,Alex Scott,AFC Bournemouth,Central Midfield,England,20000000.0
29,25,0,22,0.0,191.0,25,0,546,3,0.0,2020,2,0.0,7,1,630,285,-1.5,5.0,6.5,Kortney Hause,Aston Villa,Centre-Back,England,6500000.0
35,32,1,79,,187.0,27,0,701,2,,2021,2,,36,2,3220,1746,-3.5,4.5,8.0,Moussa Sissoko,For 2 Clubs,Central Midfield,France,8000000.0
27,26,3,3,3.0,186.0,25,2,234,4,0.0,2023,2,1.0,38,19,3325,1089,15.0,40.0,25.0,Dominic Solanke,AFC Bournemouth,Centre-Forward,England,25000000.0
30,27,0,118,2.0,191.0,63,0,92,3,0.0,2021,2,1.0,33,4,2829,710,0.0,45.0,45.0,Aymeric Laporte,Manchester City,Centre-Back,Spain,45000000.0
33,30,4,43,,181.0,29,0,754,2,,2021,2,,29,2,2038,1702,-1.0,6.0,7.0,Pascal Gross,Brighton & Hove Albion,Central Midfield,Germany,7000000.0
28,26,2,132,4.0,186.0,10,0,468,2,0.0,2022,2,1.0,32,6,2661,1006,14.0,42.0,28.0,Joelinton,Newcastle United,Central Midfield,Brazil,28000000.0
35,31,2,188,0.0,187.0,8,0,918,3,0.0,2019,2,0.0,33,2,2957,214,-11.0,24.0,35.0,Toby Alderweireld,Tottenham Hotspur,Centre-Back,Belgium,35000000.0
27,22,2,22,-3.0,183.0,25,0,280,3,0.0,2019,2,-1.0,25,1,2039,37,-1.5,6.5,8.0,Ezri Konsa,Aston Villa,Centre-Back,England,8000000.0
26,22,1,108,4.0,183.0,25,0,412,12,0.0,2020,2,1.0,23,2,2070,394,11.0,17.0,6.0,James Justin,Leicester City,Right-Back,England,6000000.0
30,27,4,118,2.0,173.0,56,0,109,1,0.0,2021,2,1.0,35,8,2857,708,5.0,80.0,75.0,Bernardo Silva,Manchester City,Attacking Midfield,Portugal,75000000.0
28,27,3,57,2.0,192.0,21,0,450,3,0.0,2023,2,1.0,38,2,3415,1189,0.0,35.0,35.0,Joachim Andersen,Crystal Palace,Centre-Back,Denmark,35000000.0
26,25,1,41,11.0,184.0,29,0,950,5,0.0,2022,2,1.0,35,3,2210,858,4.0,20.0,16.0,Vitaly Janelt,Brentford FC,Defensive Midfield,Germany,16000000.0
37,35,1,195,-3.0,186.0,61,0,510,2,1.0,2021,2,-1.0,26,1,1921,784,-0.2,1.8,2.0,Juraj Kucka,Watford FC,Central Midfield,Slovakia,2000000.0
31,28,1,119,-1.0,194.0,25,0,360,3,0.0,2020,2,-1.0,34,2,3047,434,0.0,50.0,50.0,Harry Maguire,Manchester United,Centre-Back,England,50000000.0
24,24,7,50,-2.0,182.0,25,0,176,2,0.0,2023,2,-1.0,37,5,3129,1177,10.0,50.0,40.0,Conor Gallagher,Chelsea FC,Central Midfield,England,40000000.0
22,19,1,174,,182.0,25,0,917,12,,2021,2,,28,1,2202,1806,20.0,25.0,5.0,Tino Livramento,Southampton FC,Right-Back,England,5000000.0
26,24,3,22,-6.0,177.0,10,0,238,2,0.0,2021,2,-1.0,34,2,2716,549,3.0,38.0,35.0,Douglas Luiz,Aston Villa,Central Midfield,Brazil,35000000.0
31,29,0,119,-5.0,194.0,25,0,360,3,0.0,2021,2,-1.0,30,1,2516,714,-12.0,38.0,50.0,Harry Maguire,Manchester United,Centre-Back,England,50000000.0
28,24,5,50,-2.0,180.0,25,0,97,9,0.0,2020,2,-1.0,27,3,2286,319,-5.0,45.0,50.0,Ben Chilwell,Chelsea FC,Left-Back,England,50000000.0
33,30,1,57,-6.0,186.0,60,1,588,5,0.0,2020,2,-1.0,31,1,2360,345,-8.0,8.0,16.0,Luka Milivojevic,Crystal Palace,Defensive Midfield,Serbia,16000000.0
24,21,2,197,-2.0,182.0,25,0,176,2,1.0,2020,2,-1.0,30,2,2531,497,9.6,15.0,5.4,Conor Gallagher,West Bromwich Albion,Central Midfield,England,5400000.0
22,20,0,112,,170.0,56,0,284,1,,2022,2,,13,2,347,1971,1.0,16.0,15.0,Fabio Carvalho,Liverpool FC,Attacking Midfield,Portugal,15000000.0
29,28,0,22,,188.0,8,0,555,5,,2023,2,,8,1,120,2386,-4.0,7.0,11.0,Leander Dendoncker,Aston Villa,Defensive Midfield,Belgium,11000000.0
26,22,1,199,4.0,188.0,25,1,213,2,0.0,2020,2,1.0,32,2,2879,510,15.0,70.0,55.0,Declan Rice,West Ham United,Central Midfield,England,55000000.0
33,30,2,50,,178.0,40,6,487,5,,2021,2,,29,6,2274,1828,-5.0,40.0,45.0,Jorginho,Chelsea FC,Defensive Midfield,Italy,45000000.0
28,25,1,119,,191.0,58,0,859,2,,2021,2,,30,1,2386,1811,-3.0,32.0,35.0,Scott McTominay,Manchester United,Central Midfield,Scotland,35000000.0
28,25,2,43,7.0,171.0,27,1,715,4,0.0,2021,2,1.0,32,8,2275,581,-2.0,18.0,20.0,Neal Maupay,Brighton & Hove Albion,Centre-Forward,France,20000000.0
26,24,2,199,-5.0,188.0,25,0,213,2,0.0,2022,2,-1.0,37,4,3273,1065,10.0,90.0,80.0,Declan Rice,West Ham United,Central Midfield,England,80000000.0
32,29,3,46,-1.0,197.0,48,0,971,4,1.0,2021,2,-1.0,20,2,1450,599,-6.0,14.0,20.0,Wout Weghorst,Burnley FC,Centre-Forward,Netherlands,20000000.0
27,26,6,21,,175.0,10,1,313,4,,2022,2,,26,11,2064,1946,10.0,75.0,65.0,Gabriel Jesus,Arsenal FC,Centre-Forward,Brazil,65000000.0
26,22,1,108,,183.0,25,0,412,12,,2020,2,,23,2,2070,1573,11.0,17.0,6.0,James Justin,Leicester City,Right-Back,England,6000000.0
25,24,7,202,,183.0,10,1,636,4,,2023,2,,32,12,244,2217,17.0,45.0,28.0,Matheus Cunha,Wolverhampton Wanderers,Centre-Forward,Brazil,28000000.0
28,26,5,41,7.0,185.0,25,5,391,4,0.0,2021,2,1.0,33,12,2909,566,3.0,35.0,32.0,Ivan Toney,Brentford FC,Centre-Forward,England,32000000.0
34,31,5,50,-1.0,188.0,63,0,612,9,0.0,2021,2,-1.0,28,4,2167,617,-3.0,12.0,15.0,Marcos Alonso,Chelsea FC,Left-Back,Spain,15000000.0
35,34,8,188,,186.0,17,0,390,8,,2022,2,,34,1,2108,1977,-3.0,7.0,10.0,Ivan Perisic,Tottenham Hotspur,Left Winger,Croatia,10000000.0
29,26,2,21,,178.0,63,0,366,12,,2020,2,,25,1,2089,1547,-7.0,25.0,32.0,Hector Bellerin,Arsenal FC,Right-Back,Spain,32000000.0
28,24,4,188,0.0,188.0,25,1,216,1,0.0,2019,2,0.0,25,8,1847,220,-26.0,64.0,90.0,Dele Alli,Tottenham Hotspur,Attacking Midfield,England,90000000.0
30,26,6,118,3.0,173.0,56,0,109,1,0.0,2020,2,1.0,26,2,2065,428,-10.0,70.0,80.0,Bernardo Silva,Manchester City,Attacking Midfield,Portugal,80000000.0
28,23,3,108,5.0,180.0,25,0,97,9,0.0,2019,2,1.0,27,3,2374,110,-10.0,40.0,50.0,Ben Chilwell,Leicester City,Left-Back,England,50000000.0
32,30,2,79,,177.0,25,2,197,4,,2022,2,-1.0,35,8,1598,913,-4.0,12.0,16.0,Danny Ings,For 2 Clubs,Centre-Forward,England,16000000.0
33,29,2,197,,191.0,59,0,662,4,,2020,2,,16,3,1188,1488,-0.2,3.0,3.2,Mbaye Diagne,West Bromwich Albion,Centre-Forward,Senegal,3200000.0
33,31,1,107,,183.0,25,0,589,12,,2022,2,,29,2,2054,2105,-1.2,1.8,3.0,Luke Ayling,Leeds United,Right-Back,England,3000000.0
33,29,6,202,8.0,187.0,46,4,791,4,0.0,2019,2,1.0,38,17,3236,254,-2.0,40.0,42.0,Raul Jimenez,Wolverhampton Wanderers,Centre-Forward,Mexico,42000000.0
27,24,1,66,-4.0,189.0,25,0,233,4,0.0,2020,2,-1.0,33,16,2871,350,5.0,45.0,40.0,Dominic Calvert-Lewin,Everton FC,Centre-Forward,England,40000000.0
32,29,4,66,-9.0,183.0,45,0,8,2,0.0,2021,2,-1.0,30,2,2537,640,-3.0,22.0,25.0,Abdoulaye Doucoure,Everton FC,Central Midfield,Mali,25000000.0
33,29,5,57,-6.0,181.0,25,0,61,11,0.0,2020,2,-1.0,34,1,2258,336,-2.5,7.0,9.5,Andros Townsend,Crystal Palace,Right Winger,England,9500000.0
35,34,0,57,,192.0,25,0,418,3,,2022,2,,6,1,338,1954,-0.2,0.8,1.0,James Tomkins,Crystal Palace,Centre-Back,England,1000000.0
26,24,1,202,,183.0,56,0,639,2,,2022,2,,34,1,2467,2020,0.0,45.0,45.0,Matheus Nunes,Wolverhampton Wanderers,Central Midfield,Portugal,45000000.0
27,26,0,3,,185.0,4,0,614,3,,2022,2,,31,2,2491,1980,5.0,22.0,17.0,Marcos Senesi,AFC Bournemouth,Centre-Back,Argentina,17000000.0
35,30,0,3,-1.0,183.0,25,1,508,8,1.0,2019,2,-1.0,15,3,712,3,-1.5,2.0,3.5,Junior Stanislas,AFC Bournemouth,Left Winger,England,3500000.0
28,26,0,79,,171.0,27,0,715,4,,2022,2,-1.0,27,1,1119,919,-5.0,10.0,15.0,Neal Maupay,For 2 Clubs,Centre-Forward,France,15000000.0
30,27,4,118,,173.0,56,0,109,1,,2021,2,,35,8,2857,1881,5.0,80.0,75.0,Bernardo Silva,Manchester City,Attacking Midfield,Portugal,75000000.0
34,32,8,199,3.0,180.0,41,0,673,4,0.0,2021,2,1.0,36,10,2972,797,-2.0,10.0,12.0,Michail Antonio,West Ham United,Centre-Forward,Jamaica,12000000.0
24,24,3,21,,189.0,55,0,408,3,,2023,2,,20,1,946,2455,5.0,30.0,25.0,Jakub Kiwior,Arsenal FC,Centre-Back,Poland,25000000.0
27,25,5,132,4.0,182.0,10,0,127,5,0.0,2022,2,1.0,32,4,2726,1007,20.0,70.0,50.0,Bruno Guimaraes,Newcastle United,Defensive Midfield,Brazil,50000000.0
29,25,4,22,-3.0,189.0,48,1,76,11,0.0,2019,2,-1.0,34,4,2053,41,-2.0,8.0,10.0,Anwar El Ghazi,Aston Villa,Right Winger,Netherlands,10000000.0
29,26,0,108,1.0,185.0,8,0,916,12,0.0,2021,2,1.0,27,1,2127,665,0.0,28.0,28.0,Timothy Castagne,Leicester City,Right-Back,Belgium,28000000.0
37,33,2,108,4.0,188.0,52,0,482,3,0.0,2020,2,1.0,28,2,2473,399,-3.0,7.0,10.0,Jonny Evans,Leicester City,Centre-Back,Northern Ireland,10000000.0
33,31,16,118,,181.0,8,0,536,1,,2022,2,,32,7,2417,2004,-10.0,70.0,80.0,Kevin De Bruyne,Manchester City,Attacking Midfield,Belgium,80000000.0
20,19,0,132,,179.0,25,0,562,9,,2023,2,,18,1,781,2396,0.0,18.0,18.0,Lewis Hall,Newcastle United,Left-Back,England,18000000.0
27,26,1,199,-1.0,190.0,46,0,248,5,0.0,2023,2,-1.0,31,1,2377,1368,0.0,35.0,35.0,Edson alvarez,West Ham United,Defensive Midfield,Mexico,35000000.0
27,24,1,57,0.0,192.0,27,0,434,4,0.0,2021,2,0.0,22,5,1145,627,2.0,10.0,8.0,Jean-Philippe Mateta,Crystal Palace,Centre-Forward,France,8000000.0
27,26,6,43,,178.0,42,0,519,8,,2022,2,,33,7,2317,2000,29.0,32.0,3.0,Kaoru Mitoma,Brighton & Hove Albion,Left Winger,Japan,3000000.0
28,25,1,107,1.0,175.0,25,0,396,11,0.0,2021,2,1.0,35,8,2639,658,3.0,18.0,15.0,Jack Harrison,Leeds United,Right Winger,England,15000000.0
31,29,0,50,,190.0,29,0,74,3,,2021,2,,34,3,3035,1844,5.0,40.0,35.0,Antonio Rudiger,Chelsea FC,Centre-Back,Germany,35000000.0
30,26,5,43,0.0,172.0,8,0,556,8,0.0,2020,2,0.0,35,5,2607,290,2.0,17.0,15.0,Leandro Trossard,Brighton & Hove Albion,Left Winger,Belgium,15000000.0
32,30,7,21,3.0,186.0,65,0,347,5,0.0,2022,2,1.0,37,7,2993,838,-5.0,20.0,25.0,Granit Xhaka,Arsenal FC,Defensive Midfield,Switzerland,25000000.0
27,24,1,170,,188.0,58,0,737,11,,2020,2,,25,1,1270,1519,0.5,6.0,5.5,Oliver Burke,Sheffield United,Right Winger,Scotland,5500000.0
28,25,1,46,,179.0,16,0,661,8,,2021,2,,26,9,1766,1883,1.0,15.0,14.0,Maxwel Cornet,Burnley FC,Left Winger,Cote dIvoire,14000000.0
23,19,0,108,4.0,181.0,25,0,592,9,0.0,2020,2,1.0,14,1,969,395,4.0,5.0,1.0,Luke Thomas,Leicester City,Left-Back,England,1000000.0
26,25,9,21,,188.0,25,0,213,2,,2023,2,,38,7,3225,2482,20.0,120.0,100.0,Declan Rice,Arsenal FC,Central Midfield,England,100000000.0
26,23,1,188,2.0,183.0,10,0,256,12,0.0,2021,2,1.0,31,1,2285,766,0.0,25.0,25.0,Emerson Royal,Tottenham Hotspur,Right-Back,Brazil,25000000.0
29,26,3,202,3.0,170.0,56,0,195,11,0.0,2021,2,1.0,26,2,1484,807,-2.0,20.0,22.0,Daniel Podence,Wolverhampton Wanderers,Right Winger,Portugal,22000000.0
26,25,6,22,,177.0,10,0,238,2,,2022,2,,37,6,2927,1990,5.0,40.0,35.0,Douglas Luiz,Aston Villa,Central Midfield,Brazil,35000000.0
32,28,2,21,-5.0,186.0,65,0,347,5,0.0,2020,2,-1.0,31,1,2523,277,-6.0,22.0,28.0,Granit Xhaka,Arsenal FC,Defensive Midfield,Switzerland,28000000.0
28,27,4,41,,185.0,25,6,391,4,,2022,2,,33,20,2951,1947,-5.0,35.0,40.0,Ivan Toney,Brentford FC,Centre-Forward,England,40000000.0
23,22,3,136,,186.0,74,1,123,11,,2022,2,,38,8,2934,2006,18.0,38.0,20.0,Brennan Johnson,Nottingham Forest,Right Winger,Wales,20000000.0
28,26,0,174,-1.0,189.0,55,0,423,3,0.0,2021,2,-1.0,31,4,2629,760,0.0,22.0,22.0,Jan Bednarek,Southampton FC,Centre-Back,Poland,22000000.0
28,26,4,112,-1.0,178.0,56,0,229,4,0.0,2022,2,-1.0,22,7,1132,977,-5.0,50.0,55.0,Diogo Jota,Liverpool FC,Centre-Forward,Portugal,55000000.0
32,30,2,57,2.0,180.0,16,0,962,8,0.0,2022,2,1.0,27,7,2288,889,-10.0,22.0,32.0,Wilfried Zaha,Crystal Palace,Left Winger,Cote dIvoire,32000000.0
27,24,10,108,,182.0,25,0,363,8,,2021,2,,32,6,2101,1866,0.0,32.0,32.0,Harvey Barnes,Leicester City,Left Winger,England,32000000.0
28,24,0,79,,178.0,56,0,229,4,,2020,2,-1.0,19,9,1112,362,5.0,45.0,40.0,Diogo Jota,For 2 Clubs,Centre-Forward,Portugal,40000000.0
26,22,0,81,-4.0,181.0,50,1,492,4,1.0,2020,2,-1.0,15,3,810,368,-1.5,5.0,6.5,Josh Maja,Fulham FC,Centre-Forward,Nigeria,6500000.0
26,24,9,112,-1.0,175.0,25,0,928,12,0.0,2022,2,-1.0,37,2,2923,972,-5.0,65.0,70.0,Trent Alexander-Arnold,Liverpool FC,Right-Back,England,70000000.0
28,26,0,57,2.0,192.0,21,0,450,3,0.0,2022,2,1.0,32,1,2782,890,2.0,30.0,28.0,Joachim Andersen,Crystal Palace,Centre-Back,Denmark,28000000.0
23,22,0,202,,176.0,10,0,453,2,,2022,2,,11,1,653,2170,8.0,18.0,10.0,Joao Gomes,Wolverhampton Wanderers,Central Midfield,Brazil,10000000.0
25,22,7,41,,171.0,12,1,130,11,,2021,2,,35,4,2905,1930,6.0,22.0,16.0,Bryan Mbeumo,Brentford FC,Right Winger,Cameroon,16000000.0
27,25,0,119,-2.0,175.0,4,0,568,3,0.0,2022,2,-1.0,27,1,2115,993,0.0,50.0,50.0,Lisandro Martinez,Manchester United,Centre-Back,Argentina,50000000.0
24,22,3,57,,182.0,25,0,176,2,,2021,2,,34,8,2845,1890,3.0,25.0,22.0,Conor Gallagher,Crystal Palace,Central Midfield,England,22000000.0
25,22,0,199,3.0,184.0,25,0,100,12,0.0,2021,2,1.0,20,1,1397,794,6.0,9.0,3.0,Ben Johnson,West Ham United,Right-Back,England,3000000.0
29,27,7,118,,180.0,25,0,395,8,,2022,2,,28,5,2055,2039,5.0,75.0,70.0,Jack Grealish,Manchester City,Left Winger,England,70000000.0
28,24,1,81,-4.0,192.0,21,0,450,3,1.0,2020,2,-1.0,31,1,2731,364,9.0,22.0,13.0,Joachim Andersen,Fulham FC,Centre-Back,Denmark,13000000.0
30,25,5,195,-7.0,177.0,63,1,333,4,1.0,2019,2,-1.0,28,4,2097,235,-5.0,20.0,25.0,Gerard Deulofeu,Watford FC,Centre-Forward,Spain,25000000.0
23,19,0,108,,181.0,25,0,592,9,,2020,2,,14,1,969,1647,4.0,5.0,1.0,Luke Thomas,Leicester City,Left-Back,England,1000000.0
35,31,0,46,1.0,180.0,25,0,101,3,0.0,2020,2,1.0,30,2,2693,311,-2.0,6.0,8.0,Ben Mee,Burnley FC,Centre-Back,England,8000000.0
33,30,2,174,-1.0,183.0,63,0,746,5,0.0,2021,2,-1.0,36,2,2888,763,0.0,5.0,5.0,Oriol Romeu,Southampton FC,Defensive Midfield,Spain,5000000.0
21,20,3,112,2.0,181.0,52,0,174,12,0.0,2023,2,1.0,11,1,753,1248,13.0,15.0,2.0,Conor Bradley,Liverpool FC,Right-Back,Northern Ireland,2000000.0
28,24,5,108,4.0,175.0,25,0,413,1,0.0,2020,2,1.0,31,8,2099,391,0.0,55.0,55.0,James Maddison,Leicester City,Attacking Midfield,England,55000000.0
23,20,7,21,,178.0,25,2,132,11,,2021,2,,38,11,2978,1929,0.0,65.0,65.0,Bukayo Saka,Arsenal FC,Right Winger,England,65000000.0
30,28,4,41,,187.0,21,0,163,5,,2021,2,,35,3,3054,1860,8.0,14.0,6.0,Christian Norgaard,Brentford FC,Defensive Midfield,Denmark,6000000.0
31,29,0,22,0.0,178.0,27,0,574,9,0.0,2022,2,0.0,28,1,1503,848,-7.0,15.0,22.0,Lucas Digne,Aston Villa,Left-Back,France,22000000.0
27,26,2,108,,177.0,8,1,977,2,,2022,2,,31,3,2344,1961,-20.0,25.0,45.0,Youri Tielemans,Leicester City,Central Midfield,Belgium,45000000.0
33,31,1,112,-1.0,195.0,48,0,948,3,0.0,2022,2,-1.0,32,3,2835,975,-15.0,35.0,50.0,Virgil van Dijk,Liverpool FC,Centre-Back,Netherlands,50000000.0
25,24,7,188,1.0,173.0,63,0,770,12,0.0,2023,2,1.0,35,3,3089,1352,0.0,45.0,45.0,Pedro Porro,Tottenham Hotspur,Right-Back,Spain,45000000.0
30,26,3,170,11.0,181.0,25,0,473,5,0.0,2019,2,1.0,34,5,2458,190,6.0,8.0,2.0,John Lundstram,Sheffield United,Defensive Midfield,England,2000000.0
33,30,1,43,7.0,184.0,48,0,466,12,0.0,2021,2,1.0,34,1,2874,585,2.0,10.0,8.0,Joel Veltman,Brighton & Hove Albion,Right-Back,Netherlands,8000000.0
29,27,2,119,-2.0,178.0,25,0,591,9,0.0,2022,2,-1.0,31,1,2552,999,12.0,42.0,30.0,Luke Shaw,Manchester United,Left-Back,England,30000000.0
32,29,3,46,-1.0,180.0,19,0,631,4,1.0,2021,2,-1.0,22,2,680,589,-1.0,2.0,3.0,Matej Vydra,Burnley FC,Centre-Forward,Czech Republic,3000000.0
35,30,2,46,8.0,185.0,25,1,431,4,0.0,2019,2,1.0,36,8,2016,61,-1.2,4.8,6.0,Jay Rodriguez,Burnley FC,Centre-Forward,England,6000000.0
30,25,3,22,-3.0,178.0,58,0,474,2,0.0,2019,2,-1.0,28,3,2312,42,-4.0,16.0,20.0,John McGinn,Aston Villa,Central Midfield,Scotland,20000000.0
33,28,1,46,8.0,191.0,49,1,159,4,0.0,2019,2,1.0,32,14,2437,67,-3.5,14.5,18.0,Chris Wood,Burnley FC,Centre-Forward,New Zealand,18000000.0
25,22,0,66,,180.0,70,0,949,9,,2021,2,,13,1,1055,1711,1.0,18.0,17.0,Vitaliy Mykolenko,Everton FC,Left-Back,Ukraine,17000000.0
29,26,3,132,,179.0,25,0,402,11,,2020,2,,26,2,1626,1414,0.5,4.0,3.5,Jacob Murphy,Newcastle United,Right Winger,England,3500000.0
30,28,4,81,5.0,181.0,25,0,358,2,0.0,2022,2,1.0,37,3,2866,926,3.0,18.0,15.0,Harrison Reed,Fulham FC,Central Midfield,England,15000000.0
34,32,2,199,3.0,188.0,25,0,178,3,0.0,2021,2,1.0,34,2,2755,791,0.0,3.0,3.0,Craig Dawson,West Ham United,Centre-Back,England,3000000.0
31,30,3,22,3.0,178.0,27,0,574,9,0.0,2023,2,1.0,33,1,241,1122,-3.0,12.0,15.0,Lucas Digne,Aston Villa,Left-Back,France,15000000.0
29,26,0,202,2.0,188.0,8,0,555,5,0.0,2020,2,1.0,33,1,2503,519,2.0,30.0,28.0,Leander Dendoncker,Wolverhampton Wanderers,Defensive Midfield,Belgium,28000000.0
23,22,1,41,,185.0,29,0,537,8,,2023,2,,11,2,334,2293,-3.0,22.0,25.0,Kevin Schade,Brentford FC,Left Winger,Germany,25000000.0
29,25,6,22,,181.0,11,0,110,11,,2020,2,,36,7,2317,1443,7.0,20.0,13.0,Bertrand Traore,Aston Villa,Right Winger,Burkina Faso,13000000.0
27,25,4,132,4.0,187.0,25,0,861,2,0.0,2022,2,1.0,33,1,2518,1010,10.0,25.0,15.0,Sean Longstaff,Newcastle United,Central Midfield,England,15000000.0
27,23,1,119,-1.0,171.0,74,0,193,11,0.0,2020,2,-1.0,15,3,910,447,-1.0,18.0,19.0,Daniel James,Manchester United,Right Winger,Wales,19000000.0
29,25,2,202,2.0,178.0,63,0,16,11,0.0,2020,2,1.0,37,2,2649,532,-5.0,30.0,35.0,Adama Traore,Wolverhampton Wanderers,Right Winger,Spain,35000000.0
30,26,3,50,-1.0,177.0,17,0,633,2,0.0,2019,2,-1.0,31,1,2074,70,-9.0,36.0,45.0,Mateo Kovacic,Chelsea FC,Central Midfield,Croatia,45000000.0
33,30,2,107,1.0,183.0,25,0,589,12,0.0,2021,2,1.0,26,2,2273,657,0.0,4.0,4.0,Luke Ayling,Leeds United,Right-Back,England,4000000.0
27,26,4,188,-2.0,184.0,10,0,799,4,0.0,2022,2,-1.0,27,1,1010,1046,-2.0,48.0,50.0,Richarlison,Tottenham Hotspur,Centre-Forward,Brazil,50000000.0
28,28,3,188,,180.0,29,0,915,8,,2023,2,,13,2,810,2384,-3.0,17.0,20.0,Timo Werner,Tottenham Hotspur,Left Winger,Germany,20000000.0
29,26,2,21,-5.0,178.0,63,0,366,12,0.0,2020,2,-1.0,25,1,2089,276,-7.0,25.0,32.0,Hector Bellerin,Arsenal FC,Right-Back,Spain,32000000.0
26,23,1,188,,183.0,10,0,256,12,,2021,2,,31,1,2285,1815,0.0,25.0,25.0,Emerson Royal,Tottenham Hotspur,Right-Back,Brazil,25000000.0
33,30,3,195,,180.0,53,1,494,4,,2021,2,,32,5,2248,1830,0.0,8.0,8.0,Joshua King,Watford FC,Centre-Forward,Norway,8000000.0
28,25,8,108,,175.0,25,0,413,1,,2021,2,,35,12,2460,1668,0.0,50.0,50.0,James Maddison,Leicester City,Attacking Midfield,England,50000000.0
38,34,1,135,-1.0,181.0,53,0,33,5,1.0,2019,2,-1.0,30,1,2338,186,-0.4,1.6,2.0,Alexander Tettey,Norwich City,Defensive Midfield,Norway,2000000.0
27,25,7,3,,186.0,25,0,234,4,,2022,2,,33,6,2860,1993,2.0,20.0,18.0,Dominic Solanke,AFC Bournemouth,Centre-Forward,England,18000000.0
28,26,2,22,,172.0,4,0,259,1,,2022,2,,38,5,2412,2028,0.0,28.0,28.0,Emiliano Buendia,Aston Villa,Attacking Midfield,Argentina,28000000.0
32,27,2,188,0.0,182.0,21,0,161,2,0.0,2019,2,0.0,20,2,1097,218,-22.0,68.0,90.0,Christian Eriksen,Tottenham Hotspur,Central Midfield,Denmark,90000000.0
33,29,3,57,-6.0,182.0,30,0,484,4,0.0,2020,2,-1.0,33,1,2096,342,-2.0,8.0,10.0,Jordan Ayew,Crystal Palace,Centre-Forward,Ghana,10000000.0
23,19,3,21,,178.0,25,0,132,11,,2020,2,,32,5,2553,1475,30.0,65.0,35.0,Bukayo Saka,Arsenal FC,Right Winger,England,35000000.0
33,29,3,46,1.0,191.0,49,2,159,4,0.0,2020,2,1.0,33,12,2742,315,-4.0,8.0,12.0,Chris Wood,Burnley FC,Centre-Forward,New Zealand,12000000.0
35,31,2,50,,178.0,63,0,149,3,,2020,2,,26,1,2189,1543,-7.0,13.0,20.0,Cesar Azpilicueta,Chelsea FC,Centre-Back,Spain,20000000.0
25,21,0,202,2.0,171.0,25,0,691,1,0.0,2020,2,1.0,11,1,414,523,1.0,7.0,6.0,Morgan Gibbs-White,Wolverhampton Wanderers,Attacking Midfield,England,6000000.0
