"source_dataset_id","player_id","position_id","nationality_id","club_id","season_year","original_player_name","original_position_name","original_nationality_name","original_club_name","age_then_years","age_now_years","club_performance","relegation","success_or_not","total_games","assists","penalty_kicks","total_minutes","total_goals","height_cm","start_value_eur","end_value_eur","delta_value_eur","value_start_mln","value_end_mln","value_delta_mln"
"2","437","5","15","3","2019","Jefferson Lerma","Defensive Midfield","Colombia","AFC Bournemouth","25","30","-1","1","-1","33","2","0","2704","1","179","25000000.0","20000000.0","-5000000.0","25.0","20.0","-5.0"
"2","775","2","21","3","2019","Philip Billing","Central Midfield","Denmark","AFC Bournemouth","24","28","-1","1","-1","34","1","0","2530","1","193","15000000.0","14500000.0","-500000.0","15.0","14.5","-0.5"
"2","508","8","25","3","2019","Junior Stanislas","Left Winger","England","AFC Bournemouth","30","35","-1","1","-1","15","0","1","712","3","183","3500000.0","2000000.0","-1500000.0","3.5","2.0","-1.5"
"2","189","2","25","3","2019","Dan Gosling","Central Midfield","England","AFC Bournemouth","30","34","-1","1","-1","24","1","0","1264","3","180","2500000.0","2000000.0","-500000.0","2.5","2.0","-0.5"
"2","234","4","25","3","2019","Dominic Solanke","Centre-Forward","England","AFC Bournemouth","22","27","-1","1","-1","32","1","0","1651","3","186","15000000.0","12000000.0","-3000000.0","15.0","12.0","-3.0"
"2","135","4","25","3","2019","Callum Wilson","Centre-Forward","England","AFC Bournemouth","28","32","-1","1","-1","35","1","0","2894","8","180","30000000.0","24000000.0","-6000000.0","30.0","24.0","-6.0"
"2","886","3","25","3","2019","Steve Cook","Centre-Back","England","AFC Bournemouth","29","33","-1","1","-1","29","0","0","2429","1","185","12000000.0","9500000.0","-2500000.0","12.0","9.5","-2.5"
"2","709","3","48","3","2019","Nathan Ake","Centre-Back","Netherlands","AFC Bournemouth","25","29","-1","1","-1","29","2","0","2503","2","180","35000000.0","28000000.0","-7000000.0","35.0","28.0","-7.0"
"2","494","4","53","3","2019","Joshua King","Centre-Forward","Norway","AFC Bournemouth","28","33","-1","1","-1","26","4","3","2011","6","180","20000000.0","16000000.0","-4000000.0","20.0","16.0","-4.0"
"2","832","8","58","3","2019","Ryan Fraser","Left Winger","Scotland","AFC Bournemouth","26","30","-1","1","-1","28","4","0","2067","1","163","30000000.0","17500000.0","-12500000.0","30.0","17.5","-12.5"
"2","204","11","74","3","2019","David Brooks","Right Winger","Wales","AFC Bournemouth","23","27","-1","1","-1","9","0","0","506","1","173","30000000.0","24000000.0","-6000000.0","30.0","24.0","-6.0"
"2","362","11","74","3","2019","Harry Wilson","Right Winger","Wales","AFC Bournemouth","23","27","-1","1","-1","31","0","0","1660","7","173","18000000.0","17500000.0","-500000.0","18.0","17.5","-0.5"
"2","157","3","74","3","2019","Chris Mepham","Centre-Back","Wales","AFC Bournemouth","22","27","-1","1","-1","12","0","0","912","1","190","10000000.0","8000000.0","-2000000.0","10.0","8.0","-2.0"
"2","316","8","10","21","2019","Gabriel Martinelli","Left Winger","Brazil","Arsenal FC","19","23","-4","0","-1","14","0","0","663","3","178","5000000.0","25000000.0","20000000.0","5.0","25.0","20.0"
"2","206","3","10","21","2019","David Luiz","Centre-Back","Brazil","Arsenal FC","33","37","-4","0","-1","33","1","0","2811","2","189","15000000.0","12000000.0","-3000000.0","15.0","12.0","-3.0"
"2","724","11","16","21","2019","Nicolas Pepe","Right Winger","Cote dIvoire","Arsenal FC","25","29","-4","0","-1","31","6","1","2010","5","183","75000000.0","52000000.0","-23000000.0","75.0","52.0","-23.0"
"2","132","11","25","21","2019","Bukayo Saka","Right Winger","England","Arsenal FC","18","23","-4","0","-1","26","5","0","1753","1","178","7000000.0","20000000.0","13000000.0","7.0","20.0","13.0"
"2","245","4","25","21","2019","Eddie Nketiah","Centre-Forward","England","Arsenal FC","21","25","-4","0","-1","13","0","0","634","2","175","","11000000.0","11000000.0","0.0","11.0","11.0"
"2","136","3","25","21","2019","Calum Chambers","Centre-Back","England","Arsenal FC","24","30","-4","0","-1","14","1","0","1102","1","182","18000000.0","14500000.0","-3500000.0","18.0","14.5","-3.5"
"2","794","11","25","21","2019","Reiss Nelson","Right Winger","England","Arsenal FC","20","25","-4","0","-1","17","0","0","631","1","175","14000000.0","12500000.0","-1500000.0","14.0","12.5","-1.5"
"2","463","2","25","21","2019","Joe Willock","Central Midfield","England","Arsenal FC","20","25","-4","0","-1","29","1","0","856","1","186","6000000.0","16000000.0","10000000.0","6.0","16.0","10.0"
"2","34","4","27","21","2019","Alexandre Lacazette","Centre-Forward","France","Arsenal FC","29","33","-4","0","-1","30","5","0","1874","10","175","70000000.0","48000000.0","-22000000.0","70.0","48.0","-22.0"
"2","778","4","28","21","2019","Pierre-Emerick Aubameyang","Centre-Forward","Gabon","Arsenal FC","31","35","-4","0","-1","36","3","2","3137","22","187","70000000.0","56000000.0","-14000000.0","70.0","56.0","-14.0"
"2","667","1","29","21","2019","Mesut ozil","Attacking Midfield","Germany","Arsenal FC","31","36","-4","0","-1","18","2","0","1438","1","180","22000000.0","17500000.0","-4500000.0","22.0","17.5","-4.5"
"2","881","3","31","21","2019","Sokratis Papastathopoulos","Centre-Back","Greece","Arsenal FC","32","36","-4","0","-1","19","0","0","1696","2","186","18000000.0","14500000.0","-3500000.0","18.0","14.5","-3.5"
"2","540","9","58","21","2019","Kieran Tierney","Left-Back","Scotland","Arsenal FC","23","27","-4","0","-1","15","1","0","989","1","180","25000000.0","20000000.0","-5000000.0","25.0","20.0","-5.0"
"2","366","12","63","21","2019","Hector Bellerin","Right-Back","Spain","Arsenal FC","25","29","-4","0","-1","15","0","0","1158","1","178","40000000.0","32000000.0","-8000000.0","40.0","32.0","-8.0"
"2","347","5","65","21","2019","Granit Xhaka","Defensive Midfield","Switzerland","Arsenal FC","27","32","-4","0","-1","31","2","0","2586","1","186","40000000.0","24000000.0","-16000000.0","40.0","24.0","-16.0"
"2","578","5","72","21","2019","Lucas Torreira","Defensive Midfield","Uruguay","Arsenal FC","24","28","-4","0","-1","29","1","0","1512","1","166","45000000.0","36000000.0","-9000000.0","45.0","36.0","-9.0"
"2","114","3","8","22","2019","Bjorn Engels","Centre-Back","Belgium","Aston Villa","25","30","-3","0","-1","17","0","0","1447","1","195","10000000.0","9500000.0","-500000.0","10.0","9.5","-0.5"
"2","959","4","10","22","2019","Wesley Moraes","Centre-Forward","Brazil","Aston Villa","23","28","-3","0","-1","21","1","0","1782","5","191","30000000.0","24000000.0","-6000000.0","30.0","24.0","-6.0"
"2","238","2","10","22","2019","Douglas Luiz","Central Midfield","Brazil","Aston Villa","22","26","-3","0","-1","36","2","0","2612","3","177","10000000.0","18000000.0","8000000.0","10.0","18.0","8.0"
"2","598","8","24","22","2019","Mahmoud Trezeguet","Left Winger","Egypt","Aston Villa","25","30","-3","0","-1","34","1","0","1951","6","180","8000000.0","8000000.0","0.0","8.0","8.0","0.0"
"2","19","12","24","22","2019","Ahmed El Mohamady","Right-Back","Egypt","Aston Villa","32","37","-3","0","-1","18","1","0","1031","1","182","2500000.0","2000000.0","-500000.0","2.5","2.0","-0.5"
"2","395","8","25","22","2019","Jack Grealish","Left Winger","England","Aston Villa","24","29","-3","0","-1","36","6","0","3233","8","180","35000000.0","30500000.0","-4500000.0","35.0","30.5","-4.5"
"2","935","3","25","22","2019","Tyrone Mings","Centre-Back","England","Aston Villa","27","31","-3","0","-1","33","2","0","2902","2","196","18000000.0","22500000.0","4500000.0","18.0","22.5","4.5"
"2","280","3","25","22","2019","Ezri Konsa","Centre-Back","England","Aston Villa","22","27","-3","0","-1","25","2","0","2039","1","183","8000000.0","6500000.0","-1500000.0","8.0","6.5","-1.5"
"2","649","9","25","22","2019","Matt Targett","Left-Back","England","Aston Villa","24","29","-3","0","-1","28","2","0","2291","1","183","10000000.0","10500000.0","500000.0","10.0","10.5","0.5"
"2","546","3","25","22","2019","Kortney Hause","Centre-Back","England","Aston Villa","25","29","-3","0","-1","18","0","0","1545","1","191","3000000.0","6500000.0","3500000.0","3.0","6.5","3.5"
"2","177","2","38","22","2019","Conor Hourihane","Central Midfield","Ireland","Aston Villa","29","33","-3","0","-1","27","5","0","1534","3","181","7500000.0","6000000.0","-1500000.0","7.5","6.0","-1.5"
"2","76","11","48","22","2019","Anwar El Ghazi","Right Winger","Netherlands","Aston Villa","25","29","-3","0","-1","34","4","1","2053","4","189","10000000.0","8000000.0","-2000000.0","10.0","8.0","-2.0"
"2","474","2","58","22","2019","John McGinn","Central Midfield","Scotland","Aston Villa","25","30","-3","0","-1","28","3","0","2312","3","178","20000000.0","16000000.0","-4000000.0","20.0","16.0","-4.0"
"2","42","4","66","22","2019","Ally Samatta","Centre-Forward","Tanzania","Aston Villa","27","32","-3","0","-1","14","0","0","943","1","183","12000000.0","9500000.0","-2500000.0","12.0","9.5","-2.5"
"2","4","2","5","43","2019","Aaron Mooy","Central Midfield","Australia","Brighton & Hove Albion","29","34","1","0","1","31","2","0","2086","2","174","12000000.0","9500000.0","-2500000.0","12.0","9.5","-2.5"
"2","556","8","8","43","2019","Leandro Trossard","Left Winger","Belgium","Brighton & Hove Albion","25","30","1","0","1","31","3","0","2010","5","172","16000000.0","13000000.0","-3000000.0","16.0","13.0","-3.0"
"2","15","3","25","43","2019","Adam Webster","Centre-Back","England","Brighton & Hove Albion","25","30","1","0","1","31","1","0","2668","3","190","15000000.0","12000000.0","-3000000.0","15.0","12.0","-3.0"
"2","561","3","25","43","2019","Lewis Dunk","Centre-Back","England","Brighton & Hove Albion","28","33","1","0","1","36","3","0","3230","3","192","20000000.0","16000000.0","-4000000.0","20.0","16.0","-4.0"
"2","342","4","25","43","2019","Glenn Murray","Centre-Forward","England","Brighton & Hove Albion","36","41","1","0","1","23","1","0","797","1","186","2000000.0","1600000.0","-400000.0","2.0","1.6","-0.4"
"2","715","4","27","43","2019","Neal Maupay","Centre-Forward","France","Brighton & Hove Albion","23","28","1","0","1","37","3","1","2767","10","171","18000000.0","17500000.0","-500000.0","18.0","17.5","-0.5"
"2","754","2","29","43","2019","Pascal Gross","Central Midfield","Germany","Brighton & Hove Albion","29","33","1","0","1","29","4","0","1797","2","181","12000000.0","9500000.0","-2500000.0","12.0","9.5","-2.5"
"2","39","11","37","43","2019","Alireza Jahanbakhsh","Right Winger","Iran","Brighton & Hove Albion","26","31","1","0","1","10","0","0","311","2","181","12000000.0","6500000.0","-5500000.0","12.0","6.5","-5.5"
"2","1","4","38","43","2019","Aaron Connolly","Centre-Forward","Ireland","Brighton & Hove Albion","20","25","1","0","1","24","1","0","1257","3","174","2500000.0","4000000.0","1500000.0","2.5","4.0","1.5"
"2","874","3","38","43","2019","Shane Duffy","Centre-Back","Ireland","Brighton & Hove Albion","28","33","1","0","1","19","0","0","1238","1","193","12000000.0","9500000.0","-2500000.0","12.0","9.5","-2.5"
"2","981","5","45","43","2019","Yves Bissouma","Defensive Midfield","Mali","Brighton & Hove Albion","23","28","1","0","1","22","0","0","1260","1","182","12000000.0","9500000.0","-2500000.0","12.0","9.5","-2.5"
"2","211","2","48","43","2019","Davy Propper","Central Midfield","Netherlands","Brighton & Hove Albion","28","33","1","0","1","35","2","0","2828","1","185","17000000.0","13500000.0","-3500000.0","17.0","13.5","-3.5"
"2","300","4","57","43","2019","Florin Andone","Centre-Forward","Romania","Brighton & Hove Albion","26","31","1","0","1","3","0","0","74","1","181","4500000.0","3200000.0","-1300000.0","4.5","3.2","-1.3"
"2","631","4","19","46","2019","Matej Vydra","Centre-Forward","Czech Republic","Burnley FC","28","32","8","0","1","19","1","0","819","2","180","5000000.0","4000000.0","-1000000.0","5.0","4.0","-1.0"
"2","242","1","25","46","2019","Dwight McNeil","Attacking Midfield","England","Burnley FC","20","25","8","0","1","38","6","0","3338","2","183","20000000.0","18000000.0","-2000000.0","20.0","18.0","-2.0"
"2","87","5","25","46","2019","Ashley Westwood","Defensive Midfield","England","Burnley FC","30","34","8","0","1","35","6","0","3150","2","174","7000000.0","5500000.0","-1500000.0","7.0","5.5","-1.5"
"2","86","4","25","46","2019","Ashley Barnes","Centre-Forward","England","Burnley FC","30","35","8","0","1","19","0","1","1352","6","185","10000000.0","8000000.0","-2000000.0","10.0","8.0","-2.0"
"2","431","4","25","46","2019","Jay Rodriguez","Centre-Forward","England","Burnley FC","30","35","8","0","1","36","2","1","2016","8","185","6000000.0","4800000.0","-1200000.0","6.0","4.8","-1.2"
"2","417","3","25","46","2019","James Tarkowski","Centre-Back","England","Burnley FC","27","32","8","0","1","38","2","0","3420","2","185","25000000.0","20000000.0","-5000000.0","25.0","20.0","-5.0"
"2","101","3","25","46","2019","Ben Mee","Centre-Back","England","Burnley FC","30","35","8","0","1","32","1","0","2880","1","180","10000000.0","8000000.0","-2000000.0","10.0","8.0","-2.0"
"2","469","11","36","46","2019","Johann Berg Gudmundsson","Right Winger","Iceland","Burnley FC","29","34","8","0","1","12","1","0","621","1","186","10000000.0","8000000.0","-2000000.0","10.0","8.0","-2.0"
"2","436","2","38","46","2019","Jeff Hendrick","Central Midfield","Ireland","Burnley FC","28","32","8","0","1","24","2","0","1931","2","185","11000000.0","9000000.0","-2000000.0","11.0","9.0","-2.0"
"2","805","7","38","46","2019","Robbie Brady","Left Midfield","Ireland","Burnley FC","28","33","8","0","1","17","2","0","454","1","176","6000000.0","4800000.0","-1200000.0","6.0","4.8","-1.2"
"2","159","4","49","46","2019","Chris Wood","Centre-Forward","New Zealand","Burnley FC","28","33","8","0","1","32","1","1","2437","14","191","18000000.0","14500000.0","-3500000.0","18.0","14.5","-3.5"
"2","675","4","8","50","2019","Michy Batshuayi","Centre-Forward","Belgium","Chelsea FC","26","31","-1","0","-1","16","1","0","238","1","185","25000000.0","17500000.0","-7500000.0","25.0","17.5","-7.5"
"2","965","8","10","50","2019","Willian","Left Winger","Brazil","Chelsea FC","31","36","-1","0","-1","36","7","4","2600","9","175","35000000.0","22500000.0","-12500000.0","35.0","22.5","-12.5"
"2","633","2","17","50","2019","Mateo Kovacic","Central Midfield","Croatia","Chelsea FC","26","30","-1","0","-1","31","3","0","2074","1","177","45000000.0","36000000.0","-9000000.0","45.0","36.0","-9.0"
"2","897","4","25","50","2019","Tammy Abraham","Centre-Forward","England","Chelsea FC","22","27","-1","0","-1","34","3","0","2215","15","194","32000000.0","40000000.0","8000000.0","32.0","40.0","8.0"
"2","629","1","25","50","2019","Mason Mount","Attacking Midfield","England","Chelsea FC","21","26","-1","0","-1","37","5","0","2868","7","181","35000000.0","40500000.0","5500000.0","35.0","40.5","5.5"
"2","825","2","25","50","2019","Ross Barkley","Central Midfield","England","Chelsea FC","26","31","-1","0","-1","21","4","0","1103","1","189","27000000.0","21500000.0","-5500000.0","27.0","21.5","-5.5"
"2","133","8","25","50","2019","Callum Hudson-Odoi","Left Winger","England","Chelsea FC","19","24","-1","0","-1","22","5","0","863","1","178","35000000.0","31500000.0","-3500000.0","35.0","31.5","-3.5"
"2","298","3","25","50","2019","Fikayo Tomori","Centre-Back","England","Chelsea FC","22","27","-1","0","-1","15","0","0","1291","1","185","10000000.0","16000000.0","6000000.0","10.0","16.0","6.0"
"2","705","5","27","50","2019","NGolo Kante","Defensive Midfield","France","Chelsea FC","29","33","-1","0","-1","22","0","0","1732","3","168","100000000.0","80000000.0","-20000000.0","100.0","80.0","-20.0"
"2","740","4","27","50","2019","Olivier Giroud","Centre-Forward","France","Chelsea FC","33","38","-1","0","-1","18","0","0","993","8","192","12000000.0","7000000.0","-5000000.0","12.0","7.0","-5.0"
"2","74","3","29","50","2019","Antonio Rudiger","Centre-Back","Germany","Chelsea FC","27","31","-1","0","-1","20","0","0","1710","2","190","50000000.0","40000000.0","-10000000.0","50.0","40.0","-10.0"
"2","487","5","40","50","2019","Jorginho","Defensive Midfield","Italy","Chelsea FC","28","33","-1","0","-1","31","2","3","2378","4","178","65000000.0","52000000.0","-13000000.0","65.0","52.0","-13.0"
"2","149","3","63","50","2019","Cesar Azpilicueta","Centre-Back","Spain","Chelsea FC","30","35","-1","0","-1","36","6","0","3229","2","178","30000000.0","24000000.0","-6000000.0","30.0","24.0","-6.0"
"2","612","9","63","50","2019","Marcos Alonso","Left-Back","Spain","Chelsea FC","29","34","-1","0","-1","18","2","0","1430","4","188","32000000.0","20000000.0","-12000000.0","32.0","20.0","-12.0"
"2","768","11","63","50","2019","Pedro","Right Winger","Spain","Chelsea FC","32","37","-1","0","-1","11","1","0","661","1","167","17000000.0","9500000.0","-7500000.0","17.0","9.5","-7.5"
"2","164","11","71","50","2019","Christian Pulisic","Right Winger","United States","Chelsea FC","21","26","-1","0","-1","25","4","0","1722","9","177","60000000.0","54000000.0","-6000000.0","60.0","54.0","-6.0"
"2","160","4","8","57","2019","Christian Benteke","Centre-Forward","Belgium","Crystal Palace","29","34","-5","0","-1","24","1","0","1262","2","190","13000000.0","10500000.0","-2500000.0","13.0","10.5","-2.5"
"2","962","8","16","57","2019","Wilfried Zaha","Left Winger","Cote dIvoire","Crystal Palace","27","32","-5","0","-1","38","3","0","3280","4","180","55000000.0","44000000.0","-11000000.0","55.0","44.0","-11.0"
"2","61","11","25","57","2019","Andros Townsend","Right Winger","England","Crystal Palace","29","33","-5","0","-1","24","1","0","1294","1","181","15000000.0","12000000.0","-3000000.0","15.0","12.0","-3.0"
"2","418","3","25","57","2019","James Tomkins","Centre-Back","England","Crystal Palace","30","35","-5","0","-1","18","1","0","1584","1","192","6000000.0","4000000.0","-2000000.0","6.0","4.0","-2.0"
"2","173","4","25","57","2019","Connor Wickham","Centre-Forward","England","Crystal Palace","26","31","-5","0","-1","6","1","0","96","1","189","2500000.0","1200000.0","-1300000.0","2.5","1.2","-1.3"
"2","438","7","30","57","2019","Jeffrey Schlupp","Left Midfield","Ghana","Crystal Palace","27","32","-5","0","-1","17","2","0","1036","3","178","12000000.0","9500000.0","-2500000.0","12.0","9.5","-2.5"
"2","484","4","30","57","2019","Jordan Ayew","Centre-Forward","Ghana","Crystal Palace","28","33","-5","0","-1","37","2","0","3148","9","182","8000000.0","6500000.0","-1500000.0","8.0","6.5","-1.5"
"2","759","9","48","57","2019","Patrick van Aanholt","Left-Back","Netherlands","Crystal Palace","29","34","-5","0","-1","29","2","1","2507","3","176","12000000.0","9500000.0","-2500000.0","12.0","9.5","-2.5"
"2","152","5","59","57","2019","Cheikhou Kouyate","Defensive Midfield","Senegal","Crystal Palace","30","35","-5","0","-1","35","1","0","2527","1","189","10000000.0","8000000.0","-2000000.0","10.0","8.0","-2.0"
"2","588","5","60","57","2019","Luka Milivojevic","Defensive Midfield","Serbia","Crystal Palace","29","33","-5","0","-1","31","1","2","2513","3","186","25000000.0","20000000.0","-5000000.0","25.0","20.0","-5.0"
"2","799","4","10","66","2019","Richarlison","Centre-Forward","Brazil","Everton FC","23","27","-5","0","-1","36","3","0","3070","13","184","60000000.0","52000000.0","-8000000.0","60.0","52.0","-8.0"
"2","108","8","10","66","2019","Bernard","Left Winger","Brazil","Everton FC","27","32","-5","0","-1","27","2","0","1281","3","167","20000000.0","16000000.0","-4000000.0","20.0","16.0","-4.0"
"2","975","3","15","66","2019","Yerry Mina","Centre-Back","Colombia","Everton FC","25","30","-5","0","-1","29","1","0","2284","2","195","25000000.0","20000000.0","-5000000.0","25.0","20.0","-5.0"
"2","233","4","25","66","2019","Dominic Calvert-Lewin","Centre-Forward","England","Everton FC","23","27","-5","0","-1","36","1","0","2626","13","189","22000000.0","24000000.0","2000000.0","22.0","24.0","2.0"
"2","669","3","25","66","2019","Michael Keane","Centre-Back","England","Everton FC","27","32","-5","0","-1","31","0","0","2559","2","188","30000000.0","20000000.0","-10000000.0","30.0","20.0","-10.0"
"2","906","11","25","66","2019","Theo Walcott","Right Winger","England","Everton FC","31","35","-5","0","-1","25","3","0","1287","2","175","15000000.0","12000000.0","-3000000.0","15.0","12.0","-3.0"
"2","922","2","25","66","2019","Tom Davies","Central Midfield","England","Everton FC","22","26","-5","0","-1","30","0","0","2027","1","180","18000000.0","16000000.0","-2000000.0","18.0","16.0","-2.0"
"2","352","1","36","66","2019","Gylfi Sigurdsson","Attacking Midfield","Iceland","Everton FC","30","35","-5","0","-1","35","3","1","2561","2","186","28000000.0","22500000.0","-5500000.0","28.0","22.5","-5.5"
"2","689","4","40","66","2019","Moise Kean","Centre-Forward","Italy","Everton FC","20","24","-5","0","-1","29","2","0","851","2","183","32000000.0","25000000.0","-7000000.0","32.0","25.0","-7.0"
"2","28","8","50","66","2019","Alex Iwobi","Left Winger","Nigeria","Everton FC","24","28","-5","0","-1","25","0","0","1595","1","183","32000000.0","25500000.0","-6500000.0","32.0","25.5","-6.5"
"2","146","12","56","79","2019","Cedric Soares","Right-Back","Portugal","For 2 Clubs","28","33","","","","21","1","0","1555","1","171","10000000.0","8000000.0","-2000000.0","10.0","8.0","-2.0"
"2","148","4","68","79","2019","Cenk Tosun","Centre-Forward","Turkiye","For 2 Clubs","28","33","","","","10","0","0","468","2","183","15000000.0","12000000.0","-3000000.0","15.0","12.0","-3.0"
"2","356","5","7","108","2019","Hamza Choudhury","Defensive Midfield","Bangladesh","Leicester City","22","27","5","0","1","20","1","0","894","1","178","10000000.0","8000000.0","-2000000.0","10.0","8.0","-2.0"
"2","977","2","8","108","2019","Youri Tielemans","Central Midfield","Belgium","Leicester City","23","27","5","0","1","37","6","0","2828","3","177","45000000.0","44000000.0","-1000000.0","45.0","44.0","-1.0"
"2","221","2","8","108","2019","Dennis Praet","Central Midfield","Belgium","Leicester City","26","30","5","0","1","27","2","0","1135","1","181","24000000.0","19000000.0","-5000000.0","24.0","19.0","-5.0"
"2","422","4","25","108","2019","Jamie Vardy","Centre-Forward","England","Leicester City","33","38","5","0","1","35","5","4","3033","23","179","20000000.0","16000000.0","-4000000.0","20.0","16.0","-4.0"
"2","97","9","25","108","2019","Ben Chilwell","Left-Back","England","Leicester City","23","28","5","0","1","27","3","0","2374","3","180","50000000.0","40000000.0","-10000000.0","50.0","40.0","-10.0"
"2","413","1","25","108","2019","James Maddison","Attacking Midfield","England","Leicester City","23","28","5","0","1","31","3","0","2624","6","175","45000000.0","48000000.0","3000000.0","45.0","48.0","3.0"
"2","363","8","25","108","2019","Harvey Barnes","Left Winger","England","Leicester City","22","27","5","0","1","36","8","0","2082","6","182","22000000.0","17500000.0","-4500000.0","22.0","17.5","-4.5"
"2","217","8","41","108","2019","Demarai Gray","Left Winger","Jamaica","Leicester City","24","28","5","0","1","21","3","0","622","2","183","18000000.0","14500000.0","-3500000.0","18.0","14.5","-3.5"
"2","530","4","50","108","2019","Kelechi Iheanacho","Centre-Forward","Nigeria","Leicester City","23","28","5","0","1","20","3","0","960","5","185","12000000.0","12000000.0","0.0","12.0","12.0","0.0"
"2","960","5","50","108","2019","Wilfred Ndidi","Defensive Midfield","Nigeria","Leicester City","23","28","5","0","1","32","1","0","2674","2","183","45000000.0","36000000.0","-9000000.0","45.0","36.0","-9.0"
"2","482","3","52","108","2019","Jonny Evans","Centre-Back","Northern Ireland","Leicester City","32","37","5","0","1","38","1","0","3384","1","188","12000000.0","12000000.0","0.0","12.0","12.0","0.0"
"2","797","12","56","108","2019","Ricardo Pereira","Right-Back","Portugal","Leicester City","26","31","5","0","1","28","2","0","2520","3","175","30000000.0","32000000.0","2000000.0","30.0","32.0","2.0"
"2","93","4","63","108","2019","Ayoze Perez","Centre-Forward","Spain","Leicester City","26","31","5","0","1","33","4","1","2004","8","178","30000000.0","24000000.0","-6000000.0","30.0","24.0","-6.0"
"2","989","3","68","108","2019","caglar Soyuncu","Centre-Back","Turkiye","Leicester City","24","28","5","0","1","34","1","0","3037","1","185","20000000.0","32000000.0","12000000.0","20.0","32.0","12.0"
"2","230","4","8","112","2019","Divock Origi","Centre-Forward","Belgium","Liverpool FC","25","29","4","0","1","28","1","0","717","4","189","20000000.0","16000000.0","-4000000.0","20.0","16.0","-4.0"
"2","283","5","10","112","2019","Fabinho","Defensive Midfield","Brazil","Liverpool FC","26","31","4","0","1","28","3","0","2079","2","188","70000000.0","56000000.0","-14000000.0","70.0","56.0","-14.0"
"2","808","4","10","112","2019","Roberto Firmino","Centre-Forward","Brazil","Liverpool FC","28","33","4","0","1","38","8","0","2988","9","181","90000000.0","72000000.0","-18000000.0","90.0","72.0","-18.0"
"2","465","3","12","112","2019","Joel Matip","Centre-Back","Cameroon","Liverpool FC","28","33","4","0","1","9","0","0","703","1","195","35000000.0","32000000.0","-3000000.0","35.0","32.0","-3.0"
"2","686","11","24","112","2019","Mohamed Salah","Right Winger","Egypt","Liverpool FC","28","32","4","0","1","34","10","3","2876","19","175","150000000.0","120000000.0","-30000000.0","150.0","120.0","-30.0"
"2","185","2","25","112","2019","Curtis Jones","Central Midfield","England","Liverpool FC","19","24","4","0","1","6","0","0","126","1","185","1500000.0","1800000.0","300000.0","1.5","1.8","0.3"
"2","486","2","25","112","2019","Jordan Henderson","Central Midfield","England","Liverpool FC","30","34","4","0","1","30","5","0","2238","4","182","35000000.0","28000000.0","-7000000.0","35.0","28.0","-7.0"
"2","928","12","25","112","2019","Trent Alexander-Arnold","Right-Back","England","Liverpool FC","21","26","4","0","1","38","13","0","3175","4","175","110000000.0","99000000.0","-11000000.0","110.0","99.0","-11.0"
"2","29","2","25","112","2019","Alex Oxlade-Chamberlain","Central Midfield","England","Liverpool FC","26","31","4","0","1","30","1","0","1486","4","180","35000000.0","28000000.0","-7000000.0","35.0","28.0","-7.0"
"2","415","2","25","112","2019","James Milner","Central Midfield","England","Liverpool FC","34","39","4","0","1","22","2","2","937","2","175","12000000.0","6500000.0","-5500000.0","12.0","6.5","-5.5"
"2","13","1","25","112","2019","Adam Lallana","Attacking Midfield","England","Liverpool FC","32","36","4","0","1","15","1","0","382","1","172","12000000.0","9500000.0","-2500000.0","12.0","9.5","-2.5"
"2","706","2","33","112","2019","Naby Keita","Central Midfield","Guinea","Liverpool FC","25","29","4","0","1","18","3","0","814","2","172","50000000.0","33500000.0","-16500000.0","50.0","33.5","-16.5"
"2","948","3","48","112","2019","Virgil van Dijk","Centre-Back","Netherlands","Liverpool FC","29","33","4","0","1","38","1","0","3420","5","195","100000000.0","80000000.0","-20000000.0","100.0","80.0","-20.0"
"2","331","2","48","112","2019","Georginio Wijnaldum","Central Midfield","Netherlands","Liverpool FC","29","34","4","0","1","37","0","0","2935","4","175","50000000.0","40000000.0","-10000000.0","50.0","40.0","-10.0"
"2","58","9","58","112","2019","Andrew Robertson","Left-Back","Scotland","Liverpool FC","26","30","4","0","1","36","12","0","3111","2","178","80000000.0","64000000.0","-16000000.0","80.0","64.0","-16.0"
"2","838","8","59","112","2019","Sadio Mane","Left Winger","Senegal","Liverpool FC","28","32","4","0","1","35","7","0","2747","18","174","150000000.0","120000000.0","-30000000.0","150.0","120.0","-30.0"
"2","972","1","65","112","2019","Xherdan Shaqiri","Attacking Midfield","Switzerland","Liverpool FC","28","33","4","0","1","7","0","0","185","1","169","22000000.0","16000000.0","-6000000.0","22.0","16.0","-6.0"
"2","803","11","2","118","2019","Riyad Mahrez","Right Winger","Algeria","Manchester City","29","33","0","0","0","33","9","1","1944","11","179","60000000.0","48000000.0","-12000000.0","60.0","48.0","-12.0"
"2","870","4","4","118","2019","Sergio Aguero","Centre-Forward","Argentina","Manchester City","32","36","0","0","0","24","3","2","1452","16","173","65000000.0","52000000.0","-13000000.0","65.0","52.0","-13.0"
"2","723","3","4","118","2019","Nicolas Otamendi","Centre-Back","Argentina","Manchester City","32","36","0","0","0","24","0","0","1715","2","183","18000000.0","14500000.0","-3500000.0","18.0","14.5","-3.5"
"2","536","1","8","118","2019","Kevin De Bruyne","Attacking Midfield","Belgium","Manchester City","29","33","0","0","0","35","20","2","2791","13","181","150000000.0","120000000.0","-30000000.0","150.0","120.0","-30.0"
"2","313","4","10","118","2019","Gabriel Jesus","Centre-Forward","Brazil","Manchester City","23","27","0","0","0","34","8","0","2030","14","175","70000000.0","56000000.0","-14000000.0","70.0","56.0","-14.0"
"2","785","11","25","118","2019","Raheem Sterling","Right Winger","England","Manchester City","25","30","0","0","0","33","1","0","2650","20","170","160000000.0","128000000.0","-32000000.0","160.0","128.0","-32.0"
"2","774","11","25","118","2019","Phil Foden","Right Winger","England","Manchester City","20","24","0","0","0","23","2","0","902","5","171","30000000.0","27000000.0","-3000000.0","30.0","27.0","-3.0"
"2","551","12","25","118","2019","Kyle Walker","Right-Back","England","Manchester City","30","34","0","0","0","29","4","0","2392","1","183","50000000.0","40000000.0","-10000000.0","50.0","40.0","-10.0"
"2","990","2","29","118","2019","ilkay Gundogan","Central Midfield","Germany","Manchester City","29","34","0","0","0","31","1","1","2020","2","180","50000000.0","40000000.0","-10000000.0","50.0","40.0","-10.0"
"2","109","1","56","118","2019","Bernardo Silva","Attacking Midfield","Portugal","Manchester City","25","30","0","0","0","34","7","0","2030","6","173","100000000.0","80000000.0","-20000000.0","100.0","80.0","-20.0"
"2","811","5","63","118","2019","Rodri","Defensive Midfield","Spain","Manchester City","24","28","0","0","0","35","2","0","2486","3","191","80000000.0","64000000.0","-16000000.0","80.0","64.0","-16.0"
"2","209","1","63","118","2019","David Silva","Attacking Midfield","Spain","Manchester City","34","39","0","0","0","27","10","0","1827","6","170","15000000.0","12000000.0","-3000000.0","15.0","12.0","-3.0"
"2","92","3","63","118","2019","Aymeric Laporte","Centre-Back","Spain","Manchester City","26","30","0","0","0","15","0","0","1097","1","191","75000000.0","60000000.0","-15000000.0","75.0","60.0","-15.0"
"2","54","1","10","119","2019","Andreas Pereira","Attacking Midfield","Brazil","Manchester United","24","29","-2","0","-1","25","3","0","1484","1","178","15000000.0","16000000.0","1000000.0","15.0","16.0","1.0"
"2","616","8","25","119","2019","Marcus Rashford","Left Winger","England","Manchester United","22","27","-2","0","-1","31","7","6","2643","17","185","80000000.0","64000000.0","-16000000.0","80.0","64.0","-16.0"
"2","360","3","25","119","2019","Harry Maguire","Centre-Back","England","Manchester United","27","31","-2","0","-1","38","1","0","3420","1","194","70000000.0","56000000.0","-14000000.0","70.0","56.0","-14.0"
"2","120","9","25","119","2019","Brandon Williams","Left-Back","England","Manchester United","19","24","-2","0","-1","17","0","0","1006","1","180","7000000.0","11000000.0","4000000.0","7.0","11.0","4.0"
"2","442","1","25","119","2019","Jesse Lingard","Attacking Midfield","England","Manchester United","27","32","-2","0","-1","22","0","0","935","1","174","32000000.0","17500000.0","-14500000.0","32.0","17.5","-14.5"
"2","70","4","27","119","2019","Anthony Martial","Centre-Forward","France","Manchester United","24","29","-2","0","-1","32","6","0","2624","17","181","60000000.0","48000000.0","-12000000.0","60.0","48.0","-12.0"
"2","765","2","27","119","2019","Paul Pogba","Central Midfield","France","Manchester United","27","31","-2","0","-1","16","3","0","1204","1","191","100000000.0","80000000.0","-20000000.0","100.0","80.0","-20.0"
"2","627","11","41","119","2019","Mason Greenwood","Right Winger","Jamaica","Manchester United","18","23","-2","0","-1","31","1","0","1321","10","181","7000000.0","29000000.0","22000000.0","7.0","29.0","22.0"
"2","126","1","56","119","2019","Bruno Fernandes","Attacking Midfield","Portugal","Manchester United","25","30","-2","0","-1","14","7","4","1186","8","179","60000000.0","48000000.0","-12000000.0","60.0","48.0","-12.0"
"2","859","2","58","119","2019","Scott McTominay","Central Midfield","Scotland","Manchester United","23","28","-2","0","-1","27","1","0","1771","4","191","20000000.0","22500000.0","2500000.0","20.0","22.5","2.5"
"2","942","3","64","119","2019","Victor Lindelof","Centre-Back","Sweden","Manchester United","26","30","-2","0","-1","35","0","0","3092","1","187","35000000.0","28000000.0","-7000000.0","35.0","28.0","-7.0"
"2","193","11","74","119","2019","Daniel James","Right Winger","Wales","Manchester United","22","27","-2","0","-1","33","6","0","2287","3","171","25000000.0","22500000.0","-2500000.0","25.0","22.5","-2.5"
"2","292","3","4","132","2019","Federico Fernandez","Centre-Back","Argentina","Newcastle United","31","35","-2","0","-1","32","3","0","2620","2","189","7000000.0","5500000.0","-1500000.0","7.0","5.5","-1.5"
"2","937","7","6","132","2019","Valentino Lazaro","Left Midfield","Austria","Newcastle United","24","28","-2","0","-1","13","0","0","481","1","181","19000000.0","15000000.0","-4000000.0","19.0","15.0","-4.0"
"2","468","2","10","132","2019","Joelinton","Central Midfield","Brazil","Newcastle United","23","28","-2","0","-1","38","2","0","2682","2","186","30000000.0","20000000.0","-10000000.0","30.0","20.0","-10.0"
"2","861","2","25","132","2019","Sean Longstaff","Central Midfield","England","Newcastle United","22","27","-2","0","-1","23","1","0","1379","1","187","18000000.0","17500000.0","-500000.0","18.0","17.5","-0.5"
"2","241","4","25","132","2019","Dwight Gayle","Centre-Forward","England","Newcastle United","30","35","-2","0","-1","20","2","0","849","4","174","12000000.0","9500000.0","-2500000.0","12.0","9.5","-2.5"
"2","481","2","25","132","2019","Jonjo Shelvey","Central Midfield","England","Newcastle United","28","32","-2","0","-1","26","2","0","2120","6","184","18000000.0","14500000.0","-3500000.0","18.0","14.5","-3.5"
"2","654","2","25","132","2019","Matty Longstaff","Central Midfield","England","Newcastle United","20","24","-2","0","-1","9","0","0","574","2","171","","3600000.0","3600000.0","0.0","3.6","3.6"
"2","409","3","25","132","2019","Jamaal Lascelles","Centre-Back","England","Newcastle United","26","31","-2","0","-1","24","0","0","2076","1","188","18000000.0","14500000.0","-3500000.0","18.0","14.5","-3.5"
"2","41","8","27","132","2019","Allan Saint-Maximin","Left Winger","France","Newcastle United","23","27","-2","0","-1","26","5","0","1863","3","173","25000000.0","20000000.0","-5000000.0","25.0","20.0","-5.0"
"2","299","3","27","132","2019","Florian Lejeune","Centre-Back","France","Newcastle United","28","33","-2","0","-1","6","0","0","442","2","190","6000000.0","4800000.0","-1200000.0","6.0","4.8","-1.2"
"2","169","3","38","132","2019","Ciaran Clark","Centre-Back","Ireland","Newcastle United","30","35","-2","0","-1","14","0","0","1186","2","185","6000000.0","4800000.0","-1200000.0","6.0","4.8","-1.2"
"2","382","5","41","132","2019","Isaac Hayden","Defensive Midfield","Jamaica","Newcastle United","25","29","-2","0","-1","29","2","0","2224","1","187","10000000.0","8000000.0","-2000000.0","10.0","8.0","-2.0"
"2","444","9","48","132","2019","Jetro Willems","Left-Back","Netherlands","Newcastle United","25","30","-2","0","-1","19","2","0","1496","2","177","7000000.0","5500000.0","-1500000.0","7.0","5.5","-1.5"
"2","677","11","54","132","2019","Miguel Almiron","Right Winger","Paraguay","Newcastle United","26","30","-2","0","-1","36","2","0","3021","4","174","20000000.0","16000000.0","-4000000.0","20.0","16.0","-4.0"
"2","648","10","58","132","2019","Matt Ritchie","Right Midfield","Scotland","Newcastle United","30","35","-2","0","-1","18","1","0","1313","2","173","12000000.0","9500000.0","-2500000.0","12.0","9.5","-2.5"
"2","282","3","65","132","2019","Fabian Schar","Centre-Back","Switzerland","Newcastle United","28","33","-2","0","-1","22","0","0","1672","2","186","12000000.0","13000000.0","1000000.0","12.0","13.0","1.0"
"2","212","12","71","132","2019","DeAndre Yedlin","Right-Back","United States","Newcastle United","27","31","-2","0","-1","16","0","0","938","1","173","8000000.0","6500000.0","-1500000.0","8.0","6.5","-1.5"
"2","259","1","4","135","2019","Emiliano Buendia","Attacking Midfield","Argentina","Norwich City","23","28","-1","1","-1","36","7","0","2464","1","172","18000000.0","14500000.0","-3500000.0","18.0","14.5","-3.5"
"2","620","2","9","135","2019","Mario Vrancic","Central Midfield","Bosnia-Herzegovina","Norwich City","31","35","-1","1","-1","20","0","0","636","1","187","2500000.0","2000000.0","-500000.0","2.5","2.0","-0.5"
"2","744","8","18","135","2019","Onel Hernandez","Left Winger","Cuba","Norwich City","27","31","-1","1","-1","26","2","0","1385","1","172","4000000.0","3200000.0","-800000.0","4.0","3.2","-0.8"
"2","919","1","25","135","2019","Todd Cantwell","Attacking Midfield","England","Norwich City","22","26","-1","1","-1","37","2","0","2489","6","180","7000000.0","20000000.0","13000000.0","7.0","20.0","13.0"
"2","902","4","26","135","2019","Teemu Pukki","Centre-Forward","Finland","Norwich City","30","34","-1","1","-1","36","3","2","2886","11","180","9000000.0","8000000.0","-1000000.0","9.0","8.0","-1.0"
"2","222","4","29","135","2019","Dennis Srbeny","Centre-Forward","Germany","Norwich City","25","30","-1","1","-1","8","0","0","47","1","190","1000000.0","800000.0","-200000.0","1.0","0.8","-0.2"
"2","410","9","52","135","2019","Jamal Lewis","Left-Back","Northern Ireland","Norwich City","22","27","-1","1","-1","28","0","0","2304","1","178","9000000.0","11000000.0","2000000.0","9.0","11.0","2.0"
"2","33","5","53","135","2019","Alexander Tettey","Defensive Midfield","Norway","Norwich City","34","38","-1","1","-1","30","1","0","2338","1","181","2000000.0","1600000.0","-400000.0","2.0","1.6","-0.4"
"2","532","2","58","135","2019","Kenny McLean","Central Midfield","Scotland","Norwich City","28","33","-1","1","-1","37","1","0","2968","1","180","2500000.0","3500000.0","1000000.0","2.5","3.5","1.0"
"2","495","4","65","135","2019","Josip Drmic","Centre-Forward","Switzerland","Norwich City","27","32","-1","1","-1","21","0","0","647","1","184","2000000.0","1600000.0","-400000.0","2.0","1.6","-0.4"
"2","113","4","25","170","2019","Billy Sharp","Centre-Forward","England","Sheffield United","34","38","11","0","1","25","2","0","1052","3","175","2000000.0","1600000.0","-400000.0","2.0","1.6","-0.4"
"2","473","5","25","170","2019","John Lundstram","Defensive Midfield","England","Sheffield United","26","30","11","0","1","34","3","0","2458","5","181","2000000.0","8000000.0","6000000.0","2.0","8.0","6.0"
"2","595","4","27","170","2019","Lys Mousset","Centre-Forward","France","Sheffield United","24","28","11","0","1","30","4","0","1241","6","186","6000000.0","9500000.0","3500000.0","6.0","9.5","3.5"
"2","326","12","31","170","2019","George Baldock","Right-Back","Greece","Sheffield United","27","31","11","0","1","38","3","0","3420","2","178","3000000.0","4800000.0","1800000.0","3.0","4.8","1.8"
"2","262","9","38","170","2019","Enda Stevens","Left-Back","Ireland","Sheffield United","30","34","11","0","1","38","4","0","3345","2","183","6000000.0","5500000.0","-500000.0","6.0","5.5","-0.5"
"2","207","4","38","170","2019","David McGoldrick","Centre-Forward","Ireland","Sheffield United","32","37","11","0","1","28","2","0","1815","2","184","2000000.0","1600000.0","-400000.0","2.0","1.6","-0.4"
"2","470","3","38","170","2019","John Egan","Centre-Back","Ireland","Sheffield United","27","32","11","0","1","36","0","0","3188","2","185","7000000.0","9500000.0","2500000.0","7.0","9.5","2.5"
"2","134","4","38","170","2019","Callum Robinson","Centre-Forward","Ireland","Sheffield United","24","29","11","0","1","16","1","0","676","1","178","7000000.0","5500000.0","-1500000.0","7.0","5.5","-1.5"
"2","738","2","52","170","2019","Oliver Norwood","Central Midfield","Northern Ireland","Sheffield United","29","33","11","0","1","38","1","1","3090","1","175","5000000.0","6500000.0","1500000.0","5.0","6.5","1.5"
"2","850","5","53","170","2019","Sander Berge","Defensive Midfield","Norway","Sheffield United","22","26","11","0","1","14","1","0","943","1","195","22000000.0","20000000.0","-2000000.0","22.0","20.0","-2.0"
"2","471","2","58","170","2019","John Fleck","Central Midfield","Scotland","Sheffield United","28","33","11","0","1","30","2","0","2516","5","169","6000000.0","6500000.0","500000.0","6.0","6.5","0.5"
"2","736","4","58","170","2019","Oli McBurnie","Centre-Forward","Scotland","Sheffield United","24","28","11","0","1","36","0","0","2113","6","188","12000000.0","8000000.0","-4000000.0","12.0","8.0","-4.0"
"2","425","3","21","174","2019","Jannik Vestergaard","Centre-Back","Denmark","Southampton FC","27","32","2","0","1","19","0","0","1497","1","199","18000000.0","12000000.0","-6000000.0","18.0","12.0","-6.0"
"2","197","4","25","174","2019","Danny Ings","Centre-Forward","England","Southampton FC","28","32","2","0","1","38","2","1","2804","22","177","18000000.0","17500000.0","-500000.0","18.0","17.5","-0.5"
"2","712","11","25","174","2019","Nathan Redmond","Right Winger","England","Southampton FC","26","30","2","0","1","32","4","0","2762","4","173","20000000.0","16000000.0","-4000000.0","20.0","16.0","-4.0"
"2","419","2","25","174","2019","James Ward-Prowse","Central Midfield","England","Southampton FC","25","30","2","0","1","38","3","1","3420","5","177","18000000.0","14500000.0","-3500000.0","18.0","14.5","-3.5"
"2","399","3","25","174","2019","Jack Stephens","Centre-Back","England","Southampton FC","26","31","2","0","1","28","3","0","2452","1","185","7000000.0","5500000.0","-1500000.0","7.0","5.5","-1.5"
"2","830","9","25","174","2019","Ryan Bertrand","Left-Back","England","Southampton FC","30","35","2","0","1","32","1","0","2743","1","179","13000000.0","10500000.0","-2500000.0","13.0","10.5","-2.5"
"2","670","4","38","174","2019","Michael Obafemi","Centre-Forward","Ireland","Southampton FC","20","24","2","0","1","21","2","0","665","3","170","2000000.0","4500000.0","2500000.0","2.0","4.5","2.5"
"2","875","4","38","174","2019","Shane Long","Centre-Forward","Ireland","Southampton FC","33","38","2","0","1","26","3","0","1395","2","180","5000000.0","2800000.0","-2200000.0","5.0","2.8","-2.2"
"2","699","8","45","174","2019","Moussa Djenepo","Left Winger","Mali","Southampton FC","22","26","2","0","1","18","2","0","928","2","177","12000000.0","11000000.0","-1000000.0","12.0","11.0","-1.0"
"2","423","3","55","174","2019","Jan Bednarek","Centre-Back","Poland","Southampton FC","24","28","2","0","1","34","1","0","3057","1","189","15000000.0","12000000.0","-3000000.0","15.0","12.0","-3.0"
"2","889","2","58","174","2019","Stuart Armstrong","Central Midfield","Scotland","Southampton FC","28","32","2","0","1","30","3","0","1716","5","183","8000000.0","6500000.0","-1500000.0","8.0","6.5","-1.5"
"2","151","4","58","174","2019","Che Adams","Centre-Forward","Scotland","Southampton FC","24","28","2","0","1","30","2","0","1111","4","179","12000000.0","9500000.0","-2500000.0","12.0","9.5","-2.5"
"2","269","11","4","188","2019","Erik Lamela","Right Winger","Argentina","Tottenham Hotspur","28","32","0","0","0","25","1","0","1215","2","184","22000000.0","16000000.0","-6000000.0","22.0","16.0","-6.0"
"2","918","3","8","188","2019","Toby Alderweireld","Centre-Back","Belgium","Tottenham Hotspur","31","35","0","0","0","33","2","0","2957","2","187","35000000.0","24000000.0","-11000000.0","35.0","24.0","-11.0"
"2","424","3","8","188","2019","Jan Vertonghen","Centre-Back","Belgium","Tottenham Hotspur","33","37","0","0","0","23","1","0","1645","1","189","22000000.0","14500000.0","-7500000.0","22.0","14.5","-7.5"
"2","575","11","10","188","2019","Lucas Moura","Right Winger","Brazil","Tottenham Hotspur","27","32","0","0","0","35","4","0","2242","4","172","40000000.0","32000000.0","-8000000.0","40.0","32.0","-8.0"
"2","866","12","16","188","2019","Serge Aurier","Right-Back","Cote dIvoire","Tottenham Hotspur","27","32","0","0","0","33","5","0","2701","1","176","15000000.0","16000000.0","1000000.0","15.0","16.0","1.0"
"2","161","2","21","188","2019","Christian Eriksen","Central Midfield","Denmark","Tottenham Hotspur","27","32","0","0","0","20","2","0","1097","2","182","90000000.0","68000000.0","-22000000.0","90.0","68.0","-22.0"
"2","359","4","25","188","2019","Harry Kane","Centre-Forward","England","Tottenham Hotspur","26","31","0","0","0","29","2","2","2587","18","188","150000000.0","120000000.0","-30000000.0","150.0","120.0","-30.0"
"2","216","1","25","188","2019","Dele Alli","Attacking Midfield","England","Tottenham Hotspur","24","28","0","0","0","25","4","1","1847","8","188","90000000.0","64000000.0","-26000000.0","90.0","64.0","-26.0"
"2","701","2","27","188","2019","Moussa Sissoko","Central Midfield","France","Tottenham Hotspur","30","35","0","0","0","29","1","0","2452","2","187","25000000.0","20000000.0","-5000000.0","25.0","20.0","-5.0"
"2","898","2","27","188","2019","Tanguy Ndombele","Central Midfield","France","Tottenham Hotspur","23","28","0","0","0","21","2","0","1009","2","181","65000000.0","52000000.0","-13000000.0","65.0","52.0","-13.0"
"2","369","8","43","188","2019","Heung-min Son","Left Winger","Korea, South","Tottenham Hotspur","28","32","0","0","0","30","10","0","2478","11","184","80000000.0","64000000.0","-16000000.0","80.0","64.0","-16.0"
"2","888","8","48","188","2019","Steven Bergwijn","Left Winger","Netherlands","Tottenham Hotspur","22","27","0","0","0","14","1","0","704","3","171","35000000.0","28000000.0","-7000000.0","35.0","28.0","-7.0"
"2","809","2","4","195","2019","Roberto Pereyra","Central Midfield","Argentina","Watford FC","29","34","-7","1","-1","28","0","1","1648","3","182","11000000.0","9000000.0","-2000000.0","11.0","9.0","-2.0"
"2","932","4","25","195","2019","Troy Deeney","Centre-Forward","England","Watford FC","32","36","-7","1","-1","27","2","5","2225","10","184","8000000.0","6500000.0","-1500000.0","8.0","6.5","-1.5"
"2","198","4","25","195","2019","Danny Welbeck","Centre-Forward","England","Watford FC","29","34","-7","1","-1","18","0","0","823","2","185","9000000.0","5500000.0","-3500000.0","9.0","5.5","-3.5"
"2","178","3","25","195","2019","Craig Dawson","Centre-Back","England","Watford FC","30","34","-7","1","-1","29","0","0","2361","2","188","6000000.0","4800000.0","-1200000.0","6.0","4.8","-1.2"
"2","921","2","25","195","2019","Tom Cleverley","Central Midfield","England","Watford FC","30","35","-7","1","-1","18","0","0","971","1","175","6000000.0","4800000.0","-1200000.0","6.0","4.8","-1.2"
"2","963","2","25","195","2019","Will Hughes","Central Midfield","England","Watford FC","25","29","-7","1","-1","30","1","0","2252","1","185","18000000.0","14500000.0","-3500000.0","18.0","14.5","-3.5"
"2","52","4","41","195","2019","Andre Gray","Centre-Forward","Jamaica","Watford FC","29","33","-7","1","-1","23","0","0","755","2","178","12000000.0","9500000.0","-2500000.0","12.0","9.5","-2.5"
"2","8","2","45","195","2019","Abdoulaye Doucoure","Central Midfield","Mali","Watford FC","27","32","-7","1","-1","37","2","0","3156","4","183","25000000.0","20000000.0","-5000000.0","25.0","20.0","-5.0"
"2","14","3","47","195","2019","Adam Masina","Centre-Back","Morocco","Watford FC","26","31","-7","1","-1","26","0","0","1821","1","191","5000000.0","5500000.0","500000.0","5.0","5.5","0.5"
"2","385","11","59","195","2019","Ismaila Sarr","Right Winger","Senegal","Watford FC","22","26","-7","1","-1","28","4","0","2028","5","185","27000000.0","24500000.0","-2500000.0","27.0","24.5","-2.5"
"2","333","4","63","195","2019","Gerard Deulofeu","Centre-Forward","Spain","Watford FC","25","30","-7","1","-1","28","5","1","2097","4","177","25000000.0","20000000.0","-5000000.0","25.0","20.0","-5.0"
"2","294","8","10","199","2019","Felipe Anderson","Left Winger","Brazil","West Ham United","27","31","-8","0","-1","25","4","0","1497","1","175","45000000.0","32000000.0","-13000000.0","45.0","32.0","-13.0"
"2","862","4","16","199","2019","Sebastien Haller","Centre-Forward","Cote dIvoire","West Ham United","26","30","-8","0","-1","32","1","0","2266","7","190","45000000.0","36000000.0","-9000000.0","45.0","36.0","-9.0"
"2","925","5","19","199","2019","Tomas Soucek","Defensive Midfield","Czech Republic","West Ham United","25","29","-8","0","-1","13","0","0","1040","3","192","7500000.0","12000000.0","4500000.0","7.5","12.0","4.5"
"2","621","2","25","199","2019","Mark Noble","Central Midfield","England","West Ham United","33","37","-8","0","-1","33","3","3","2674","4","180","6000000.0","4800000.0","-1200000.0","6.0","4.8","-1.2"
"2","2","9","25","199","2019","Aaron Cresswell","Left-Back","England","West Ham United","30","35","-8","0","-1","31","0","0","2727","3","170","8000000.0","6500000.0","-1500000.0","8.0","6.5","-1.5"
"2","213","2","25","199","2019","Declan Rice","Central Midfield","England","West Ham United","21","26","-8","0","-1","38","3","0","3420","1","188","50000000.0","49500000.0","-500000.0","50.0","49.5","-0.5"
"2","428","11","25","199","2019","Jarrod Bowen","Right Winger","England","West Ham United","23","28","-8","0","-1","13","4","0","917","1","176","","16000000.0","16000000.0","0.0","16.0","16.0"
"2","387","3","27","199","2019","Issa Diop","Centre-Back","France","West Ham United","23","28","-8","0","-1","32","1","0","2766","3","194","35000000.0","28000000.0","-7000000.0","35.0","28.0","-7.0"
"2","65","3","40","199","2019","Angelo Ogbonna","Centre-Back","Italy","West Ham United","32","36","-8","0","-1","31","0","0","2786","2","191","8000000.0","6500000.0","-1500000.0","8.0","6.5","-1.5"
"2","673","4","41","199","2019","Michail Antonio","Centre-Forward","Jamaica","West Ham United","30","34","-8","0","-1","24","3","1","1768","10","180","12000000.0","9500000.0","-2500000.0","12.0","9.5","-2.5"
"2","154","4","46","199","2019","Chicharito","Centre-Forward","Mexico","West Ham United","31","36","-8","0","-1","2","0","0","107","1","175","9000000.0","6800000.0","-2200000.0","9.0","6.8","-2.2"
"2","281","3","54","199","2019","Fabian Balbuena","Centre-Back","Paraguay","West Ham United","28","33","-8","0","-1","17","0","0","1177","1","189","12000000.0","9500000.0","-2500000.0","12.0","9.5","-2.5"
"2","807","11","58","199","2019","Robert Snodgrass","Right Winger","Scotland","West Ham United","32","37","-8","0","-1","24","5","0","1509","5","182","6000000.0","4800000.0","-1200000.0","6.0","4.8","-1.2"
"2","750","1","63","199","2019","Pablo Fornals","Attacking Midfield","Spain","West Ham United","24","28","-8","0","-1","36","5","0","2172","2","178","22000000.0","16000000.0","-6000000.0","22.0","16.0","-6.0"
"2","60","11","70","199","2019","Andriy Yarmolenko","Right Winger","Ukraine","West Ham United","30","35","-8","0","-1","23","1","0","991","5","189","15000000.0","9500000.0","-5500000.0","15.0","9.5","-5.5"
"2","555","5","8","202","2019","Leander Dendoncker","Defensive Midfield","Belgium","Wolverhampton Wanderers","25","29","8","0","1","38","0","0","2795","4","188","25000000.0","22500000.0","-2500000.0","25.0","22.5","-2.5"
"2","646","12","38","202","2019","Matt Doherty","Right-Back","Ireland","Wolverhampton Wanderers","28","33","8","0","1","36","3","0","2839","4","185","20000000.0","16000000.0","-4000000.0","20.0","16.0","-4.0"
"2","757","4","40","202","2019","Patrick Cutrone","Centre-Forward","Italy","Wolverhampton Wanderers","21","27","8","0","1","12","0","0","297","2","183","25000000.0","15500000.0","-9500000.0","25.0","15.5","-9.5"
"2","791","4","46","202","2019","Raul Jimenez","Centre-Forward","Mexico","Wolverhampton Wanderers","29","33","8","0","1","38","6","4","3236","17","187","42000000.0","40000000.0","-2000000.0","42.0","40.0","-2.0"
"2","820","3","47","202","2019","Romain Saiss","Centre-Back","Morocco","Wolverhampton Wanderers","30","34","8","0","1","33","1","0","2706","2","188","5000000.0","4000000.0","-1000000.0","5.0","4.0","-1.0"
"2","769","11","56","202","2019","Pedro Neto","Right Winger","Portugal","Wolverhampton Wanderers","20","24","8","0","1","29","3","0","939","3","174","7000000.0","11500000.0","4500000.0","7.0","11.5","4.5"
"2","229","4","56","202","2019","Diogo Jota","Centre-Forward","Portugal","Wolverhampton Wanderers","23","28","8","0","1","34","1","0","2284","7","178","35000000.0","28000000.0","-7000000.0","35.0","28.0","-7.0"
"2","828","5","56","202","2019","Ruben Neves","Defensive Midfield","Portugal","Wolverhampton Wanderers","23","27","8","0","1","38","2","0","3056","2","180","50000000.0","40000000.0","-10000000.0","50.0","40.0","-10.0"
"2","454","2","56","202","2019","Joao Moutinho","Central Midfield","Portugal","Wolverhampton Wanderers","33","38","8","0","1","38","6","0","3108","1","170","10000000.0","8000000.0","-2000000.0","10.0","8.0","-2.0"
"2","195","11","56","202","2019","Daniel Podence","Right Winger","Portugal","Wolverhampton Wanderers","24","29","8","0","1","9","0","0","289","1","170","6000000.0","12000000.0","6000000.0","6.0","12.0","6.0"
"2","16","11","63","202","2019","Adama Traore","Right Winger","Spain","Wolverhampton Wanderers","24","29","8","0","1","37","9","0","2605","4","178","28000000.0","25500000.0","-2500000.0","28.0","25.5","-2.5"
"2","483","12","63","202","2019","Jonny Otto","Right-Back","Spain","Wolverhampton Wanderers","26","30","8","0","1","35","2","0","2888","2","175","20000000.0","16000000.0","-4000000.0","20.0","16.0","-4.0"
"2","316","8","10","21","2020","Gabriel Martinelli","Left Winger","Brazil","Arsenal FC","19","23","-5","0","-1","14","1","0","589","2","178","25000000.0","22000000.0","-3000000.0","25.0","22.0","-3.0"
"2","965","8","10","21","2020","Willian","Left Winger","Brazil","Arsenal FC","32","36","-5","0","-1","25","5","0","1406","1","175","19000000.0","9000000.0","-10000000.0","19.0","9.0","-10.0"
"2","206","3","10","21","2020","David Luiz","Centre-Back","Brazil","Arsenal FC","34","37","-5","0","-1","20","0","0","1397","1","189","8000000.0","4000000.0","-4000000.0","8.0","4.0","-4.0"
"2","314","3","10","21","2020","Gabriel Magalhaes","Centre-Back","Brazil","Arsenal FC","23","27","-5","0","-1","23","0","0","1997","2","190","20000000.0","25000000.0","5000000.0","20.0","25.0","5.0"
"2","724","11","16","21","2020","Nicolas Pepe","Right Winger","Cote dIvoire","Arsenal FC","25","29","-5","0","-1","29","1","1","1617","10","183","45000000.0","35000000.0","-10000000.0","45.0","35.0","-10.0"
"2","684","5","24","21","2020","Mohamed Elneny","Defensive Midfield","Egypt","Arsenal FC","28","32","-5","0","-1","23","0","0","1544","1","179","5000000.0","10000000.0","5000000.0","5.0","10.0","5.0"
"2","258","1","25","21","2020","Emile Smith Rowe","Attacking Midfield","England","Arsenal FC","20","24","-5","0","-1","20","4","0","1440","2","182","2700000.0","18000000.0","15300000.0","2.7","18.0","15.3"
"2","132","11","25","21","2020","Bukayo Saka","Right Winger","England","Arsenal FC","19","23","-5","0","-1","32","3","0","2553","5","178","35000000.0","65000000.0","30000000.0","35.0","65.0","30.0"
"2","245","4","25","21","2020","Eddie Nketiah","Centre-Forward","England","Arsenal FC","21","25","-5","0","-1","17","1","0","422","2","175","15000000.0","16000000.0","1000000.0","15.0","16.0","1.0"
"2","34","4","27","21","2020","Alexandre Lacazette","Centre-Forward","France","Arsenal FC","29","33","-5","0","-1","31","2","3","1924","13","175","42000000.0","28000000.0","-14000000.0","42.0","28.0","-14.0"
"2","778","4","28","21","2020","Pierre-Emerick Aubameyang","Centre-Forward","Gabon","Arsenal FC","31","35","-5","0","-1","29","3","2","2333","10","187","50000000.0","25000000.0","-25000000.0","50.0","25.0","-25.0"
"2","624","1","53","21","2020","Martin odegaard","Attacking Midfield","Norway","Arsenal FC","22","26","-5","0","-1","14","2","0","866","1","178","45000000.0","40000000.0","-5000000.0","45.0","40.0","-5.0"
"2","540","9","58","21","2020","Kieran Tierney","Left-Back","Scotland","Arsenal FC","23","27","-5","0","-1","27","3","0","2299","1","180","28000000.0","32000000.0","4000000.0","28.0","32.0","4.0"
"2","366","12","63","21","2020","Hector Bellerin","Right-Back","Spain","Arsenal FC","26","29","-5","0","-1","25","2","0","2089","1","178","32000000.0","25000000.0","-7000000.0","32.0","25.0","-7.0"
"2","347","5","65","21","2020","Granit Xhaka","Defensive Midfield","Switzerland","Arsenal FC","28","32","-5","0","-1","31","2","0","2523","1","186","28000000.0","22000000.0","-6000000.0","28.0","22.0","-6.0"
"2","110","11","11","22","2020","Bertrand Traore","Right Winger","Burkina Faso","Aston Villa","25","29","0","0","0","36","6","0","2317","7","181","13000000.0","20000000.0","7000000.0","13.0","20.0","7.0"
"2","598","8","24","22","2020","Mahmoud Trezeguet","Left Winger","Egypt","Aston Villa","26","30","0","0","0","21","1","0","1166","2","180","8000000.0","10000000.0","2000000.0","8.0","10.0","2.0"
"2","741","4","25","22","2020","Ollie Watkins","Centre-Forward","England","Aston Villa","25","29","0","0","0","37","5","1","3329","14","180","30000000.0","32000000.0","2000000.0","30.0","32.0","2.0"
"2","395","8","25","22","2020","Jack Grealish","Left Winger","England","Aston Villa","25","29","0","0","0","26","10","0","2185","6","180","40000000.0","65000000.0","25000000.0","40.0","65.0","25.0"
"2","280","3","25","22","2020","Ezri Konsa","Centre-Back","England","Aston Villa","23","27","0","0","0","36","0","0","3196","2","183","9000000.0","25000000.0","16000000.0","9.0","25.0","16.0"
"2","528","4","25","22","2020","Keinan Davis","Centre-Forward","England","Aston Villa","23","26","0","0","0","15","1","0","277","1","189","2300000.0","3000000.0","700000.0","2.3","3.0","0.7"
"2","935","3","25","22","2020","Tyrone Mings","Centre-Back","England","Aston Villa","28","31","0","0","0","36","2","0","3195","2","196","27000000.0","30000000.0","3000000.0","27.0","30.0","3.0"
"2","546","3","25","22","2020","Kortney Hause","Centre-Back","England","Aston Villa","25","29","0","0","0","7","0","0","630","1","191","6500000.0","5000000.0","-1500000.0","6.5","5.0","-1.5"
"2","177","2","38","22","2020","Conor Hourihane","Central Midfield","Ireland","Aston Villa","29","33","0","0","0","4","1","0","226","1","181","6000000.0","3500000.0","-2500000.0","6.0","3.5","-2.5"
"2","76","11","48","22","2020","Anwar El Ghazi","Right Winger","Netherlands","Aston Villa","26","29","0","0","0","28","0","4","1613","10","189","8000000.0","13000000.0","5000000.0","8.0","13.0","5.0"
"2","474","2","58","22","2020","John McGinn","Central Midfield","Scotland","Aston Villa","26","30","0","0","0","37","5","0","3330","3","178","16000000.0","30000000.0","14000000.0","16.0","30.0","14.0"
"2","35","2","4","43","2020","Alexis Mac Allister","Central Midfield","Argentina","Brighton & Hove Albion","22","26","0","0","0","21","1","0","1115","1","176","11000000.0","10000000.0","-1000000.0","11.0","10.0","-1.0"
"2","556","8","8","43","2020","Leandro Trossard","Left Winger","Belgium","Brighton & Hove Albion","26","30","0","0","0","35","5","0","2607","5","172","15000000.0","17000000.0","2000000.0","15.0","17.0","2.0"
"2","887","2","15","43","2020","Steven Alzate","Central Midfield","Colombia","Brighton & Hove Albion","22","26","0","0","0","15","0","0","896","1","180","7000000.0","6000000.0","-1000000.0","7.0","6.0","-1.0"
"2","188","3","25","43","2020","Dan Burn","Centre-Back","England","Brighton & Hove Albion","29","32","0","0","0","27","0","0","2061","1","201","5000000.0","5000000.0","0.0","5.0","5.0","0.0"
"2","561","3","25","43","2020","Lewis Dunk","Centre-Back","England","Brighton & Hove Albion","29","33","0","0","0","33","0","0","2933","5","192","20000000.0","25000000.0","5000000.0","20.0","25.0","5.0"
"2","198","4","25","43","2020","Danny Welbeck","Centre-Forward","England","Brighton & Hove Albion","30","34","0","0","0","24","1","0","1545","6","185","","4000000.0","4000000.0","0.0","4.0","4.0"
"2","13","1","25","43","2020","Adam Lallana","Attacking Midfield","England","Brighton & Hove Albion","33","36","0","0","0","30","1","0","1595","1","172","8000000.0","4000000.0","-4000000.0","8.0","4.0","-4.0"
"2","882","11","25","43","2020","Solly March","Right Winger","England","Brighton & Hove Albion","26","30","0","0","0","21","1","0","1672","2","180","9000000.0","9000000.0","0.0","9.0","9.0","0.0"
"2","15","3","25","43","2020","Adam Webster","Centre-Back","England","Brighton & Hove Albion","26","30","0","0","0","29","0","0","2594","1","190","15000000.0","18000000.0","3000000.0","15.0","18.0","3.0"
"2","715","4","27","43","2020","Neal Maupay","Centre-Forward","France","Brighton & Hove Albion","24","28","0","0","0","33","2","3","2513","8","171","20000000.0","20000000.0","0.0","20.0","20.0","0.0"
"2","754","2","29","43","2020","Pascal Gross","Central Midfield","Germany","Brighton & Hove Albion","29","33","0","0","0","34","8","3","2484","3","181","7000000.0","7000000.0","0.0","7.0","7.0","0.0"
"2","899","12","30","43","2020","Tariq Lamptey","Right-Back","Ghana","Brighton & Hove Albion","20","24","0","0","0","11","1","0","887","1","163","8000000.0","18000000.0","10000000.0","8.0","18.0","10.0"
"2","1","4","38","43","2020","Aaron Connolly","Centre-Forward","Ireland","Brighton & Hove Albion","21","25","0","0","0","17","1","0","791","2","174","7000000.0","7000000.0","0.0","7.0","7.0","0.0"
"2","981","5","45","43","2020","Yves Bissouma","Defensive Midfield","Mali","Brighton & Hove Albion","24","28","0","0","0","36","0","0","3112","1","182","13000000.0","25000000.0","12000000.0","13.0","25.0","12.0"
"2","466","12","48","43","2020","Joel Veltman","Right-Back","Netherlands","Brighton & Hove Albion","29","33","0","0","0","28","1","0","2281","1","184","5000000.0","6000000.0","1000000.0","5.0","6.0","1.0"
"2","631","4","19","46","2020","Matej Vydra","Centre-Forward","Czech Republic","Burnley FC","29","32","1","0","1","28","2","0","1370","3","180","4000000.0","3000000.0","-1000000.0","4.0","3.0","-1.0"
"2","242","1","25","46","2020","Dwight McNeil","Attacking Midfield","England","Burnley FC","21","25","1","0","1","36","5","0","3069","2","183","25000000.0","22000000.0","-3000000.0","25.0","22.0","-3.0"
"2","86","4","25","46","2020","Ashley Barnes","Centre-Forward","England","Burnley FC","31","35","1","0","1","22","0","1","1331","3","185","6500000.0","3500000.0","-3000000.0","6.5","3.5","-3.0"
"2","87","5","25","46","2020","Ashley Westwood","Defensive Midfield","England","Burnley FC","31","34","1","0","1","38","3","0","3410","3","174","5500000.0","5000000.0","-500000.0","5.5","5.0","-0.5"
"2","651","12","25","46","2020","Matthew Lowton","Right-Back","England","Burnley FC","31","35","1","0","1","34","1","0","3060","1","180","4000000.0","2500000.0","-1500000.0","4.0","2.5","-1.5"
"2","417","3","25","46","2020","James Tarkowski","Centre-Back","England","Burnley FC","28","32","1","0","1","36","0","0","3240","1","185","28000000.0","25000000.0","-3000000.0","28.0","25.0","-3.0"
"2","431","4","25","46","2020","Jay Rodriguez","Centre-Forward","England","Burnley FC","31","35","1","0","1","31","2","0","1265","1","185","6000000.0","4000000.0","-2000000.0","6.0","4.0","-2.0"
"2","101","3","25","46","2020","Ben Mee","Centre-Back","England","Burnley FC","31","35","1","0","1","30","0","0","2693","2","180","8000000.0","6000000.0","-2000000.0","8.0","6.0","-2.0"
"2","469","11","36","46","2020","Johann Berg Gudmundsson","Right Winger","Iceland","Burnley FC","30","34","1","0","1","22","0","0","1363","2","186","6500000.0","3000000.0","-3500000.0","6.5","3.0","-3.5"
"2","449","3","38","46","2020","Jimmy Dunne","Centre-Back","Ireland","Burnley FC","23","27","1","0","1","3","0","0","270","1","191","200000.0","600000.0","400000.0","0.2","0.6","0.4"
"2","805","7","38","46","2020","Robbie Brady","Left Midfield","Ireland","Burnley FC","29","33","1","0","1","19","1","0","1052","1","176","4800000.0","3000000.0","-1800000.0","4.8","3.0","-1.8"
"2","159","4","49","46","2020","Chris Wood","Centre-Forward","New Zealand","Burnley FC","29","33","1","0","1","33","3","2","2742","12","191","12000000.0","8000000.0","-4000000.0","12.0","8.0","-4.0"
"2","909","3","10","50","2020","Thiago Silva","Centre-Back","Brazil","Chelsea FC","36","40","-2","0","-1","23","0","0","1936","2","181","4500000.0","3000000.0","-1500000.0","4.5","3.0","-1.5"
"2","897","4","25","50","2020","Tammy Abraham","Centre-Forward","England","Chelsea FC","23","27","-2","0","-1","22","1","0","1040","6","194","40000000.0","38000000.0","-2000000.0","40.0","38.0","-2.0"
"2","629","1","25","50","2020","Mason Mount","Attacking Midfield","England","Chelsea FC","22","26","-2","0","-1","36","6","1","2891","6","181","45000000.0","75000000.0","30000000.0","45.0","75.0","30.0"
"2","97","9","25","50","2020","Ben Chilwell","Left-Back","England","Chelsea FC","24","28","-2","0","-1","27","5","0","2286","3","180","50000000.0","45000000.0","-5000000.0","50.0","45.0","-5.0"
"2","793","12","25","50","2020","Reece James","Right-Back","England","Chelsea FC","21","25","-2","0","-1","32","2","0","2373","1","180","30000000.0","40000000.0","10000000.0","30.0","40.0","10.0"
"2","133","8","25","50","2020","Callum Hudson-Odoi","Left Winger","England","Chelsea FC","20","24","-2","0","-1","23","3","0","1059","2","178","35000000.0","32000000.0","-3000000.0","35.0","32.0","-3.0"
"2","549","3","27","50","2020","Kurt Zouma","Centre-Back","France","Chelsea FC","26","30","-2","0","-1","24","0","0","2029","5","190","30000000.0","32000000.0","2000000.0","30.0","32.0","2.0"
"2","740","4","27","50","2020","Olivier Giroud","Centre-Forward","France","Chelsea FC","34","38","-2","0","-1","17","0","0","748","4","192","5000000.0","4000000.0","-1000000.0","5.0","4.0","-1.0"
"2","515","4","29","50","2020","Kai Havertz","Centre-Forward","Germany","Chelsea FC","21","25","-2","0","-1","27","3","0","1519","4","193","81000000.0","70000000.0","-11000000.0","81.0","70.0","-11.0"
"2","915","8","29","50","2020","Timo Werner","Left Winger","Germany","Chelsea FC","25","28","-2","0","-1","35","8","0","2602","6","180","70000000.0","65000000.0","-5000000.0","70.0","65.0","-5.0"
"2","74","3","29","50","2020","Antonio Rudiger","Centre-Back","Germany","Chelsea FC","28","31","-2","0","-1","19","0","0","1710","1","190","30000000.0","28000000.0","-2000000.0","30.0","28.0","-2.0"
"2","487","5","40","50","2020","Jorginho","Defensive Midfield","Italy","Chelsea FC","29","33","-2","0","-1","28","1","7","2010","7","178","50000000.0","45000000.0","-5000000.0","50.0","45.0","-5.0"
"2","354","11","47","50","2020","Hakim Ziyech","Right Winger","Morocco","Chelsea FC","28","31","-2","0","-1","23","3","0","1171","2","180","40000000.0","38000000.0","-2000000.0","40.0","38.0","-2.0"
"2","149","3","63","50","2020","Cesar Azpilicueta","Centre-Back","Spain","Chelsea FC","31","35","-2","0","-1","26","2","0","2189","1","178","20000000.0","13000000.0","-7000000.0","20.0","13.0","-7.0"
"2","612","9","63","50","2020","Marcos Alonso","Left-Back","Spain","Chelsea FC","30","34","-2","0","-1","13","0","0","960","2","188","18000000.0","12000000.0","-6000000.0","18.0","12.0","-6.0"
"2","164","11","71","50","2020","Christian Pulisic","Right Winger","United States","Chelsea FC","22","26","-2","0","-1","27","2","0","1739","4","177","60000000.0","50000000.0","-10000000.0","60.0","50.0","-10.0"
"2","160","4","8","57","2020","Christian Benteke","Centre-Forward","Belgium","Crystal Palace","30","34","-6","0","-1","30","1","0","1817","10","190","9000000.0","9000000.0","0.0","9.0","9.0","0.0"
"2","675","4","8","57","2020","Michy Batshuayi","Centre-Forward","Belgium","Crystal Palace","27","31","-6","0","-1","18","1","0","728","2","185","14000000.0","10000000.0","-4000000.0","14.0","10.0","-4.0"
"2","962","8","16","57","2020","Wilfried Zaha","Left Winger","Cote dIvoire","Crystal Palace","28","32","-6","0","-1","30","2","2","2612","11","180","50000000.0","45000000.0","-5000000.0","50.0","45.0","-5.0"
"2","244","1","25","57","2020","Eberechi Eze","Attacking Midfield","England","Crystal Palace","22","26","-6","0","-1","34","6","0","2559","4","178","18000000.0","20000000.0","2000000.0","18.0","20.0","2.0"
"2","61","11","25","57","2020","Andros Townsend","Right Winger","England","Crystal Palace","29","33","-6","0","-1","34","5","0","2258","1","181","9500000.0","7000000.0","-2500000.0","9.5","7.0","-2.5"
"2","934","9","25","57","2020","Tyrick Mitchell","Left-Back","England","Crystal Palace","21","25","-6","0","-1","19","1","0","1710","1","181","5000000.0","7000000.0","2000000.0","5.0","7.0","2.0"
"2","323","3","25","57","2020","Gary Cahill","Centre-Back","England","Crystal Palace","35","39","-6","0","-1","20","1","0","1800","1","193","2500000.0","1500000.0","-1000000.0","2.5","1.5","-1.0"
"2","858","3","25","57","2020","Scott Dann","Centre-Back","England","Crystal Palace","34","37","-6","0","-1","15","0","0","1350","1","194","2800000.0","1500000.0","-1300000.0","2.8","1.5","-1.3"
"2","434","4","27","57","2020","Jean-Philippe Mateta","Centre-Forward","France","Crystal Palace","23","27","-6","0","-1","7","0","0","221","1","192","15000000.0","13000000.0","-2000000.0","15.0","13.0","-2.0"
"2","438","7","30","57","2020","Jeffrey Schlupp","Left Midfield","Ghana","Crystal Palace","28","32","-6","0","-1","27","3","0","1428","2","178","10000000.0","9000000.0","-1000000.0","10.0","9.0","-1.0"
"2","484","4","30","57","2020","Jordan Ayew","Centre-Forward","Ghana","Crystal Palace","29","33","-6","0","-1","33","3","0","2096","1","182","10000000.0","8000000.0","-2000000.0","10.0","8.0","-2.0"
"2","407","5","48","57","2020","Jairo Riedewald","Defensive Midfield","Netherlands","Crystal Palace","24","28","-6","0","-1","33","0","0","1820","2","182","4500000.0","8000000.0","3500000.0","4.5","8.0","3.5"
"2","152","5","59","57","2020","Cheikhou Kouyate","Defensive Midfield","Senegal","Crystal Palace","31","35","-6","0","-1","36","0","0","3121","1","189","8000000.0","6000000.0","-2000000.0","8.0","6.0","-2.0"
"2","588","5","60","57","2020","Luka Milivojevic","Defensive Midfield","Serbia","Crystal Palace","30","33","-6","0","-1","31","1","1","2360","1","186","16000000.0","8000000.0","-8000000.0","16.0","8.0","-8.0"
"2","799","4","10","66","2020","Richarlison","Centre-Forward","Brazil","Everton FC","24","27","-4","0","-1","34","3","1","2862","7","184","60000000.0","55000000.0","-5000000.0","60.0","55.0","-5.0"
"2","108","8","10","66","2020","Bernard","Left Winger","Brazil","Everton FC","28","32","-4","0","-1","12","0","0","455","1","167","15000000.0","12000000.0","-3000000.0","15.0","12.0","-3.0"
"2","416","1","15","66","2020","James Rodriguez","Attacking Midfield","Colombia","Everton FC","29","33","-4","0","-1","23","4","0","1764","6","180","35000000.0","28000000.0","-7000000.0","35.0","28.0","-7.0"
"2","975","3","15","66","2020","Yerry Mina","Centre-Back","Colombia","Everton FC","26","30","-4","0","-1","24","0","0","1937","2","195","20000000.0","20000000.0","0.0","20.0","20.0","0.0"
"2","233","4","25","66","2020","Dominic Calvert-Lewin","Centre-Forward","England","Everton FC","24","27","-4","0","-1","33","1","0","2871","16","189","40000000.0","45000000.0","5000000.0","40.0","45.0","5.0"
"2","669","3","25","66","2020","Michael Keane","Centre-Back","England","Everton FC","28","32","-4","0","-1","35","1","0","2991","3","188","28000000.0","25000000.0","-3000000.0","28.0","25.0","-3.0"
"2","352","1","36","66","2020","Gylfi Sigurdsson","Attacking Midfield","Iceland","Everton FC","31","35","-4","0","-1","36","5","3","2253","6","186","18000000.0","13000000.0","-5000000.0","18.0","13.0","-5.0"
"2","628","3","41","66","2020","Mason Holgate","Centre-Back","Jamaica","Everton FC","24","28","-4","0","-1","28","0","0","2287","1","187","18000000.0","20000000.0","2000000.0","18.0","20.0","2.0"
"2","8","2","45","66","2020","Abdoulaye Doucoure","Central Midfield","Mali","Everton FC","28","32","-4","0","-1","29","3","0","2443","2","183","25000000.0","25000000.0","0.0","25.0","25.0","0.0"
"2","28","8","50","66","2020","Alex Iwobi","Left Winger","Nigeria","Everton FC","25","28","-4","0","-1","30","2","0","1542","1","183","25500000.0","22000000.0","-3500000.0","25.5","22.0","-3.5"
"2","825","2","25","79","2020","Ross Barkley","Central Midfield","England","For 2 Clubs","27","31","","","-1","26","1","0","1573","3","189","21500000.0","20000000.0","-1500000.0","21.5","20.0","-1.5"
"2","463","2","25","79","2020","Joe Willock","Central Midfield","England","For 2 Clubs","21","25","","","-1","21","0","0","1216","8","186","16000000.0","16000000.0","0.0","16.0","16.0","0.0"
"2","442","1","25","79","2020","Jesse Lingard","Attacking Midfield","England","For 2 Clubs","28","32","","","-1","16","4","1","1420","9","174","14000000.0","22000000.0","8000000.0","14.0","22.0","8.0"
"2","906","11","25","79","2020","Theo Walcott","Right Winger","England","For 2 Clubs","32","35","","","-1","22","3","0","1631","3","175","10000000.0","5000000.0","-5000000.0","10.0","5.0","-5.0"
"2","827","2","25","79","2020","Ruben Loftus-Cheek","Central Midfield","England","For 2 Clubs","25","29","","","-1","31","0","0","1969","1","191","24000000.0","18000000.0","-6000000.0","24.0","18.0","-6.0"
"2","896","8","42","79","2020","Takumi Minamino","Left Winger","Japan","For 2 Clubs","26","30","","","-1","19","0","0","1004","3","172","10000000.0","12000000.0","2000000.0","10.0","12.0","2.0"
"2","229","4","56","79","2020","Diogo Jota","Centre-Forward","Portugal","For 2 Clubs","24","28","","","-1","19","0","0","1112","9","178","40000000.0","45000000.0","5000000.0","40.0","45.0","5.0"
"2","389","8","3","81","2020","Ivan Cavaleiro","Left Winger","Angola","Fulham FC","27","31","-4","1","-1","36","0","1","2472","3","175","8000000.0","7000000.0","-1000000.0","8.0","7.0","-1.0"
"2","450","3","21","81","2020","Joachim Andersen","Centre-Back","Denmark","Fulham FC","24","28","-4","1","-1","31","1","0","2731","1","192","13000000.0","22000000.0","9000000.0","13.0","22.0","9.0"
"2","461","9","25","81","2020","Joe Bryan","Left-Back","England","Fulham FC","27","31","-4","1","-1","16","0","0","669","1","170","5500000.0","5000000.0","-500000.0","5.5","5.0","-0.5"
"2","619","5","28","81","2020","Mario Lemina","Defensive Midfield","Gabon","Fulham FC","27","31","-4","1","-1","28","0","0","1703","1","184","10000000.0","10000000.0","0.0","10.0","10.0","0.0"
"2","115","11","41","81","2020","Bobby De Cordova-Reid","Right Winger","Jamaica","Fulham FC","28","31","-4","1","-1","33","2","0","2372","5","170","8000000.0","10000000.0","2000000.0","8.0","10.0","2.0"
"2","492","4","50","81","2020","Josh Maja","Centre-Forward","Nigeria","Fulham FC","22","26","-4","1","-1","15","0","1","810","3","181","6500000.0","5000000.0","-1500000.0","6.5","5.0","-1.5"
"2","18","13","50","81","2020","Ademola Lookman","Second Striker","Nigeria","Fulham FC","23","27","-4","1","-1","34","4","0","2747","4","174","10000000.0","11000000.0","1000000.0","10.0","11.0","1.0"
"2","734","12","50","81","2020","Ola Aina","Right-Back","Nigeria","Fulham FC","24","28","-4","1","-1","31","1","0","2664","2","184","7000000.0","6000000.0","-1000000.0","7.0","6.0","-1.0"
"2","284","1","56","81","2020","Fabio Carvalho","Attacking Midfield","Portugal","Fulham FC","18","22","-4","1","-1","4","0","0","255","1","170","","250000.0","250000.0","0.0","0.25","0.25"
"2","920","2","58","81","2020","Tom Cairney","Central Midfield","Scotland","Fulham FC","29","34","-4","1","-1","10","1","0","759","1","185","9000000.0","9000000.0","0.0","9.0","9.0","0.0"
"2","26","4","60","81","2020","Aleksandar Mitrovic","Centre-Forward","Serbia","Fulham FC","26","30","-4","1","-1","27","3","1","1402","3","189","22000000.0","16000000.0","-6000000.0","22.0","16.0","-6.0"
"2","368","11","3","107","2020","Helder Costa","Right Winger","Angola","Leeds United","27","31","10","0","1","22","3","0","1156","3","179","12000000.0","10000000.0","-2000000.0","12.0","10.0","-2.0"
"2","788","8","10","107","2020","Raphinha","Left Winger","Brazil","Leeds United","24","28","10","0","1","30","9","0","2360","6","176","18000000.0","30000000.0","12000000.0","18.0","30.0","12.0"
"2","756","4","25","107","2020","Patrick Bamford","Centre-Forward","England","Leeds United","27","31","10","0","1","38","7","2","3050","17","185","10000000.0","22000000.0","12000000.0","10.0","22.0","12.0"
"2","396","11","25","107","2020","Jack Harrison","Right Winger","England","Leeds United","24","28","10","0","1","36","8","0","2847","8","175","7000000.0","15000000.0","8000000.0","7.0","15.0","8.0"
"2","517","5","25","107","2020","Kalvin Phillips","Defensive Midfield","England","Leeds United","25","29","10","0","1","29","2","0","2428","1","179","22000000.0","40000000.0","18000000.0","22.0","40.0","18.0"
"2","755","3","48","107","2020","Pascal Struijk","Centre-Back","Netherlands","Leeds United","21","25","10","0","1","27","0","0","2075","1","190","750000.0","9000000.0","8250000.0","0.75","9.0","8.25"
"2","279","9","51","107","2020","Ezgjan Alioski","Left-Back","North Macedonia","Leeds United","29","32","10","0","1","36","3","0","2460","2","171","3500000.0","5000000.0","1500000.0","3.5","5.0","1.5"
"2","890","7","52","107","2020","Stuart Dallas","Left Midfield","Northern Ireland","Leeds United","30","33","10","0","1","38","2","0","3409","8","183","3000000.0","4000000.0","1000000.0","3.0","4.0","1.0"
"2","635","2","55","107","2020","Mateusz Klich","Central Midfield","Poland","Leeds United","30","34","10","0","1","35","5","2","2394","4","183","3500000.0","4000000.0","500000.0","3.5","4.0","0.5"
"2","565","3","58","107","2020","Liam Cooper","Centre-Back","Scotland","Leeds United","29","33","10","0","1","25","0","0","2186","1","186","7000000.0","7000000.0","0.0","7.0","7.0","0.0"
"2","812","4","63","107","2020","Rodrigo","Centre-Forward","Spain","Leeds United","30","33","10","0","1","26","2","0","1288","7","182","30000000.0","18000000.0","-12000000.0","30.0","18.0","-12.0"
"2","225","3","63","107","2020","Diego Llorente","Centre-Back","Spain","Leeds United","27","31","10","0","1","15","0","0","1204","1","186","20000000.0","20000000.0","0.0","20.0","20.0","0.0"
"2","933","4","74","107","2020","Tyler Roberts","Centre-Forward","Wales","Leeds United","22","26","10","0","1","27","2","0","1340","1","180","3600000.0","6000000.0","2400000.0","3.6","6.0","2.4"
"2","916","12","8","108","2020","Timothy Castagne","Right-Back","Belgium","Leicester City","25","29","4","0","1","27","3","0","2345","2","185","18000000.0","28000000.0","10000000.0","18.0","28.0","10.0"
"2","977","2","8","108","2020","Youri Tielemans","Central Midfield","Belgium","Leicester City","24","27","4","0","1","38","4","2","3357","6","177","45000000.0","55000000.0","10000000.0","45.0","55.0","10.0"
"2","221","2","8","108","2020","Dennis Praet","Central Midfield","Belgium","Leicester City","27","30","4","0","1","15","1","0","718","1","181","22000000.0","18000000.0","-4000000.0","22.0","18.0","-4.0"
"2","422","4","25","108","2020","Jamie Vardy","Centre-Forward","England","Leicester City","34","38","4","0","1","34","9","8","2840","15","179","16000000.0","7000000.0","-9000000.0","16.0","7.0","-9.0"
"2","413","1","25","108","2020","James Maddison","Attacking Midfield","England","Leicester City","24","28","4","0","1","31","5","0","2099","8","175","55000000.0","55000000.0","0.0","55.0","55.0","0.0"
"2","363","8","25","108","2020","Harvey Barnes","Left Winger","England","Leicester City","23","27","4","0","1","25","4","0","1945","9","182","22000000.0","35000000.0","13000000.0","22.0","35.0","13.0"
"2","606","10","25","108","2020","Marc Albrighton","Right Midfield","England","Leicester City","31","35","4","0","1","31","5","0","1746","1","175","5000000.0","4000000.0","-1000000.0","5.0","4.0","-1.0"
"2","412","12","25","108","2020","James Justin","Right-Back","England","Leicester City","22","26","4","0","1","23","1","0","2070","2","183","6000000.0","17000000.0","11000000.0","6.0","17.0","11.0"
"2","592","9","25","108","2020","Luke Thomas","Left-Back","England","Leicester City","19","23","4","0","1","14","0","0","969","1","181","1000000.0","5000000.0","4000000.0","1.0","5.0","4.0"
"2","192","3","30","108","2020","Daniel Amartey","Centre-Back","Ghana","Leicester City","26","30","4","0","1","12","0","0","722","1","186","3500000.0","5000000.0","1500000.0","3.5","5.0","1.5"
"2","960","5","50","108","2020","Wilfred Ndidi","Defensive Midfield","Nigeria","Leicester City","24","28","4","0","1","26","4","0","2176","1","183","45000000.0","60000000.0","15000000.0","45.0","60.0","15.0"
"2","530","4","50","108","2020","Kelechi Iheanacho","Centre-Forward","Nigeria","Leicester City","24","28","4","0","1","25","2","0","1459","12","185","15000000.0","20000000.0","5000000.0","15.0","20.0","5.0"
"2","482","3","52","108","2020","Jonny Evans","Centre-Back","Northern Ireland","Leicester City","33","37","4","0","1","28","2","0","2473","2","188","10000000.0","7000000.0","-3000000.0","10.0","7.0","-3.0"
"2","93","4","63","108","2020","Ayoze Perez","Centre-Forward","Spain","Leicester City","27","31","4","0","1","25","1","0","1331","2","178","20000000.0","18000000.0","-2000000.0","20.0","18.0","-2.0"
"2","989","3","68","108","2020","caglar Soyuncu","Centre-Back","Turkiye","Leicester City","25","28","4","0","1","23","0","0","1819","1","185","40000000.0","45000000.0","5000000.0","40.0","45.0","5.0"
"2","808","4","10","112","2020","Roberto Firmino","Centre-Forward","Brazil","Liverpool FC","29","33","3","0","1","36","7","0","2838","9","181","72000000.0","50000000.0","-22000000.0","72.0","50.0","-22.0"
"2","40","6","10","112","2020","Alisson","Goalkeeper","Brazil","Liverpool FC","28","32","3","0","1","33","0","0","2970","1","193","80000000.0","60000000.0","-20000000.0","80.0","60.0","-20.0"
"2","465","3","12","112","2020","Joel Matip","Centre-Back","Cameroon","Liverpool FC","29","33","3","0","1","10","2","0","691","1","195","32000000.0","18000000.0","-14000000.0","32.0","18.0","-14.0"
"2","686","11","24","112","2020","Mohamed Salah","Right Winger","Egypt","Liverpool FC","28","32","3","0","1","37","5","6","3078","22","175","120000000.0","100000000.0","-20000000.0","120.0","100.0","-20.0"
"2","486","2","25","112","2020","Jordan Henderson","Central Midfield","England","Liverpool FC","30","34","3","0","1","21","1","0","1704","1","182","28000000.0","20000000.0","-8000000.0","28.0","20.0","-8.0"
"2","928","12","25","112","2020","Trent Alexander-Arnold","Right-Back","England","Liverpool FC","22","26","3","0","1","36","7","0","3031","2","175","110000000.0","75000000.0","-35000000.0","110.0","75.0","-35.0"
"2","185","2","25","112","2020","Curtis Jones","Central Midfield","England","Liverpool FC","20","24","3","0","1","24","2","0","1179","1","185","5000000.0","30000000.0","25000000.0","5.0","30.0","25.0"
"2","29","2","25","112","2020","Alex Oxlade-Chamberlain","Central Midfield","England","Liverpool FC","27","31","3","0","1","13","1","0","253","1","180","24000000.0","18000000.0","-6000000.0","24.0","18.0","-6.0"
"2","708","3","25","112","2020","Nat Phillips","Centre-Back","England","Liverpool FC","24","27","3","0","1","17","1","0","1456","1","190","1800000.0","8000000.0","6200000.0","1.8","8.0","6.2"
"2","331","2","48","112","2020","Georginio Wijnaldum","Central Midfield","Netherlands","Liverpool FC","30","34","3","0","1","38","0","0","2941","2","175","40000000.0","30000000.0","-10000000.0","40.0","30.0","-10.0"
"2","948","3","48","112","2020","Virgil van Dijk","Centre-Back","Netherlands","Liverpool FC","29","33","3","0","1","5","0","0","370","1","195","80000000.0","55000000.0","-25000000.0","80.0","55.0","-25.0"
"2","58","9","58","112","2020","Andrew Robertson","Left-Back","Scotland","Liverpool FC","27","30","3","0","1","38","7","0","3383","1","178","75000000.0","65000000.0","-10000000.0","75.0","65.0","-10.0"
"2","838","8","59","112","2020","Sadio Mane","Left Winger","Senegal","Liverpool FC","29","32","3","0","1","35","7","0","2810","11","174","120000000.0","85000000.0","-35000000.0","120.0","85.0","-35.0"
"2","907","2","63","112","2020","Thiago Alcantara","Central Midfield","Spain","Liverpool FC","30","33","3","0","1","24","0","0","1854","1","174","48000000.0","30000000.0","-18000000.0","48.0","30.0","-18.0"
"2","803","11","2","118","2020","Riyad Mahrez","Right Winger","Algeria","Manchester City","30","33","3","0","1","27","6","0","1949","9","179","48000000.0","42000000.0","-6000000.0","48.0","42.0","-6.0"
"2","870","4","4","118","2020","Sergio Aguero","Centre-Forward","Argentina","Manchester City","32","36","3","0","1","12","1","1","559","4","173","42000000.0","18000000.0","-24000000.0","42.0","18.0","-24.0"
"2","536","1","8","118","2020","Kevin De Bruyne","Attacking Midfield","Belgium","Manchester City","29","33","3","0","1","25","12","2","1997","6","181","120000000.0","100000000.0","-20000000.0","120.0","100.0","-20.0"
"2","313","4","10","118","2020","Gabriel Jesus","Centre-Forward","Brazil","Manchester City","24","27","3","0","1","29","4","0","2063","9","175","60000000.0","60000000.0","0.0","60.0","60.0","0.0"
"2","774","11","25","118","2020","Phil Foden","Right Winger","England","Manchester City","20","24","3","0","1","28","5","0","1616","9","171","40000000.0","80000000.0","40000000.0","40.0","80.0","40.0"
"2","475","3","25","118","2020","John Stones","Centre-Back","England","Manchester City","26","30","3","0","1","22","0","0","1934","4","188","30000000.0","30000000.0","0.0","30.0","30.0","0.0"
"2","551","12","25","118","2020","Kyle Walker","Right-Back","England","Manchester City","30","34","3","0","1","24","1","0","1946","1","183","40000000.0","28000000.0","-12000000.0","40.0","28.0","-12.0"
"2","785","11","25","118","2020","Raheem Sterling","Right Winger","England","Manchester City","26","30","3","0","1","31","7","0","2536","10","170","128000000.0","90000000.0","-38000000.0","128.0","90.0","-38.0"
"2","104","9","27","118","2020","Benjamin Mendy","Left-Back","France","Manchester City","26","30","3","0","1","13","1","0","953","2","185","28000000.0","20000000.0","-8000000.0","28.0","20.0","-8.0"
"2","990","2","29","118","2020","ilkay Gundogan","Central Midfield","Germany","Manchester City","30","34","3","0","1","28","2","1","2029","13","180","40000000.0","40000000.0","0.0","40.0","40.0","0.0"
"2","709","3","48","118","2020","Nathan Ake","Centre-Back","Netherlands","Manchester City","26","29","3","0","1","10","0","0","797","1","180","40000000.0","32000000.0","-8000000.0","40.0","32.0","-8.0"
"2","451","12","56","118","2020","Joao Cancelo","Right-Back","Portugal","Manchester City","26","30","3","0","1","28","3","0","2300","2","182","36000000.0","55000000.0","19000000.0","36.0","55.0","19.0"
"2","109","1","56","118","2020","Bernardo Silva","Attacking Midfield","Portugal","Manchester City","26","30","3","0","1","26","6","0","2065","2","173","80000000.0","70000000.0","-10000000.0","80.0","70.0","-10.0"
"2","826","3","56","118","2020","Ruben Dias","Centre-Back","Portugal","Manchester City","24","27","3","0","1","32","0","0","2843","1","187","35000000.0","75000000.0","40000000.0","35.0","75.0","40.0"
"2","297","11","63","118","2020","Ferran Torres","Right Winger","Spain","Manchester City","21","24","3","0","1","24","2","0","1306","7","184","45000000.0","50000000.0","5000000.0","45.0","50.0","5.0"
"2","811","5","63","118","2020","Rodri","Defensive Midfield","Spain","Manchester City","24","28","3","0","1","34","2","1","2748","2","191","64000000.0","70000000.0","6000000.0","64.0","70.0","6.0"
"2","310","2","10","119","2020","Fred","Central Midfield","Brazil","Manchester United","28","31","-1","0","-1","30","0","0","2390","1","169","17500000.0","22000000.0","4500000.0","17.5","22.0","4.5"
"2","616","8","25","119","2020","Marcus Rashford","Left Winger","England","Manchester United","23","27","-1","0","-1","37","9","0","2916","11","185","80000000.0","85000000.0","5000000.0","80.0","85.0","5.0"
"2","360","3","25","119","2020","Harry Maguire","Centre-Back","England","Manchester United","28","31","-1","0","-1","34","1","0","3047","2","194","50000000.0","50000000.0","0.0","50.0","50.0","0.0"
"2","5","12","25","119","2020","Aaron Wan-Bissaka","Right-Back","England","Manchester United","23","27","-1","0","-1","34","4","0","3060","2","183","40000000.0","40000000.0","0.0","40.0","40.0","0.0"
"2","591","9","25","119","2020","Luke Shaw","Left-Back","England","Manchester United","25","29","-1","0","-1","32","5","0","2654","1","178","22000000.0","42000000.0","20000000.0","22.0","42.0","20.0"
"2","70","4","27","119","2020","Anthony Martial","Centre-Forward","France","Manchester United","25","29","-1","0","-1","22","3","0","1481","4","181","58000000.0","45000000.0","-13000000.0","58.0","45.0","-13.0"
"2","765","2","27","119","2020","Paul Pogba","Central Midfield","France","Manchester United","28","31","-1","0","-1","26","3","0","1897","3","191","80000000.0","60000000.0","-20000000.0","80.0","60.0","-20.0"
"2","627","11","41","119","2020","Mason Greenwood","Right Winger","Jamaica","Manchester United","19","23","-1","0","-1","31","2","0","1822","7","181","45000000.0","50000000.0","5000000.0","45.0","50.0","5.0"
"2","236","2","48","119","2020","Donny van de Beek","Central Midfield","Netherlands","Manchester United","24","27","-1","0","-1","19","1","0","526","1","184","44000000.0","30000000.0","-14000000.0","44.0","30.0","-14.0"
"2","126","1","56","119","2020","Bruno Fernandes","Attacking Midfield","Portugal","Manchester United","26","30","-1","0","-1","37","11","9","3099","18","179","70000000.0","90000000.0","20000000.0","70.0","90.0","20.0"
"2","859","2","58","119","2020","Scott McTominay","Central Midfield","Scotland","Manchester United","24","28","-1","0","-1","32","1","0","2129","4","191","22500000.0","35000000.0","12500000.0","22.5","35.0","12.5"
"2","502","1","63","119","2020","Juan Mata","Attacking Midfield","Spain","Manchester United","33","36","-1","0","-1","9","2","1","509","1","170","7500000.0","4000000.0","-3500000.0","7.5","4.0","-3.5"
"2","68","11","64","119","2020","Anthony Elanga","Right Winger","Sweden","Manchester United","19","22","-1","0","-1","2","0","0","155","1","178","","800000.0","800000.0","0.0","0.8","0.8"
"2","942","3","64","119","2020","Victor Lindelof","Centre-Back","Sweden","Manchester United","26","30","-1","0","-1","29","1","0","2585","1","187","24000000.0","24000000.0","0.0","24.0","24.0","0.0"
"2","246","4","72","119","2020","Edinson Cavani","Centre-Forward","Uruguay","Manchester United","34","37","-1","0","-1","26","3","0","1376","10","184","12000000.0","6000000.0","-6000000.0","12.0","6.0","-6.0"
"2","193","11","74","119","2020","Daniel James","Right Winger","Wales","Manchester United","23","27","-1","0","-1","15","1","0","910","3","171","19000000.0","18000000.0","-1000000.0","19.0","18.0","-1.0"
"2","468","2","10","132","2020","Joelinton","Central Midfield","Brazil","Newcastle United","24","28","0","0","0","31","2","1","1984","4","186","20000000.0","17000000.0","-3000000.0","20.0","17.0","-3.0"
"2","135","4","25","132","2020","Callum Wilson","Centre-Forward","England","Newcastle United","29","32","0","0","0","26","5","4","2084","12","180","20000000.0","22000000.0","2000000.0","20.0","22.0","2.0"
"2","402","11","25","132","2020","Jacob Murphy","Right Winger","England","Newcastle United","26","29","0","0","0","26","3","0","1626","2","179","3500000.0","4000000.0","500000.0","3.5","4.0","0.5"
"2","481","2","25","132","2020","Jonjo Shelvey","Central Midfield","England","Newcastle United","29","32","0","0","0","30","3","0","2617","1","184","14500000.0","13000000.0","-1500000.0","14.5","13.0","-1.5"
"2","62","4","25","132","2020","Andy Carroll","Centre-Forward","England","Newcastle United","32","36","0","0","0","18","0","0","392","1","194","3200000.0","1500000.0","-1700000.0","3.2","1.5","-1.7"
"2","409","3","25","132","2020","Jamaal Lascelles","Centre-Back","England","Newcastle United","27","31","0","0","0","19","0","0","1625","2","188","14500000.0","13000000.0","-1500000.0","14.5","13.0","-1.5"
"2","241","4","25","132","2020","Dwight Gayle","Centre-Forward","England","Newcastle United","31","35","0","0","0","18","1","0","514","1","174","8000000.0","4000000.0","-4000000.0","8.0","4.0","-4.0"
"2","41","8","27","132","2020","Allan Saint-Maximin","Left Winger","France","Newcastle United","24","27","0","0","0","25","4","0","1559","3","173","28000000.0","30000000.0","2000000.0","28.0","30.0","2.0"
"2","436","2","38","132","2020","Jeff Hendrick","Central Midfield","Ireland","Newcastle United","29","32","0","0","0","22","1","0","1423","2","185","9000000.0","9000000.0","0.0","9.0","9.0","0.0"
"2","169","3","38","132","2020","Ciaran Clark","Centre-Back","Ireland","Newcastle United","31","35","0","0","0","22","0","0","1891","1","185","4800000.0","3000000.0","-1800000.0","4.8","3.0","-1.8"
"2","677","11","54","132","2020","Miguel Almiron","Right Winger","Paraguay","Newcastle United","27","30","0","0","0","34","1","0","2428","4","174","16000000.0","17500000.0","1500000.0","16.0","17.5","1.5"
"2","257","12","64","132","2020","Emil Krafth","Right-Back","Sweden","Newcastle United","26","30","0","0","0","16","0","0","1288","1","184","4000000.0","3500000.0","-500000.0","4.0","3.5","-0.5"
"2","282","3","65","132","2020","Fabian Schar","Centre-Back","Switzerland","Newcastle United","29","33","0","0","0","18","0","1","1246","1","186","13000000.0","9000000.0","-4000000.0","13.0","9.0","-4.0"
"2","763","9","74","132","2020","Paul Dummett","Left-Back","Wales","Newcastle United","29","33","0","0","0","15","0","0","1255","1","183","4500000.0","3000000.0","-1500000.0","4.5","3.0","-1.5"
"2","194","4","13","170","2020","Daniel Jebbison","Centre-Forward","Canada","Sheffield United","17","21","0","1","-1","4","0","0","284","1","190","","1000000.0","1000000.0","0.0","1.0","1.0"
"2","113","4","25","170","2020","Billy Sharp","Centre-Forward","England","Sheffield United","35","38","0","1","-1","16","0","2","734","3","175","1000000.0","500000.0","-500000.0","1.0","0.5","-0.5"
"2","432","12","25","170","2020","Jayden Bogle","Right-Back","England","Sheffield United","20","24","0","1","-1","16","0","0","1110","2","178","6300000.0","7000000.0","700000.0","6.3","7.0","0.7"
"2","102","2","25","170","2020","Ben Osborn","Central Midfield","England","Sheffield United","26","30","0","1","-1","24","0","0","1604","1","176","2000000.0","2000000.0","0.0","2.0","2.0","0.0"
"2","526","3","25","170","2020","Kean Bryan","Centre-Back","England","Sheffield United","24","28","0","1","-1","13","0","0","1004","1","185","250000.0","2000000.0","1750000.0","0.25","2.0","1.75"
"2","207","4","38","170","2020","David McGoldrick","Centre-Forward","Ireland","Sheffield United","33","37","0","1","-1","35","1","0","2397","8","184","2000000.0","1500000.0","-500000.0","2.0","1.5","-0.5"
"2","850","5","53","170","2020","Sander Berge","Defensive Midfield","Norway","Sheffield United","23","26","0","1","-1","15","1","1","1120","1","195","18000000.0","18000000.0","0.0","18.0","18.0","0.0"
"2","737","11","58","170","2020","Oliver Burke","Right Winger","Scotland","Sheffield United","24","27","0","1","-1","25","1","0","1270","1","188","5500000.0","6000000.0","500000.0","5.5","6.0","0.5"
"2","736","4","58","170","2020","Oli McBurnie","Centre-Forward","Scotland","Sheffield United","24","28","0","1","-1","23","0","0","1324","1","188","12000000.0","10000000.0","-2000000.0","12.0","10.0","-2.0"
"2","425","3","21","174","2020","Jannik Vestergaard","Centre-Back","Denmark","Southampton FC","28","32","-2","0","-1","30","0","0","2575","3","199","12000000.0","18000000.0","6000000.0","12.0","18.0","6.0"
"2","197","4","25","174","2020","Danny Ings","Centre-Forward","England","Southampton FC","28","32","-2","0","-1","29","4","2","2173","12","177","20000000.0","22000000.0","2000000.0","20.0","22.0","2.0"
"2","712","11","25","174","2020","Nathan Redmond","Right Winger","England","Southampton FC","27","30","-2","0","-1","29","3","0","1738","2","173","18000000.0","18000000.0","0.0","18.0","18.0","0.0"
"2","419","2","25","174","2020","James Ward-Prowse","Central Midfield","England","Southampton FC","26","30","-2","0","-1","38","7","3","3420","8","177","18000000.0","30000000.0","12000000.0","18.0","30.0","12.0"
"2","699","8","45","174","2020","Moussa Djenepo","Left Winger","Mali","Southampton FC","22","26","-2","0","-1","27","0","0","1240","1","177","13000000.0","13000000.0","0.0","13.0","13.0","0.0"
"2","713","10","50","174","2020","Nathan Tella","Right Midfield","Nigeria","Southampton FC","21","25","-2","0","-1","18","1","0","745","1","173","750000.0","2000000.0","1250000.0","0.75","2.0","1.25"
"2","423","3","55","174","2020","Jan Bednarek","Centre-Back","Poland","Southampton FC","25","28","-2","0","-1","36","1","0","3101","1","189","15000000.0","25000000.0","10000000.0","15.0","25.0","10.0"
"2","151","4","58","174","2020","Che Adams","Centre-Forward","Scotland","Southampton FC","24","28","-2","0","-1","36","5","0","2667","9","179","12000000.0","20000000.0","8000000.0","12.0","20.0","8.0"
"2","889","2","58","174","2020","Stuart Armstrong","Central Midfield","Scotland","Southampton FC","29","32","-2","0","-1","33","5","0","2764","4","183","6500000.0","8000000.0","1500000.0","6.5","8.0","1.5"
"2","746","5","63","174","2020","Oriol Romeu","Defensive Midfield","Spain","Southampton FC","29","33","-2","0","-1","21","1","0","1763","1","183","8000000.0","6000000.0","-2000000.0","8.0","6.0","-2.0"
"2","340","2","4","188","2020","Giovani Lo Celso","Central Midfield","Argentina","Tottenham Hotspur","25","28","-2","0","-1","18","1","0","945","1","177","35000000.0","27000000.0","-8000000.0","35.0","27.0","-8.0"
"2","269","11","4","188","2020","Erik Lamela","Right Winger","Argentina","Tottenham Hotspur","29","32","-2","0","-1","23","0","0","718","1","184","16000000.0","16000000.0","0.0","16.0","16.0","0.0"
"2","918","3","8","188","2020","Toby Alderweireld","Centre-Back","Belgium","Tottenham Hotspur","32","35","-2","0","-1","25","0","0","2240","1","187","20000000.0","11000000.0","-9000000.0","20.0","11.0","-9.0"
"2","575","11","10","188","2020","Lucas Moura","Right Winger","Brazil","Tottenham Hotspur","28","32","-2","0","-1","30","4","0","1411","3","172","25000000.0","25000000.0","0.0","25.0","25.0","0.0"
"2","141","4","10","188","2020","Carlos Vinicius","Centre-Forward","Brazil","Tottenham Hotspur","26","29","-2","0","-1","9","0","0","309","1","190","20000000.0","18000000.0","-2000000.0","20.0","18.0","-2.0"
"2","866","12","16","188","2020","Serge Aurier","Right-Back","Cote dIvoire","Tottenham Hotspur","28","32","-2","0","-1","19","3","0","1605","2","176","16000000.0","20000000.0","4000000.0","16.0","20.0","4.0"
"2","779","5","21","188","2020","Pierre-Emile Hojbjerg","Defensive Midfield","Denmark","Tottenham Hotspur","25","29","-2","0","-1","38","4","0","3420","2","185","20000000.0","40000000.0","20000000.0","20.0","40.0","20.0"
"2","359","4","25","188","2020","Harry Kane","Centre-Forward","England","Tottenham Hotspur","27","31","-2","0","-1","35","14","4","3082","23","188","120000000.0","120000000.0","0.0","120.0","120.0","0.0"
"2","898","2","27","188","2020","Tanguy Ndombele","Central Midfield","France","Tottenham Hotspur","24","28","-2","0","-1","33","2","0","2091","3","181","45000000.0","50000000.0","5000000.0","45.0","50.0","5.0"
"2","369","8","43","188","2020","Heung-min Son","Left Winger","Korea, South","Tottenham Hotspur","28","32","-2","0","-1","37","10","1","3114","17","184","75000000.0","85000000.0","10000000.0","75.0","85.0","10.0"
"2","888","8","48","188","2020","Steven Bergwijn","Left Winger","Netherlands","Tottenham Hotspur","23","27","-2","0","-1","21","3","0","1208","1","171","28000000.0","22000000.0","-6000000.0","28.0","22.0","-6.0"
"2","322","11","74","188","2020","Gareth Bale","Right Winger","Wales","Tottenham Hotspur","31","35","-2","0","-1","20","2","0","920","11","186","28000000.0","18000000.0","-10000000.0","28.0","18.0","-10.0"
"2","640","1","10","197","2020","Matheus Pereira","Attacking Midfield","Brazil","West Bromwich Albion","25","28","-2","1","-1","33","6","4","2578","11","175","13000000.0","15000000.0","2000000.0","13.0","15.0","2.0"
"2","346","11","20","197","2020","Grady Diangana","Right Winger","DR Congo","West Bromwich Albion","23","26","-2","1","-1","20","0","0","1235","1","180","12000000.0","10000000.0","-2000000.0","12.0","10.0","-2.0"
"2","550","3","25","197","2020","Kyle Bartley","Centre-Back","England","West Bromwich Albion","30","33","-2","1","-1","30","1","0","2584","3","194","2800000.0","2500000.0","-300000.0","2.8","2.5","-0.3"
"2","200","12","25","197","2020","Darnell Furlong","Right-Back","England","West Bromwich Albion","25","29","-2","1","-1","35","3","0","2931","1","183","3200000.0","5000000.0","1800000.0","3.2","5.0","1.8"
"2","176","2","25","197","2020","Conor Gallagher","Central Midfield","England","West Bromwich Albion","21","24","-2","1","-1","30","2","0","2531","2","182","5400000.0","15000000.0","9600000.0","5.4","15.0","9.6"
"2","523","4","25","197","2020","Karlan Grant","Centre-Forward","England","West Bromwich Albion","23","27","-2","1","-1","21","0","0","1127","1","183","8000000.0","8000000.0","0.0","8.0","8.0","0.0"
"2","134","4","38","197","2020","Callum Robinson","Centre-Forward","Ireland","West Bromwich Albion","26","29","-2","1","-1","28","0","0","1560","5","178","8000000.0","6000000.0","-2000000.0","8.0","6.0","-2.0"
"2","864","3","50","197","2020","Semi Ajayi","Centre-Back","Nigeria","West Bromwich Albion","27","31","-2","1","-1","33","0","0","2781","2","193","5000000.0","6000000.0","1000000.0","5.0","6.0","1.0"
"2","647","11","58","197","2020","Matt Phillips","Right Winger","Scotland","West Bromwich Albion","30","33","-2","1","-1","33","1","0","1828","2","183","5500000.0","4000000.0","-1500000.0","5.5","4.0","-1.5"
"2","662","4","59","197","2020","Mbaye Diagne","Centre-Forward","Senegal","West Bromwich Albion","29","33","-2","1","-1","16","2","0","1188","3","191","3200000.0","3000000.0","-200000.0","3.2","3.0","-0.2"
"2","355","4","74","197","2020","Hal Robson-Kanu","Centre-Forward","Wales","West Bromwich Albion","32","35","-2","1","-1","19","0","0","562","2","183","2400000.0","0.0","-2400000.0","2.4","0.0","-2.4"
"2","840","8","2","199","2020","Said Benrahma","Left Winger","Algeria","West Ham United","25","29","4","0","1","30","6","0","1391","1","172","22000000.0","22000000.0","0.0","22.0","22.0","0.0"
"2","605","1","4","199","2020","Manuel Lanzini","Attacking Midfield","Argentina","West Ham United","28","31","4","0","1","17","1","0","568","1","170","14000000.0","10000000.0","-4000000.0","14.0","10.0","-4.0"
"2","862","4","16","199","2020","Sebastien Haller","Centre-Forward","Cote dIvoire","West Ham United","26","30","4","0","1","16","0","0","937","3","190","30000000.0","27000000.0","-3000000.0","30.0","27.0","-3.0"
"2","925","5","19","199","2020","Tomas Soucek","Defensive Midfield","Czech Republic","West Ham United","26","29","4","0","1","38","1","0","3420","10","192","18000000.0","40000000.0","22000000.0","18.0","40.0","22.0"
"2","178","3","25","199","2020","Craig Dawson","Centre-Back","England","West Ham United","31","34","4","0","1","22","0","0","1926","3","188","4000000.0","3000000.0","-1000000.0","4.0","3.0","-1.0"
"2","428","11","25","199","2020","Jarrod Bowen","Right Winger","England","West Ham United","24","28","4","0","1","38","5","0","2561","8","176","25000000.0","30000000.0","5000000.0","25.0","30.0","5.0"
"2","213","2","25","199","2020","Declan Rice","Central Midfield","England","West Ham United","22","26","4","0","1","32","1","1","2879","2","188","55000000.0","70000000.0","15000000.0","55.0","70.0","15.0"
"2","833","12","25","199","2020","Ryan Fredericks","Right-Back","England","West Ham United","28","32","4","0","1","14","1","0","569","1","181","4000000.0","2500000.0","-1500000.0","4.0","2.5","-1.5"
"2","100","12","25","199","2020","Ben Johnson","Right-Back","England","West Ham United","21","25","4","0","1","14","0","0","523","1","184","1000000.0","3000000.0","2000000.0","1.0","3.0","2.0"
"2","387","3","27","199","2020","Issa Diop","Centre-Back","France","West Ham United","24","28","4","0","1","18","0","0","1381","2","194","25000000.0","18000000.0","-7000000.0","25.0","18.0","-7.0"
"2","65","3","40","199","2020","Angelo Ogbonna","Centre-Back","Italy","West Ham United","33","36","4","0","1","28","0","0","2492","3","191","5000000.0","2500000.0","-2500000.0","5.0","2.5","-2.5"
"2","673","4","41","199","2020","Michail Antonio","Centre-Forward","Jamaica","West Ham United","31","34","4","0","1","26","5","0","1974","10","180","12000000.0","12000000.0","0.0","12.0","12.0","0.0"
"2","281","3","54","199","2020","Fabian Balbuena","Centre-Back","Paraguay","West Ham United","29","33","4","0","1","14","0","0","1199","1","189","8000000.0","5000000.0","-3000000.0","8.0","5.0","-3.0"
"2","750","1","63","199","2020","Pablo Fornals","Attacking Midfield","Spain","West Ham United","25","28","4","0","1","33","4","0","2572","5","178","18000000.0","18000000.0","0.0","18.0","18.0","0.0"
"2","792","9","2","202","2020","Rayan Ait-Nouri","Left-Back","Algeria","Wolverhampton Wanderers","19","23","2","0","1","21","1","0","1404","1","180","20000000.0","18000000.0","-2000000.0","20.0","18.0","-2.0"
"2","555","5","8","202","2020","Leander Dendoncker","Defensive Midfield","Belgium","Wolverhampton Wanderers","26","29","2","0","1","33","0","0","2503","1","188","28000000.0","30000000.0","2000000.0","28.0","30.0","2.0"
"2","966","4","10","202","2020","Willian Jose","Centre-Forward","Brazil","Wolverhampton Wanderers","29","33","2","0","1","17","0","0","1110","1","186","24000000.0","18000000.0","-6000000.0","24.0","18.0","-6.0"
"2","967","3","16","202","2020","Willy Boly","Centre-Back","Cote dIvoire","Wolverhampton Wanderers","30","33","2","0","1","21","1","0","1879","1","195","16000000.0","14000000.0","-2000000.0","16.0","14.0","-2.0"
"2","175","3","25","202","2020","Conor Coady","Centre-Back","England","Wolverhampton Wanderers","28","31","2","0","1","37","0","0","3303","1","185","18000000.0","25000000.0","7000000.0","18.0","25.0","7.0"
"2","691","1","25","202","2020","Morgan Gibbs-White","Attacking Midfield","England","Wolverhampton Wanderers","21","25","2","0","1","11","0","0","414","1","171","6000000.0","7000000.0","1000000.0","6.0","7.0","1.0"
"2","791","4","46","202","2020","Raul Jimenez","Centre-Forward","Mexico","Wolverhampton Wanderers","29","33","2","0","1","10","0","0","823","4","187","40000000.0","28000000.0","-12000000.0","40.0","28.0","-12.0"
"2","820","3","47","202","2020","Romain Saiss","Centre-Back","Morocco","Wolverhampton Wanderers","31","34","2","0","1","27","0","0","2407","3","188","8000000.0","10000000.0","2000000.0","8.0","10.0","2.0"
"2","285","4","56","202","2020","Fabio Silva","Centre-Forward","Portugal","Wolverhampton Wanderers","18","22","2","0","1","32","3","1","1369","4","185","12000000.0","25000000.0","13000000.0","12.0","25.0","13.0"
"2","828","5","56","202","2020","Ruben Neves","Defensive Midfield","Portugal","Wolverhampton Wanderers","24","27","2","0","1","36","1","3","2675","5","180","50000000.0","45000000.0","-5000000.0","50.0","45.0","-5.0"
"2","769","11","56","202","2020","Pedro Neto","Right Winger","Portugal","Wolverhampton Wanderers","21","24","2","0","1","31","6","0","2550","5","174","15000000.0","35000000.0","20000000.0","15.0","35.0","20.0"
"2","195","11","56","202","2020","Daniel Podence","Right Winger","Portugal","Wolverhampton Wanderers","25","29","2","0","1","24","2","0","1661","3","170","17000000.0","25000000.0","8000000.0","17.0","25.0","8.0"
"2","454","2","56","202","2020","Joao Moutinho","Central Midfield","Portugal","Wolverhampton Wanderers","34","38","2","0","1","33","1","0","2529","1","170","5000000.0","4000000.0","-1000000.0","5.0","4.0","-1.0"
"2","717","12","56","202","2020","Nelson Semedo","Right-Back","Portugal","Wolverhampton Wanderers","27","31","2","0","1","34","1","0","2983","1","177","40000000.0","28000000.0","-12000000.0","40.0","28.0","-12.0"
"2","16","11","63","202","2020","Adama Traore","Right Winger","Spain","Wolverhampton Wanderers","25","29","2","0","1","37","2","0","2649","2","178","35000000.0","30000000.0","-5000000.0","35.0","30.0","-5.0"
"2","316","8","10","21","2021","Gabriel Martinelli","Left Winger","Brazil","Arsenal FC","20","23","0","0","0","29","6","1","1861","6","178","28000000.0","40000000.0","12000000.0","28.0","40.0","12.0"
"2","315","3","10","21","2021","Gabriel Magalhces","Centre-Back","Brazil","Arsenal FC","24","27","0","0","0","35","0","0","3064","5","190","25000000.0","38000000.0","13000000.0","25.0","38.0","13.0"
"2","724","11","16","21","2021","Nicolas Pepe","Right Winger","Cote dIvoire","Arsenal FC","26","29","0","0","0","20","2","0","696","1","183","30000000.0","25000000.0","-5000000.0","30.0","25.0","-5.0"
"2","804","3","25","21","2021","Rob Holding","Centre-Back","England","Arsenal FC","26","29","0","0","0","15","0","0","846","1","189","12000000.0","10000000.0","-2000000.0","12.0","10.0","-2.0"
"2","258","1","25","21","2021","Emile Smith Rowe","Attacking Midfield","England","Arsenal FC","21","24","0","0","0","33","2","0","1921","10","182","28000000.0","40000000.0","12000000.0","28.0","40.0","12.0"
"2","245","4","25","21","2021","Eddie Nketiah","Centre-Forward","England","Arsenal FC","22","25","0","0","0","21","1","0","835","5","175","12000000.0","16000000.0","4000000.0","12.0","16.0","4.0"
"2","132","11","25","21","2021","Bukayo Saka","Right Winger","England","Arsenal FC","20","23","0","0","0","38","7","2","2978","11","178","65000000.0","65000000.0","0.0","65.0","65.0","0.0"
"2","34","4","27","21","2021","Alexandre Lacazette","Centre-Forward","France","Arsenal FC","30","33","0","0","0","30","7","2","1781","4","175","22000000.0","15000000.0","-7000000.0","22.0","15.0","-7.0"
"2","778","4","28","21","2021","Pierre-Emerick Aubameyang","Centre-Forward","Gabon","Arsenal FC","32","35","0","0","0","14","1","0","1037","4","187","15000000.0","15000000.0","0.0","15.0","15.0","0.0"
"2","912","5","30","21","2021","Thomas Partey","Defensive Midfield","Ghana","Arsenal FC","28","31","0","0","0","24","1","0","2028","2","185","40000000.0","38000000.0","-2000000.0","40.0","38.0","-2.0"
"2","624","1","53","21","2021","Martin odegaard","Attacking Midfield","Norway","Arsenal FC","23","26","0","0","0","36","4","0","2785","7","178","42000000.0","45000000.0","3000000.0","42.0","45.0","3.0"
"2","146","12","56","21","2021","Cedric Soares","Right-Back","Portugal","Arsenal FC","30","33","0","0","0","21","1","0","1485","1","171","5000000.0","6000000.0","1000000.0","5.0","6.0","1.0"
"2","732","9","56","21","2021","Nuno Tavares","Left-Back","Portugal","Arsenal FC","22","25","0","0","0","22","1","0","1177","1","183","13000000.0","15000000.0","2000000.0","13.0","15.0","2.0"
"2","540","9","58","21","2021","Kieran Tierney","Left-Back","Scotland","Arsenal FC","24","27","0","0","0","22","3","0","1915","1","180","32000000.0","32000000.0","0.0","32.0","32.0","0.0"
"2","347","5","65","21","2021","Granit Xhaka","Defensive Midfield","Switzerland","Arsenal FC","29","32","0","0","0","27","2","0","2328","1","186","20000000.0","20000000.0","0.0","20.0","20.0","0.0"
"2","259","1","4","22","2021","Emiliano Buendia","Attacking Midfield","Argentina","Aston Villa","25","28","-6","0","-1","35","6","0","1897","4","172","35000000.0","32000000.0","-3000000.0","35.0","32.0","-3.0"
"2","238","2","10","22","2021","Douglas Luiz","Central Midfield","Brazil","Aston Villa","24","26","-6","0","-1","34","3","0","2716","2","177","35000000.0","38000000.0","3000000.0","35.0","38.0","3.0"
"2","776","1","10","22","2021","Philippe Coutinho","Attacking Midfield","Brazil","Aston Villa","29","32","-6","0","-1","19","3","0","1330","5","172","20000000.0","20000000.0","0.0","20.0","20.0","0.0"
"2","935","3","25","22","2021","Tyrone Mings","Centre-Back","England","Aston Villa","29","31","-6","0","-1","36","3","0","3189","1","196","32000000.0","30000000.0","-2000000.0","32.0","30.0","-2.0"
"2","280","3","25","22","2021","Ezri Konsa","Centre-Back","England","Aston Villa","24","27","-6","0","-1","29","0","0","2479","2","183","25000000.0","22000000.0","-3000000.0","25.0","22.0","-3.0"
"2","546","3","25","22","2021","Kortney Hause","Centre-Back","England","Aston Villa","26","29","-6","0","-1","7","0","0","397","1","191","5000000.0","4000000.0","-1000000.0","5.0","4.0","-1.0"
"2","197","4","25","22","2021","Danny Ings","Centre-Forward","England","Aston Villa","29","32","-6","0","-1","30","6","1","1898","7","177","22000000.0","20000000.0","-2000000.0","22.0","20.0","-2.0"
"2","403","7","25","22","2021","Jacob Ramsey","Left Midfield","England","Aston Villa","20","23","-6","0","-1","34","1","0","2468","6","180","8000000.0","25000000.0","17000000.0","8.0","25.0","17.0"
"2","741","4","25","22","2021","Ollie Watkins","Centre-Forward","England","Aston Villa","26","29","-6","0","-1","35","2","1","2952","11","180","35000000.0","35000000.0","0.0","35.0","35.0","0.0"
"2","557","11","41","22","2021","Leon Bailey","Right Winger","Jamaica","Aston Villa","24","27","-6","0","-1","18","2","0","760","1","178","32000000.0","25000000.0","-7000000.0","32.0","25.0","-7.0"
"2","653","12","55","22","2021","Matty Cash","Right-Back","Poland","Aston Villa","24","27","-6","0","-1","38","3","0","3377","4","185","22000000.0","25000000.0","3000000.0","22.0","25.0","3.0"
"2","474","2","58","22","2021","John McGinn","Central Midfield","Scotland","Aston Villa","27","30","-6","0","-1","35","4","0","3090","3","178","30000000.0","32000000.0","2000000.0","30.0","32.0","2.0"
"2","130","11","12","41","2021","Bryan Mbeumo","Right Winger","Cameroon","Brentford FC","22","25","7","0","1","35","7","1","2905","4","171","16000000.0","22000000.0","6000000.0","16.0","22.0","6.0"
"2","985","3","21","41","2021","Zanka","Centre-Back","Denmark","Brentford FC","31","34","7","0","1","8","0","0","518","1","189","1500000.0","1200000.0","-300000.0","1.5","1.2","-0.3"
"2","161","2","21","41","2021","Christian Eriksen","Central Midfield","Denmark","Brentford FC","30","32","7","0","1","11","4","0","939","1","182","15000000.0","20000000.0","5000000.0","15.0","20.0","5.0"
"2","597","12","21","41","2021","Mads Roerslev","Right-Back","Denmark","Brentford FC","22","25","7","0","1","21","1","0","1240","1","184","1500000.0","2500000.0","1000000.0","1.5","2.5","1.0"
"2","163","5","21","41","2021","Christian Norgaard","Defensive Midfield","Denmark","Brentford FC","28","30","7","0","1","35","4","0","3054","3","187","6000000.0","14000000.0","8000000.0","6.0","14.0","8.0"
"2","976","4","20","41","2021","Yoane Wissa","Centre-Forward","DR Congo","Brentford FC","25","28","7","0","1","30","1","0","1284","7","176","10000000.0","12000000.0","2000000.0","10.0","12.0","2.0"
"2","391","4","25","41","2021","Ivan Toney","Centre-Forward","England","Brentford FC","26","28","7","0","1","33","5","5","2909","12","185","32000000.0","35000000.0","3000000.0","32.0","35.0","3.0"
"2","800","9","25","41","2021","Rico Henry","Left-Back","England","Brentford FC","24","27","7","0","1","34","0","0","2776","3","170","10000000.0","20000000.0","10000000.0","10.0","20.0","10.0"
"2","950","5","29","41","2021","Vitaly Janelt","Defensive Midfield","Germany","Brentford FC","24","26","7","0","1","31","0","0","2298","4","184","10000000.0","14000000.0","4000000.0","10.0","14.0","4.0"
"2","873","2","32","41","2021","Shandon Baptiste","Central Midfield","Grenada","Brentford FC","24","26","7","0","1","22","0","0","912","1","180","1000000.0","3000000.0","2000000.0","1.0","3.0","2.0"
"2","844","1","37","41","2021","Saman Ghoddos","Attacking Midfield","Iran","Brentford FC","28","31","7","0","1","17","1","0","536","1","175","3000000.0","2500000.0","-500000.0","3.0","2.5","-0.5"
"2","274","3","41","41","2021","Ethan Pinnock","Centre-Back","Jamaica","Brentford FC","28","31","7","0","1","32","1","0","2694","1","194","10000000.0","12000000.0","2000000.0","10.0","12.0","2.0"
"2","547","3","53","41","2021","Kristoffer Ajer","Centre-Back","Norway","Brentford FC","24","26","7","0","1","24","2","0","1980","1","198","17000000.0","18000000.0","1000000.0","17.0","18.0","1.0"
"2","869","8","63","41","2021","Sergi Canos","Left Winger","Spain","Brentford FC","25","27","7","0","1","31","2","0","2084","3","177","14000000.0","14000000.0","0.0","14.0","14.0","0.0"
"2","780","3","64","41","2021","Pontus Jansson","Centre-Back","Sweden","Brentford FC","31","33","7","0","1","37","2","0","3321","3","196","6000000.0","7000000.0","1000000.0","6.0","7.0","1.0"
"2","35","2","4","43","2021","Alexis Mac Allister","Central Midfield","Argentina","Brighton & Hove Albion","23","26","7","0","1","33","2","2","2122","5","176","10000000.0","16000000.0","6000000.0","10.0","16.0","6.0"
"2","556","8","8","43","2021","Leandro Trossard","Left Winger","Belgium","Brighton & Hove Albion","27","30","7","0","1","34","3","1","2802","8","172","17000000.0","20000000.0","3000000.0","17.0","20.0","3.0"
"2","690","5","23","43","2021","Moises Caicedo","Defensive Midfield","Ecuador","Brighton & Hove Albion","20","23","7","0","1","8","1","0","660","1","178","","6000000.0","6000000.0","0.0","6.0","6.0"
"2","561","3","25","43","2021","Lewis Dunk","Centre-Back","England","Brighton & Hove Albion","30","33","7","0","1","29","0","0","2574","1","192","22000000.0","20000000.0","-2000000.0","22.0","20.0","-2.0"
"2","15","3","25","43","2021","Adam Webster","Centre-Back","England","Brighton & Hove Albion","27","30","7","0","1","22","0","0","1435","2","190","18000000.0","17000000.0","-1000000.0","18.0","17.0","-1.0"
"2","198","4","25","43","2021","Danny Welbeck","Centre-Forward","England","Brighton & Hove Albion","31","34","7","0","1","25","2","0","1477","6","185","3000000.0","4000000.0","1000000.0","3.0","4.0","1.0"
"2","715","4","27","43","2021","Neal Maupay","Centre-Forward","France","Brighton & Hove Albion","25","28","7","0","1","32","2","1","2275","8","171","20000000.0","18000000.0","-2000000.0","20.0","18.0","-2.0"
"2","754","2","29","43","2021","Pascal Gross","Central Midfield","Germany","Brighton & Hove Albion","30","33","7","0","1","29","4","0","2038","2","181","7000000.0","6000000.0","-1000000.0","7.0","6.0","-1.0"
"2","874","3","38","43","2021","Shane Duffy","Centre-Back","Ireland","Brighton & Hove Albion","30","33","7","0","1","18","0","0","1436","1","193","5000000.0","5000000.0","0.0","5.0","5.0","0.0"
"2","981","5","45","43","2021","Yves Bissouma","Defensive Midfield","Mali","Brighton & Hove Albion","25","28","7","0","1","26","2","0","2111","1","182","25000000.0","35000000.0","10000000.0","25.0","35.0","10.0"
"2","466","12","48","43","2021","Joel Veltman","Right-Back","Netherlands","Brighton & Hove Albion","30","33","7","0","1","34","1","0","2874","1","184","8000000.0","10000000.0","2000000.0","8.0","10.0","2.0"
"2","607","9","63","43","2021","Marc Cucurella","Left-Back","Spain","Brighton & Hove Albion","23","26","7","0","1","35","1","0","3089","1","173","20000000.0","28000000.0","8000000.0","20.0","28.0","8.0"
"2","265","2","75","43","2021","Enock Mwepu","Central Midfield","Zambia","Brighton & Hove Albion","24","27","7","0","1","18","4","0","996","2","184","20000000.0","18000000.0","-2000000.0","20.0","18.0","-2.0"
"2","661","8","16","46","2021","Maxwel Cornet","Left Winger","Cote dIvoire","Burnley FC","25","28","-1","1","-1","26","1","0","1766","9","179","14000000.0","15000000.0","1000000.0","14.0","15.0","1.0"
"2","631","4","19","46","2021","Matej Vydra","Centre-Forward","Czech Republic","Burnley FC","29","32","-1","1","-1","22","3","0","680","2","180","3000000.0","2000000.0","-1000000.0","3.0","2.0","-1.0"
"2","3","11","25","46","2021","Aaron Lennon","Right Winger","England","Burnley FC","35","37","-1","1","-1","28","0","0","1551","2","165","1000000.0","1000000.0","0.0","1.0","1.0","0.0"
"2","431","4","25","46","2021","Jay Rodriguez","Centre-Forward","England","Burnley FC","32","35","-1","1","-1","29","2","0","1379","2","185","3000000.0","2000000.0","-1000000.0","3.0","2.0","-1.0"
"2","489","2","25","46","2021","Josh Brownhill","Central Midfield","England","Burnley FC","26","29","-1","1","-1","35","3","0","2955","2","179","7000000.0","7000000.0","0.0","7.0","7.0","0.0"
"2","86","4","25","46","2021","Ashley Barnes","Centre-Forward","England","Burnley FC","32","35","-1","1","-1","23","0","1","808","1","185","2000000.0","1500000.0","-500000.0","2.0","1.5","-0.5"
"2","394","5","25","46","2021","Jack Cork","Defensive Midfield","England","Burnley FC","32","35","-1","1","-1","20","0","0","1670","1","185","3000000.0","1800000.0","-1200000.0","3.0","1.8","-1.2"
"2","417","3","25","46","2021","James Tarkowski","Centre-Back","England","Burnley FC","29","32","-1","1","-1","35","2","0","3106","1","185","22000000.0","22000000.0","0.0","22.0","22.0","0.0"
"2","651","12","25","46","2021","Matthew Lowton","Right-Back","England","Burnley FC","32","35","-1","1","-1","25","2","0","1774","1","180","2000000.0","1200000.0","-800000.0","2.0","1.2","-0.8"
"2","101","3","25","46","2021","Ben Mee","Centre-Back","England","Burnley FC","32","35","-1","1","-1","21","0","0","1839","3","180","4000000.0","2500000.0","-1500000.0","4.0","2.5","-1.5"
"2","710","3","38","46","2021","Nathan Collins","Centre-Back","Ireland","Burnley FC","21","23","-1","1","-1","19","0","0","1671","2","193","8000000.0","10000000.0","2000000.0","8.0","10.0","2.0"
"2","971","4","48","46","2021","Wout Weghorst","Centre-Forward","Netherlands","Burnley FC","29","32","-1","1","-1","20","3","0","1450","2","197","20000000.0","14000000.0","-6000000.0","20.0","14.0","-6.0"
"2","172","12","74","46","2021","Connor Roberts","Right-Back","Wales","Burnley FC","26","29","-1","1","-1","21","1","0","1691","1","175","3000000.0","2500000.0","-500000.0","3.0","2.5","-0.5"
"2","821","4","8","50","2021","Romelu Lukaku","Centre-Forward","Belgium","Chelsea FC","29","31","-1","0","-1","26","0","1","1589","8","191","100000000.0","70000000.0","-30000000.0","100.0","70.0","-30.0"
"2","909","3","10","50","2021","Thiago Silva","Centre-Back","Brazil","Chelsea FC","37","40","-1","0","-1","32","0","0","2650","3","181","2500000.0","2500000.0","0.0","2.5","2.5","0.0"
"2","633","2","17","50","2021","Mateo Kovacic","Central Midfield","Croatia","Chelsea FC","28","30","-1","0","-1","25","5","0","1558","2","177","45000000.0","42000000.0","-3000000.0","45.0","42.0","-3.0"
"2","629","1","25","50","2021","Mason Mount","Attacking Midfield","England","Chelsea FC","23","26","-1","0","-1","32","10","1","2363","11","181","75000000.0","75000000.0","0.0","75.0","75.0","0.0"
"2","825","2","25","50","2021","Ross Barkley","Central Midfield","England","Chelsea FC","28","31","-1","0","-1","6","0","0","179","1","189","17000000.0","12000000.0","-5000000.0","17.0","12.0","-5.0"
"2","133","8","25","50","2021","Callum Hudson-Odoi","Left Winger","England","Chelsea FC","21","24","-1","0","-1","15","2","0","962","1","178","32000000.0","25000000.0","-7000000.0","32.0","25.0","-7.0"
"2","97","9","25","50","2021","Ben Chilwell","Left-Back","England","Chelsea FC","25","28","-1","0","-1","7","1","0","542","3","180","38000000.0","38000000.0","0.0","38.0","38.0","0.0"
"2","929","3","25","50","2021","Trevoh Chalobah","Centre-Back","England","Chelsea FC","22","25","-1","0","-1","20","1","0","1448","3","192","10000000.0","20000000.0","10000000.0","10.0","20.0","10.0"
"2","793","12","25","50","2021","Reece James","Right-Back","England","Chelsea FC","22","25","-1","0","-1","26","9","0","1865","5","180","45000000.0","60000000.0","15000000.0","45.0","60.0","15.0"
"2","705","5","27","50","2021","NGolo Kante","Defensive Midfield","France","Chelsea FC","31","33","-1","0","-1","26","4","0","1773","2","168","50000000.0","40000000.0","-10000000.0","50.0","40.0","-10.0"
"2","74","3","29","50","2021","Antonio Rudiger","Centre-Back","Germany","Chelsea FC","29","31","-1","0","-1","34","0","0","3035","3","190","35000000.0","40000000.0","5000000.0","35.0","40.0","5.0"
"2","515","4","29","50","2021","Kai Havertz","Centre-Forward","Germany","Chelsea FC","22","25","-1","0","-1","29","3","0","1809","8","193","70000000.0","70000000.0","0.0","70.0","70.0","0.0"
"2","915","8","29","50","2021","Timo Werner","Left Winger","Germany","Chelsea FC","26","28","-1","0","-1","21","1","0","1283","4","180","55000000.0","35000000.0","-20000000.0","55.0","35.0","-20.0"
"2","487","5","40","50","2021","Jorginho","Defensive Midfield","Italy","Chelsea FC","30","33","-1","0","-1","29","2","6","2274","6","178","45000000.0","40000000.0","-5000000.0","45.0","40.0","-5.0"
"2","354","11","47","50","2021","Hakim Ziyech","Right Winger","Morocco","Chelsea FC","29","31","-1","0","-1","23","3","0","1319","4","180","35000000.0","28000000.0","-7000000.0","35.0","28.0","-7.0"
"2","149","3","63","50","2021","Cesar Azpilicueta","Centre-Back","Spain","Chelsea FC","32","35","-1","0","-1","27","2","0","2070","1","178","11000000.0","9000000.0","-2000000.0","11.0","9.0","-2.0"
"2","612","9","63","50","2021","Marcos Alonso","Left-Back","Spain","Chelsea FC","31","34","-1","0","-1","28","5","0","2167","4","188","15000000.0","12000000.0","-3000000.0","15.0","12.0","-3.0"
"2","164","11","71","50","2021","Christian Pulisic","Right Winger","United States","Chelsea FC","23","26","-1","0","-1","22","2","0","1290","6","177","45000000.0","42000000.0","-3000000.0","45.0","42.0","-3.0"
"2","160","4","8","57","2021","Christian Benteke","Centre-Forward","Belgium","Crystal Palace","31","34","0","0","0","25","1","0","1146","4","190","7000000.0","6000000.0","-1000000.0","7.0","6.0","-1.0"
"2","962","8","16","57","2021","Wilfried Zaha","Left Winger","Cote dIvoire","Crystal Palace","29","32","0","0","0","33","1","5","2762","14","180","40000000.0","38000000.0","-2000000.0","40.0","38.0","-2.0"
"2","418","3","25","57","2021","James Tomkins","Centre-Back","England","Crystal Palace","33","35","0","0","0","8","0","0","547","1","192","2000000.0","1500000.0","-500000.0","2.0","1.5","-0.5"
"2","608","3","25","57","2021","Marc Guehi","Centre-Back","England","Crystal Palace","21","24","0","0","0","36","1","0","3222","2","182","20000000.0","32000000.0","12000000.0","20.0","32.0","12.0"
"2","244","1","25","57","2021","Eberechi Eze","Attacking Midfield","England","Crystal Palace","23","26","0","0","0","13","1","0","605","1","178","20000000.0","22000000.0","2000000.0","20.0","22.0","2.0"
"2","176","2","25","57","2021","Conor Gallagher","Central Midfield","England","Crystal Palace","22","24","0","0","0","34","3","0","2845","8","182","22000000.0","25000000.0","3000000.0","22.0","25.0","3.0"
"2","671","11","27","57","2021","Michael Olise","Right Winger","France","Crystal Palace","20","23","0","0","0","26","5","0","1140","2","184","18000000.0","22000000.0","4000000.0","18.0","22.0","4.0"
"2","733","4","27","57","2021","Odsonne Edouard","Centre-Forward","France","Crystal Palace","24","27","0","0","0","28","3","1","1563","6","187","17000000.0","17000000.0","0.0","17.0","17.0","0.0"
"2","434","4","27","57","2021","Jean-Philippe Mateta","Centre-Forward","France","Crystal Palace","24","27","0","0","0","22","1","0","1145","5","192","8000000.0","10000000.0","2000000.0","8.0","10.0","2.0"
"2","484","4","30","57","2021","Jordan Ayew","Centre-Forward","Ghana","Crystal Palace","30","33","0","0","0","31","3","0","2020","3","182","6000000.0","6000000.0","0.0","6.0","6.0","0.0"
"2","438","7","30","57","2021","Jeffrey Schlupp","Left Midfield","Ghana","Crystal Palace","29","32","0","0","0","32","1","0","1851","4","178","8000000.0","8000000.0","0.0","8.0","8.0","0.0"
"2","799","4","10","66","2021","Richarlison","Centre-Forward","Brazil","Everton FC","25","27","-9","0","-1","30","5","3","2523","10","184","55000000.0","48000000.0","-7000000.0","55.0","48.0","-7.0"
"2","427","3","25","66","2021","Jarrad Branthwaite","Centre-Back","England","Everton FC","19","22","-9","0","-1","6","0","0","389","1","195","3000000.0","3000000.0","0.0","3.0","3.0","0.0"
"2","922","2","25","66","2021","Tom Davies","Central Midfield","England","Everton FC","23","26","-9","0","-1","6","0","0","236","1","180","18000000.0","18000000.0","0.0","18.0","18.0","0.0"
"2","669","3","25","66","2021","Michael Keane","Centre-Back","England","Everton FC","29","32","-9","0","-1","32","2","0","2793","3","188","25000000.0","20000000.0","-5000000.0","25.0","20.0","-5.0"
"2","61","11","25","66","2021","Andros Townsend","Right Winger","England","Everton FC","30","33","-9","0","-1","21","2","1","1455","3","181","7000000.0","5000000.0","-2000000.0","7.0","5.0","-2.0"
"2","233","4","25","66","2021","Dominic Calvert-Lewin","Centre-Forward","England","Everton FC","25","27","-9","0","-1","17","2","2","1283","5","189","45000000.0","40000000.0","-5000000.0","45.0","40.0","-5.0"
"2","69","8","25","66","2021","Anthony Gordon","Left Winger","England","Everton FC","21","23","-9","0","-1","35","2","0","2285","4","183","8000000.0","20000000.0","12000000.0","8.0","20.0","12.0"
"2","860","12","38","66","2021","Seamus Coleman","Right-Back","Ireland","Everton FC","33","36","-9","0","-1","30","0","0","2656","1","177","3500000.0","3000000.0","-500000.0","3.5","3.0","-0.5"
"2","628","3","41","66","2021","Mason Holgate","Centre-Back","Jamaica","Everton FC","25","28","-9","0","-1","25","1","0","2135","2","187","18000000.0","18000000.0","0.0","18.0","18.0","0.0"
"2","217","8","41","66","2021","Demarai Gray","Left Winger","Jamaica","Everton FC","25","28","-9","0","-1","34","4","0","2338","5","183","15000000.0","22000000.0","7000000.0","15.0","22.0","7.0"
"2","8","2","45","66","2021","Abdoulaye Doucoure","Central Midfield","Mali","Everton FC","29","32","-9","0","-1","30","4","0","2537","2","183","25000000.0","22000000.0","-3000000.0","25.0","22.0","-3.0"
"2","28","8","50","66","2021","Alex Iwobi","Left Winger","Nigeria","Everton FC","26","28","-9","0","-1","28","2","0","2034","2","183","18000000.0","18000000.0","0.0","18.0","18.0","0.0"
"2","949","9","70","66","2021","Vitaliy Mykolenko","Left-Back","Ukraine","Everton FC","22","25","-9","0","-1","13","0","0","1055","1","180","17000000.0","18000000.0","1000000.0","17.0","18.0","1.0"
"2","841","4","73","66","2021","Salomon Rondon","Centre-Forward","Venezuela","Everton FC","32","35","-9","0","-1","20","1","0","791","1","189","5000000.0","2500000.0","-2500000.0","5.0","2.5","-2.5"
"2","136","3","25","79","2021","Calum Chambers","Centre-Back","England","For 2 Clubs","27","30","","","","13","0","0","1001","1","182","12000000.0","10000000.0","-2000000.0","12.0","10.0","-2.0"
"2","216","1","25","79","2021","Dele Alli","Attacking Midfield","England","For 2 Clubs","26","28","","","","21","0","1","995","1","188","25000000.0","16000000.0","-9000000.0","25.0","16.0","-9.0"
"2","188","3","25","79","2021","Dan Burn","Centre-Back","England","For 2 Clubs","30","32","","","","29","1","0","2462","1","201","3500000.0","12000000.0","8500000.0","3.5","12.0","8.5"
"2","649","9","25","79","2021","Matt Targett","Left-Back","England","For 2 Clubs","26","29","","","","33","1","0","2871","1","183","17000000.0","17000000.0","0.0","17.0","17.0","0.0"
"2","549","3","27","79","2021","Kurt Zouma","Centre-Back","France","For 2 Clubs","27","30","","","","24","0","0","2078","1","190","32000000.0","28000000.0","-4000000.0","32.0","28.0","-4.0"
"2","701","2","27","79","2021","Moussa Sissoko","Central Midfield","France","For 2 Clubs","32","35","","","","36","1","0","3220","2","187","8000000.0","4500000.0","-3500000.0","8.0","4.5","-3.5"
"2","236","2","48","79","2021","Donny van de Beek","Central Midfield","Netherlands","For 2 Clubs","25","27","","","","15","0","0","559","2","184","25000000.0","25000000.0","0.0","25.0","25.0","0.0"
"2","76","11","48","79","2021","Anwar El Ghazi","Right Winger","Netherlands","For 2 Clubs","26","29","","","","11","1","1","399","1","189","10000000.0","9000000.0","-1000000.0","10.0","9.0","-1.0"
"2","159","4","49","79","2021","Chris Wood","Centre-Forward","New Zealand","For 2 Clubs","30","33","","","","34","0","1","2695","5","191","6000000.0","10000000.0","4000000.0","6.0","10.0","4.0"
"2","193","11","74","79","2021","Daniel James","Right Winger","Wales","For 2 Clubs","24","27","","","","34","4","0","2492","4","171","18000000.0","18000000.0","0.0","18.0","18.0","0.0"
"2","788","8","10","107","2021","Raphinha","Left Winger","Brazil","Leeds United","25","28","1","0","1","35","3","4","2916","11","176","32000000.0","45000000.0","13000000.0","32.0","45.0","13.0"
"2","462","4","25","107","2021","Joe Gelhardt","Centre-Forward","England","Leeds United","20","22","1","0","1","20","2","0","744","2","179","3000000.0","6000000.0","3000000.0","3.0","6.0","3.0"
"2","756","4","25","107","2021","Patrick Bamford","Centre-Forward","England","Leeds United","28","31","1","0","1","9","2","0","559","2","185","20000000.0","16000000.0","-4000000.0","20.0","16.0","-4.0"
"2","589","12","25","107","2021","Luke Ayling","Right-Back","England","Leeds United","30","33","1","0","1","26","2","0","2273","2","183","4000000.0","4000000.0","0.0","4.0","4.0","0.0"
"2","396","11","25","107","2021","Jack Harrison","Right Winger","England","Leeds United","25","28","1","0","1","35","1","0","2639","8","175","15000000.0","18000000.0","3000000.0","15.0","18.0","3.0"
"2","755","3","48","107","2021","Pascal Struijk","Centre-Back","Netherlands","Leeds United","22","25","1","0","1","29","0","0","2056","1","190","9000000.0","15000000.0","6000000.0","9.0","15.0","6.0"
"2","890","7","52","107","2021","Stuart Dallas","Left Midfield","Northern Ireland","Leeds United","31","33","1","0","1","34","1","0","2919","1","183","4000000.0","4000000.0","0.0","4.0","4.0","0.0"
"2","635","2","55","107","2021","Mateusz Klich","Central Midfield","Poland","Leeds United","31","34","1","0","1","33","2","0","2074","1","183","4000000.0","3000000.0","-1000000.0","4.0","3.0","-1.0"
"2","812","4","63","107","2021","Rodrigo","Centre-Forward","Spain","Leeds United","31","33","1","0","1","31","1","1","2265","6","182","15000000.0","12000000.0","-3000000.0","15.0","12.0","-3.0"
"2","225","3","63","107","2021","Diego Llorente","Centre-Back","Spain","Leeds United","28","31","1","0","1","28","0","0","2340","3","186","18000000.0","18000000.0","0.0","18.0","18.0","0.0"
"2","933","4","74","107","2021","Tyler Roberts","Centre-Forward","Wales","Leeds United","23","26","1","0","1","23","1","0","987","1","180","8000000.0","8000000.0","0.0","8.0","8.0","0.0"
"2","916","12","8","108","2021","Timothy Castagne","Right-Back","Belgium","Leicester City","26","29","1","0","1","27","0","0","2127","1","185","28000000.0","28000000.0","0.0","28.0","28.0","0.0"
"2","977","2","8","108","2021","Youri Tielemans","Central Midfield","Belgium","Leicester City","25","27","1","0","1","32","4","2","2632","6","177","55000000.0","55000000.0","0.0","55.0","55.0","0.0"
"2","422","4","25","108","2021","Jamie Vardy","Centre-Forward","England","Leicester City","35","38","1","0","1","25","2","0","1806","15","179","5000000.0","5000000.0","0.0","5.0","5.0","0.0"
"2","413","1","25","108","2021","James Maddison","Attacking Midfield","England","Leicester City","25","28","1","0","1","35","8","0","2460","12","175","50000000.0","50000000.0","0.0","50.0","50.0","0.0"
"2","542","2","25","108","2021","Kiernan Dewsbury-Hall","Central Midfield","England","Leicester City","23","26","1","0","1","28","2","0","2105","1","176","2000000.0","8000000.0","6000000.0","2.0","8.0","6.0"
"2","606","10","25","108","2021","Marc Albrighton","Right Midfield","England","Leicester City","32","35","1","0","1","17","2","0","1132","1","175","2500000.0","2500000.0","0.0","2.5","2.5","0.0"
"2","363","8","25","108","2021","Harvey Barnes","Left Winger","England","Leicester City","24","27","1","0","1","32","10","0","2101","6","182","32000000.0","32000000.0","0.0","32.0","32.0","0.0"
"2","18","13","50","108","2021","Ademola Lookman","Second Striker","Nigeria","Leicester City","24","27","1","0","1","26","0","0","1453","6","174","9000000.0","10000000.0","1000000.0","9.0","10.0","1.0"
"2","530","4","50","108","2021","Kelechi Iheanacho","Centre-Forward","Nigeria","Leicester City","25","28","1","0","1","26","5","0","1264","4","185","20000000.0","20000000.0","0.0","20.0","20.0","0.0"
"2","482","3","52","108","2021","Jonny Evans","Centre-Back","Northern Ireland","Leicester City","34","37","1","0","1","18","1","0","1348","1","188","5000000.0","4000000.0","-1000000.0","5.0","4.0","-1.0"
"2","797","12","56","108","2021","Ricardo Pereira","Right-Back","Portugal","Leicester City","28","31","1","0","1","14","3","0","991","1","175","25000000.0","20000000.0","-5000000.0","25.0","20.0","-5.0"
"2","93","4","63","108","2021","Ayoze Perez","Centre-Forward","Spain","Leicester City","28","31","1","0","1","14","3","0","446","2","178","15000000.0","10000000.0","-5000000.0","15.0","10.0","-5.0"
"2","989","3","68","108","2021","caglar Soyuncu","Centre-Back","Turkiye","Leicester City","25","28","1","0","1","28","0","0","2497","1","185","45000000.0","40000000.0","-5000000.0","45.0","40.0","-5.0"
"2","761","4","75","108","2021","Patson Daka","Centre-Forward","Zambia","Leicester City","23","26","1","0","1","23","3","0","1158","5","183","22000000.0","20000000.0","-2000000.0","22.0","20.0","-2.0"
"2","230","4","8","112","2021","Divock Origi","Centre-Forward","Belgium","Liverpool FC","27","29","2","0","1","7","1","0","133","3","189","12000000.0","12000000.0","0.0","12.0","12.0","0.0"
"2","808","4","10","112","2021","Roberto Firmino","Centre-Forward","Brazil","Liverpool FC","30","33","2","0","1","20","4","0","988","5","181","40000000.0","32000000.0","-8000000.0","40.0","32.0","-8.0"
"2","283","5","10","112","2021","Fabinho","Defensive Midfield","Brazil","Liverpool FC","28","31","2","0","1","29","1","2","2314","5","188","60000000.0","60000000.0","0.0","60.0","60.0","0.0"
"2","465","3","12","112","2021","Joel Matip","Centre-Back","Cameroon","Liverpool FC","30","33","2","0","1","31","3","0","2790","3","195","18000000.0","18000000.0","0.0","18.0","18.0","0.0"
"2","582","8","15","112","2021","Luis Diaz","Left Winger","Colombia","Liverpool FC","25","28","2","0","1","13","3","0","958","4","180","25000000.0","65000000.0","40000000.0","25.0","65.0","40.0"
"2","686","11","24","112","2021","Mohamed Salah","Right Winger","Egypt","Liverpool FC","29","32","2","0","1","35","13","5","2762","23","175","100000000.0","90000000.0","-10000000.0","100.0","90.0","-10.0"
"2","486","2","25","112","2021","Jordan Henderson","Central Midfield","England","Liverpool FC","31","34","2","0","1","35","5","0","2597","2","182","18000000.0","15000000.0","-3000000.0","18.0","15.0","-3.0"
"2","928","12","25","112","2021","Trent Alexander-Arnold","Right-Back","England","Liverpool FC","23","26","2","0","1","32","12","0","2852","2","175","80000000.0","80000000.0","0.0","80.0","80.0","0.0"
"2","29","2","25","112","2021","Alex Oxlade-Chamberlain","Central Midfield","England","Liverpool FC","28","31","2","0","1","17","1","0","786","2","180","18000000.0","16000000.0","-2000000.0","18.0","16.0","-2.0"
"2","185","2","25","112","2021","Curtis Jones","Central Midfield","England","Liverpool FC","21","24","2","0","1","15","1","0","852","1","185","30000000.0","28000000.0","-2000000.0","30.0","28.0","-2.0"
"2","706","2","33","112","2021","Naby Keita","Central Midfield","Guinea","Liverpool FC","27","29","2","0","1","23","1","0","1173","3","172","30000000.0","25000000.0","-5000000.0","30.0","25.0","-5.0"
"2","896","8","42","112","2021","Takumi Minamino","Left Winger","Japan","Liverpool FC","27","30","2","0","1","11","0","0","186","3","172","12000000.0","12000000.0","0.0","12.0","12.0","0.0"
"2","948","3","48","112","2021","Virgil van Dijk","Centre-Back","Netherlands","Liverpool FC","30","33","2","0","1","34","2","0","3060","3","195","55000000.0","55000000.0","0.0","55.0","55.0","0.0"
"2","229","4","56","112","2021","Diogo Jota","Centre-Forward","Portugal","Liverpool FC","25","28","2","0","1","35","4","0","2365","15","178","60000000.0","60000000.0","0.0","60.0","60.0","0.0"
"2","58","9","58","112","2021","Andrew Robertson","Left-Back","Scotland","Liverpool FC","28","30","2","0","1","29","10","0","2538","3","178","65000000.0","65000000.0","0.0","65.0","65.0","0.0"
"2","838","8","59","112","2021","Sadio Mane","Left Winger","Senegal","Liverpool FC","30","32","2","0","1","34","3","0","2820","16","174","80000000.0","70000000.0","-10000000.0","80.0","70.0","-10.0"
"2","907","2","63","112","2021","Thiago Alcantara","Central Midfield","Spain","Liverpool FC","31","33","2","0","1","25","4","0","1534","1","174","25000000.0","20000000.0","-5000000.0","25.0","20.0","-5.0"
"2","803","11","2","118","2021","Riyad Mahrez","Right Winger","Algeria","Manchester City","31","33","2","0","1","28","5","4","1499","11","179","40000000.0","35000000.0","-5000000.0","40.0","35.0","-5.0"
"2","536","1","8","118","2021","Kevin De Bruyne","Attacking Midfield","Belgium","Manchester City","30","33","2","0","1","30","8","0","2202","15","181","90000000.0","85000000.0","-5000000.0","90.0","85.0","-5.0"
"2","295","5","10","118","2021","Fernandinho","Defensive Midfield","Brazil","Manchester City","37","39","2","0","1","19","1","0","964","2","179","2000000.0","1500000.0","-500000.0","2.0","1.5","-0.5"
"2","313","4","10","118","2021","Gabriel Jesus","Centre-Forward","Brazil","Manchester City","25","27","2","0","1","28","9","1","1877","8","175","60000000.0","50000000.0","-10000000.0","60.0","50.0","-10.0"
"2","785","11","25","118","2021","Raheem Sterling","Right Winger","England","Manchester City","27","30","2","0","1","30","5","2","2128","13","170","85000000.0","70000000.0","-15000000.0","85.0","70.0","-15.0"
"2","475","3","25","118","2021","John Stones","Centre-Back","England","Manchester City","27","30","2","0","1","14","0","0","1119","1","188","28000000.0","28000000.0","0.0","28.0","28.0","0.0"
"2","395","8","25","118","2021","Jack Grealish","Left Winger","England","Manchester City","26","29","2","0","1","26","3","0","1913","3","180","100000000.0","70000000.0","-30000000.0","100.0","70.0","-30.0"
"2","774","11","25","118","2021","Phil Foden","Right Winger","England","Manchester City","21","24","2","0","1","28","5","0","2129","9","171","85000000.0","90000000.0","5000000.0","85.0","90.0","5.0"
"2","990","2","29","118","2021","ilkay Gundogan","Central Midfield","Germany","Manchester City","31","34","2","0","1","27","3","0","1856","8","180","35000000.0","25000000.0","-10000000.0","35.0","25.0","-10.0"
"2","709","3","48","118","2021","Nathan Ake","Centre-Back","Netherlands","Manchester City","27","29","2","0","1","14","0","0","923","2","180","28000000.0","25000000.0","-3000000.0","28.0","25.0","-3.0"
"2","826","3","56","118","2021","Ruben Dias","Centre-Back","Portugal","Manchester City","24","27","2","0","1","29","4","0","2402","2","187","75000000.0","75000000.0","0.0","75.0","75.0","0.0"
"2","457","12","56","118","2021","Joco Cancelo","Right-Back","Portugal","Manchester City","27","30","2","0","1","36","7","0","3227","1","182","60000000.0","65000000.0","5000000.0","60.0","65.0","5.0"
"2","109","1","56","118","2021","Bernardo Silva","Attacking Midfield","Portugal","Manchester City","27","30","2","0","1","35","4","0","2857","8","173","75000000.0","80000000.0","5000000.0","75.0","80.0","5.0"
"2","297","11","63","118","2021","Ferran Torres","Right Winger","Spain","Manchester City","21","24","2","0","1","4","1","0","303","2","184","45000000.0","45000000.0","0.0","45.0","45.0","0.0"
"2","92","3","63","118","2021","Aymeric Laporte","Centre-Back","Spain","Manchester City","27","30","2","0","1","33","0","0","2829","4","191","45000000.0","45000000.0","0.0","45.0","45.0","0.0"
"2","811","5","63","118","2021","Rodri","Defensive Midfield","Spain","Manchester City","25","28","2","0","1","33","2","0","2884","7","191","70000000.0","80000000.0","10000000.0","70.0","80.0","10.0"
"2","310","2","10","119","2021","Fred","Central Midfield","Brazil","Manchester United","29","31","-5","0","-1","28","4","0","2028","4","169","22000000.0","20000000.0","-2000000.0","22.0","20.0","-2.0"
"2","442","1","25","119","2021","Jesse Lingard","Attacking Midfield","England","Manchester United","29","32","-5","0","-1","16","0","0","367","2","174","20000000.0","18000000.0","-2000000.0","20.0","18.0","-2.0"
"2","360","3","25","119","2021","Harry Maguire","Centre-Back","England","Manchester United","29","31","-5","0","-1","30","0","0","2516","1","194","50000000.0","38000000.0","-12000000.0","50.0","38.0","-12.0"
"2","405","8","25","119","2021","Jadon Sancho","Left Winger","England","Manchester United","22","24","-5","0","-1","29","3","0","1898","3","180","90000000.0","75000000.0","-15000000.0","90.0","75.0","-15.0"
"2","616","8","25","119","2021","Marcus Rashford","Left Winger","England","Manchester United","24","27","-5","0","-1","25","2","0","1236","4","185","85000000.0","60000000.0","-25000000.0","85.0","60.0","-25.0"
"2","70","4","27","119","2021","Anthony Martial","Centre-Forward","France","Manchester United","26","29","-5","0","-1","8","0","0","214","1","181","35000000.0","16000000.0","-19000000.0","35.0","16.0","-19.0"
"2","765","2","27","119","2021","Paul Pogba","Central Midfield","France","Manchester United","29","31","-5","0","-1","20","9","0","1350","1","191","55000000.0","48000000.0","-7000000.0","55.0","48.0","-7.0"
"2","787","3","27","119","2021","Raphael Varane","Centre-Back","France","Manchester United","29","31","-5","0","-1","22","1","0","1831","1","191","65000000.0","48000000.0","-17000000.0","65.0","48.0","-17.0"
"2","627","11","41","119","2021","Mason Greenwood","Right Winger","Jamaica","Manchester United","20","23","-5","0","-1","18","1","0","1270","5","181","50000000.0","0.0","-50000000.0","50.0","0.0","-50.0"
"2","181","4","56","119","2021","Cristiano Ronaldo","Centre-Forward","Portugal","Manchester United","37","39","-5","0","-1","30","3","3","2456","18","188","35000000.0","30000000.0","-5000000.0","35.0","30.0","-5.0"
"2","126","1","56","119","2021","Bruno Fernandes","Attacking Midfield","Portugal","Manchester United","27","30","-5","0","-1","36","6","0","3110","10","179","90000000.0","85000000.0","-5000000.0","90.0","85.0","-5.0"
"2","859","2","58","119","2021","Scott McTominay","Central Midfield","Scotland","Manchester United","25","28","-5","0","-1","30","1","0","2386","1","191","35000000.0","32000000.0","-3000000.0","35.0","32.0","-3.0"
"2","68","11","64","119","2021","Anthony Elanga","Right Winger","Sweden","Manchester United","20","22","-5","0","-1","21","2","0","1213","2","178","4000000.0","20000000.0","16000000.0","4.0","20.0","16.0"
"2","246","4","72","119","2021","Edinson Cavani","Centre-Forward","Uruguay","Manchester United","35","37","-5","0","-1","15","1","0","768","2","184","4000000.0","4000000.0","0.0","4.0","4.0","0.0"
"2","468","2","10","132","2021","Joelinton","Central Midfield","Brazil","Newcastle United","25","28","0","0","0","35","1","0","2558","4","186","15000000.0","20000000.0","5000000.0","15.0","20.0","5.0"
"2","128","5","10","132","2021","Bruno Guimarces","Defensive Midfield","Brazil","Newcastle United","24","27","0","0","0","17","1","0","1034","5","182","30000000.0","40000000.0","10000000.0","30.0","40.0","10.0"
"2","463","2","25","132","2021","Joe Willock","Central Midfield","England","Newcastle United","22","25","0","0","0","29","0","0","2036","2","186","22000000.0","22000000.0","0.0","22.0","22.0","0.0"
"2","409","3","25","132","2021","Jamaal Lascelles","Centre-Back","England","Newcastle United","28","31","0","0","0","26","0","0","2059","1","188","11000000.0","10000000.0","-1000000.0","11.0","10.0","-1.0"
"2","481","2","25","132","2021","Jonjo Shelvey","Central Midfield","England","Newcastle United","30","32","0","0","0","24","1","0","1985","2","184","11000000.0","10000000.0","-1000000.0","11.0","10.0","-1.0"
"2","402","11","25","132","2021","Jacob Murphy","Right Winger","England","Newcastle United","27","29","0","0","0","33","2","0","1473","1","179","5000000.0","5000000.0","0.0","5.0","5.0","0.0"
"2","541","12","25","132","2021","Kieran Trippier","Right-Back","England","Newcastle United","31","34","0","0","0","6","0","0","429","2","173","","15000000.0","15000000.0","0.0","15.0","15.0"
"2","861","2","25","132","2021","Sean Longstaff","Central Midfield","England","Newcastle United","24","27","0","0","0","24","1","0","1463","1","187","13000000.0","13000000.0","0.0","13.0","13.0","0.0"
"2","135","4","25","132","2021","Callum Wilson","Centre-Forward","England","Newcastle United","30","32","0","0","0","18","0","2","1386","8","180","20000000.0","18000000.0","-2000000.0","20.0","18.0","-2.0"
"2","41","8","27","132","2021","Allan Saint-Maximin","Left Winger","France","Newcastle United","25","27","0","0","0","35","5","0","2804","5","173","32000000.0","32000000.0","0.0","32.0","32.0","0.0"
"2","436","2","38","132","2021","Jeff Hendrick","Central Midfield","Ireland","Newcastle United","29","32","0","0","0","3","0","0","73","1","185","7000000.0","5000000.0","-2000000.0","7.0","5.0","-2.0"
"2","382","5","41","132","2021","Isaac Hayden","Defensive Midfield","Jamaica","Newcastle United","26","29","0","0","0","14","0","0","1001","1","187","10000000.0","8000000.0","-2000000.0","10.0","8.0","-2.0"
"2","677","11","54","132","2021","Miguel Almiron","Right Winger","Paraguay","Newcastle United","28","30","0","0","0","30","0","0","1716","1","174","17500000.0","16000000.0","-1500000.0","17.5","16.0","-1.5"
"2","832","8","58","132","2021","Ryan Fraser","Left Winger","Scotland","Newcastle United","28","30","0","0","0","27","3","0","1466","2","163","8000000.0","10000000.0","2000000.0","8.0","10.0","2.0"
"2","430","12","63","132","2021","Javier Manquillo","Right-Back","Spain","Newcastle United","28","30","0","0","0","19","2","0","1257","1","178","3000000.0","3000000.0","0.0","3.0","3.0","0.0"
"2","282","3","65","132","2021","Fabian Schar","Centre-Back","Switzerland","Newcastle United","30","33","0","0","0","25","2","0","2158","2","186","7000000.0","7000000.0","0.0","7.0","7.0","0.0"
"2","539","1","25","135","2021","Kieran Dowell","Attacking Midfield","England","Norwich City","24","27","-1","1","-1","19","1","0","911","1","183","3000000.0","2500000.0","-500000.0","3.0","2.5","-0.5"
"2","902","4","26","135","2021","Teemu Pukki","Centre-Forward","Finland","Norwich City","32","34","-1","1","-1","37","3","3","3253","11","180","5000000.0","4000000.0","-1000000.0","5.0","4.0","-1.0"
"2","777","5","27","135","2021","Pierre Lees-Melou","Defensive Midfield","France","Norwich City","28","31","-1","1","-1","33","0","0","2267","1","185","7000000.0","5000000.0","-2000000.0","7.0","5.0","-2.0"
"2","57","3","38","135","2021","Andrew Omobamidele","Centre-Back","Ireland","Norwich City","19","22","-1","1","-1","5","0","0","382","1","188","1200000.0","1200000.0","0.0","1.2","1.2","0.0"
"2","12","4","38","135","2021","Adam Idah","Centre-Forward","Ireland","Norwich City","20","23","-1","1","-1","17","1","0","625","1","190","3000000.0","3000000.0","0.0","3.0","3.0","0.0"
"2","681","11","44","135","2021","Milot Rashica","Right Winger","Kosovo","Norwich City","25","28","-1","1","-1","31","2","0","2230","1","178","8000000.0","7000000.0","-1000000.0","8.0","7.0","-1.0"
"2","643","5","53","135","2021","Mathias Normann","Defensive Midfield","Norway","Norwich City","25","28","-1","1","-1","23","2","0","1644","1","179","13000000.0","10000000.0","-3000000.0","13.0","10.0","-3.0"
"2","348","3","58","135","2021","Grant Hanley","Centre-Back","Scotland","Norwich City","30","33","-1","1","-1","33","0","0","2897","1","188","4000000.0","3500000.0","-500000.0","4.0","3.5","-0.5"
"2","532","2","58","135","2021","Kenny McLean","Central Midfield","Scotland","Norwich City","30","33","-1","1","-1","31","0","0","2706","1","180","3000000.0","2500000.0","-500000.0","3.0","2.5","-0.5"
"2","493","4","71","135","2021","Josh Sargent","Centre-Forward","United States","Norwich City","22","24","-1","1","-1","26","1","0","1572","2","185","8000000.0","7000000.0","-1000000.0","8.0","7.0","-1.0"
"2","78","4","1","174","2021","Armando Broja","Centre-Forward","Albania","Southampton FC","20","23","-1","0","-1","32","0","0","1975","6","191","9000000.0","22000000.0","13000000.0","9.0","22.0","13.0"
"2","10","4","25","174","2021","Adam Armstrong","Centre-Forward","England","Southampton FC","25","27","-1","0","-1","23","2","0","1414","2","173","18000000.0","15000000.0","-3000000.0","18.0","15.0","-3.0"
"2","552","12","25","174","2021","Kyle Walker-Peters","Right-Back","England","Southampton FC","25","27","-1","0","-1","32","2","0","2633","1","173","18000000.0","22000000.0","4000000.0","18.0","22.0","4.0"
"2","712","11","25","174","2021","Nathan Redmond","Right Winger","England","Southampton FC","28","30","-1","0","-1","27","5","0","1833","1","173","18000000.0","18000000.0","0.0","18.0","18.0","0.0"
"2","917","12","25","174","2021","Tino Livramento","Right-Back","England","Southampton FC","19","22","-1","0","-1","28","1","0","2202","1","182","5000000.0","25000000.0","20000000.0","5.0","25.0","20.0"
"2","419","2","25","174","2021","James Ward-Prowse","Central Midfield","England","Southampton FC","27","30","-1","0","-1","36","5","4","3216","10","177","32000000.0","32000000.0","0.0","32.0","32.0","0.0"
"2","875","4","38","174","2021","Shane Long","Centre-Forward","Ireland","Southampton FC","35","38","-1","0","-1","13","0","0","308","1","180","800000.0","800000.0","0.0","0.8","0.8","0.0"
"2","685","8","53","174","2021","Mohamed Elyounoussi","Left Winger","Norway","Southampton FC","27","30","-1","0","-1","30","2","0","2041","4","178","10000000.0","12000000.0","2000000.0","10.0","12.0","2.0"
"2","423","3","55","174","2021","Jan Bednarek","Centre-Back","Poland","Southampton FC","26","28","-1","0","-1","31","0","0","2629","4","189","22000000.0","22000000.0","0.0","22.0","22.0","0.0"
"2","889","2","58","174","2021","Stuart Armstrong","Central Midfield","Scotland","Southampton FC","30","32","-1","0","-1","25","0","0","1473","2","183","6000000.0","6000000.0","0.0","6.0","6.0","0.0"
"2","151","4","58","174","2021","Che Adams","Centre-Forward","Scotland","Southampton FC","25","28","-1","0","-1","30","3","0","2039","7","179","20000000.0","18000000.0","-2000000.0","20.0","18.0","-2.0"
"2","746","5","63","174","2021","Oriol Romeu","Defensive Midfield","Spain","Southampton FC","30","33","-1","0","-1","36","2","0","2888","2","183","5000000.0","5000000.0","0.0","5.0","5.0","0.0"
"2","180","3","4","188","2021","Cristian Romero","Centre-Back","Argentina","Tottenham Hotspur","24","26","2","0","1","22","0","0","1844","1","185","35000000.0","48000000.0","13000000.0","35.0","48.0","13.0"
"2","575","11","10","188","2021","Lucas Moura","Right Winger","Brazil","Tottenham Hotspur","29","32","2","0","1","34","6","0","1775","2","172","22000000.0","20000000.0","-2000000.0","22.0","20.0","-2.0"
"2","256","12","10","188","2021","Emerson Royal","Right-Back","Brazil","Tottenham Hotspur","23","26","2","0","1","31","1","0","2285","1","183","25000000.0","25000000.0","0.0","25.0","25.0","0.0"
"2","210","3","15","188","2021","Davinson Sanchez","Centre-Back","Colombia","Tottenham Hotspur","25","28","2","0","1","23","0","0","1631","2","187","30000000.0","28000000.0","-2000000.0","30.0","28.0","-2.0"
"2","779","5","21","188","2021","Pierre-Emile Hojbjerg","Defensive Midfield","Denmark","Tottenham Hotspur","26","29","2","0","1","36","2","0","3196","2","185","40000000.0","40000000.0","0.0","40.0","40.0","0.0"
"2","359","4","25","188","2021","Harry Kane","Centre-Forward","England","Tottenham Hotspur","28","31","2","0","1","37","9","4","3232","17","188","100000000.0","90000000.0","-10000000.0","100.0","90.0","-10.0"
"2","898","2","27","188","2021","Tanguy Ndombele","Central Midfield","France","Tottenham Hotspur","25","28","2","0","1","9","1","0","484","1","181","45000000.0","30000000.0","-15000000.0","45.0","30.0","-15.0"
"2","646","12","38","188","2021","Matt Doherty","Right-Back","Ireland","Tottenham Hotspur","30","33","2","0","1","15","4","0","875","2","185","12000000.0","12000000.0","0.0","12.0","12.0","0.0"
"2","369","8","43","188","2021","Heung-min Son","Left Winger","Korea, South","Tottenham Hotspur","29","32","2","0","1","35","7","0","3007","23","184","80000000.0","75000000.0","-5000000.0","80.0","75.0","-5.0"
"2","888","8","48","188","2021","Steven Bergwijn","Left Winger","Netherlands","Tottenham Hotspur","24","27","2","0","1","25","1","0","564","3","171","18000000.0","18000000.0","0.0","18.0","18.0","0.0"
"2","871","9","63","188","2021","Sergio Reguilon","Left-Back","Spain","Tottenham Hotspur","25","28","2","0","1","25","3","0","1916","2","178","28000000.0","25000000.0","-3000000.0","28.0","25.0","-3.0"
"2","215","1","64","188","2021","Dejan Kulusevski","Attacking Midfield","Sweden","Tottenham Hotspur","22","24","2","0","1","18","8","0","1261","5","186","35000000.0","40000000.0","5000000.0","35.0","40.0","5.0"
"2","98","3","74","188","2021","Ben Davies","Centre-Back","Wales","Tottenham Hotspur","29","31","2","0","1","29","1","0","2538","1","181","18000000.0","20000000.0","2000000.0","18.0","20.0","2.0"
"2","459","4","10","195","2021","Joco Pedro","Centre-Forward","Brazil","Watford FC","20","23","-3","1","-1","28","1","0","1644","3","182","10000000.0","14000000.0","4000000.0","10.0","14.0","4.0"
"2","183","4","15","195","2021","Cucho Hernandez","Centre-Forward","Colombia","Watford FC","23","25","-3","1","-1","25","2","0","1147","5","176","9000000.0","9000000.0","0.0","9.0","9.0","0.0"
"2","365","9","16","195","2021","Hassane Kamara","Left-Back","Cote dIvoire","Watford FC","28","30","-3","1","-1","19","0","0","1624","1","170","7000000.0","4000000.0","-3000000.0","7.0","4.0","-3.0"
"2","189","2","25","195","2021","Dan Gosling","Central Midfield","England","Watford FC","32","34","-3","1","-1","4","0","0","166","1","180","1000000.0","1000000.0","0.0","1.0","1.0","0.0"
"2","261","4","50","195","2021","Emmanuel Dennis","Centre-Forward","Nigeria","Watford FC","24","27","-3","1","-1","33","6","0","2582","10","175","8000000.0","14000000.0","6000000.0","8.0","14.0","6.0"
"2","494","4","53","195","2021","Joshua King","Centre-Forward","Norway","Watford FC","30","33","-3","1","-1","32","3","1","2248","5","180","8000000.0","8000000.0","0.0","8.0","8.0","0.0"
"2","385","11","59","195","2021","Ismaila Sarr","Right Winger","Senegal","Watford FC","24","26","-3","1","-1","22","2","0","1861","5","185","27000000.0","27000000.0","0.0","27.0","27.0","0.0"
"2","510","2","61","195","2021","Juraj Kucka","Central Midfield","Slovakia","Watford FC","35","37","-3","1","-1","26","1","0","1921","1","186","2000000.0","1800000.0","-200000.0","2.0","1.8","-0.2"
"2","840","8","2","199","2021","Said Benrahma","Left Winger","Algeria","West Ham United","26","29","3","0","1","32","6","0","2168","8","172","25000000.0","25000000.0","0.0","25.0","25.0","0.0"
"2","605","1","4","199","2021","Manuel Lanzini","Attacking Midfield","Argentina","West Ham United","29","31","3","0","1","30","3","3","1786","5","170","10000000.0","12000000.0","2000000.0","10.0","12.0","2.0"
"2","727","1","17","199","2021","Nikola Vlasic","Attacking Midfield","Croatia","West Ham United","24","27","3","0","1","19","0","0","560","1","179","27000000.0","22000000.0","-5000000.0","27.0","22.0","-5.0"
"2","925","5","19","199","2021","Tomas Soucek","Defensive Midfield","Czech Republic","West Ham United","27","29","3","0","1","35","1","0","3062","5","192","42000000.0","45000000.0","3000000.0","42.0","45.0","3.0"
"2","84","9","20","199","2021","Arthur Masuaku","Left-Back","DR Congo","West Ham United","28","31","3","0","1","13","1","0","651","1","179","5000000.0","5000000.0","0.0","5.0","5.0","0.0"
"2","428","11","25","199","2021","Jarrod Bowen","Right Winger","England","West Ham United","25","28","3","0","1","36","10","0","2983","12","176","35000000.0","42000000.0","7000000.0","35.0","42.0","7.0"
"2","178","3","25","199","2021","Craig Dawson","Centre-Back","England","West Ham United","32","34","3","0","1","34","2","0","2755","2","188","3000000.0","3000000.0","0.0","3.0","3.0","0.0"
"2","2","9","25","199","2021","Aaron Cresswell","Left-Back","England","West Ham United","32","35","3","0","1","31","3","0","2726","2","170","4000000.0","3000000.0","-1000000.0","4.0","3.0","-1.0"
"2","621","2","25","199","2021","Mark Noble","Central Midfield","England","West Ham United","35","37","3","0","1","11","0","1","332","1","180","1000000.0","0.0","-1000000.0","1.0","0.0","-1.0"
"2","100","12","25","199","2021","Ben Johnson","Right-Back","England","West Ham United","22","25","3","0","1","20","0","0","1397","1","184","3000000.0","9000000.0","6000000.0","3.0","9.0","6.0"
"2","213","2","25","199","2021","Declan Rice","Central Midfield","England","West Ham United","23","26","3","0","1","36","4","0","3179","1","188","70000000.0","80000000.0","10000000.0","70.0","80.0","10.0"
"2","65","3","40","199","2021","Angelo Ogbonna","Centre-Back","Italy","West Ham United","33","36","3","0","1","11","0","0","921","1","191","2000000.0","1200000.0","-800000.0","2.0","1.2","-0.8"
"2","673","4","41","199","2021","Michail Antonio","Centre-Forward","Jamaica","West Ham United","32","34","3","0","1","36","8","0","2972","10","180","12000000.0","10000000.0","-2000000.0","12.0","10.0","-2.0"
"2","750","1","63","199","2021","Pablo Fornals","Attacking Midfield","Spain","West Ham United","26","28","3","0","1","36","3","0","2794","6","178","20000000.0","22000000.0","2000000.0","20.0","22.0","2.0"
"2","60","11","70","199","2021","Andriy Yarmolenko","Right Winger","Ukraine","West Ham United","32","35","3","0","1","19","0","0","316","1","189","3500000.0","2500000.0","-1000000.0","3.5","2.5","-1.0"
"2","792","9","2","202","2021","Rayan Ait-Nouri","Left-Back","Algeria","Wolverhampton Wanderers","20","23","3","0","1","23","2","0","1828","1","180","15000000.0","20000000.0","5000000.0","15.0","20.0","5.0"
"2","555","5","8","202","2021","Leander Dendoncker","Defensive Midfield","Belgium","Wolverhampton Wanderers","27","29","3","0","1","30","2","0","1950","2","188","30000000.0","28000000.0","-2000000.0","30.0","28.0","-2.0"
"2","659","3","25","202","2021","Maximilian Kilman","Centre-Back","England","Wolverhampton Wanderers","24","27","3","0","1","30","0","0","2687","1","194","9000000.0","16000000.0","7000000.0","9.0","16.0","7.0"
"2","175","3","25","202","2021","Conor Coady","Centre-Back","England","Wolverhampton Wanderers","29","31","3","0","1","38","0","0","3361","4","185","25000000.0","25000000.0","0.0","25.0","25.0","0.0"
"2","367","4","43","202","2021","Hee-chan Hwang","Centre-Forward","Korea, South","Wolverhampton Wanderers","26","29","3","0","1","30","1","0","1815","5","177","13000000.0","16000000.0","3000000.0","13.0","16.0","3.0"
"2","791","4","46","202","2021","Raul Jimenez","Centre-Forward","Mexico","Wolverhampton Wanderers","31","33","3","0","1","34","4","1","2633","6","187","22000000.0","18000000.0","-4000000.0","22.0","18.0","-4.0"
"2","820","3","47","202","2021","Romain Saiss","Centre-Back","Morocco","Wolverhampton Wanderers","32","34","3","0","1","31","0","0","2706","2","188","9000000.0","8000000.0","-1000000.0","9.0","8.0","-1.0"
"2","195","11","56","202","2021","Daniel Podence","Right Winger","Portugal","Wolverhampton Wanderers","26","29","3","0","1","26","3","0","1484","2","170","22000000.0","20000000.0","-2000000.0","22.0","20.0","-2.0"
"2","930","11","56","202","2021","Trincco","Right Winger","Portugal","Wolverhampton Wanderers","22","25","3","0","1","28","1","0","1337","2","184","22000000.0","20000000.0","-2000000.0","22.0","20.0","-2.0"
"2","458","2","56","202","2021","Joco Moutinho","Central Midfield","Portugal","Wolverhampton Wanderers","35","38","3","0","1","35","1","0","2971","2","170","2500000.0","2500000.0","0.0","2.5","2.5","0.0"
"2","769","11","56","202","2021","Pedro Neto","Right Winger","Portugal","Wolverhampton Wanderers","22","24","3","0","1","13","1","0","466","1","174","35000000.0","32000000.0","-3000000.0","35.0","32.0","-3.0"
"2","828","5","56","202","2021","Ruben Neves","Defensive Midfield","Portugal","Wolverhampton Wanderers","25","27","3","0","1","33","2","0","2660","4","180","42000000.0","40000000.0","-2000000.0","42.0","40.0","-2.0"
"2","16","11","63","202","2021","Adama Traore","Right Winger","Spain","Wolverhampton Wanderers","25","29","3","0","1","20","0","0","1066","1","178","28000000.0","20000000.0","-8000000.0","28.0","20.0","-8.0"
"2","483","12","63","202","2021","Jonny Otto","Right-Back","Spain","Wolverhampton Wanderers","28","30","3","0","1","13","0","0","1024","2","175","15000000.0","15000000.0","0.0","15.0","15.0","0.0"
"2","614","3","4","3","2022","Marcos Senesi","Centre-Back","Argentina","AFC Bournemouth","26","27","3","0","1","31","0","0","2491","2","185","17000000.0","22000000.0","5000000.0","17.0","22.0","5.0"
"2","191","8","11","3","2022","Dango Ouattara","Left Winger","Burkina Faso","AFC Bournemouth","21","22","3","0","1","19","3","0","1241","1","177","7000000.0","25000000.0","18000000.0","7.0","25.0","18.0"
"2","437","5","15","3","2022","Jefferson Lerma","Defensive Midfield","Colombia","AFC Bournemouth","28","30","3","0","1","37","0","0","3252","5","179","15000000.0","20000000.0","5000000.0","15.0","20.0","5.0"
"2","775","2","21","3","2022","Philip Billing","Central Midfield","Denmark","AFC Bournemouth","26","28","3","0","1","36","1","0","2765","7","193","18000000.0","20000000.0","2000000.0","18.0","20.0","2.0"
"2","234","4","25","3","2022","Dominic Solanke","Centre-Forward","England","AFC Bournemouth","25","27","3","0","1","33","7","0","2860","6","186","18000000.0","20000000.0","2000000.0","18.0","20.0","2.0"
"2","617","7","25","3","2022","Marcus Tavernier","Left Midfield","England","AFC Bournemouth","24","25","3","0","1","23","4","0","1743","5","178","10000000.0","17000000.0","7000000.0","10.0","17.0","7.0"
"2","406","8","25","3","2022","Jaidon Anthony","Left Winger","England","AFC Bournemouth","23","25","3","0","1","30","1","0","1258","3","183","5000000.0","9000000.0","4000000.0","5.0","9.0","4.0"
"2","72","11","30","3","2022","Antoine Semenyo","Right Winger","Ghana","AFC Bournemouth","23","25","3","0","1","11","0","0","258","1","185","3000000.0","9000000.0","6000000.0","3.0","9.0","6.0"
"2","831","2","58","3","2022","Ryan Christie","Central Midfield","Scotland","AFC Bournemouth","28","29","3","0","1","32","1","0","1834","1","178","9000000.0","10000000.0","1000000.0","9.0","10.0","1.0"
"2","645","9","72","3","2022","Matias Vina","Left-Back","Uruguay","AFC Bournemouth","25","27","3","0","1","12","0","0","458","2","175","6000000.0","8000000.0","2000000.0","6.0","8.0","2.0"
"2","538","4","74","3","2022","Kieffer Moore","Centre-Forward","Wales","AFC Bournemouth","30","32","3","0","1","27","0","0","1278","4","196","4000000.0","4000000.0","0.0","4.0","4.0","0.0"
"2","316","8","10","21","2022","Gabriel Martinelli","Left Winger","Brazil","Arsenal FC","21","23","3","0","1","36","5","0","2789","15","178","60000000.0","80000000.0","20000000.0","60.0","80.0","20.0"
"2","313","4","10","21","2022","Gabriel Jesus","Centre-Forward","Brazil","Arsenal FC","26","27","3","0","1","26","6","1","2064","11","175","65000000.0","75000000.0","10000000.0","65.0","75.0","10.0"
"2","314","3","10","21","2022","Gabriel Magalhaes","Centre-Back","Brazil","Arsenal FC","25","27","3","0","1","38","0","0","3409","3","190","40000000.0","55000000.0","15000000.0","40.0","55.0","15.0"
"2","132","11","25","21","2022","Bukayo Saka","Right Winger","England","Arsenal FC","21","23","3","0","1","38","11","2","3181","14","178","70000000.0","120000000.0","50000000.0","70.0","120.0","50.0"
"2","794","11","25","21","2022","Reiss Nelson","Right Winger","England","Arsenal FC","23","25","3","0","1","11","2","0","212","3","175","7000000.0","12000000.0","5000000.0","7.0","12.0","5.0"
"2","245","4","25","21","2022","Eddie Nketiah","Centre-Forward","England","Arsenal FC","23","25","3","0","1","30","1","0","1089","4","175","18000000.0","25000000.0","7000000.0","18.0","25.0","7.0"
"2","103","12","25","21","2022","Ben White","Right-Back","England","Arsenal FC","25","27","3","0","1","38","5","0","3054","2","186","45000000.0","55000000.0","10000000.0","45.0","55.0","10.0"
"2","804","3","25","21","2022","Rob Holding","Centre-Back","England","Arsenal FC","27","29","3","0","1","14","0","0","566","1","189","10000000.0","8000000.0","-2000000.0","10.0","8.0","-2.0"
"2","964","3","27","21","2022","William Saliba","Centre-Back","France","Arsenal FC","21","23","3","0","1","27","1","0","2415","2","192","40000000.0","65000000.0","25000000.0","40.0","65.0","25.0"
"2","912","5","30","21","2022","Thomas Partey","Defensive Midfield","Ghana","Arsenal FC","29","31","3","0","1","33","0","0","2483","3","185","38000000.0","35000000.0","-3000000.0","38.0","35.0","-3.0"
"2","624","1","53","21","2022","Martin odegaard","Attacking Midfield","Norway","Arsenal FC","24","26","3","0","1","37","7","0","3127","15","178","50000000.0","90000000.0","40000000.0","50.0","90.0","40.0"
"2","408","3","55","21","2022","Jakub Kiwior","Centre-Back","Poland","Arsenal FC","23","24","3","0","1","7","0","0","427","1","189","6000000.0","25000000.0","19000000.0","6.0","25.0","19.0"
"2","286","1","56","21","2022","Fabio Vieira","Attacking Midfield","Portugal","Arsenal FC","22","24","3","0","1","22","2","0","514","1","170","30000000.0","25000000.0","-5000000.0","30.0","25.0","-5.0"
"2","347","5","65","21","2022","Granit Xhaka","Defensive Midfield","Switzerland","Arsenal FC","30","32","3","0","1","37","7","0","2993","7","186","25000000.0","20000000.0","-5000000.0","25.0","20.0","-5.0"
"2","735","9","70","21","2022","Oleksandr Zinchenko","Left-Back","Ukraine","Arsenal FC","26","28","3","0","1","27","2","0","2119","1","175","32000000.0","42000000.0","10000000.0","32.0","42.0","10.0"
"2","259","1","4","22","2022","Emiliano Buendia","Attacking Midfield","Argentina","Aston Villa","26","28","0","0","0","38","2","0","2412","5","172","28000000.0","28000000.0","0.0","28.0","28.0","0.0"
"2","238","2","10","22","2022","Douglas Luiz","Central Midfield","Brazil","Aston Villa","25","26","0","0","0","37","6","0","2927","6","177","35000000.0","40000000.0","5000000.0","35.0","40.0","5.0"
"2","776","1","10","22","2022","Philippe Coutinho","Attacking Midfield","Brazil","Aston Villa","30","32","0","0","0","20","0","0","786","1","172","18000000.0","10000000.0","-8000000.0","18.0","10.0","-8.0"
"2","110","11","11","22","2022","Bertrand Traore","Right Winger","Burkina Faso","Aston Villa","27","29","0","0","0","8","0","0","233","2","181","14000000.0","12000000.0","-2000000.0","14.0","12.0","-2.0"
"2","741","4","25","22","2022","Ollie Watkins","Centre-Forward","England","Aston Villa","27","29","0","0","0","37","6","1","3127","15","180","32000000.0","40000000.0","8000000.0","32.0","40.0","8.0"
"2","403","7","25","22","2022","Jacob Ramsey","Left Midfield","England","Aston Villa","22","23","0","0","0","35","7","0","2637","6","180","28000000.0","42000000.0","14000000.0","28.0","42.0","14.0"
"2","935","3","25","22","2022","Tyrone Mings","Centre-Back","England","Aston Villa","30","31","0","0","0","35","2","0","3150","1","196","25000000.0","22000000.0","-3000000.0","25.0","22.0","-3.0"
"2","88","9","25","22","2022","Ashley Young","Left-Back","England","Aston Villa","37","39","0","0","0","29","0","0","2036","1","175","1000000.0","600000.0","-400000.0","1.0","0.6","-0.4"
"2","574","9","27","22","2022","Lucas Digne","Left-Back","France","Aston Villa","29","31","0","0","0","28","0","0","1503","1","178","22000000.0","15000000.0","-7000000.0","22.0","15.0","-7.0"
"2","557","11","41","22","2022","Leon Bailey","Right Winger","Jamaica","Aston Villa","25","27","0","0","0","33","4","0","1968","4","178","25000000.0","28000000.0","3000000.0","25.0","28.0","3.0"
"2","474","2","58","22","2022","John McGinn","Central Midfield","Scotland","Aston Villa","28","30","0","0","0","34","3","0","2694","1","178","30000000.0","27000000.0","-3000000.0","30.0","27.0","-3.0"
"2","130","11","12","41","2022","Bryan Mbeumo","Right Winger","Cameroon","Brentford FC","23","25","11","0","1","38","8","1","2904","9","171","25000000.0","35000000.0","10000000.0","25.0","35.0","10.0"
"2","642","2","21","41","2022","Mathias Jensen","Central Midfield","Denmark","Brentford FC","27","29","11","0","1","37","6","0","2804","5","180","12000000.0","22000000.0","10000000.0","12.0","22.0","10.0"
"2","163","5","21","41","2022","Christian Norgaard","Defensive Midfield","Denmark","Brentford FC","29","30","11","0","1","22","4","0","1763","1","187","14000000.0","16000000.0","2000000.0","14.0","16.0","2.0"
"2","976","4","20","41","2022","Yoane Wissa","Centre-Forward","DR Congo","Brentford FC","26","28","11","0","1","38","3","0","1607","7","176","15000000.0","18000000.0","3000000.0","15.0","18.0","3.0"
"2","391","4","25","41","2022","Ivan Toney","Centre-Forward","England","Brentford FC","27","28","11","0","1","33","4","6","2951","20","185","40000000.0","35000000.0","-5000000.0","40.0","35.0","-5.0"
"2","101","3","25","41","2022","Ben Mee","Centre-Back","England","Brentford FC","33","35","11","0","1","37","2","0","3269","3","180","1800000.0","2000000.0","200000.0","1.8","2.0","0.2"
"2","491","2","25","41","2022","Josh Dasilva","Central Midfield","England","Brentford FC","24","26","11","0","1","36","2","0","1389","4","184","9000000.0","16000000.0","7000000.0","9.0","16.0","7.0"
"2","950","5","29","41","2022","Vitaly Janelt","Defensive Midfield","Germany","Brentford FC","25","26","11","0","1","35","1","0","2210","3","184","16000000.0","20000000.0","4000000.0","16.0","20.0","4.0"
"2","274","3","41","41","2022","Ethan Pinnock","Centre-Back","Jamaica","Brentford FC","29","31","11","0","1","30","0","0","2700","3","194","12000000.0","14000000.0","2000000.0","12.0","14.0","2.0"
"2","780","3","64","41","2022","Pontus Jansson","Centre-Back","Sweden","Brentford FC","32","33","11","0","1","12","0","0","723","1","196","5000000.0","2500000.0","-2500000.0","5.0","2.5","-2.5"
"2","287","1","4","43","2022","Facundo Buonanotte","Attacking Midfield","Argentina","Brighton & Hove Albion","18","20","13","0","1","13","1","0","564","1","174","6000000.0","12000000.0","6000000.0","6.0","12.0","6.0"
"2","35","2","4","43","2022","Alexis Mac Allister","Central Midfield","Argentina","Brighton & Hove Albion","24","26","13","0","1","35","2","6","2886","10","176","25000000.0","65000000.0","40000000.0","25.0","65.0","40.0"
"2","772","9","23","43","2022","Pervis Estupinan","Left-Back","Ecuador","Brighton & Hove Albion","25","27","13","0","1","35","6","0","2677","1","175","20000000.0","32000000.0","12000000.0","20.0","32.0","12.0"
"2","690","5","23","43","2022","Moises Caicedo","Defensive Midfield","Ecuador","Brighton & Hove Albion","21","23","13","0","1","37","1","0","3139","1","178","25000000.0","75000000.0","50000000.0","25.0","75.0","50.0"
"2","198","4","25","43","2022","Danny Welbeck","Centre-Forward","England","Brighton & Hove Albion","32","34","13","0","1","31","4","0","1853","6","185","6000000.0","7000000.0","1000000.0","6.0","7.0","1.0"
"2","13","1","25","43","2022","Adam Lallana","Attacking Midfield","England","Brighton & Hove Albion","34","36","13","0","1","16","1","0","721","2","172","1500000.0","1200000.0","-300000.0","1.5","1.2","-0.3"
"2","882","11","25","43","2022","Solly March","Right Winger","England","Brighton & Hove Albion","28","30","13","0","1","33","7","0","2716","7","180","12000000.0","22000000.0","10000000.0","12.0","22.0","10.0"
"2","561","3","25","43","2022","Lewis Dunk","Centre-Back","England","Brighton & Hove Albion","31","33","13","0","1","36","0","0","3239","1","192","18000000.0","16000000.0","-2000000.0","18.0","16.0","-2.0"
"2","754","2","29","43","2022","Pascal Gross","Central Midfield","Germany","Brighton & Hove Albion","31","33","13","0","1","37","8","0","3239","9","181","8000000.0","8000000.0","0.0","8.0","8.0","0.0"
"2","219","4","29","43","2022","Deniz Undav","Centre-Forward","Germany","Brighton & Hove Albion","26","28","13","0","1","22","0","0","628","5","179","6000000.0","10000000.0","4000000.0","6.0","10.0","4.0"
"2","275","4","38","43","2022","Evan Ferguson","Centre-Forward","Ireland","Brighton & Hove Albion","18","20","13","0","1","19","2","0","949","6","188","1000000.0","30000000.0","29000000.0","1.0","30.0","29.0"
"2","519","8","42","43","2022","Kaoru Mitoma","Left Winger","Japan","Brighton & Hove Albion","26","27","13","0","1","33","6","0","2317","7","178","3000000.0","32000000.0","29000000.0","3.0","32.0","29.0"
"2","466","12","48","43","2022","Joel Veltman","Right-Back","Netherlands","Brighton & Hove Albion","31","33","13","0","1","31","1","0","2188","1","184","10000000.0","10000000.0","0.0","10.0","10.0","0.0"
"2","505","1","54","43","2022","Julio Enciso","Attacking Midfield","Paraguay","Brighton & Hove Albion","19","21","13","0","1","20","2","0","806","4","173","11000000.0","22000000.0","11000000.0","11.0","22.0","11.0"
"2","78","4","1","50","2022","Armando Broja","Centre-Forward","Albania","Chelsea FC","21","23","-10","0","-1","12","1","0","294","1","191","25000000.0","28000000.0","3000000.0","25.0","28.0","3.0"
"2","633","2","17","50","2022","Mateo Kovacic","Central Midfield","Croatia","Chelsea FC","29","30","-10","0","-1","27","2","0","1707","1","177","40000000.0","38000000.0","-2000000.0","40.0","38.0","-2.0"
"2","629","1","25","50","2022","Mason Mount","Attacking Midfield","England","Chelsea FC","24","26","-10","0","-1","24","2","0","1647","3","181","75000000.0","60000000.0","-15000000.0","75.0","60.0","-15.0"
"2","785","11","25","50","2022","Raheem Sterling","Right Winger","England","Chelsea FC","28","30","-10","0","-1","28","3","0","1890","6","170","70000000.0","55000000.0","-15000000.0","70.0","55.0","-15.0"
"2","176","2","25","50","2022","Conor Gallagher","Central Midfield","England","Chelsea FC","23","24","-10","0","-1","35","1","0","1623","3","182","30000000.0","32000000.0","2000000.0","30.0","32.0","2.0"
"2","97","9","25","50","2022","Ben Chilwell","Left-Back","England","Chelsea FC","26","28","-10","0","-1","23","2","0","1410","2","180","38000000.0","35000000.0","-3000000.0","38.0","35.0","-3.0"
"2","793","12","25","50","2022","Reece James","Right-Back","England","Chelsea FC","23","25","-10","0","-1","16","1","0","1244","1","180","70000000.0","65000000.0","-5000000.0","70.0","65.0","-5.0"
"2","730","11","25","50","2022","Noni Madueke","Right Winger","England","Chelsea FC","21","22","-10","0","-1","12","0","0","643","1","182","15000000.0","30000000.0","15000000.0","15.0","30.0","15.0"
"2","107","3","27","50","2022","Benoit Badiashile","Centre-Back","France","Chelsea FC","22","23","-10","0","-1","11","0","0","905","1","194","40000000.0","40000000.0","0.0","40.0","40.0","0.0"
"2","778","4","28","50","2022","Pierre-Emerick Aubameyang","Centre-Forward","Gabon","Chelsea FC","33","35","-10","0","-1","15","0","0","555","1","187","12000000.0","4000000.0","-8000000.0","12.0","4.0","-8.0"
"2","515","4","29","50","2022","Kai Havertz","Centre-Forward","Germany","Chelsea FC","23","25","-10","0","-1","35","1","1","2569","7","193","70000000.0","55000000.0","-15000000.0","70.0","55.0","-15.0"
"2","452","13","56","50","2022","Joao Felix","Second Striker","Portugal","Chelsea FC","23","25","-10","0","-1","16","0","0","941","4","181","50000000.0","50000000.0","0.0","50.0","50.0","0.0"
"2","516","3","59","50","2022","Kalidou Koulibaly","Centre-Back","Senegal","Chelsea FC","31","33","-10","0","-1","23","1","0","1801","2","186","35000000.0","15000000.0","-20000000.0","35.0","15.0","-20.0"
"2","164","11","71","50","2022","Christian Pulisic","Right Winger","United States","Chelsea FC","24","26","-10","0","-1","24","1","0","820","1","177","38000000.0","25000000.0","-13000000.0","38.0","25.0","-13.0"
"2","962","8","16","57","2022","Wilfried Zaha","Left Winger","Cote dIvoire","Crystal Palace","30","32","2","0","1","27","2","0","2288","7","180","32000000.0","22000000.0","-10000000.0","32.0","22.0","-10.0"
"2","450","3","21","57","2022","Joachim Andersen","Centre-Back","Denmark","Crystal Palace","26","28","2","0","1","32","0","0","2782","1","192","28000000.0","30000000.0","2000000.0","28.0","30.0","2.0"
"2","418","3","25","57","2022","James Tomkins","Centre-Back","England","Crystal Palace","34","35","2","0","1","6","0","0","338","1","192","1000000.0","800000.0","-200000.0","1.0","0.8","-0.2"
"2","467","12","25","57","2022","Joel Ward","Right-Back","England","Crystal Palace","33","35","2","0","1","28","0","0","2256","1","186","2000000.0","1200000.0","-800000.0","2.0","1.2","-0.8"
"2","608","3","25","57","2022","Marc Guehi","Centre-Back","England","Crystal Palace","22","24","2","0","1","37","0","0","3329","1","182","35000000.0","35000000.0","0.0","35.0","35.0","0.0"
"2","963","2","25","57","2022","Will Hughes","Central Midfield","England","Crystal Palace","28","29","2","0","1","27","1","0","842","1","185","5000000.0","5000000.0","0.0","5.0","5.0","0.0"
"2","244","1","25","57","2022","Eberechi Eze","Attacking Midfield","England","Crystal Palace","24","26","2","0","1","38","4","1","2637","10","178","25000000.0","40000000.0","15000000.0","25.0","40.0","15.0"
"2","671","11","27","57","2022","Michael Olise","Right Winger","France","Crystal Palace","21","23","2","0","1","37","11","0","2748","2","184","22000000.0","38000000.0","16000000.0","22.0","38.0","16.0"
"2","434","4","27","57","2022","Jean-Philippe Mateta","Centre-Forward","France","Crystal Palace","25","27","2","0","1","29","0","0","770","2","192","9000000.0","7000000.0","-2000000.0","9.0","7.0","-2.0"
"2","733","4","27","57","2022","Odsonne Edouard","Centre-Forward","France","Crystal Palace","25","27","2","0","1","35","2","0","1803","5","187","15000000.0","15000000.0","0.0","15.0","15.0","0.0"
"2","438","7","30","57","2022","Jeffrey Schlupp","Left Midfield","Ghana","Crystal Palace","30","32","2","0","1","34","1","0","2532","3","178","8000000.0","7000000.0","-1000000.0","8.0","7.0","-1.0"
"2","484","4","30","57","2022","Jordan Ayew","Centre-Forward","Ghana","Crystal Palace","31","33","2","0","1","38","3","0","2715","4","182","6000000.0","5000000.0","-1000000.0","6.0","5.0","-1.0"
"2","44","5","8","66","2022","Amadou Onana","Defensive Midfield","Belgium","Everton FC","21","23","-7","0","-1","33","2","0","2487","1","195","30000000.0","45000000.0","15000000.0","30.0","45.0","15.0"
"2","975","3","15","66","2022","Yerry Mina","Centre-Back","Colombia","Everton FC","28","30","-7","0","-1","7","0","0","594","2","195","18000000.0","10000000.0","-8000000.0","18.0","10.0","-8.0"
"2","233","4","25","66","2022","Dominic Calvert-Lewin","Centre-Forward","England","Everton FC","26","27","-7","0","-1","17","1","1","1167","2","189","30000000.0","25000000.0","-5000000.0","30.0","25.0","-5.0"
"2","242","1","25","66","2022","Dwight McNeil","Attacking Midfield","England","Everton FC","23","25","-7","0","-1","36","3","0","2497","7","183","18000000.0","20000000.0","2000000.0","18.0","20.0","2.0"
"2","417","3","25","66","2022","James Tarkowski","Centre-Back","England","Everton FC","30","32","-7","0","-1","38","1","0","3420","1","185","22000000.0","18000000.0","-4000000.0","22.0","18.0","-4.0"
"2","669","3","25","66","2022","Michael Keane","Centre-Back","England","Everton FC","30","32","-7","0","-1","12","2","0","985","1","188","16000000.0","10000000.0","-6000000.0","16.0","10.0","-6.0"
"2","252","4","25","66","2022","Ellis Simms","Centre-Forward","England","Everton FC","22","24","-7","0","-1","11","0","0","226","1","191","600000.0","4000000.0","3400000.0","0.6","4.0","3.4"
"2","860","12","38","66","2022","Seamus Coleman","Right-Back","Ireland","Everton FC","34","36","-7","0","-1","23","0","0","1656","1","177","1800000.0","1000000.0","-800000.0","1.8","1.0","-0.8"
"2","217","8","41","66","2022","Demarai Gray","Left Winger","Jamaica","Everton FC","26","28","-7","0","-1","33","1","2","2506","4","183","20000000.0","20000000.0","0.0","20.0","20.0","0.0"
"2","8","2","45","66","2022","Abdoulaye Doucoure","Central Midfield","Mali","Everton FC","30","32","-7","0","-1","25","2","0","1534","5","183","18000000.0","12000000.0","-6000000.0","18.0","12.0","-6.0"
"2","28","8","50","66","2022","Alex Iwobi","Left Winger","Nigeria","Everton FC","27","28","-7","0","-1","38","7","0","3378","2","183","22000000.0","28000000.0","6000000.0","22.0","28.0","6.0"
"2","556","8","8","79","2022","Leandro Trossard","Left Winger","Belgium","For 2 Clubs","28","30","","","-1","36","12","0","2247","8","172","25000000.0","35000000.0","10000000.0","25.0","35.0","10.0"
"2","197","4","25","79","2022","Danny Ings","Centre-Forward","England","For 2 Clubs","30","32","","","-1","35","2","2","1598","8","177","16000000.0","12000000.0","-4000000.0","16.0","12.0","-4.0"
"2","691","1","25","79","2022","Morgan Gibbs-White","Attacking Midfield","England","For 2 Clubs","23","25","","","-1","37","8","2","3152","5","171","25000000.0","40000000.0","15000000.0","25.0","40.0","15.0"
"2","69","8","25","79","2022","Anthony Gordon","Left Winger","England","For 2 Clubs","22","23","","","-1","32","0","0","1583","4","183","40000000.0","38000000.0","-2000000.0","40.0","38.0","-2.0"
"2","175","3","25","79","2022","Conor Coady","Centre-Back","England","For 2 Clubs","30","31","","","-1","24","1","0","2095","1","185","18000000.0","12000000.0","-6000000.0","18.0","12.0","-6.0"
"2","178","3","25","79","2022","Craig Dawson","Centre-Back","England","For 2 Clubs","33","34","","","-1","25","0","0","2134","1","188","2500000.0","2000000.0","-500000.0","2.5","2.0","-0.5"
"2","958","3","27","79","2022","Wesley Fofana","Centre-Back","France","For 2 Clubs","22","24","","","-1","17","0","0","1363","1","185","65000000.0","55000000.0","-10000000.0","65.0","55.0","-10.0"
"2","715","4","27","79","2022","Neal Maupay","Centre-Forward","France","For 2 Clubs","26","28","","","-1","27","0","0","1119","1","171","15000000.0","10000000.0","-5000000.0","15.0","10.0","-5.0"
"2","487","5","40","79","2022","Jorginho","Defensive Midfield","Italy","For 2 Clubs","31","33","","","-1","32","1","2","2133","2","178","35000000.0","25000000.0","-10000000.0","35.0","25.0","-10.0"
"2","159","4","49","79","2022","Chris Wood","Centre-Forward","New Zealand","For 2 Clubs","31","33","","","-1","25","0","1","819","3","191","10000000.0","8000000.0","-2000000.0","10.0","8.0","-2.0"
"2","193","11","74","79","2022","Daniel James","Right Winger","Wales","For 2 Clubs","25","27","","","-1","24","1","0","817","2","171","16000000.0","12000000.0","-4000000.0","16.0","12.0","-4.0"
"2","141","4","10","81","2022","Carlos Vinicius","Centre-Forward","Brazil","Fulham FC","28","29","5","0","1","28","2","0","1109","5","190","6000000.0","6000000.0","0.0","6.0","6.0","0.0"
"2","965","8","10","81","2022","Willian","Left Winger","Brazil","Fulham FC","34","36","5","0","1","27","5","0","2126","5","175","4000000.0","3000000.0","-1000000.0","4.0","3.0","-1.0"
"2","54","1","10","81","2022","Andreas Pereira","Attacking Midfield","Brazil","Fulham FC","27","29","5","0","1","33","6","1","2692","4","178","7000000.0","18000000.0","11000000.0","7.0","18.0","11.0"
"2","358","2","25","81","2022","Harrison Reed","Central Midfield","England","Fulham FC","28","30","5","0","1","37","4","0","2866","3","181","15000000.0","18000000.0","3000000.0","15.0","18.0","3.0"
"2","926","3","25","81","2022","Tosin Adarabioyo","Centre-Back","England","Fulham FC","25","27","5","0","1","25","0","0","2085","1","197","18000000.0","16000000.0","-2000000.0","18.0","16.0","-2.0"
"2","387","3","27","81","2022","Issa Diop","Centre-Back","France","Fulham FC","26","28","5","0","1","25","0","0","2011","1","194","13000000.0","18000000.0","5000000.0","13.0","18.0","5.0"
"2","603","8","39","81","2022","Manor Solomon","Left Winger","Israel","Fulham FC","23","25","5","0","1","19","0","0","573","4","170","18000000.0","18000000.0","0.0","18.0","18.0","0.0"
"2","115","11","41","81","2022","Bobby De Cordova-Reid","Right Winger","Jamaica","Fulham FC","30","31","5","0","1","36","1","0","2476","4","170","7000000.0","7000000.0","0.0","7.0","7.0","0.0"
"2","533","12","48","81","2022","Kenny Tete","Right-Back","Netherlands","Fulham FC","27","29","5","0","1","31","5","0","2569","1","180","7000000.0","15000000.0","8000000.0","7.0","15.0","8.0"
"2","455","5","56","81","2022","Joao Palhinha","Defensive Midfield","Portugal","Fulham FC","27","29","5","0","1","35","0","0","3108","3","190","28000000.0","40000000.0","12000000.0","28.0","40.0","12.0"
"2","920","2","58","81","2022","Tom Cairney","Central Midfield","Scotland","Fulham FC","32","34","5","0","1","33","0","0","988","2","185","3000000.0","2000000.0","-1000000.0","3.0","2.0","-1.0"
"2","26","4","60","81","2022","Aleksandar Mitrovic","Centre-Forward","Serbia","Fulham FC","28","30","5","0","1","24","1","4","2008","14","189","25000000.0","28000000.0","3000000.0","25.0","28.0","3.0"
"2","914","3","71","81","2022","Tim Ream","Centre-Back","United States","Fulham FC","35","37","5","0","1","33","0","0","2898","1","186","800000.0","1000000.0","200000.0","0.8","1.0","0.2"
"2","362","11","74","81","2022","Harry Wilson","Right Winger","Wales","Fulham FC","26","27","5","0","1","29","3","0","1100","2","173","17000000.0","16000000.0","-1000000.0","17.0","16.0","-1.0"
"2","585","8","15","107","2022","Luis Sinisterra","Left Winger","Colombia","Leeds United","23","25","-2","1","-1","19","0","0","869","5","172","22000000.0","22000000.0","0.0","22.0","22.0","0.0"
"2","790","12","21","107","2022","Rasmus Kristensen","Right-Back","Denmark","Leeds United","25","27","-2","1","-1","26","1","0","1960","3","187","15000000.0","13000000.0","-2000000.0","15.0","13.0","-2.0"
"2","507","9","22","107","2022","Junior Firpo","Left-Back","Dominican Republic","Leeds United","26","28","-2","1","-1","19","1","0","1369","1","184","12000000.0","10000000.0","-2000000.0","12.0","10.0","-2.0"
"2","842","1","25","107","2022","Sam Greenwood","Attacking Midfield","England","Leeds United","21","23","-2","1","-1","18","2","0","423","1","180","3000000.0","5000000.0","2000000.0","3.0","5.0","2.0"
"2","396","11","25","107","2022","Jack Harrison","Right Winger","England","Leeds United","26","28","-2","1","-1","36","7","0","2708","5","175","28000000.0","22000000.0","-6000000.0","28.0","22.0","-6.0"
"2","756","4","25","107","2022","Patrick Bamford","Centre-Forward","England","Leeds United","29","31","-2","1","-1","28","2","0","1515","4","185","14000000.0","9000000.0","-5000000.0","14.0","9.0","-5.0"
"2","589","12","25","107","2022","Luke Ayling","Right-Back","England","Leeds United","31","33","-2","1","-1","29","1","0","2054","2","183","3000000.0","1800000.0","-1200000.0","3.0","1.8","-1.2"
"2","961","11","40","107","2022","Wilfried Gnonto","Right Winger","Italy","Leeds United","19","21","-2","1","-1","24","4","0","1354","2","170","10000000.0","18000000.0","8000000.0","10.0","18.0","8.0"
"2","182","8","48","107","2022","Crysencio Summerville","Left Winger","Netherlands","Leeds United","21","23","-2","1","-1","28","2","0","1426","4","174","3000000.0","15000000.0","12000000.0","3.0","15.0","12.0"
"2","755","3","48","107","2022","Pascal Struijk","Centre-Back","Netherlands","Leeds United","23","25","-2","1","-1","29","1","0","2199","2","190","18000000.0","18000000.0","0.0","18.0","18.0","0.0"
"2","565","3","58","107","2022","Liam Cooper","Centre-Back","Scotland","Leeds United","31","33","-2","1","-1","18","0","0","1426","1","186","5000000.0","3000000.0","-2000000.0","5.0","3.0","-2.0"
"2","812","4","63","107","2022","Rodrigo","Centre-Forward","Spain","Leeds United","32","33","-2","1","-1","31","1","1","1935","13","182","9000000.0","6000000.0","-3000000.0","9.0","6.0","-3.0"
"2","610","5","63","107","2022","Marc Roca","Defensive Midfield","Spain","Leeds United","26","28","-2","1","-1","32","2","0","2316","1","184","12000000.0","10000000.0","-2000000.0","12.0","10.0","-2.0"
"2","122","1","71","107","2022","Brenden Aaronson","Attacking Midfield","United States","Leeds United","22","24","-2","1","-1","36","3","0","2371","1","177","30000000.0","25000000.0","-5000000.0","30.0","25.0","-5.0"
"2","977","2","8","108","2022","Youri Tielemans","Central Midfield","Belgium","Leicester City","26","27","-7","1","-1","31","2","1","2344","3","177","45000000.0","25000000.0","-20000000.0","45.0","25.0","-20.0"
"2","970","3","8","108","2022","Wout Faes","Centre-Back","Belgium","Leicester City","25","26","-7","1","-1","31","2","0","2787","1","187","15000000.0","20000000.0","5000000.0","15.0","20.0","5.0"
"2","916","12","8","108","2022","Timothy Castagne","Right-Back","Belgium","Leicester City","27","29","-7","1","-1","37","3","0","3254","2","185","28000000.0","25000000.0","-3000000.0","28.0","25.0","-3.0"
"2","221","2","8","108","2022","Dennis Praet","Central Midfield","Belgium","Leicester City","29","30","-7","1","-1","22","0","0","650","1","181","11000000.0","7000000.0","-4000000.0","11.0","7.0","-4.0"
"2","904","11","10","108","2022","Tete","Right Winger","Brazil","Leicester City","23","24","-7","1","-1","13","0","0","733","1","175","28000000.0","25000000.0","-3000000.0","28.0","25.0","-3.0"
"2","363","8","25","108","2022","Harvey Barnes","Left Winger","England","Leicester City","25","27","-7","1","-1","34","1","0","2711","13","182","32000000.0","35000000.0","3000000.0","32.0","35.0","3.0"
"2","422","4","25","108","2022","Jamie Vardy","Centre-Forward","England","Leicester City","36","38","-7","1","-1","37","4","0","1858","3","179","4000000.0","2500000.0","-1500000.0","4.0","2.5","-1.5"
"2","542","2","25","108","2022","Kiernan Dewsbury-Hall","Central Midfield","England","Leicester City","24","26","-7","1","-1","31","2","0","2308","2","176","15000000.0","25000000.0","10000000.0","15.0","25.0","10.0"
"2","606","10","25","108","2022","Marc Albrighton","Right Midfield","England","Leicester City","33","35","-7","1","-1","6","0","0","237","1","175","2000000.0","1000000.0","-1000000.0","2.0","1.0","-1.0"
"2","413","1","25","108","2022","James Maddison","Attacking Midfield","England","Leicester City","26","28","-7","1","-1","30","9","1","2480","10","175","55000000.0","60000000.0","5000000.0","55.0","60.0","5.0"
"2","530","4","50","108","2022","Kelechi Iheanacho","Centre-Forward","Nigeria","Leicester City","26","28","-7","1","-1","28","5","1","1127","5","185","17000000.0","18000000.0","1000000.0","17.0","18.0","1.0"
"2","797","12","56","108","2022","Ricardo Pereira","Right-Back","Portugal","Leicester City","29","31","-7","1","-1","10","1","0","454","1","175","18000000.0","10000000.0","-8000000.0","18.0","10.0","-8.0"
"2","707","5","59","108","2022","Nampalys Mendy","Defensive Midfield","Senegal","Leicester City","30","32","-7","1","-1","19","0","0","756","1","168","3500000.0","2500000.0","-1000000.0","3.5","2.5","-1.0"
"2","989","3","68","108","2022","caglar Soyuncu","Centre-Back","Turkiye","Leicester City","26","28","-7","1","-1","7","0","0","529","1","185","28000000.0","15000000.0","-13000000.0","28.0","15.0","-13.0"
"2","761","4","75","108","2022","Patson Daka","Centre-Forward","Zambia","Leicester City","24","26","-7","1","-1","30","4","0","1186","4","183","20000000.0","18000000.0","-2000000.0","20.0","18.0","-2.0"
"2","808","4","10","112","2022","Roberto Firmino","Centre-Forward","Brazil","Liverpool FC","31","33","-1","0","-1","25","4","0","1213","11","181","28000000.0","18000000.0","-10000000.0","28.0","18.0","-10.0"
"2","465","3","12","112","2022","Joel Matip","Centre-Back","Cameroon","Liverpool FC","31","33","-1","0","-1","14","0","0","1092","1","195","16000000.0","12000000.0","-4000000.0","16.0","12.0","-4.0"
"2","582","8","15","112","2022","Luis Diaz","Left Winger","Colombia","Liverpool FC","26","28","-1","0","-1","17","2","0","996","4","180","75000000.0","75000000.0","0.0","75.0","75.0","0.0"
"2","686","11","24","112","2022","Mohamed Salah","Right Winger","Egypt","Liverpool FC","30","32","-1","0","-1","38","12","2","3290","19","175","80000000.0","65000000.0","-15000000.0","80.0","65.0","-15.0"
"2","364","2","25","112","2022","Harvey Elliott","Central Midfield","England","Liverpool FC","20","21","-1","0","-1","32","2","0","1612","1","170","35000000.0","35000000.0","0.0","35.0","35.0","0.0"
"2","185","2","25","112","2022","Curtis Jones","Central Midfield","England","Liverpool FC","22","24","-1","0","-1","18","1","0","1035","3","185","25000000.0","25000000.0","0.0","25.0","25.0","0.0"
"2","928","12","25","112","2022","Trent Alexander-Arnold","Right-Back","England","Liverpool FC","24","26","-1","0","-1","37","9","0","2923","2","175","70000000.0","65000000.0","-5000000.0","70.0","65.0","-5.0"
"2","29","2","25","112","2022","Alex Oxlade-Chamberlain","Central Midfield","England","Liverpool FC","29","31","-1","0","-1","9","0","0","335","1","180","13000000.0","7000000.0","-6000000.0","13.0","7.0","-6.0"
"2","170","8","48","112","2022","Cody Gakpo","Left Winger","Netherlands","Liverpool FC","24","25","-1","0","-1","21","3","0","1458","7","193","35000000.0","55000000.0","20000000.0","35.0","55.0","20.0"
"2","948","3","48","112","2022","Virgil van Dijk","Centre-Back","Netherlands","Liverpool FC","31","33","-1","0","-1","32","1","0","2835","3","195","50000000.0","35000000.0","-15000000.0","50.0","35.0","-15.0"
"2","284","1","56","112","2022","Fabio Carvalho","Attacking Midfield","Portugal","Liverpool FC","20","22","-1","0","-1","13","0","0","347","2","170","15000000.0","16000000.0","1000000.0","15.0","16.0","1.0"
"2","229","4","56","112","2022","Diogo Jota","Centre-Forward","Portugal","Liverpool FC","26","28","-1","0","-1","22","4","0","1132","7","178","55000000.0","50000000.0","-5000000.0","55.0","50.0","-5.0"
"2","884","5","63","112","2022","Stefan Bajcetic","Defensive Midfield","Spain","Liverpool FC","18","20","-1","0","-1","11","0","0","528","1","185","1000000.0","13000000.0","12000000.0","1.0","13.0","12.0"
"2","202","4","72","112","2022","Darwin Nunez","Centre-Forward","Uruguay","Liverpool FC","23","25","-1","0","-1","29","3","0","1695","9","187","70000000.0","65000000.0","-5000000.0","70.0","65.0","-5.0"
"2","803","11","2","118","2022","Riyad Mahrez","Right Winger","Algeria","Manchester City","32","33","2","0","1","30","10","1","1921","5","179","30000000.0","20000000.0","-10000000.0","30.0","20.0","-10.0"
"2","503","4","4","118","2022","Julian Alvarez","Centre-Forward","Argentina","Manchester City","23","24","2","0","1","31","0","1","1465","9","170","28000000.0","60000000.0","32000000.0","28.0","60.0","32.0"
"2","536","1","8","118","2022","Kevin De Bruyne","Attacking Midfield","Belgium","Manchester City","31","33","2","0","1","32","16","0","2417","7","181","80000000.0","70000000.0","-10000000.0","80.0","70.0","-10.0"
"2","774","11","25","118","2022","Phil Foden","Right Winger","England","Manchester City","23","24","2","0","1","32","5","0","1842","11","171","110000000.0","110000000.0","0.0","110.0","110.0","0.0"
"2","395","8","25","118","2022","Jack Grealish","Left Winger","England","Manchester City","27","29","2","0","1","28","7","0","2055","5","180","70000000.0","75000000.0","5000000.0","70.0","75.0","5.0"
"2","475","3","25","118","2022","John Stones","Centre-Back","England","Manchester City","29","30","2","0","1","23","2","0","1846","2","188","30000000.0","40000000.0","10000000.0","30.0","40.0","10.0"
"2","990","2","29","118","2022","ilkay Gundogan","Central Midfield","Germany","Manchester City","32","34","2","0","1","31","4","0","2353","8","180","25000000.0","20000000.0","-5000000.0","25.0","20.0","-5.0"
"2","709","3","48","118","2022","Nathan Ake","Centre-Back","Netherlands","Manchester City","28","29","2","0","1","26","0","0","1874","1","180","30000000.0","42000000.0","12000000.0","30.0","42.0","12.0"
"2","270","4","53","118","2022","Erling Haaland","Centre-Forward","Norway","Manchester City","22","24","2","0","1","35","8","7","2769","36","195","170000000.0","180000000.0","10000000.0","170.0","180.0","10.0"
"2","451","12","56","118","2022","Joao Cancelo","Right-Back","Portugal","Manchester City","28","30","2","0","1","17","1","0","1275","2","182","70000000.0","50000000.0","-20000000.0","70.0","50.0","-20.0"
"2","109","1","56","118","2022","Bernardo Silva","Attacking Midfield","Portugal","Manchester City","28","30","2","0","1","34","5","0","2204","4","173","80000000.0","80000000.0","0.0","80.0","80.0","0.0"
"2","811","5","63","118","2022","Rodri","Defensive Midfield","Spain","Manchester City","26","28","2","0","1","36","6","0","2911","2","191","80000000.0","90000000.0","10000000.0","80.0","90.0","10.0"
"2","23","8","4","119","2022","Alejandro Garnacho","Left Winger","Argentina","Manchester United","18","20","-2","0","-1","19","2","0","568","3","180","2000000.0","25000000.0","23000000.0","2.0","25.0","23.0"
"2","568","3","4","119","2022","Lisandro Martinez","Centre-Back","Argentina","Manchester United","25","27","-2","0","-1","27","0","0","2115","1","175","50000000.0","50000000.0","0.0","50.0","50.0","0.0"
"2","144","5","10","119","2022","Casemiro","Defensive Midfield","Brazil","Manchester United","31","32","-2","0","-1","28","3","0","2127","4","185","50000000.0","40000000.0","-10000000.0","50.0","40.0","-10.0"
"2","75","11","10","119","2022","Antony","Right Winger","Brazil","Manchester United","23","24","-2","0","-1","25","2","0","1802","4","172","75000000.0","60000000.0","-15000000.0","75.0","60.0","-15.0"
"2","310","2","10","119","2022","Fred","Central Midfield","Brazil","Manchester United","30","31","-2","0","-1","35","2","0","1249","2","169","20000000.0","20000000.0","0.0","20.0","20.0","0.0"
"2","161","2","21","119","2022","Christian Eriksen","Central Midfield","Denmark","Manchester United","31","32","-2","0","-1","28","8","0","2048","1","182","22000000.0","22000000.0","0.0","22.0","22.0","0.0"
"2","616","8","25","119","2022","Marcus Rashford","Left Winger","England","Manchester United","25","27","-2","0","-1","35","5","0","2880","17","185","55000000.0","80000000.0","25000000.0","55.0","80.0","25.0"
"2","591","9","25","119","2022","Luke Shaw","Left-Back","England","Manchester United","27","29","-2","0","-1","31","2","0","2552","1","178","30000000.0","42000000.0","12000000.0","30.0","42.0","12.0"
"2","405","8","25","119","2022","Jadon Sancho","Left Winger","England","Manchester United","23","24","-2","0","-1","26","3","0","1687","6","180","60000000.0","45000000.0","-15000000.0","60.0","45.0","-15.0"
"2","70","4","27","119","2022","Anthony Martial","Centre-Forward","France","Manchester United","27","29","-2","0","-1","21","2","1","979","6","181","15000000.0","15000000.0","0.0","15.0","15.0","0.0"
"2","126","1","56","119","2022","Bruno Fernandes","Attacking Midfield","Portugal","Manchester United","28","30","-2","0","-1","37","8","2","3316","8","179","75000000.0","75000000.0","0.0","75.0","75.0","0.0"
"2","228","12","56","119","2022","Diogo Dalot","Right-Back","Portugal","Manchester United","24","25","-2","0","-1","26","2","0","2154","1","183","28000000.0","40000000.0","12000000.0","28.0","40.0","12.0"
"2","181","4","56","119","2022","Cristiano Ronaldo","Centre-Forward","Portugal","Manchester United","37","39","-2","0","-1","10","0","0","525","1","188","20000000.0","15000000.0","-5000000.0","20.0","15.0","-5.0"
"2","859","2","58","119","2022","Scott McTominay","Central Midfield","Scotland","Manchester United","26","28","-2","0","-1","24","0","0","1160","1","191","30000000.0","25000000.0","-5000000.0","30.0","25.0","-5.0"
"2","468","2","10","132","2022","Joelinton","Central Midfield","Brazil","Newcastle United","26","28","4","0","1","32","2","0","2661","6","186","28000000.0","42000000.0","14000000.0","28.0","42.0","14.0"
"2","127","5","10","132","2022","Bruno Guimaraes","Defensive Midfield","Brazil","Newcastle United","25","27","4","0","1","32","5","0","2726","4","182","50000000.0","70000000.0","20000000.0","50.0","70.0","20.0"
"2","135","4","25","132","2022","Callum Wilson","Centre-Forward","England","Newcastle United","31","32","4","0","1","31","5","3","1877","18","180","18000000.0","16000000.0","-2000000.0","18.0","16.0","-2.0"
"2","541","12","25","132","2022","Kieran Trippier","Right-Back","England","Newcastle United","32","34","4","0","1","38","7","0","3341","1","173","13000000.0","11000000.0","-2000000.0","13.0","11.0","-2.0"
"2","861","2","25","132","2022","Sean Longstaff","Central Midfield","England","Newcastle United","25","27","4","0","1","33","4","0","2518","1","187","15000000.0","25000000.0","10000000.0","15.0","25.0","10.0"
"2","463","2","25","132","2022","Joe Willock","Central Midfield","England","Newcastle United","23","25","4","0","1","35","6","0","2558","3","186","25000000.0","38000000.0","13000000.0","25.0","38.0","13.0"
"2","402","11","25","132","2022","Jacob Murphy","Right Winger","England","Newcastle United","28","29","4","0","1","36","2","0","1252","4","179","7000000.0","15000000.0","8000000.0","7.0","15.0","8.0"
"2","188","3","25","132","2022","Dan Burn","Centre-Back","England","Newcastle United","31","32","4","0","1","38","0","0","3111","1","201","12000000.0","10000000.0","-2000000.0","12.0","10.0","-2.0"
"2","41","8","27","132","2022","Allan Saint-Maximin","Left Winger","France","Newcastle United","26","27","4","0","1","25","5","0","1119","1","173","40000000.0","32000000.0","-8000000.0","40.0","32.0","-8.0"
"2","677","11","54","132","2022","Miguel Almiron","Right Winger","Paraguay","Newcastle United","29","30","4","0","1","34","2","0","2490","11","174","18000000.0","32000000.0","14000000.0","18.0","32.0","14.0"
"2","31","4","64","132","2022","Alexander Isak","Centre-Forward","Sweden","Newcastle United","23","25","4","0","1","22","1","2","1521","10","192","50000000.0","70000000.0","20000000.0","50.0","70.0","20.0"
"2","282","3","65","132","2022","Fabian Schar","Centre-Back","Switzerland","Newcastle United","31","33","4","0","1","36","3","0","3206","1","186","9000000.0","10000000.0","1000000.0","9.0","10.0","1.0"
"2","745","5","8","136","2022","Orel Mangala","Defensive Midfield","Belgium","Nottingham Forest","25","26","-4","0","-1","27","1","0","1549","1","178","12000000.0","16000000.0","4000000.0","12.0","16.0","4.0"
"2","196","5","10","136","2022","Danilo","Defensive Midfield","Brazil","Nottingham Forest","22","23","-4","0","-1","13","2","0","976","3","177","25000000.0","28000000.0","3000000.0","25.0","28.0","3.0"
"2","866","12","16","136","2022","Serge Aurier","Right-Back","Cote dIvoire","Nottingham Forest","30","32","-4","0","-1","24","0","0","1943","1","176","8000000.0","8000000.0","0.0","8.0","8.0","0.0"
"2","464","3","25","136","2022","Joe Worrall","Centre-Back","England","Nottingham Forest","26","28","-4","0","-1","30","0","0","2224","1","190","10000000.0","12000000.0","2000000.0","10.0","12.0","2.0"
"2","564","2","25","136","2022","Lewis OBrien","Central Midfield","England","Nottingham Forest","24","26","-4","0","-1","13","0","0","584","1","173","8000000.0","","-8000000.0","8.0","0.0","-8.0"
"2","843","4","25","136","2022","Sam Surridge","Centre-Forward","England","Nottingham Forest","24","26","-4","0","-1","20","0","0","323","1","190","2500000.0","5000000.0","2500000.0","2.5","5.0","2.5"
"2","261","4","50","136","2022","Emmanuel Dennis","Centre-Forward","Nigeria","Nottingham Forest","25","27","-4","0","-1","19","2","0","722","2","175","12000000.0","8000000.0","-4000000.0","12.0","8.0","-4.0"
"2","894","4","50","136","2022","Taiwo Awoniyi","Centre-Forward","Nigeria","Nottingham Forest","25","27","-4","0","-1","27","1","0","1404","10","183","20000000.0","25000000.0","5000000.0","20.0","25.0","5.0"
"2","152","5","59","136","2022","Cheikhou Kouyate","Defensive Midfield","Senegal","Nottingham Forest","33","35","-4","0","-1","21","0","0","881","1","189","3000000.0","2000000.0","-1000000.0","3.0","2.0","-1.0"
"2","123","11","74","136","2022","Brennan Johnson","Right Winger","Wales","Nottingham Forest","22","23","-4","0","-1","38","3","1","2934","8","186","20000000.0","38000000.0","18000000.0","20.0","38.0","18.0"
"2","716","12","74","136","2022","Neco Williams","Right-Back","Wales","Nottingham Forest","22","23","-4","0","-1","31","0","0","1883","1","183","15000000.0","20000000.0","5000000.0","15.0","20.0","5.0"
"2","139","2","4","174","2022","Carlos Alcaraz","Central Midfield","Argentina","Southampton FC","20","22","-4","1","-1","18","2","0","1029","4","183","8500000.0","15000000.0","6500000.0","8.5","15.0","6.5"
"2","822","5","8","174","2022","Romeo Lavia","Defensive Midfield","Belgium","Southampton FC","19","21","-4","1","-1","29","0","0","2221","1","181","25000000.0","32000000.0","7000000.0","25.0","32.0","7.0"
"2","593","3","10","174","2022","Lyanco","Centre-Back","Brazil","Southampton FC","26","27","-4","1","-1","21","1","0","1180","1","187","4000000.0","3500000.0","-500000.0","4.0","3.5","-0.5"
"2","239","3","17","174","2022","Duje Caleta-Car","Centre-Back","Croatia","Southampton FC","26","28","-4","1","-1","13","0","0","946","1","193","14000000.0","11000000.0","-3000000.0","14.0","11.0","-3.0"
"2","419","2","25","174","2022","James Ward-Prowse","Central Midfield","England","Southampton FC","28","30","-4","1","-1","38","4","2","3371","9","177","35000000.0","38000000.0","3000000.0","35.0","38.0","3.0"
"2","10","4","25","174","2022","Adam Armstrong","Centre-Forward","England","Southampton FC","26","27","-4","1","-1","30","1","0","1336","2","173","15000000.0","10000000.0","-5000000.0","15.0","10.0","-5.0"
"2","906","11","25","174","2022","Theo Walcott","Right Winger","England","Southampton FC","34","35","-4","1","-1","20","2","0","1129","2","175","1800000.0","1000000.0","-800000.0","1.8","1.0","-0.8"
"2","552","12","25","174","2022","Kyle Walker-Peters","Right-Back","England","Southampton FC","26","27","-4","1","-1","31","0","0","2650","1","173","25000000.0","25000000.0","0.0","25.0","25.0","0.0"
"2","863","4","27","174","2022","Sekou Mara","Centre-Forward","France","Southampton FC","20","22","-4","1","-1","22","2","0","555","1","184","12000000.0","10000000.0","-2000000.0","12.0","10.0","-2.0"
"2","819","9","27","174","2022","Romain Perraud","Left-Back","France","Southampton FC","25","27","-4","1","-1","29","2","0","1835","2","173","10000000.0","12000000.0","2000000.0","10.0","12.0","2.0"
"2","518","8","30","174","2022","Kamaldeen Sulemana","Left Winger","Ghana","Southampton FC","21","22","-4","1","-1","18","1","0","966","2","175","18000000.0","22000000.0","4000000.0","18.0","22.0","4.0"
"2","460","2","50","174","2022","Joe Aribo","Central Midfield","Nigeria","Southampton FC","26","28","-4","1","-1","21","0","0","1225","2","183","15000000.0","11000000.0","-4000000.0","15.0","11.0","-4.0"
"2","685","8","53","174","2022","Mohamed Elyounoussi","Left Winger","Norway","Southampton FC","28","30","-4","1","-1","33","1","0","2168","1","178","12000000.0","9000000.0","-3000000.0","12.0","9.0","-3.0"
"2","151","4","58","174","2022","Che Adams","Centre-Forward","Scotland","Southampton FC","26","28","-4","1","-1","28","3","0","1992","5","179","22000000.0","20000000.0","-2000000.0","22.0","20.0","-2.0"
"2","889","2","58","174","2022","Stuart Armstrong","Central Midfield","Scotland","Southampton FC","31","32","-4","1","-1","32","1","0","1407","2","183","6000000.0","4500000.0","-1500000.0","6.0","4.5","-1.5"
"2","575","11","10","188","2022","Lucas Moura","Right Winger","Brazil","Tottenham Hotspur","30","32","-2","0","-1","15","0","0","155","1","172","15000000.0","6000000.0","-9000000.0","15.0","6.0","-9.0"
"2","256","12","10","188","2022","Emerson Royal","Right-Back","Brazil","Tottenham Hotspur","24","26","-2","0","-1","26","1","0","1735","2","183","30000000.0","20000000.0","-10000000.0","30.0","20.0","-10.0"
"2","799","4","10","188","2022","Richarlison","Centre-Forward","Brazil","Tottenham Hotspur","26","27","-2","0","-1","27","4","0","1010","1","184","50000000.0","48000000.0","-2000000.0","50.0","48.0","-2.0"
"2","390","8","17","188","2022","Ivan Perisic","Left Winger","Croatia","Tottenham Hotspur","34","35","-2","0","-1","34","8","0","2108","1","186","10000000.0","7000000.0","-3000000.0","10.0","7.0","-3.0"
"2","779","5","21","188","2022","Pierre-Emile Hojbjerg","Defensive Midfield","Denmark","Tottenham Hotspur","27","29","-2","0","-1","35","5","0","3131","4","185","42000000.0","45000000.0","3000000.0","42.0","45.0","3.0"
"2","359","4","25","188","2022","Harry Kane","Centre-Forward","England","Tottenham Hotspur","29","31","-2","0","-1","38","3","5","3405","30","188","90000000.0","90000000.0","0.0","90.0","90.0","0.0"
"2","835","9","25","188","2022","Ryan Sessegnon","Left-Back","England","Tottenham Hotspur","22","24","-2","0","-1","17","0","0","813","2","178","22000000.0","18000000.0","-4000000.0","22.0","18.0","-4.0"
"2","268","3","25","188","2022","Eric Dier","Centre-Back","England","Tottenham Hotspur","29","31","-2","0","-1","33","1","0","2817","2","191","30000000.0","18000000.0","-12000000.0","30.0","18.0","-12.0"
"2","739","5","25","188","2022","Oliver Skipp","Defensive Midfield","England","Tottenham Hotspur","22","24","-2","0","-1","23","0","0","1490","1","175","15000000.0","15000000.0","0.0","15.0","15.0","0.0"
"2","646","12","38","188","2022","Matt Doherty","Right-Back","Ireland","Tottenham Hotspur","31","33","-2","0","-1","12","0","0","668","1","185","12000000.0","5000000.0","-7000000.0","12.0","5.0","-7.0"
"2","369","8","43","188","2022","Heung-min Son","Left Winger","Korea, South","Tottenham Hotspur","30","32","-2","0","-1","36","6","0","2888","10","184","70000000.0","50000000.0","-20000000.0","70.0","50.0","-20.0"
"2","81","8","48","188","2022","Arnaut Danjuma","Left Winger","Netherlands","Tottenham Hotspur","26","27","-2","0","-1","9","0","0","169","1","178","35000000.0","25000000.0","-10000000.0","35.0","25.0","-10.0"
"2","770","12","63","188","2022","Pedro Porro","Right-Back","Spain","Tottenham Hotspur","23","25","-2","0","-1","15","3","0","1131","3","173","25000000.0","40000000.0","15000000.0","25.0","40.0","15.0"
"2","215","1","64","188","2022","Dejan Kulusevski","Attacking Midfield","Sweden","Tottenham Hotspur","23","24","-2","0","-1","30","7","0","2067","2","186","50000000.0","50000000.0","0.0","50.0","50.0","0.0"
"2","813","5","72","188","2022","Rodrigo Bentancur","Defensive Midfield","Uruguay","Tottenham Hotspur","25","27","-2","0","-1","18","2","0","1500","5","187","35000000.0","40000000.0","5000000.0","35.0","40.0","5.0"
"2","98","3","74","188","2022","Ben Davies","Centre-Back","Wales","Tottenham Hotspur","30","31","-2","0","-1","31","2","0","2288","2","181","20000000.0","15000000.0","-5000000.0","20.0","15.0","-5.0"
"2","840","8","2","199","2022","Said Benrahma","Left Winger","Algeria","West Ham United","27","29","-5","0","-1","35","3","4","2069","6","172","22000000.0","25000000.0","3000000.0","22.0","25.0","3.0"
"2","605","1","4","199","2022","Manuel Lanzini","Attacking Midfield","Argentina","West Ham United","30","31","-5","0","-1","10","0","0","251","1","170","10000000.0","6000000.0","-4000000.0","10.0","6.0","-4.0"
"2","577","1","10","199","2022","Lucas Paqueta","Attacking Midfield","Brazil","West Ham United","25","27","-5","0","-1","28","3","1","2153","4","180","45000000.0","45000000.0","0.0","45.0","45.0","0.0"
"2","925","5","19","199","2022","Tomas Soucek","Defensive Midfield","Czech Republic","West Ham United","28","29","-5","0","-1","36","3","0","2815","2","192","45000000.0","35000000.0","-10000000.0","45.0","35.0","-10.0"
"2","428","11","25","199","2022","Jarrod Bowen","Right Winger","England","West Ham United","26","28","-5","0","-1","38","6","1","3233","6","176","42000000.0","38000000.0","-4000000.0","42.0","38.0","-4.0"
"2","213","2","25","199","2022","Declan Rice","Central Midfield","England","West Ham United","24","26","-5","0","-1","37","2","0","3273","4","188","80000000.0","90000000.0","10000000.0","80.0","90.0","10.0"
"2","549","3","27","199","2022","Kurt Zouma","Centre-Back","France","West Ham United","28","30","-5","0","-1","25","0","0","1989","2","190","32000000.0","22000000.0","-10000000.0","32.0","22.0","-10.0"
"2","337","4","40","199","2022","Gianluca Scamacca","Centre-Forward","Italy","West Ham United","24","26","-5","0","-1","16","0","0","926","3","195","30000000.0","22000000.0","-8000000.0","30.0","22.0","-8.0"
"2","255","9","40","199","2022","Emerson","Left-Back","Italy","West Ham United","28","30","-5","0","-1","22","0","0","1321","1","176","15000000.0","12000000.0","-3000000.0","15.0","12.0","-3.0"
"2","673","4","41","199","2022","Michail Antonio","Centre-Forward","Jamaica","West Ham United","33","34","-5","0","-1","33","3","0","1830","5","180","9000000.0","7000000.0","-2000000.0","9.0","7.0","-2.0"
"2","714","3","47","199","2022","Nayef Aguerd","Centre-Back","Morocco","West Ham United","27","28","-5","0","-1","18","0","0","1595","2","190","25000000.0","35000000.0","10000000.0","25.0","35.0","10.0"
"2","750","1","63","199","2022","Pablo Fornals","Attacking Midfield","Spain","West Ham United","27","28","-5","0","-1","32","1","0","1502","3","178","25000000.0","22000000.0","-3000000.0","25.0","22.0","-3.0"
"2","792","9","2","202","2022","Rayan Ait-Nouri","Left-Back","Algeria","Wolverhampton Wanderers","21","23","1","0","1","21","0","0","1077","1","180","22000000.0","22000000.0","0.0","22.0","22.0","0.0"
"2","636","4","10","202","2022","Matheus Cunha","Centre-Forward","Brazil","Wolverhampton Wanderers","24","25","1","0","1","17","0","0","965","2","183","20000000.0","25000000.0","5000000.0","20.0","25.0","5.0"
"2","453","2","10","202","2022","Joao Gomes","Central Midfield","Brazil","Wolverhampton Wanderers","22","23","1","0","1","11","0","0","653","1","176","10000000.0","18000000.0","8000000.0","10.0","18.0","8.0"
"2","367","4","43","202","2022","Hee-chan Hwang","Centre-Forward","Korea, South","Wolverhampton Wanderers","27","29","1","0","1","27","1","0","1130","3","177","12000000.0","12000000.0","0.0","12.0","12.0","0.0"
"2","639","2","56","202","2022","Matheus Nunes","Central Midfield","Portugal","Wolverhampton Wanderers","24","26","1","0","1","34","1","0","2467","1","183","45000000.0","45000000.0","0.0","45.0","45.0","0.0"
"2","195","11","56","202","2022","Daniel Podence","Right Winger","Portugal","Wolverhampton Wanderers","27","29","1","0","1","32","0","0","1771","6","170","20000000.0","20000000.0","0.0","20.0","20.0","0.0"
"2","828","5","56","202","2022","Ruben Neves","Defensive Midfield","Portugal","Wolverhampton Wanderers","26","27","1","0","1","35","1","3","3020","6","180","40000000.0","40000000.0","0.0","40.0","40.0","0.0"
"2","343","8","56","202","2022","Goncalo Guedes","Left Winger","Portugal","Wolverhampton Wanderers","26","28","1","0","1","13","1","0","707","1","179","35000000.0","23000000.0","-12000000.0","35.0","23.0","-12.0"
"2","927","3","56","202","2022","Toti","Centre-Back","Portugal","Wolverhampton Wanderers","24","26","1","0","1","17","0","0","984","1","187","2500000.0","6000000.0","3500000.0","2.5","6.0","3.5"
"2","16","11","63","202","2022","Adama Traore","Right Winger","Spain","Wolverhampton Wanderers","27","29","1","0","1","34","1","0","1494","2","178","15000000.0","10000000.0","-5000000.0","15.0","10.0","-5.0"
"2","751","11","63","202","2022","Pablo Sarabia","Right Winger","Spain","Wolverhampton Wanderers","31","32","1","0","1","13","0","0","765","1","174","22000000.0","14000000.0","-8000000.0","22.0","14.0","-8.0"
"2","483","12","63","202","2022","Jonny Otto","Right-Back","Spain","Wolverhampton Wanderers","29","30","1","0","1","18","0","0","1261","1","175","17000000.0","13000000.0","-4000000.0","17.0","13.0","-4.0"
"2","224","4","63","202","2022","Diego Costa","Centre-Forward","Spain","Wolverhampton Wanderers","34","36","1","0","1","23","0","0","1242","1","186","3500000.0","2000000.0","-1500000.0","3.5","2.0","-1.5"
"2","614","3","4","3","2023","Marcos Senesi","Centre-Back","Argentina","AFC Bournemouth","27","27","3","0","1","31","5","0","2242","4","185","20000000.0","22000000.0","2000000.0","20.0","22.0","2.0"
"2","191","8","11","3","2023","Dango Ouattara","Left Winger","Burkina Faso","AFC Bournemouth","22","22","3","0","1","30","2","0","1229","1","177","20000000.0","20000000.0","0.0","20.0","20.0","0.0"
"2","585","8","15","3","2023","Luis Sinisterra","Left Winger","Colombia","AFC Bournemouth","24","25","3","0","1","20","2","0","698","2","172","20000000.0","17000000.0","-3000000.0","20.0","17.0","-3.0"
"2","775","2","21","3","2023","Philip Billing","Central Midfield","Denmark","AFC Bournemouth","27","28","3","0","1","29","2","0","1401","2","193","22000000.0","22000000.0","0.0","22.0","22.0","0.0"
"2","234","4","25","3","2023","Dominic Solanke","Centre-Forward","England","AFC Bournemouth","26","27","3","0","1","38","3","2","3325","19","186","25000000.0","40000000.0","15000000.0","25.0","40.0","15.0"
"2","617","7","25","3","2023","Marcus Tavernier","Left Midfield","England","AFC Bournemouth","25","25","3","0","1","30","4","0","2118","3","178","17000000.0","20000000.0","3000000.0","17.0","20.0","3.0"
"2","30","2","25","3","2023","Alex Scott","Central Midfield","England","AFC Bournemouth","20","21","3","0","1","23","1","0","1013","1","178","20000000.0","20000000.0","0.0","20.0","20.0","0.0"
"2","72","11","30","3","2023","Antoine Semenyo","Right Winger","Ghana","AFC Bournemouth","24","25","3","0","1","33","2","0","2106","8","185","10000000.0","10000000.0","0.0","10.0","10.0","0.0"
"2","511","8","48","3","2023","Justin Kluivert","Left Winger","Netherlands","AFC Bournemouth","25","25","3","0","1","32","1","0","1915","7","172","11000000.0","14000000.0","3000000.0","11.0","14.0","3.0"
"2","263","4","69","3","2023","Enes unal","Centre-Forward","T脙录rkiye","AFC Bournemouth","27","27","3","0","1","16","2","0","328","2","187","25000000.0","18000000.0","-7000000.0","25.0","18.0","-7.0"
"2","381","3","70","3","2023","Ilya Zabarnyi","Centre-Back","Ukraine","AFC Bournemouth","21","22","3","0","1","37","0","0","333","1","189","25000000.0","32000000.0","7000000.0","25.0","32.0","7.0"
"2","538","4","74","3","2023","Kieffer Moore","Centre-Forward","Wales","AFC Bournemouth","31","32","3","0","1","8","0","0","108","1","196","2500000.0","2000000.0","-500000.0","2.5","2.0","-0.5"
"2","204","11","74","3","2023","David Brooks","Right Winger","Wales","AFC Bournemouth","26","27","3","0","1","13","1","0","282","1","173","9000000.0","8000000.0","-1000000.0","9.0","8.0","-1.0"
"2","556","8","8","21","2023","Leandro Trossard","Left Winger","Belgium","Arsenal FC","29","30","1","0","1","34","1","0","1649","12","172","38000000.0","35000000.0","-3000000.0","38.0","35.0","-3.0"
"2","316","8","10","21","2023","Gabriel Martinelli","Left Winger","Brazil","Arsenal FC","22","23","1","0","1","35","4","0","2019","6","178","85000000.0","70000000.0","-15000000.0","85.0","70.0","-15.0"
"2","313","4","10","21","2023","Gabriel Jesus","Centre-Forward","Brazil","Arsenal FC","27","27","1","0","1","27","5","0","1479","4","175","70000000.0","65000000.0","-5000000.0","70.0","65.0","-5.0"
"2","314","3","10","21","2023","Gabriel Magalhaes","Centre-Back","Brazil","Arsenal FC","26","27","1","0","1","36","0","0","3044","4","190","60000000.0","70000000.0","10000000.0","60.0","70.0","10.0"
"2","132","11","25","21","2023","Bukayo Saka","Right Winger","England","Arsenal FC","22","23","1","0","1","35","9","6","2919","16","178","120000000.0","140000000.0","20000000.0","120.0","140.0","20.0"
"2","103","12","25","21","2023","Ben White","Right-Back","England","Arsenal FC","26","27","1","0","1","37","4","0","2988","4","186","55000000.0","55000000.0","0.0","55.0","55.0","0.0"
"2","245","4","25","21","2023","Eddie Nketiah","Centre-Forward","England","Arsenal FC","24","25","1","0","1","27","2","0","1081","5","175","30000000.0","30000000.0","0.0","30.0","30.0","0.0"
"2","213","2","25","21","2023","Declan Rice","Central Midfield","England","Arsenal FC","25","26","1","0","1","38","9","0","3225","7","188","100000000.0","120000000.0","20000000.0","100.0","120.0","20.0"
"2","964","3","27","21","2023","William Saliba","Centre-Back","France","Arsenal FC","23","23","1","0","1","38","1","0","342","2","192","70000000.0","80000000.0","10000000.0","70.0","80.0","10.0"
"2","515","4","29","21","2023","Kai Havertz","Centre-Forward","Germany","Arsenal FC","24","25","1","0","1","37","7","1","2634","13","193","60000000.0","70000000.0","10000000.0","60.0","70.0","10.0"
"2","895","12","42","21","2023","Takehiro Tomiyasu","Right-Back","Japan","Arsenal FC","25","26","1","0","1","22","1","0","1151","2","188","30000000.0","35000000.0","5000000.0","30.0","35.0","5.0"
"2","624","1","53","21","2023","Martin odegaard","Attacking Midfield","Norway","Arsenal FC","25","26","1","0","1","35","10","2","3091","8","178","90000000.0","110000000.0","20000000.0","90.0","110.0","20.0"
"2","408","3","55","21","2023","Jakub Kiwior","Centre-Back","Poland","Arsenal FC","24","24","1","0","1","20","3","0","946","1","189","25000000.0","30000000.0","5000000.0","25.0","30.0","5.0"
"2","286","1","56","21","2023","Fabio Vieira","Attacking Midfield","Portugal","Arsenal FC","23","24","1","0","1","11","2","1","299","1","170","28000000.0","22000000.0","-6000000.0","28.0","22.0","-6.0"
"2","735","9","70","21","2023","Oleksandr Zinchenko","Left-Back","Ukraine","Arsenal FC","27","28","1","0","1","27","2","0","1721","1","175","42000000.0","38000000.0","-4000000.0","42.0","38.0","-4.0"
"2","977","2","8","22","2023","Youri Tielemans","Central Midfield","Belgium","Aston Villa","27","27","3","0","1","32","6","0","1622","2","177","20000000.0","25000000.0","5000000.0","20.0","25.0","5.0"
"2","555","5","8","22","2023","Leander Dendoncker","Defensive Midfield","Belgium","Aston Villa","28","29","3","0","1","8","0","0","120","1","188","11000000.0","7000000.0","-4000000.0","11.0","7.0","-4.0"
"2","238","2","10","22","2023","Douglas Luiz","Central Midfield","Brazil","Aston Villa","26","26","3","0","1","35","5","4","2994","9","177","55000000.0","70000000.0","15000000.0","55.0","70.0","15.0"
"2","447","4","15","22","2023","Jhon Duran","Centre-Forward","Colombia","Aston Villa","20","21","3","0","1","23","0","0","475","5","185","17000000.0","20000000.0","3000000.0","17.0","20.0","3.0"
"2","741","4","25","22","2023","Ollie Watkins","Centre-Forward","England","Aston Villa","28","29","3","0","1","37","13","0","3217","19","180","55000000.0","65000000.0","10000000.0","55.0","65.0","10.0"
"2","692","1","25","22","2023","Morgan Rogers","Attacking Midfield","England","Aston Villa","21","22","3","0","1","11","1","0","638","3","187","2200000.0","15000000.0","12800000.0","2.2","15.0","12.8"
"2","280","3","25","22","2023","Ezri Konsa","Centre-Back","England","Aston Villa","26","27","3","0","1","35","0","0","3069","1","183","35000000.0","35000000.0","0.0","35.0","35.0","0.0"
"2","403","7","25","22","2023","Jacob Ramsey","Left Midfield","England","Aston Villa","22","23","3","0","1","16","1","0","853","1","180","42000000.0","35000000.0","-7000000.0","42.0","35.0","-7.0"
"2","698","11","27","22","2023","Moussa Diaby","Right Winger","France","Aston Villa","24","25","3","0","1","38","8","0","2174","6","170","55000000.0","55000000.0","0.0","55.0","55.0","0.0"
"2","574","9","27","22","2023","Lucas Digne","Left-Back","France","Aston Villa","30","31","3","0","1","33","3","0","241","1","178","15000000.0","12000000.0","-3000000.0","15.0","12.0","-3.0"
"2","726","1","40","22","2023","Nicolo Zaniolo","Attacking Midfield","Italy","Aston Villa","24","25","3","0","1","25","0","0","839","2","190","25000000.0","20000000.0","-5000000.0","25.0","20.0","-5.0"
"2","557","11","41","22","2023","Leon Bailey","Right Winger","Jamaica","Aston Villa","26","27","3","0","1","35","9","0","2068","10","178","30000000.0","42000000.0","12000000.0","30.0","42.0","12.0"
"2","653","12","55","22","2023","Matty Cash","Right-Back","Poland","Aston Villa","26","27","3","0","1","29","2","0","2142","2","185","28000000.0","28000000.0","0.0","28.0","28.0","0.0"
"2","474","2","58","22","2023","John McGinn","Central Midfield","Scotland","Aston Villa","29","30","3","0","1","35","4","0","3","6","178","30000000.0","30000000.0","0.0","30.0","30.0","0.0"
"2","988","9","63","22","2023","alex Moreno","Left-Back","Spain","Aston Villa","30","31","3","0","1","21","0","0","1031","2","179","10000000.0","13000000.0","3000000.0","10.0","13.0","3.0"
"2","762","3","63","22","2023","Pau Torres","Centre-Back","Spain","Aston Villa","27","28","3","0","1","29","0","0","2464","2","192","45000000.0","45000000.0","0.0","45.0","45.0","0.0"
"2","130","11","12","41","2023","Bryan Mbeumo","Right Winger","Cameroon","Brentford FC","24","25","1","0","1","25","6","3","196","9","171","38000000.0","40000000.0","2000000.0","38.0","40.0","2.0"
"2","642","2","21","41","2023","Mathias Jensen","Central Midfield","Denmark","Brentford FC","28","29","1","0","1","32","3","0","2204","3","180","28000000.0","28000000.0","0.0","28.0","28.0","0.0"
"2","163","5","21","41","2023","Christian Norgaard","Defensive Midfield","Denmark","Brentford FC","30","30","1","0","1","31","1","0","2505","2","187","20000000.0","18000000.0","-2000000.0","20.0","18.0","-2.0"
"2","597","12","21","41","2023","Mads Roerslev","Right-Back","Denmark","Brentford FC","24","25","1","0","1","34","2","0","1986","1","184","8000000.0","10000000.0","2000000.0","8.0","10.0","2.0"
"2","985","3","21","41","2023","Zanka","Centre-Back","Denmark","Brentford FC","34","34","1","0","1","14","0","0","1087","1","189","1000000.0","1000000.0","0.0","1.0","1.0","0.0"
"2","976","4","20","41","2023","Yoane Wissa","Centre-Forward","DR Congo","Brentford FC","27","28","1","0","1","34","3","0","2493","12","176","25000000.0","28000000.0","3000000.0","25.0","28.0","3.0"
"2","391","4","25","41","2023","Ivan Toney","Centre-Forward","England","Brentford FC","28","28","1","0","1","17","2","0","145","4","185","35000000.0","50000000.0","15000000.0","35.0","50.0","15.0"
"2","101","3","25","41","2023","Ben Mee","Centre-Back","England","Brentford FC","34","35","1","0","1","16","0","0","1273","2","180","1000000.0","1000000.0","0.0","1.0","1.0","0.0"
"2","527","8","25","41","2023","Keane Lewis-Potter","Left Winger","England","Brentford FC","23","23","1","0","1","30","1","0","1441","3","170","12000000.0","15000000.0","3000000.0","12.0","15.0","3.0"
"2","537","8","29","41","2023","Kevin Schade","Left Winger","Germany","Brentford FC","22","23","1","0","1","11","1","0","334","2","185","25000000.0","22000000.0","-3000000.0","25.0","22.0","-3.0"
"2","950","5","29","41","2023","Vitaly Janelt","Defensive Midfield","Germany","Brentford FC","26","26","1","0","1","38","3","0","3054","1","184","22000000.0","22000000.0","0.0","22.0","22.0","0.0"
"2","873","2","32","41","2023","Shandon Baptiste","Central Midfield","Grenada","Brentford FC","26","26","1","0","1","10","1","0","229","1","180","2500000.0","2500000.0","0.0","2.5","2.5","0.0"
"2","844","1","37","41","2023","Saman Ghoddos","Attacking Midfield","Iran","Brentford FC","30","31","1","0","1","19","0","0","739","1","175","2000000.0","2000000.0","0.0","2.0","2.0","0.0"
"2","710","3","38","41","2023","Nathan Collins","Centre-Back","Ireland","Brentford FC","23","23","1","0","1","32","1","0","2652","1","193","25000000.0","25000000.0","0.0","25.0","25.0","0.0"
"2","274","3","41","41","2023","Ethan Pinnock","Centre-Back","Jamaica","Brentford FC","30","31","1","0","1","29","0","0","2521","2","194","15000000.0","12000000.0","-3000000.0","15.0","12.0","-3.0"
"2","309","2","50","41","2023","Frank Onyeka","Central Midfield","Nigeria","Brentford FC","26","27","1","0","1","26","2","0","1159","1","183","9000000.0","9000000.0","0.0","9.0","9.0","0.0"
"2","547","3","53","41","2023","Kristoffer Ajer","Centre-Back","Norway","Brentford FC","26","26","1","0","1","28","1","0","1831","2","198","18000000.0","15000000.0","-3000000.0","18.0","15.0","-3.0"
"2","287","1","4","43","2023","Facundo Buonanotte","Attacking Midfield","Argentina","Brighton & Hove Albion","19","20","3","0","1","27","1","0","1364","3","174","12000000.0","18000000.0","6000000.0","12.0","18.0","6.0"
"2","456","4","10","43","2023","Joao Pedro","Centre-Forward","Brazil","Brighton & Hove Albion","22","23","3","0","1","31","3","4","2046","9","182","35000000.0","45000000.0","10000000.0","35.0","45.0","10.0"
"2","878","8","16","43","2023","Simon Adingra","Left Winger","Cote dIvoire","Brighton & Hove Albion","22","23","3","0","1","31","1","0","2222","6","175","15000000.0","30000000.0","15000000.0","15.0","30.0","15.0"
"2","772","9","23","43","2023","Pervis Estupinan","Left-Back","Ecuador","Brighton & Hove Albion","26","27","3","0","1","19","3","0","1244","2","175","35000000.0","30000000.0","-5000000.0","35.0","30.0","-5.0"
"2","198","4","25","43","2023","Danny Welbeck","Centre-Forward","England","Brighton & Hove Albion","33","34","3","0","1","29","1","0","1693","5","185","6000000.0","5000000.0","-1000000.0","6.0","5.0","-1.0"
"2","397","2","25","43","2023","Jack Hinshelwood","Central Midfield","England","Brighton & Hove Albion","18","19","3","0","1","12","0","0","870","3","182","1000000.0","16000000.0","15000000.0","1.0","16.0","15.0"
"2","882","11","25","43","2023","Solly March","Right Winger","England","Brighton & Hove Albion","29","30","3","0","1","7","1","0","554","3","180","22000000.0","18000000.0","-4000000.0","22.0","18.0","-4.0"
"2","561","3","25","43","2023","Lewis Dunk","Centre-Back","England","Brighton & Hove Albion","32","33","3","0","1","33","1","0","287","3","192","14000000.0","12000000.0","-2000000.0","14.0","12.0","-2.0"
"2","754","2","29","43","2023","Pascal Gross","Central Midfield","Germany","Brighton & Hove Albion","32","33","3","0","1","36","10","1","3114","4","181","8000000.0","8000000.0","0.0","8.0","8.0","0.0"
"2","275","4","38","43","2023","Evan Ferguson","Centre-Forward","Ireland","Brighton & Hove Albion","19","20","3","0","1","27","0","0","1367","6","188","65000000.0","50000000.0","-15000000.0","65.0","50.0","-15.0"
"2","519","8","42","43","2023","Kaoru Mitoma","Left Winger","Japan","Brighton & Hove Albion","26","27","3","0","1","19","4","0","1486","3","178","50000000.0","45000000.0","-5000000.0","50.0","45.0","-5.0"
"2","466","12","48","43","2023","Joel Veltman","Right-Back","Netherlands","Brighton & Hove Albion","32","33","3","0","1","27","1","0","1588","1","184","10000000.0","10000000.0","0.0","10.0","10.0","0.0"
"2","67","8","63","43","2023","Ansu Fati","Left Winger","Spain","Brighton & Hove Albion","21","22","3","0","1","19","0","0","521","2","178","30000000.0","25000000.0","-5000000.0","30.0","25.0","-5.0"
"2","45","3","8","46","2023","Ameen Al-Dakhil","Centre-Back","Belgium","Burnley FC","21","22","-1","1","-1","13","0","0","1056","1","187","11000000.0","12000000.0","1000000.0","11.0","12.0","1.0"
"2","205","4","16","46","2023","David Datro Fofana","Centre-Forward","Cote dIvoire","Burnley FC","21","22","-1","1","-1","15","1","0","879","4","180","8000000.0","12000000.0","4000000.0","8.0","12.0","4.0"
"2","401","8","21","46","2023","Jacob Bruun Larsen","Left Winger","Denmark","Burnley FC","25","26","-1","1","-1","32","0","1","1249","6","183","3000000.0","8000000.0","5000000.0","3.0","8.0","5.0"
"2","150","9","25","46","2023","Charlie Taylor","Left-Back","England","Burnley FC","30","31","-1","1","-1","28","1","0","2331","1","183","3000000.0","3000000.0","0.0","3.0","3.0","0.0"
"2","431","4","25","46","2023","Jay Rodriguez","Centre-Forward","England","Burnley FC","34","35","-1","1","-1","21","1","1","822","2","185","1000000.0","1000000.0","0.0","1.0","1.0","0.0"
"2","489","2","25","46","2023","Josh Brownhill","Central Midfield","England","Burnley FC","28","29","-1","1","-1","33","2","0","2253","4","179","18000000.0","15000000.0","-3000000.0","18.0","15.0","-3.0"
"2","968","11","27","46","2023","Wilson Odobert","Right Winger","France","Burnley FC","19","20","-1","1","-1","29","3","0","2098","3","182","9000000.0","10000000.0","1000000.0","9.0","10.0","1.0"
"2","569","12","27","46","2023","Lorenz Assignon","Right-Back","France","Burnley FC","23","24","-1","1","-1","15","2","0","1235","1","181","10000000.0","10000000.0","0.0","10.0","10.0","0.0"
"2","469","11","36","46","2023","Johann Berg Gudmundsson","Right Winger","Iceland","Burnley FC","33","34","-1","1","-1","26","3","0","1191","1","186","1000000.0","1000000.0","0.0","1.0","1.0","0.0"
"2","199","3","38","46","2023","Dara OShea","Centre-Back","Ireland","Burnley FC","25","25","-1","1","-1","33","4","0","2893","3","189","7000000.0","7000000.0","0.0","7.0","7.0","0.0"
"2","490","5","38","46","2023","Josh Cullen","Defensive Midfield","Ireland","Burnley FC","28","28","-1","1","-1","25","3","0","2057","2","175","13000000.0","10000000.0","-3000000.0","13.0","10.0","-3.0"
"2","572","11","40","46","2023","Luca Koleosho","Right Winger","Italy","Burnley FC","19","20","-1","1","-1","15","1","0","974","1","175","6000000.0","7000000.0","1000000.0","6.0","7.0","1.0"
"2","850","5","53","46","2023","Sander Berge","Defensive Midfield","Norway","Burnley FC","26","26","-1","1","-1","37","2","0","3005","1","195","20000000.0","20000000.0","0.0","20.0","20.0","0.0"
"2","594","4","62","46","2023","Lyle Foster","Centre-Forward","South Africa","Burnley FC","23","24","-1","1","-1","24","3","0","1899","5","185","13000000.0","13000000.0","0.0","13.0","13.0","0.0"
"2","986","4","65","46","2023","Zeki Amdouni","Centre-Forward","Switzerland","Burnley FC","23","24","-1","1","-1","34","1","1","1956","5","185","15000000.0","12000000.0","-3000000.0","15.0","12.0","-3.0"
"2","266","2","4","50","2023","Enzo Fernandez","Central Midfield","Argentina","Chelsea FC","23","24","-2","0","-1","28","2","1","2209","3","178","80000000.0","75000000.0","-5000000.0","80.0","75.0","-5.0"
"2","909","3","10","50","2023","Thiago Silva","Centre-Back","Brazil","Chelsea FC","39","40","-2","0","-1","31","1","0","2527","3","181","2000000.0","1000000.0","-1000000.0","2.0","1.0","-1.0"
"2","690","5","23","50","2023","Moises Caicedo","Defensive Midfield","Ecuador","Chelsea FC","22","23","-2","0","-1","35","3","0","2866","1","178","90000000.0","75000000.0","-15000000.0","90.0","75.0","-15.0"
"2","176","2","25","50","2023","Conor Gallagher","Central Midfield","England","Chelsea FC","24","24","-2","0","-1","37","7","0","3129","5","182","40000000.0","50000000.0","10000000.0","40.0","50.0","10.0"
"2","38","3","25","50","2023","Alfie Gilchrist","Centre-Back","England","Chelsea FC","20","21","-2","0","-1","11","0","0","206","1","183","200000.0","5000000.0","4800000.0","0.2","5.0","4.8"
"2","730","11","25","50","2023","Noni Madueke","Right Winger","England","Chelsea FC","22","22","-2","0","-1","23","2","1","1053","5","182","25000000.0","28000000.0","3000000.0","25.0","28.0","3.0"
"2","929","3","25","50","2023","Trevoh Chalobah","Centre-Back","England","Chelsea FC","24","25","-2","0","-1","13","0","0","952","1","192","18000000.0","13000000.0","-5000000.0","18.0","13.0","-5.0"
"2","143","2","25","50","2023","Carney Chukwuemeka","Central Midfield","England","Chelsea FC","20","21","-2","0","-1","9","1","0","227","1","188","15000000.0","15000000.0","0.0","15.0","15.0","0.0"
"2","558","3","25","50","2023","Levi Colwill","Centre-Back","England","Chelsea FC","21","21","-2","0","-1","23","1","0","1797","1","187","35000000.0","50000000.0","15000000.0","35.0","50.0","15.0"
"2","785","11","25","50","2023","Raheem Sterling","Right Winger","England","Chelsea FC","29","30","-2","0","-1","31","4","0","1979","8","170","50000000.0","35000000.0","-15000000.0","50.0","35.0","-15.0"
"2","90","3","27","50","2023","Axel Disasi","Centre-Back","France","Chelsea FC","26","26","-2","0","-1","31","0","0","258","2","191","40000000.0","40000000.0","0.0","40.0","40.0","0.0"
"2","165","4","27","50","2023","Christopher Nkunku","Centre-Forward","France","Chelsea FC","26","27","-2","0","-1","11","0","0","444","3","177","75000000.0","65000000.0","-10000000.0","75.0","65.0","-10.0"
"2","722","4","59","50","2023","Nicolas Jackson","Centre-Forward","Senegal","Chelsea FC","22","23","-2","0","-1","35","5","0","2799","14","187","35000000.0","35000000.0","0.0","35.0","35.0","0.0"
"2","703","8","70","50","2023","Mykhaylo Mudryk","Left Winger","Ukraine","Chelsea FC","23","24","-2","0","-1","31","2","0","1575","5","175","45000000.0","35000000.0","-10000000.0","45.0","35.0","-10.0"
"2","437","5","15","57","2023","Jefferson Lerma","Defensive Midfield","Colombia","Crystal Palace","29","30","2","0","1","28","1","0","24","1","179","20000000.0","20000000.0","0.0","20.0","20.0","0.0"
"2","450","3","21","57","2023","Joachim Andersen","Centre-Back","Denmark","Crystal Palace","27","28","2","0","1","38","3","0","3415","2","192","35000000.0","35000000.0","0.0","35.0","35.0","0.0"
"2","934","9","25","57","2023","Tyrick Mitchell","Left-Back","England","Crystal Palace","24","25","2","0","1","37","3","0","3204","2","181","22000000.0","25000000.0","3000000.0","22.0","25.0","3.0"
"2","244","1","25","57","2023","Eberechi Eze","Attacking Midfield","England","Crystal Palace","25","26","2","0","1","27","4","1","2056","11","178","48000000.0","55000000.0","7000000.0","48.0","55.0","7.0"
"2","434","4","27","57","2023","Jean-Philippe Mateta","Centre-Forward","France","Crystal Palace","26","27","2","0","1","35","5","2","2282","16","192","7000000.0","20000000.0","13000000.0","7.0","20.0","13.0"
"2","733","4","27","57","2023","Odsonne Edouard","Centre-Forward","France","Crystal Palace","26","27","2","0","1","30","0","0","1555","7","187","20000000.0","18000000.0","-2000000.0","20.0","18.0","-2.0"
"2","671","11","27","57","2023","Michael Olise","Right Winger","France","Crystal Palace","22","23","2","0","1","19","6","1","1276","10","184","50000000.0","55000000.0","5000000.0","50.0","55.0","5.0"
"2","484","4","30","57","2023","Jordan Ayew","Centre-Forward","Ghana","Crystal Palace","32","33","2","0","1","35","7","0","2544","4","182","4000000.0","4000000.0","0.0","4.0","4.0","0.0"
"2","438","7","30","57","2023","Jeffrey Schlupp","Left Midfield","Ghana","Crystal Palace","31","32","2","0","1","29","2","0","1351","2","178","7000000.0","7000000.0","0.0","7.0","7.0","0.0"
"2","158","3","71","57","2023","Chris Richards","Centre-Back","United States","Crystal Palace","24","24","2","0","1","26","1","0","2094","1","188","8000000.0","12000000.0","4000000.0","8.0","12.0","4.0"
"2","44","5","8","66","2023","Amadou Onana","Defensive Midfield","Belgium","Everton FC","22","23","-5","0","-1","30","0","0","2091","2","195","50000000.0","50000000.0","0.0","50.0","50.0","0.0"
"2","669","3","25","66","2023","Michael Keane","Centre-Back","England","Everton FC","31","32","-5","0","-1","9","0","0","439","1","188","7000000.0","6000000.0","-1000000.0","7.0","6.0","-1.0"
"2","396","11","25","66","2023","Jack Harrison","Right Winger","England","Everton FC","27","28","-5","0","-1","29","3","0","2214","3","175","22000000.0","18000000.0","-4000000.0","22.0","18.0","-4.0"
"2","233","4","25","66","2023","Dominic Calvert-Lewin","Centre-Forward","England","Everton FC","27","27","-5","0","-1","32","2","2","217","7","189","22000000.0","22000000.0","0.0","22.0","22.0","0.0"
"2","242","1","25","66","2023","Dwight McNeil","Attacking Midfield","England","Everton FC","24","25","-5","0","-1","35","6","0","2892","3","183","20000000.0","22000000.0","2000000.0","20.0","22.0","2.0"
"2","427","3","25","66","2023","Jarrad Branthwaite","Centre-Back","England","Everton FC","21","22","-5","0","-1","35","0","0","3116","3","195","18000000.0","42000000.0","24000000.0","18.0","42.0","24.0"
"2","560","8","25","66","2023","Lewis Dobbin","Left Winger","England","Everton FC","21","22","-5","0","-1","12","0","0","232","1","175","1000000.0","2500000.0","1500000.0","1.0","2.5","1.5"
"2","411","5","25","66","2023","James Garner","Defensive Midfield","England","Everton FC","23","23","-5","0","-1","37","2","0","3004","1","182","16000000.0","22000000.0","6000000.0","16.0","22.0","6.0"
"2","417","3","25","66","2023","James Tarkowski","Centre-Back","England","Everton FC","31","32","-5","0","-1","38","1","0","3419","1","185","13000000.0","13000000.0","0.0","13.0","13.0","0.0"
"2","112","4","34","66","2023","Beto","Centre-Forward","Guinea-Bissau","Everton FC","26","26","-5","0","-1","30","0","0","952","3","194","22000000.0","20000000.0","-2000000.0","22.0","20.0","-2.0"
"2","8","2","45","66","2023","Abdoulaye Doucoure","Central Midfield","Mali","Everton FC","31","32","-5","0","-1","32","2","0","2628","7","183","12000000.0","10000000.0","-2000000.0","12.0","10.0","-2.0"
"2","81","8","48","66","2023","Arnaut Danjuma","Left Winger","Netherlands","Everton FC","27","27","-5","0","-1","14","0","0","595","1","178","20000000.0","13000000.0","-7000000.0","20.0","13.0","-7.0"
"2","51","2","56","66","2023","Andre Gomes","Central Midfield","Portugal","Everton FC","30","31","-5","0","-1","12","0","0","509","1","190","12000000.0","10000000.0","-2000000.0","12.0","10.0","-2.0"
"2","376","2","59","66","2023","Idrissa Gueye","Central Midfield","Senegal","Everton FC","34","35","-5","0","-1","25","0","0","1884","4","174","4000000.0","3000000.0","-1000000.0","4.0","3.0","-1.0"
"2","949","9","70","66","2023","Vitaliy Mykolenko","Left-Back","Ukraine","Everton FC","24","25","-5","0","-1","28","0","0","2469","2","180","28000000.0","28000000.0","0.0","28.0","28.0","0.0"
"2","78","4","1","79","2023","Armando Broja","Centre-Forward","Albania","For 2 Clubs","22","23","","","","21","2","0","542","1","191","28000000.0","22000000.0","-6000000.0","28.0","22.0","-6.0"
"2","171","1","25","79","2023","Cole Palmer","Attacking Midfield","England","For 2 Clubs","22","22","","","","34","11","9","2618","22","185","18000000.0","80000000.0","62000000.0","18.0","80.0","62.0"
"2","414","1","25","79","2023","James McAtee","Attacking Midfield","England","For 2 Clubs","21","22","","","","31","3","1","1823","3","180","12000000.0","12000000.0","0.0","12.0","12.0","0.0"
"2","138","4","25","79","2023","Cameron Archer","Centre-Forward","England","For 2 Clubs","22","23","","","","30","1","0","1838","4","175","18000000.0","13000000.0","-5000000.0","18.0","13.0","-5.0"
"2","715","4","27","79","2023","Neal Maupay","Centre-Forward","France","For 2 Clubs","27","28","","","","31","3","0","1432","6","171","10000000.0","12000000.0","2000000.0","10.0","12.0","2.0"
"2","28","8","50","79","2023","Alex Iwobi","Left Winger","Nigeria","For 2 Clubs","28","28","","","","32","2","0","2332","5","183","28000000.0","25000000.0","-3000000.0","28.0","25.0","-3.0"
"2","123","11","74","79","2023","Brennan Johnson","Right Winger","Wales","For 2 Clubs","22","23","","","","35","10","0","2322","5","186","48000000.0","48000000.0","0.0","48.0","48.0","0.0"
"2","916","12","8","81","2023","Timothy Castagne","Right-Back","Belgium","Fulham FC","28","29","0","0","0","34","3","0","2634","1","185","17000000.0","17000000.0","0.0","17.0","17.0","0.0"
"2","965","8","10","81","2023","Willian","Left Winger","Brazil","Fulham FC","35","36","0","0","0","31","2","2","2052","4","175","3000000.0","3000000.0","0.0","3.0","3.0","0.0"
"2","141","4","10","81","2023","Carlos Vinicius","Centre-Forward","Brazil","Fulham FC","28","29","0","0","0","13","0","0","315","2","190","6000000.0","4000000.0","-2000000.0","6.0","4.0","-2.0"
"2","54","1","10","81","2023","Andreas Pereira","Attacking Midfield","Brazil","Fulham FC","28","29","0","0","0","37","7","0","2614","3","178","20000000.0","20000000.0","0.0","20.0","20.0","0.0"
"2","814","4","10","81","2023","Rodrigo Muniz","Centre-Forward","Brazil","Fulham FC","23","23","0","0","0","26","1","0","1594","9","186","5000000.0","20000000.0","15000000.0","5.0","20.0","15.0"
"2","926","3","25","81","2023","Tosin Adarabioyo","Centre-Back","England","Fulham FC","26","27","0","0","0","20","0","0","1617","2","197","12000000.0","20000000.0","8000000.0","12.0","20.0","8.0"
"2","115","11","41","81","2023","Bobby De Cordova-Reid","Right Winger","Jamaica","Fulham FC","31","31","0","0","0","33","2","0","1424","6","170","6000000.0","5000000.0","-1000000.0","6.0","5.0","-1.0"
"2","781","4","46","81","2023","Rael Jimenez","Centre-Forward","Mexico","Fulham FC","33","33","0","0","0","24","0","0","1395","7","187","6000000.0","5000000.0","-1000000.0","6.0","5.0","-1.0"
"2","533","12","48","81","2023","Kenny Tete","Right-Back","Netherlands","Fulham FC","28","29","0","0","0","14","0","0","867","1","180","15000000.0","15000000.0","0.0","15.0","15.0","0.0"
"2","137","3","50","81","2023","Calvin Bassey","Centre-Back","Nigeria","Fulham FC","24","25","0","0","0","29","0","0","2303","1","185","16000000.0","16000000.0","0.0","16.0","16.0","0.0"
"2","455","5","56","81","2023","Joao Palhinha","Defensive Midfield","Portugal","Fulham FC","28","29","0","0","0","33","1","0","2698","4","190","55000000.0","55000000.0","0.0","55.0","55.0","0.0"
"2","920","2","58","81","2023","Tom Cairney","Central Midfield","Scotland","Fulham FC","33","34","0","0","0","34","4","0","1488","1","185","2000000.0","2000000.0","0.0","2.0","2.0","0.0"
"2","856","2","60","81","2023","Sasa Lukic","Central Midfield","Serbia","Fulham FC","27","28","0","0","0","24","0","0","1121","1","182","10000000.0","10000000.0","0.0","10.0","10.0","0.0"
"2","16","11","63","81","2023","Adama Traore","Right Winger","Spain","Fulham FC","28","29","0","0","0","17","3","0","377","2","178","9000000.0","9000000.0","0.0","9.0","9.0","0.0"
"2","914","3","71","81","2023","Tim Ream","Centre-Back","United States","Fulham FC","36","37","0","0","0","18","0","0","1505","1","186","1000000.0","800000.0","-200000.0","1.0","0.8","-0.2"
"2","362","11","74","81","2023","Harry Wilson","Right Winger","Wales","Fulham FC","27","27","0","0","0","35","6","0","1619","4","173","17000000.0","17000000.0","0.0","17.0","17.0","0.0"
"2","35","2","4","112","2023","Alexis Mac Allister","Central Midfield","Argentina","Liverpool FC","25","26","2","0","1","33","5","1","2602","5","176","65000000.0","75000000.0","10000000.0","65.0","75.0","10.0"
"2","582","8","15","112","2023","Luis Diaz","Left Winger","Colombia","Liverpool FC","27","28","2","0","1","37","5","0","2629","8","180","75000000.0","75000000.0","0.0","75.0","75.0","0.0"
"2","686","11","24","112","2023","Mohamed Salah","Right Winger","Egypt","Liverpool FC","31","32","2","0","1","32","10","5","2534","18","175","65000000.0","55000000.0","-10000000.0","65.0","55.0","-10.0"
"2","426","3","25","112","2023","Jarell Quansah","Centre-Back","England","Liverpool FC","21","22","2","0","1","17","0","0","119","2","190","2000000.0","22000000.0","20000000.0","2.0","22.0","20.0"
"2","928","12","25","112","2023","Trent Alexander-Arnold","Right-Back","England","Liverpool FC","25","26","2","0","1","28","4","0","2156","3","175","70000000.0","70000000.0","0.0","70.0","70.0","0.0"
"2","364","2","25","112","2023","Harvey Elliott","Central Midfield","England","Liverpool FC","21","21","2","0","1","34","6","0","1351","3","170","30000000.0","35000000.0","5000000.0","30.0","35.0","5.0"
"2","185","2","25","112","2023","Curtis Jones","Central Midfield","England","Liverpool FC","23","24","2","0","1","23","1","0","1166","1","185","25000000.0","35000000.0","10000000.0","25.0","35.0","10.0"
"2","235","2","35","112","2023","Dominik Szoboszlai","Central Midfield","Hungary","Liverpool FC","23","24","2","0","1","33","2","0","2104","3","187","70000000.0","75000000.0","5000000.0","70.0","75.0","5.0"
"2","956","5","42","112","2023","Wataru Endo","Defensive Midfield","Japan","Liverpool FC","31","31","2","0","1","29","0","0","1722","1","178","13000000.0","13000000.0","0.0","13.0","13.0","0.0"
"2","948","3","48","112","2023","Virgil van Dijk","Centre-Back","Netherlands","Liverpool FC","32","33","2","0","1","36","2","0","3178","2","195","32000000.0","30000000.0","-2000000.0","32.0","30.0","-2.0"
"2","834","5","48","112","2023","Ryan Gravenberch","Defensive Midfield","Netherlands","Liverpool FC","22","22","2","0","1","26","0","0","1121","1","190","35000000.0","35000000.0","0.0","35.0","35.0","0.0"
"2","170","8","48","112","2023","Cody Gakpo","Left Winger","Netherlands","Liverpool FC","25","25","2","0","1","35","5","0","165","8","193","50000000.0","55000000.0","5000000.0","50.0","55.0","5.0"
"2","174","12","52","112","2023","Conor Bradley","Right-Back","Northern Ireland","Liverpool FC","20","21","2","0","1","11","3","0","753","1","181","2000000.0","15000000.0","13000000.0","2.0","15.0","13.0"
"2","229","4","56","112","2023","Diogo Jota","Centre-Forward","Portugal","Liverpool FC","27","28","2","0","1","21","3","0","1146","10","178","50000000.0","50000000.0","0.0","50.0","50.0","0.0"
"2","58","9","58","112","2023","Andrew Robertson","Left-Back","Scotland","Liverpool FC","30","30","2","0","1","23","2","0","1693","3","178","35000000.0","30000000.0","-5000000.0","35.0","30.0","-5.0"
"2","201","4","72","112","2023","Darwin Nenez","Centre-Forward","Uruguay","Liverpool FC","24","25","2","0","1","36","8","0","2047","11","187","65000000.0","70000000.0","5000000.0","65.0","70.0","5.0"
"2","22","2","8","116","2023","Albert Sambi Lokonga","Central Midfield","Belgium","Luton Town","24","25","2","1","1","17","3","0","1304","1","183","12000000.0","15000000.0","3000000.0","12.0","15.0","3.0"
"2","596","3","21","116","2023","Mads Andersen","Centre-Back","Denmark","Luton Town","26","27","2","1","1","8","0","0","400","1","194","3000000.0","3000000.0","0.0","3.0","3.0","0.0"
"2","590","2","25","116","2023","Luke Berry","Central Midfield","England","Luton Town","31","32","2","1","1","17","1","0","323","2","177","400000.0","400000.0","0.0","0.4","0.4","0.0"
"2","825","2","25","116","2023","Ross Barkley","Central Midfield","England","Luton Town","30","31","2","1","1","32","4","0","2618","5","189","4500000.0","8000000.0","3500000.0","4.5","8.0","3.5"
"2","37","7","25","116","2023","Alfie Doughty","Left Midfield","England","Luton Town","24","25","2","1","1","37","8","0","2925","2","183","4500000.0","10000000.0","5500000.0","4.5","10.0","5.5"
"2","901","3","25","116","2023","Teden Mengi","Centre-Back","England","Luton Town","22","22","2","1","1","30","0","0","2469","1","186","7000000.0","12000000.0","5000000.0","7.0","12.0","5.0"
"2","485","2","25","116","2023","Jordan Clark","Central Midfield","England","Luton Town","30","31","2","1","1","23","1","0","1304","1","183","1000000.0","1000000.0","0.0","1.0","1.0","0.0"
"2","145","4","25","116","2023","Cauley Woodrow","Centre-Forward","England","Luton Town","29","30","2","1","1","24","1","0","426","1","184","1000000.0","1000000.0","0.0","1.0","1.0","0.0"
"2","61","11","25","116","2023","Andros Townsend","Right Winger","England","Luton Town","32","33","2","1","1","27","3","0","1209","1","181","1800000.0","1800000.0","0.0","1.8","1.8","0.0"
"2","142","4","25","116","2023","Carlton Morris","Centre-Forward","England","Luton Town","28","29","2","1","1","38","4","5","2864","11","185","10000000.0","13000000.0","3000000.0","10.0","13.0","3.0"
"2","251","4","25","116","2023","Elijah Adebayo","Centre-Forward","England","Luton Town","26","27","2","1","1","27","0","0","1416","10","193","7000000.0","12000000.0","5000000.0","7.0","12.0","5.0"
"2","155","11","38","116","2023","Chiedozie Ogbene","Right Winger","Ireland","Luton Town","27","27","2","1","1","30","1","0","1995","4","181","3000000.0","8000000.0","5000000.0","3.0","8.0","5.0"
"2","893","11","48","116","2023","Tahith Chong","Right Winger","Netherlands","Luton Town","24","25","2","1","1","33","0","0","1985","4","185","4500000.0","6000000.0","1500000.0","4.5","6.0","1.5"
"2","317","3","50","116","2023","Gabriel Osho","Centre-Back","Nigeria","Luton Town","25","26","2","1","1","21","0","0","1846","2","185","1000000.0","3000000.0","2000000.0","1.0","3.0","2.0"
"2","400","4","58","116","2023","Jacob Brown","Centre-Forward","Scotland","Luton Town","25","26","2","1","1","19","0","0","1019","2","178","4000000.0","4000000.0","0.0","4.0","4.0","0.0"
"2","923","3","74","116","2023","Tom Lockyer","Centre-Back","Wales","Luton Town","29","30","2","1","1","14","1","0","1169","1","185","3500000.0","2500000.0","-1000000.0","3.5","2.5","-1.0"
"2","503","4","4","118","2023","Julian Alvarez","Centre-Forward","Argentina","Manchester City","24","24","1","0","1","36","9","2","2647","11","170","80000000.0","90000000.0","10000000.0","80.0","90.0","10.0"
"2","536","1","8","118","2023","Kevin De Bruyne","Attacking Midfield","Belgium","Manchester City","32","33","1","0","1","18","10","0","1221","4","181","60000000.0","50000000.0","-10000000.0","60.0","50.0","-10.0"
"2","439","8","8","118","2023","Jeremy Doku","Left Winger","Belgium","Manchester City","21","22","1","0","1","29","7","0","1595","3","173","60000000.0","65000000.0","5000000.0","60.0","65.0","5.0"
"2","496","9","17","118","2023","Josko Gvardiol","Left-Back","Croatia","Manchester City","22","23","1","0","1","28","1","0","2328","4","185","80000000.0","75000000.0","-5000000.0","80.0","75.0","-5.0"
"2","633","2","17","118","2023","Mateo Kovacic","Central Midfield","Croatia","Manchester City","30","30","1","0","1","30","0","0","1551","1","177","38000000.0","30000000.0","-8000000.0","38.0","30.0","-8.0"
"2","774","11","25","118","2023","Phil Foden","Right Winger","England","Manchester City","23","24","1","0","1","35","8","0","2858","19","171","110000000.0","150000000.0","40000000.0","110.0","150.0","40.0"
"2","801","12","25","118","2023","Rico Lewis","Right-Back","England","Manchester City","19","20","1","0","1","16","0","0","809","2","169","38000000.0","38000000.0","0.0","38.0","38.0","0.0"
"2","395","8","25","118","2023","Jack Grealish","Left Winger","England","Manchester City","28","29","1","0","1","20","1","0","1008","3","180","70000000.0","60000000.0","-10000000.0","70.0","60.0","-10.0"
"2","475","3","25","118","2023","John Stones","Centre-Back","England","Manchester City","29","30","1","0","1","16","0","0","1064","1","188","38000000.0","38000000.0","0.0","38.0","38.0","0.0"
"2","709","3","48","118","2023","Nathan Ake","Centre-Back","Netherlands","Manchester City","29","29","1","0","1","29","2","0","2042","2","180","40000000.0","40000000.0","0.0","40.0","40.0","0.0"
"2","270","4","53","118","2023","Erling Haaland","Centre-Forward","Norway","Manchester City","23","24","1","0","1","31","4","7","2552","27","195","180000000.0","180000000.0","0.0","180.0","180.0","0.0"
"2","748","11","53","118","2023","Oscar Bobb","Right Winger","Norway","Manchester City","20","21","1","0","1","14","1","0","302","1","175","10000000.0","25000000.0","15000000.0","10.0","25.0","15.0"
"2","109","1","56","118","2023","Bernardo Silva","Attacking Midfield","Portugal","Manchester City","29","30","1","0","1","33","9","0","2578","6","173","80000000.0","70000000.0","-10000000.0","80.0","70.0","-10.0"
"2","811","5","63","118","2023","Rodri","Defensive Midfield","Spain","Manchester City","27","28","1","0","1","34","9","0","2932","8","191","100000000.0","130000000.0","30000000.0","100.0","130.0","30.0"
"2","604","3","65","118","2023","Manuel Akanji","Centre-Back","Switzerland","Manchester City","28","29","1","0","1","30","0","0","2512","2","188","42000000.0","45000000.0","3000000.0","42.0","45.0","3.0"
"2","23","8","4","119","2023","Alejandro Garnacho","Left Winger","Argentina","Manchester United","19","20","-7","0","-1","36","4","0","2565","7","180","30000000.0","45000000.0","15000000.0","30.0","45.0","15.0"
"2","144","5","10","119","2023","Casemiro","Defensive Midfield","Brazil","Manchester United","32","32","-7","0","-1","25","2","0","1982","1","185","30000000.0","20000000.0","-10000000.0","30.0","20.0","-10.0"
"2","75","11","10","119","2023","Antony","Right Winger","Brazil","Manchester United","24","24","-7","0","-1","29","1","0","1324","1","172","50000000.0","25000000.0","-25000000.0","50.0","25.0","-25.0"
"2","43","11","16","119","2023","Amad Diallo","Right Winger","Cote dIvoire","Manchester United","21","22","-7","0","-1","9","1","0","390","1","173","18000000.0","18000000.0","0.0","18.0","18.0","0.0"
"2","161","2","21","119","2023","Christian Eriksen","Central Midfield","Denmark","Manchester United","32","32","-7","0","-1","22","2","0","1141","1","182","18000000.0","8000000.0","-10000000.0","18.0","8.0","-10.0"
"2","789","4","21","119","2023","Rasmus Hojlund","Centre-Forward","Denmark","Manchester United","21","21","-7","0","-1","30","2","0","2159","10","191","65000000.0","65000000.0","0.0","65.0","65.0","0.0"
"2","629","1","25","119","2023","Mason Mount","Attacking Midfield","England","Manchester United","25","26","-7","0","-1","14","0","0","516","1","181","45000000.0","35000000.0","-10000000.0","45.0","35.0","-10.0"
"2","543","2","25","119","2023","Kobbie Mainoo","Central Midfield","England","Manchester United","19","19","-7","0","-1","24","1","0","1924","3","180","6000000.0","55000000.0","49000000.0","6.0","55.0","49.0"
"2","360","3","25","119","2023","Harry Maguire","Centre-Back","England","Manchester United","31","31","-7","0","-1","22","2","0","1653","2","194","20000000.0","18000000.0","-2000000.0","20.0","18.0","-2.0"
"2","616","8","25","119","2023","Marcus Rashford","Left Winger","England","Manchester United","26","27","-7","0","-1","33","2","2","2271","7","185","75000000.0","60000000.0","-15000000.0","75.0","60.0","-15.0"
"2","787","3","27","119","2023","Raphael Varane","Centre-Back","France","Manchester United","31","31","-7","0","-1","22","0","0","1375","1","191","25000000.0","20000000.0","-5000000.0","25.0","20.0","-5.0"
"2","70","4","27","119","2023","Anthony Martial","Centre-Forward","France","Manchester United","28","29","-7","0","-1","13","0","0","447","1","181","15000000.0","10000000.0","-5000000.0","15.0","10.0","-5.0"
"2","228","12","56","119","2023","Diogo Dalot","Right-Back","Portugal","Manchester United","25","25","-7","0","-1","36","3","0","3175","2","183","35000000.0","35000000.0","0.0","35.0","35.0","0.0"
"2","126","1","56","119","2023","Bruno Fernandes","Attacking Midfield","Portugal","Manchester United","29","30","-7","0","-1","35","8","4","3118","10","179","70000000.0","70000000.0","0.0","70.0","70.0","0.0"
"2","859","2","58","119","2023","Scott McTominay","Central Midfield","Scotland","Manchester United","27","28","-7","0","-1","32","1","0","1901","7","191","28000000.0","32000000.0","4000000.0","28.0","32.0","4.0"
"2","942","3","64","119","2023","Victor Lindelof","Centre-Back","Sweden","Manchester United","29","30","-7","0","-1","19","1","0","1328","1","187","18000000.0","15000000.0","-3000000.0","18.0","15.0","-3.0"
"2","357","1","67","119","2023","Hannibal","Attacking Midfield","Tunisia","Manchester United","20","22","-7","0","-1","5","0","0","134","1","183","12000000.0","9000000.0","-3000000.0","12.0","9.0","-3.0"
"2","468","2","10","132","2023","Joelinton","Central Midfield","Brazil","Newcastle United","27","28","2","0","1","20","1","0","1279","2","186","42000000.0","40000000.0","-2000000.0","42.0","40.0","-2.0"
"2","127","5","10","132","2023","Bruno Guimaraes","Defensive Midfield","Brazil","Newcastle United","26","27","2","0","1","37","8","0","3263","7","182","85000000.0","85000000.0","0.0","85.0","85.0","0.0"
"2","861","2","25","132","2023","Sean Longstaff","Central Midfield","England","Newcastle United","26","27","2","0","1","35","2","0","2747","6","187","25000000.0","25000000.0","0.0","25.0","25.0","0.0"
"2","541","12","25","132","2023","Kieran Trippier","Right-Back","England","Newcastle United","33","34","2","0","1","28","10","0","2236","1","173","11000000.0","10000000.0","-1000000.0","11.0","10.0","-1.0"
"2","363","8","25","132","2023","Harvey Barnes","Left Winger","England","Newcastle United","26","27","2","0","1","21","3","0","802","5","182","35000000.0","35000000.0","0.0","35.0","35.0","0.0"
"2","402","11","25","132","2023","Jacob Murphy","Right Winger","England","Newcastle United","29","29","2","0","1","21","7","0","1189","3","179","15000000.0","15000000.0","0.0","15.0","15.0","0.0"
"2","188","3","25","132","2023","Dan Burn","Centre-Back","England","Newcastle United","32","32","2","0","1","33","2","0","2726","2","201","10000000.0","8000000.0","-2000000.0","10.0","8.0","-2.0"
"2","463","2","25","132","2023","Joe Willock","Central Midfield","England","Newcastle United","24","25","2","0","1","9","0","0","418","1","186","35000000.0","30000000.0","-5000000.0","35.0","30.0","-5.0"
"2","562","9","25","132","2023","Lewis Hall","Left-Back","England","Newcastle United","19","20","2","0","1","18","0","0","781","1","179","18000000.0","18000000.0","0.0","18.0","18.0","0.0"
"2","917","12","25","132","2023","Tino Livramento","Right-Back","England","Newcastle United","21","22","2","0","1","26","0","0","1313","1","182","30000000.0","35000000.0","5000000.0","30.0","35.0","5.0"
"2","563","2","25","132","2023","Lewis Miley","Central Midfield","England","Newcastle United","17","18","2","0","1","17","3","0","1203","1","189","2500000.0","22000000.0","19500000.0","2.5","22.0","19.5"
"2","409","3","25","132","2023","Jamaal Lascelles","Centre-Back","England","Newcastle United","30","31","2","0","1","16","0","0","108","1","188","7000000.0","7000000.0","0.0","7.0","7.0","0.0"
"2","69","8","25","132","2023","Anthony Gordon","Left Winger","England","Newcastle United","23","23","2","0","1","35","10","1","2891","11","183","38000000.0","60000000.0","22000000.0","38.0","60.0","22.0"
"2","135","4","25","132","2023","Callum Wilson","Centre-Forward","England","Newcastle United","32","32","2","0","1","20","1","2","991","9","180","13000000.0","13000000.0","0.0","13.0","13.0","0.0"
"2","851","2","40","132","2023","Sandro Tonali","Central Midfield","Italy","Newcastle United","23","24","2","0","1","8","0","0","439","1","181","60000000.0","38000000.0","-22000000.0","60.0","38.0","-22.0"
"2","891","3","48","132","2023","Sven Botman","Centre-Back","Netherlands","Newcastle United","24","25","2","0","1","17","2","0","1377","2","195","45000000.0","45000000.0","0.0","45.0","45.0","0.0"
"2","677","11","54","132","2023","Miguel Almiron","Right Winger","Paraguay","Newcastle United","30","30","2","0","1","33","1","0","1938","3","174","30000000.0","20000000.0","-10000000.0","30.0","20.0","-10.0"
"2","648","10","58","132","2023","Matt Ritchie","Right Midfield","Scotland","Newcastle United","34","35","2","0","1","13","0","0","128","1","173","1000000.0","1000000.0","0.0","1.0","1.0","0.0"
"2","31","4","64","132","2023","Alexander Isak","Centre-Forward","Sweden","Newcastle United","24","25","2","0","1","30","2","5","2255","21","192","70000000.0","75000000.0","5000000.0","70.0","75.0","5.0"
"2","282","3","65","132","2023","Fabian Schar","Centre-Back","Switzerland","Newcastle United","32","33","2","0","1","36","1","0","3054","4","186","10000000.0","10000000.0","0.0","10.0","10.0","0.0"
"2","721","2","4","136","2023","Nicolas Dominguez","Central Midfield","Argentina","Nottingham Forest","25","26","-6","0","-1","26","2","0","1495","2","179","17000000.0","17000000.0","0.0","17.0","17.0","0.0"
"2","745","5","8","136","2023","Orel Mangala","Defensive Midfield","Belgium","Nottingham Forest","25","26","-6","0","-1","20","0","0","1563","1","178","20000000.0","20000000.0","0.0","20.0","20.0","0.0"
"2","196","5","10","136","2023","Danilo","Defensive Midfield","Brazil","Nottingham Forest","23","23","-6","0","-1","29","2","0","1791","2","177","28000000.0","28000000.0","0.0","28.0","28.0","0.0"
"2","967","3","16","136","2023","Willy Boly","Centre-Back","Cote dIvoire","Nottingham Forest","33","33","-6","0","-1","20","1","0","144","2","195","2500000.0","2500000.0","0.0","2.5","2.5","0.0"
"2","691","1","25","136","2023","Morgan Gibbs-White","Attacking Midfield","England","Nottingham Forest","24","25","-6","0","-1","37","10","1","3155","5","171","40000000.0","40000000.0","0.0","40.0","40.0","0.0"
"2","361","9","25","136","2023","Harry Toffolo","Left-Back","England","Nottingham Forest","28","29","-6","0","-1","23","3","0","1459","1","183","5000000.0","5000000.0","0.0","5.0","5.0","0.0"
"2","836","2","25","136","2023","Ryan Yates","Central Midfield","England","Nottingham Forest","26","27","-6","0","-1","35","1","0","1992","1","190","12000000.0","12000000.0","0.0","12.0","12.0","0.0"
"2","133","8","25","136","2023","Callum Hudson-Odoi","Left Winger","England","Nottingham Forest","23","24","-6","0","-1","29","1","0","1854","8","178","12000000.0","18000000.0","6000000.0","12.0","18.0","6.0"
"2","159","4","49","136","2023","Chris Wood","Centre-Forward","New Zealand","Nottingham Forest","32","33","-6","0","-1","31","1","0","1811","14","191","7000000.0","7000000.0","0.0","7.0","7.0","0.0"
"2","894","4","50","136","2023","Taiwo Awoniyi","Centre-Forward","Nigeria","Nottingham Forest","26","27","-6","0","-1","20","3","0","1042","6","183","30000000.0","28000000.0","-2000000.0","30.0","28.0","-2.0"
"2","734","12","50","136","2023","Ola Aina","Right-Back","Nigeria","Nottingham Forest","27","28","-6","0","-1","22","1","0","1692","1","184","5000000.0","12000000.0","7000000.0","5.0","12.0","7.0"
"2","700","3","59","136","2023","Moussa Niakhate","Centre-Back","Senegal","Nottingham Forest","28","28","-6","0","-1","21","0","0","1461","1","190","16000000.0","16000000.0","0.0","16.0","16.0","0.0"
"2","68","11","64","136","2023","Anthony Elanga","Right Winger","Sweden","Nottingham Forest","22","22","-6","0","-1","36","9","0","2434","5","178","18000000.0","22000000.0","4000000.0","18.0","22.0","4.0"
"2","63","3","9","170","2023","Anel Ahmedhodzic","Centre-Back","Bosnia-Herzegovina","Sheffield United","25","25","-1","1","-1","31","0","0","265","2","190","18000000.0","18000000.0","0.0","18.0","18.0","0.0"
"2","947","5","10","170","2023","Vini Souza","Defensive Midfield","Brazil","Sheffield United","24","25","-1","1","-1","36","0","0","2668","1","187","12000000.0","12000000.0","0.0","12.0","12.0","0.0"
"2","95","4","14","170","2023","Ben Brereton Diaz","Centre-Forward","Chile","Sheffield United","25","25","-1","1","-1","14","1","1","1105","6","185","10000000.0","8000000.0","-2000000.0","10.0","8.0","-2.0"
"2","398","3","25","170","2023","Jack Robinson","Centre-Back","England","Sheffield United","30","31","-1","1","-1","34","1","0","2885","1","180","1000000.0","1000000.0","0.0","1.0","1.0","0.0"
"2","432","12","25","170","2023","Jayden Bogle","Right-Back","England","Sheffield United","23","24","-1","1","-1","34","0","0","2788","3","178","3800000.0","3800000.0","0.0","3.8","3.8","0.0"
"2","350","2","48","170","2023","Gustavo Hamer","Central Midfield","Netherlands","Sheffield United","26","27","-1","1","-1","36","6","0","2909","4","169","16000000.0","15000000.0","-1000000.0","16.0","15.0","-1.0"
"2","738","2","52","170","2023","Oliver Norwood","Central Midfield","Northern Ireland","Sheffield United","33","33","-1","1","-1","27","0","1","144","1","175","1500000.0","1000000.0","-500000.0","1.5","1.0","-0.5"
"2","736","4","58","170","2023","Oli McBurnie","Centre-Forward","Scotland","Sheffield United","27","28","-1","1","-1","21","3","2","1282","6","188","4500000.0","4500000.0","0.0","4.5","4.5","0.0"
"2","180","3","4","188","2023","Cristian Romero","Centre-Back","Argentina","Tottenham Hotspur","26","26","1","0","1","33","0","0","2791","5","185","65000000.0","65000000.0","0.0","65.0","65.0","0.0"
"2","340","2","4","188","2023","Giovani Lo Celso","Central Midfield","Argentina","Tottenham Hotspur","28","28","1","0","1","22","2","0","506","2","177","16000000.0","16000000.0","0.0","16.0","16.0","0.0"
"2","24","4","4","188","2023","Alejo Veliz","Centre-Forward","Argentina","Tottenham Hotspur","20","21","1","0","1","8","0","0","49","1","186","7000000.0","9000000.0","2000000.0","7.0","9.0","2.0"
"2","256","12","10","188","2023","Emerson Royal","Right-Back","Brazil","Tottenham Hotspur","25","26","1","0","1","22","0","0","1161","1","183","18000000.0","18000000.0","0.0","18.0","18.0","0.0"
"2","799","4","10","188","2023","Richarlison","Centre-Forward","Brazil","Tottenham Hotspur","26","27","1","0","1","28","4","0","1491","11","184","40000000.0","38000000.0","-2000000.0","40.0","38.0","-2.0"
"2","413","1","25","188","2023","James Maddison","Attacking Midfield","England","Tottenham Hotspur","27","28","1","0","1","28","9","0","2134","4","175","70000000.0","70000000.0","0.0","70.0","70.0","0.0"
"2","915","8","29","188","2023","Timo Werner","Left Winger","Germany","Tottenham Hotspur","28","28","1","0","1","13","3","0","810","2","180","20000000.0","17000000.0","-3000000.0","20.0","17.0","-3.0"
"2","223","9","40","188","2023","Destiny Udogie","Left-Back","Italy","Tottenham Hotspur","21","22","1","0","1","28","3","0","2392","2","188","38000000.0","45000000.0","7000000.0","38.0","45.0","7.0"
"2","369","8","43","188","2023","Heung-min Son","Left Winger","Korea, South","Tottenham Hotspur","31","32","1","0","1","35","10","2","2934","17","184","50000000.0","45000000.0","-5000000.0","50.0","45.0","-5.0"
"2","676","3","48","188","2023","Micky van de Ven","Centre-Back","Netherlands","Tottenham Hotspur","23","23","1","0","1","27","0","0","2339","3","193","40000000.0","55000000.0","15000000.0","40.0","55.0","15.0"
"2","753","2","59","188","2023","Pape Matar Sarr","Central Midfield","Senegal","Tottenham Hotspur","21","22","1","0","1","34","3","0","2069","3","184","35000000.0","45000000.0","10000000.0","35.0","45.0","10.0"
"2","770","12","63","188","2023","Pedro Porro","Right-Back","Spain","Tottenham Hotspur","24","25","1","0","1","35","7","0","3089","3","173","45000000.0","45000000.0","0.0","45.0","45.0","0.0"
"2","215","1","64","188","2023","Dejan Kulusevski","Attacking Midfield","Sweden","Tottenham Hotspur","24","24","1","0","1","36","3","0","2762","8","186","55000000.0","55000000.0","0.0","55.0","55.0","0.0"
"2","813","5","72","188","2023","Rodrigo Bentancur","Defensive Midfield","Uruguay","Tottenham Hotspur","26","27","1","0","1","23","1","0","1005","1","187","35000000.0","35000000.0","0.0","35.0","35.0","0.0"
"2","98","3","74","188","2023","Ben Davies","Centre-Back","Wales","Tottenham Hotspur","31","31","1","0","1","17","0","0","109","1","181","15000000.0","10000000.0","-5000000.0","15.0","10.0","-5.0"
"2","577","1","10","199","2023","Lucas Paqueta","Attacking Midfield","Brazil","West Ham United","26","27","-1","0","-1","31","6","2","2623","4","180","65000000.0","65000000.0","0.0","65.0","65.0","0.0"
"2","661","8","16","199","2023","Maxwel Cornet","Left Winger","Cote dIvoire","West Ham United","27","28","-1","0","-1","7","0","0","112","1","179","10000000.0","9000000.0","-1000000.0","10.0","9.0","-1.0"
"2","925","5","19","199","2023","Tomas Soucek","Defensive Midfield","Czech Republic","West Ham United","29","29","-1","0","-1","37","2","0","287","7","192","35000000.0","30000000.0","-5000000.0","35.0","30.0","-5.0"
"2","428","11","25","199","2023","Jarrod Bowen","Right Winger","England","West Ham United","27","28","-1","0","-1","34","6","0","3019","16","176","48000000.0","50000000.0","2000000.0","48.0","50.0","2.0"
"2","327","1","25","199","2023","George Earthy","Attacking Midfield","England","West Ham United","19","20","-1","0","-1","3","0","0","34","1","180","","1000000.0","1000000.0","0.0","1.0","1.0"
"2","197","4","25","199","2023","Danny Ings","Centre-Forward","England","West Ham United","31","32","-1","0","-1","20","0","0","403","1","177","9000000.0","8000000.0","-1000000.0","9.0","8.0","-1.0"
"2","419","2","25","199","2023","James Ward-Prowse","Central Midfield","England","West Ham United","29","30","-1","0","-1","37","7","2","3001","7","177","38000000.0","30000000.0","-8000000.0","38.0","30.0","-8.0"
"2","549","3","27","199","2023","Kurt Zouma","Centre-Back","France","West Ham United","29","30","-1","0","-1","33","0","0","2838","3","190","25000000.0","25000000.0","0.0","25.0","25.0","0.0"
"2","688","11","30","199","2023","Mohammed Kudus","Right Winger","Ghana","West Ham United","23","24","-1","0","-1","33","6","0","2485","8","177","45000000.0","50000000.0","5000000.0","45.0","50.0","5.0"
"2","545","3","31","199","2023","Konstantinos Mavropanos","Centre-Back","Greece","West Ham United","26","27","-1","0","-1","19","0","0","15","1","194","14000000.0","20000000.0","6000000.0","14.0","20.0","6.0"
"2","255","9","40","199","2023","Emerson","Left-Back","Italy","West Ham United","29","30","-1","0","-1","36","2","0","3137","1","176","12000000.0","12000000.0","0.0","12.0","12.0","0.0"
"2","673","4","41","199","2023","Michail Antonio","Centre-Forward","Jamaica","West Ham United","34","34","-1","0","-1","26","2","0","1695","6","180","6000000.0","4000000.0","-2000000.0","6.0","4.0","-2.0"
"2","248","5","46","199","2023","Edson alvarez","Defensive Midfield","Mexico","West Ham United","26","27","-1","0","-1","31","1","0","2377","1","190","35000000.0","35000000.0","0.0","35.0","35.0","0.0"
"2","714","3","47","199","2023","Nayef Aguerd","Centre-Back","Morocco","West Ham United","28","28","-1","0","-1","21","0","0","1858","1","190","38000000.0","35000000.0","-3000000.0","38.0","35.0","-3.0"
"2","792","9","2","202","2023","Rayan Ait-Nouri","Left-Back","Algeria","Wolverhampton Wanderers","22","23","2","0","1","33","1","0","2329","2","180","25000000.0","35000000.0","10000000.0","25.0","35.0","10.0"
"2","855","4","6","202","2023","Sasa Kalajdzic","Centre-Forward","Austria","Wolverhampton Wanderers","26","27","2","0","1","11","0","0","166","2","200","12000000.0","5000000.0","-7000000.0","12.0","5.0","-7.0"
"2","636","4","10","202","2023","Matheus Cunha","Centre-Forward","Brazil","Wolverhampton Wanderers","24","25","2","0","1","32","7","1","244","12","183","28000000.0","45000000.0","17000000.0","28.0","45.0","17.0"
"2","453","2","10","202","2023","Joao Gomes","Central Midfield","Brazil","Wolverhampton Wanderers","23","23","2","0","1","34","1","0","2648","2","176","22000000.0","35000000.0","13000000.0","22.0","35.0","13.0"
"2","659","3","25","202","2023","Maximilian Kilman","Centre-Back","England","Wolverhampton Wanderers","26","27","2","0","1","38","0","0","342","2","194","35000000.0","32000000.0","-3000000.0","35.0","32.0","-3.0"
"2","178","3","25","202","2023","Craig Dawson","Centre-Back","England","Wolverhampton Wanderers","33","34","2","0","1","25","1","0","2209","1","188","2000000.0","2000000.0","0.0","2.0","2.0","0.0"
"2","435","2","27","202","2023","Jean-Ricner Bellegarde","Central Midfield","France","Wolverhampton Wanderers","25","26","2","0","1","22","1","0","959","2","172","15000000.0","15000000.0","0.0","15.0","15.0","0.0"
"2","619","5","28","202","2023","Mario Lemina","Defensive Midfield","Gabon","Wolverhampton Wanderers","30","31","2","0","1","35","1","0","297","4","184","10000000.0","10000000.0","0.0","10.0","10.0","0.0"
"2","646","12","38","202","2023","Matt Doherty","Right-Back","Ireland","Wolverhampton Wanderers","32","33","2","0","1","30","0","0","115","1","185","4000000.0","3000000.0","-1000000.0","4.0","3.0","-1.0"
"2","367","4","43","202","2023","Hee-chan Hwang","Centre-Forward","Korea, South","Wolverhampton Wanderers","28","29","2","0","1","29","3","1","2119","12","177","18000000.0","25000000.0","7000000.0","18.0","25.0","7.0"
"2","769","11","56","202","2023","Pedro Neto","Right Winger","Portugal","Wolverhampton Wanderers","24","24","2","0","1","20","9","0","1516","2","174","32000000.0","55000000.0","23000000.0","32.0","55.0","23.0"
"2","927","3","56","202","2023","Toti","Centre-Back","Portugal","Wolverhampton Wanderers","25","26","2","0","1","35","3","0","2772","1","187","14000000.0","20000000.0","6000000.0","14.0","20.0","6.0"
"2","751","11","63","202","2023","Pablo Sarabia","Right Winger","Spain","Wolverhampton Wanderers","32","32","2","0","1","30","7","2","1746","4","174","12000000.0","10000000.0","-2000000.0","12.0","10.0","-2.0"
"2","359","4","25","188","2020","Harry Kane","Centre-Forward","England","Tottenham Hotspur","27","31","","","","35","14","4","3082","23","188","120000000.0","120000000.0","0.0","120.0","120.0","0.0"
"2","422","4","25","108","2020","Jamie Vardy","Centre-Forward","England","Leicester City","34","38","","","","34","9","8","2840","15","179","16000000.0","7000000.0","-9000000.0","16.0","7.0","-9.0"
"2","233","4","25","66","2020","Dominic Calvert-Lewin","Centre-Forward","England","Everton FC","24","27","","","","33","1","0","2871","16","189","40000000.0","45000000.0","5000000.0","40.0","45.0","5.0"
"2","34","4","27","21","2020","Alexandre Lacazette","Centre-Forward","France","Arsenal FC","29","33","","","","31","2","3","1924","13","175","42000000.0","28000000.0","-14000000.0","42.0","28.0","-14.0"
"2","756","4","25","107","2020","Patrick Bamford","Centre-Forward","England","Leeds United","27","31","","","","38","7","2","3050","17","185","10000000.0","22000000.0","12000000.0","10.0","22.0","12.0"
"2","126","1","56","119","2020","Bruno Fernandes","Attacking Midfield","Portugal","Manchester United","26","30","","","","37","11","9","3099","18","179","70000000.0","90000000.0","20000000.0","70.0","90.0","20.0"
"2","686","11","24","112","2020","Mohamed Salah","Right Winger","Egypt","Liverpool FC","28","32","","","","37","5","6","3078","22","175","120000000.0","100000000.0","-20000000.0","120.0","100.0","-20.0"
"2","159","4","49","46","2020","Chris Wood","Centre-Forward","New Zealand","Burnley FC","29","33","","","","33","3","2","2742","12","191","12000000.0","8000000.0","-4000000.0","12.0","8.0","-4.0"
"2","369","8","43","188","2020","Heung-min Son","Left Winger","Korea, South","Tottenham Hotspur","28","32","","","","37","10","1","3114","17","184","75000000.0","85000000.0","10000000.0","75.0","85.0","10.0"
"2","838","8","59","112","2020","Sadio Mane","Left Winger","Senegal","Liverpool FC","29","32","","","","35","7","0","2810","11","174","120000000.0","85000000.0","-35000000.0","120.0","85.0","-35.0"
"2","990","2","29","118","2020","ilkay Gundogan","Central Midfield","Germany","Manchester City","30","34","","","","28","2","1","2029","13","180","40000000.0","40000000.0","0.0","40.0","40.0","0.0"
"2","616","8","25","119","2020","Marcus Rashford","Left Winger","England","Manchester United","23","27","","","","37","9","0","2916","11","185","80000000.0","85000000.0","5000000.0","80.0","85.0","5.0"
"2","741","4","25","22","2020","Ollie Watkins","Centre-Forward","England","Aston Villa","25","29","","","","37","5","1","3329","14","180","30000000.0","32000000.0","2000000.0","30.0","32.0","2.0"
"2","135","4","25","132","2020","Callum Wilson","Centre-Forward","England","Newcastle United","29","32","","","","26","5","4","2084","12","180","20000000.0","22000000.0","2000000.0","20.0","22.0","2.0"
"2","640","1","10","197","2020","Matheus Pereira","Attacking Midfield","Brazil","West Bromwich Albion","25","28","","","","33","6","4","2578","11","175","13000000.0","15000000.0","2000000.0","13.0","15.0","2.0"
"2","246","4","72","119","2020","Edinson Cavani","Centre-Forward","Uruguay","Manchester United","34","37","","","","26","3","0","1376","10","184","12000000.0","6000000.0","-6000000.0","12.0","6.0","-6.0"
"2","68","11","64","119","2020","Anthony Elanga","Right Winger","Sweden","Manchester United","19","22","","","","2","0","0","155","1","178","","800000.0","800000.0","0.0","0.8","0.8"
"2","197","4","25","174","2020","Danny Ings","Centre-Forward","England","Southampton FC","28","32","","","","29","4","2","2173","12","177","20000000.0","22000000.0","2000000.0","20.0","22.0","2.0"
"2","188","3","25","43","2020","Dan Burn","Centre-Back","England","Brighton & Hove Albion","29","32","","","","27","0","0","2061","1","201","5000000.0","5000000.0","0.0","5.0","5.0","0.0"
"2","449","3","38","46","2020","Jimmy Dunne","Centre-Back","Ireland","Burnley FC","23","27","","","","3","0","0","270","1","191","200000.0","600000.0","400000.0","0.2","0.6","0.4"
"2","925","5","19","199","2020","Tomas Soucek","Defensive Midfield","Czech Republic","West Ham United","26","29","","","","38","1","0","3420","10","192","18000000.0","40000000.0","22000000.0","18.0","40.0","22.0"
"2","755","3","48","107","2020","Pascal Struijk","Centre-Back","Netherlands","Leeds United","21","25","","","","27","0","0","2075","1","190","750000.0","9000000.0","8250000.0","0.75","9.0","8.25"
"2","669","3","25","66","2020","Michael Keane","Centre-Back","England","Everton FC","28","32","","","","35","1","0","2991","3","188","28000000.0","25000000.0","-3000000.0","28.0","25.0","-3.0"
"2","628","3","41","66","2020","Mason Holgate","Centre-Back","Jamaica","Everton FC","24","28","","","","28","0","0","2287","1","187","18000000.0","20000000.0","2000000.0","18.0","20.0","2.0"
"2","825","2","25","79","2020","Ross Barkley","Central Midfield","England","For 2 Clubs","27","31","","","","26","1","0","1573","3","189","21500000.0","20000000.0","-1500000.0","21.5","20.0","-1.5"
"2","486","2","25","112","2020","Jordan Henderson","Central Midfield","England","Liverpool FC","30","34","","","","21","1","0","1704","1","182","28000000.0","20000000.0","-8000000.0","28.0","20.0","-8.0"
"2","550","3","25","197","2020","Kyle Bartley","Centre-Back","England","West Bromwich Albion","30","33","","","","30","1","0","2584","3","194","2800000.0","2500000.0","-300000.0","2.8","2.5","-0.3"
"2","354","11","47","50","2020","Hakim Ziyech","Right Winger","Morocco","Chelsea FC","28","31","","","","23","3","0","1171","2","180","40000000.0","38000000.0","-2000000.0","40.0","38.0","-2.0"
"2","536","1","8","118","2020","Kevin De Bruyne","Attacking Midfield","Belgium","Manchester City","29","33","","","","25","12","2","1997","6","181","120000000.0","100000000.0","-20000000.0","120.0","100.0","-20.0"
"2","360","3","25","119","2020","Harry Maguire","Centre-Back","England","Manchester United","28","31","","","","34","1","0","3047","2","194","50000000.0","50000000.0","0.0","50.0","50.0","0.0"
"2","619","5","28","81","2020","Mario Lemina","Defensive Midfield","Gabon","Fulham FC","27","31","","","","28","0","0","1703","1","184","10000000.0","10000000.0","0.0","10.0","10.0","0.0"
"2","402","11","25","132","2020","Jacob Murphy","Right Winger","England","Newcastle United","26","29","","","","26","3","0","1626","2","179","3500000.0","4000000.0","500000.0","3.5","4.0","0.5"
"2","70","4","27","119","2020","Anthony Martial","Centre-Forward","France","Manchester United","25","29","","","","22","3","0","1481","4","181","58000000.0","45000000.0","-13000000.0","58.0","45.0","-13.0"
"2","438","7","30","57","2020","Jeffrey Schlupp","Left Midfield","Ghana","Crystal Palace","28","32","","","","27","3","0","1428","2","178","10000000.0","9000000.0","-1000000.0","10.0","9.0","-1.0"
"2","712","11","25","174","2020","Nathan Redmond","Right Winger","England","Southampton FC","27","30","","","","29","3","0","1738","2","173","18000000.0","18000000.0","0.0","18.0","18.0","0.0"
"2","279","9","51","107","2020","Ezgjan Alioski","Left-Back","North Macedonia","Leeds United","29","32","","","","36","3","0","2460","2","171","3500000.0","5000000.0","1500000.0","3.5","5.0","1.5"
"2","916","12","8","108","2020","Timothy Castagne","Right-Back","Belgium","Leicester City","25","29","","","","27","3","0","2345","2","185","18000000.0","28000000.0","10000000.0","18.0","28.0","10.0"
"2","5","12","25","119","2020","Aaron Wan-Bissaka","Right-Back","England","Manchester United","23","27","","","","34","4","0","3060","2","183","40000000.0","40000000.0","0.0","40.0","40.0","0.0"
"2","242","1","25","46","2020","Dwight McNeil","Attacking Midfield","England","Burnley FC","21","25","","","","36","5","0","3069","2","183","25000000.0","22000000.0","-3000000.0","25.0","22.0","-3.0"
"2","779","5","21","188","2020","Pierre-Emile Hojbjerg","Defensive Midfield","Denmark","Tottenham Hotspur","25","29","","","","38","4","0","3420","2","185","20000000.0","40000000.0","20000000.0","20.0","40.0","20.0"
"2","451","12","56","118","2020","Joao Cancelo","Right-Back","Portugal","Manchester City","26","30","","","","28","3","0","2300","2","182","36000000.0","55000000.0","19000000.0","36.0","55.0","19.0"
"2","258","1","25","21","2020","Emile Smith Rowe","Attacking Midfield","England","Arsenal FC","20","24","","","","20","4","0","1440","2","182","2700000.0","18000000.0","15300000.0","2.7","18.0","15.3"
"2","492","4","50","81","2020","Josh Maja","Centre-Forward","Nigeria","Fulham FC","22","26","","","","15","0","1","810","3","181","6500000.0","5000000.0","-1500000.0","6.5","5.0","-1.5"
"2","928","12","25","112","2020","Trent Alexander-Arnold","Right-Back","England","Liverpool FC","22","26","","","","36","7","0","3031","2","175","110000000.0","75000000.0","-35000000.0","110.0","75.0","-35.0"
"2","862","4","16","199","2020","Sebastien Haller","Centre-Forward","Cote dIvoire","West Ham United","26","30","","","","16","0","0","937","3","190","30000000.0","27000000.0","-3000000.0","30.0","27.0","-3.0"
"2","896","8","42","79","2020","Takumi Minamino","Left Winger","Japan","For 2 Clubs","26","30","","","","19","0","0","1004","3","172","10000000.0","12000000.0","2000000.0","10.0","12.0","2.0"
"2","86","4","25","46","2020","Ashley Barnes","Centre-Forward","England","Burnley FC","31","35","","","","22","0","1","1331","3","185","6500000.0","3500000.0","-3000000.0","6.5","3.5","-3.0"
"2","113","4","25","170","2020","Billy Sharp","Centre-Forward","England","Sheffield United","35","38","","","","16","0","2","734","3","175","1000000.0","500000.0","-500000.0","1.0","0.5","-0.5"
"2","109","1","56","118","2020","Bernardo Silva","Attacking Midfield","Portugal","Manchester City","26","30","","","","26","6","0","2065","2","173","80000000.0","70000000.0","-10000000.0","80.0","70.0","-10.0"
"2","425","3","21","174","2020","Jannik Vestergaard","Centre-Back","Denmark","Southampton FC","28","32","","","","30","0","0","2575","3","199","12000000.0","18000000.0","6000000.0","12.0","18.0","6.0"
"2","820","3","47","202","2020","Romain Saiss","Centre-Back","Morocco","Wolverhampton Wanderers","31","34","","","","27","0","0","2407","3","188","8000000.0","10000000.0","2000000.0","8.0","10.0","2.0"
"2","487","5","40","50","2020","Jorginho","Defensive Midfield","Italy","Chelsea FC","29","33","","","","28","1","7","2010","7","178","50000000.0","45000000.0","-5000000.0","50.0","45.0","-5.0"
"2","65","3","40","199","2020","Angelo Ogbonna","Centre-Back","Italy","West Ham United","33","36","","","","28","0","0","2492","3","191","5000000.0","2500000.0","-2500000.0","5.0","2.5","-2.5"
"2","389","8","3","81","2020","Ivan Cavaleiro","Left Winger","Angola","Fulham FC","27","31","","","","36","0","1","2472","3","175","8000000.0","7000000.0","-1000000.0","8.0","7.0","-1.0"
"2","178","3","25","199","2020","Craig Dawson","Centre-Back","England","West Ham United","31","34","","","","22","0","0","1926","3","188","4000000.0","3000000.0","-1000000.0","4.0","3.0","-1.0"
"2","8","2","45","66","2020","Abdoulaye Doucoure","Central Midfield","Mali","Everton FC","28","32","","","","29","3","0","2443","2","183","25000000.0","25000000.0","0.0","25.0","25.0","0.0"
"2","297","11","63","118","2020","Ferran Torres","Right Winger","Spain","Manchester City","21","24","","","","24","2","0","1306","7","184","45000000.0","50000000.0","5000000.0","45.0","50.0","5.0"
"2","812","4","63","107","2020","Rodrigo","Centre-Forward","Spain","Leeds United","30","33","","","","26","2","0","1288","7","182","30000000.0","18000000.0","-12000000.0","30.0","18.0","-12.0"
"2","799","4","10","66","2020","Richarlison","Centre-Forward","Brazil","Everton FC","24","27","","","","34","3","1","2862","7","184","60000000.0","55000000.0","-5000000.0","60.0","55.0","-5.0"
"2","627","11","41","119","2020","Mason Greenwood","Right Winger","Jamaica","Manchester United","19","23","","","","31","2","0","1822","7","181","45000000.0","50000000.0","5000000.0","45.0","50.0","5.0"
"2","110","11","11","22","2020","Bertrand Traore","Right Winger","Burkina Faso","Aston Villa","25","29","","","","36","6","0","2317","7","181","13000000.0","20000000.0","7000000.0","13.0","20.0","7.0"
"2","463","2","25","79","2020","Joe Willock","Central Midfield","England","For 2 Clubs","21","25","","","","21","0","0","1216","8","186","16000000.0","16000000.0","0.0","16.0","16.0","0.0"
"2","207","4","38","170","2020","David McGoldrick","Centre-Forward","Ireland","Sheffield United","33","37","","","","35","1","0","2397","8","184","2000000.0","1500000.0","-500000.0","2.0","1.5","-0.5"
"2","193","11","74","119","2020","Daniel James","Right Winger","Wales","Manchester United","23","27","","","","15","1","0","910","3","171","19000000.0","18000000.0","-1000000.0","19.0","18.0","-1.0"
"2","715","4","27","43","2020","Neal Maupay","Centre-Forward","France","Brighton & Hove Albion","24","28","","","","33","2","3","2513","8","171","20000000.0","20000000.0","0.0","20.0","20.0","0.0"
"2","229","4","56","79","2020","Diogo Jota","Centre-Forward","Portugal","For 2 Clubs","24","28","","","","19","0","0","1112","9","178","40000000.0","45000000.0","5000000.0","40.0","45.0","5.0"
"2","428","11","25","199","2020","Jarrod Bowen","Right Winger","England","West Ham United","24","28","","","","38","5","0","2561","8","176","25000000.0","30000000.0","5000000.0","25.0","30.0","5.0"
"2","419","2","25","174","2020","James Ward-Prowse","Central Midfield","England","Southampton FC","26","30","","","","38","7","3","3420","8","177","18000000.0","30000000.0","12000000.0","18.0","30.0","12.0"
"2","413","1","25","108","2020","James Maddison","Attacking Midfield","England","Leicester City","24","28","","","","31","5","0","2099","8","175","55000000.0","55000000.0","0.0","55.0","55.0","0.0"
"2","313","4","10","118","2020","Gabriel Jesus","Centre-Forward","Brazil","Manchester City","24","27","","","","29","4","0","2063","9","175","60000000.0","60000000.0","0.0","60.0","60.0","0.0"
"2","363","8","25","108","2020","Harvey Barnes","Left Winger","England","Leicester City","23","27","","","","25","4","0","1945","9","182","22000000.0","35000000.0","13000000.0","22.0","35.0","13.0"
"2","774","11","25","118","2020","Phil Foden","Right Winger","England","Manchester City","20","24","","","","28","5","0","1616","9","171","40000000.0","80000000.0","40000000.0","40.0","80.0","40.0"
"2","151","4","58","174","2020","Che Adams","Centre-Forward","Scotland","Southampton FC","24","28","","","","36","5","0","2667","9","179","12000000.0","20000000.0","8000000.0","12.0","20.0","8.0"
"2","890","7","52","107","2020","Stuart Dallas","Left Midfield","Northern Ireland","Leeds United","30","33","","","","38","2","0","3409","8","183","3000000.0","4000000.0","1000000.0","3.0","4.0","1.0"
"2","442","1","25","79","2020","Jesse Lingard","Attacking Midfield","England","For 2 Clubs","28","32","","","","16","4","1","1420","9","174","14000000.0","22000000.0","8000000.0","14.0","22.0","8.0"
"2","396","11","25","107","2020","Jack Harrison","Right Winger","England","Leeds United","24","28","","","","36","8","0","2847","8","175","7000000.0","15000000.0","8000000.0","7.0","15.0","8.0"
"2","803","11","2","118","2020","Riyad Mahrez","Right Winger","Algeria","Manchester City","30","33","","","","27","6","0","1949","9","179","48000000.0","42000000.0","-6000000.0","48.0","42.0","-6.0"
"2","76","11","48","22","2020","Anwar El Ghazi","Right Winger","Netherlands","Aston Villa","26","29","","","","28","0","4","1613","10","189","8000000.0","13000000.0","5000000.0","8.0","13.0","5.0"
"2","285","4","56","202","2020","Fabio Silva","Centre-Forward","Portugal","Wolverhampton Wanderers","18","22","","","","32","3","1","1369","4","185","12000000.0","25000000.0","13000000.0","12.0","25.0","13.0"
"2","18","13","50","81","2020","Ademola Lookman","Second Striker","Nigeria","Fulham FC","23","27","","","","34","4","0","2747","4","174","10000000.0","11000000.0","1000000.0","10.0","11.0","1.0"
"2","635","2","55","107","2020","Mateusz Klich","Central Midfield","Poland","Leeds United","30","34","","","","35","5","2","2394","4","183","3500000.0","4000000.0","500000.0","3.5","4.0","0.5"
"2","724","11","16","21","2020","Nicolas Pepe","Right Winger","Cote dIvoire","Arsenal FC","25","29","","","","29","1","1","1617","10","183","45000000.0","35000000.0","-10000000.0","45.0","35.0","-10.0"
"2","515","4","29","50","2020","Kai Havertz","Centre-Forward","Germany","Chelsea FC","21","25","","","","27","3","0","1519","4","193","81000000.0","70000000.0","-11000000.0","81.0","70.0","-11.0"
"2","244","1","25","57","2020","Eberechi Eze","Attacking Midfield","England","Crystal Palace","22","26","","","","34","6","0","2559","4","178","18000000.0","20000000.0","2000000.0","18.0","20.0","2.0"
"2","808","4","10","112","2020","Roberto Firmino","Centre-Forward","Brazil","Liverpool FC","29","33","","","","36","7","0","2838","9","181","72000000.0","50000000.0","-22000000.0","72.0","50.0","-22.0"
"2","115","11","41","81","2020","Bobby De Cordova-Reid","Right Winger","Jamaica","Fulham FC","28","31","","","","33","2","0","2372","5","170","8000000.0","10000000.0","2000000.0","8.0","10.0","2.0"
"2","561","3","25","43","2020","Lewis Dunk","Centre-Back","England","Brighton & Hove Albion","29","33","","","","33","0","0","2933","5","192","20000000.0","25000000.0","5000000.0","20.0","25.0","5.0"
"2","134","4","38","197","2020","Callum Robinson","Centre-Forward","Ireland","West Bromwich Albion","26","29","","","","28","0","0","1560","5","178","8000000.0","6000000.0","-2000000.0","8.0","6.0","-2.0"
"2","549","3","27","50","2020","Kurt Zouma","Centre-Back","France","Chelsea FC","26","30","","","","24","0","0","2029","5","190","30000000.0","32000000.0","2000000.0","30.0","32.0","2.0"
"2","778","4","28","21","2020","Pierre-Emerick Aubameyang","Centre-Forward","Gabon","Arsenal FC","31","35","","","","29","3","2","2333","10","187","50000000.0","25000000.0","-25000000.0","50.0","25.0","-25.0"
"2","750","1","63","199","2020","Pablo Fornals","Attacking Midfield","Spain","West Ham United","25","28","","","","33","4","0","2572","5","178","18000000.0","18000000.0","0.0","18.0","18.0","0.0"
"2","556","8","8","43","2020","Leandro Trossard","Left Winger","Belgium","Brighton & Hove Albion","26","30","","","","35","5","0","2607","5","172","15000000.0","17000000.0","2000000.0","15.0","17.0","2.0"
"2","132","11","25","21","2020","Bukayo Saka","Right Winger","England","Arsenal FC","19","23","","","","32","3","0","2553","5","178","35000000.0","65000000.0","30000000.0","35.0","65.0","30.0"
"2","828","5","56","202","2020","Ruben Neves","Defensive Midfield","Portugal","Wolverhampton Wanderers","24","27","","","","36","1","3","2675","5","180","50000000.0","45000000.0","-5000000.0","50.0","45.0","-5.0"
"2","889","2","58","174","2020","Stuart Armstrong","Central Midfield","Scotland","Southampton FC","29","32","","","","33","5","0","2764","4","183","6500000.0","8000000.0","1500000.0","6.5","8.0","1.5"
"2","416","1","15","66","2020","James Rodriguez","Attacking Midfield","Colombia","Everton FC","29","33","","","","23","4","0","1764","6","180","35000000.0","28000000.0","-7000000.0","35.0","28.0","-7.0"
"2","198","4","25","43","2020","Danny Welbeck","Centre-Forward","England","Brighton & Hove Albion","30","34","","","","24","1","0","1545","6","185","","4000000.0","4000000.0","0.0","4.0","4.0"
"2","160","4","8","57","2020","Christian Benteke","Centre-Forward","Belgium","Crystal Palace","30","34","","","","30","1","0","1817","10","190","9000000.0","9000000.0","0.0","9.0","9.0","0.0"
"2","769","11","56","202","2020","Pedro Neto","Right Winger","Portugal","Wolverhampton Wanderers","21","24","","","","31","6","0","2550","5","174","15000000.0","35000000.0","20000000.0","15.0","35.0","20.0"
"2","897","4","25","50","2020","Tammy Abraham","Centre-Forward","England","Chelsea FC","23","27","","","","22","1","0","1040","6","194","40000000.0","38000000.0","-2000000.0","40.0","38.0","-2.0"
"2","977","2","8","108","2020","Youri Tielemans","Central Midfield","Belgium","Leicester City","24","27","","","","38","4","2","3357","6","177","45000000.0","55000000.0","10000000.0","45.0","55.0","10.0"
"2","352","1","36","66","2020","Gylfi Sigurdsson","Attacking Midfield","Iceland","Everton FC","31","35","","","","36","5","3","2253","6","186","18000000.0","13000000.0","-5000000.0","18.0","13.0","-5.0"
"2","629","1","25","50","2020","Mason Mount","Attacking Midfield","England","Chelsea FC","22","26","","","","36","6","1","2891","6","181","45000000.0","75000000.0","30000000.0","45.0","75.0","30.0"
"2","395","8","25","22","2020","Jack Grealish","Left Winger","England","Aston Villa","25","29","","","","26","10","0","2185","6","180","40000000.0","65000000.0","25000000.0","40.0","65.0","25.0"
"2","915","8","29","50","2020","Timo Werner","Left Winger","Germany","Chelsea FC","25","28","","","","35","8","0","2602","6","180","70000000.0","65000000.0","-5000000.0","70.0","65.0","-5.0"
"2","662","4","59","197","2020","Mbaye Diagne","Centre-Forward","Senegal","West Bromwich Albion","29","33","","","","16","2","0","1188","3","191","3200000.0","3000000.0","-200000.0","3.2","3.0","-0.2"
"2","368","11","3","107","2020","Helder Costa","Right Winger","Angola","Leeds United","27","31","","","","22","3","0","1156","3","179","12000000.0","10000000.0","-2000000.0","12.0","10.0","-2.0"
"2","26","4","60","81","2020","Aleksandar Mitrovic","Centre-Forward","Serbia","Fulham FC","26","30","","","","27","3","1","1402","3","189","22000000.0","16000000.0","-6000000.0","22.0","16.0","-6.0"
"2","788","8","10","107","2020","Raphinha","Left Winger","Brazil","Leeds United","24","28","","","","30","9","0","2360","6","176","18000000.0","30000000.0","12000000.0","18.0","30.0","12.0"
"2","195","11","56","202","2020","Daniel Podence","Right Winger","Portugal","Wolverhampton Wanderers","25","29","","","","24","2","0","1661","3","170","17000000.0","25000000.0","8000000.0","17.0","25.0","8.0"
"2","631","4","19","46","2020","Matej Vydra","Centre-Forward","Czech Republic","Burnley FC","29","32","","","","28","2","0","1370","3","180","4000000.0","3000000.0","-1000000.0","4.0","3.0","-1.0"
"2","898","2","27","188","2020","Tanguy Ndombele","Central Midfield","France","Tottenham Hotspur","24","28","","","","33","2","0","2091","3","181","45000000.0","50000000.0","5000000.0","45.0","50.0","5.0"
"2","765","2","27","119","2020","Paul Pogba","Central Midfield","France","Manchester United","28","31","","","","26","3","0","1897","3","191","80000000.0","60000000.0","-20000000.0","80.0","60.0","-20.0"
"2","575","11","10","188","2020","Lucas Moura","Right Winger","Brazil","Tottenham Hotspur","28","32","","","","30","4","0","1411","3","172","25000000.0","25000000.0","0.0","25.0","25.0","0.0"
"2","906","11","25","79","2020","Theo Walcott","Right Winger","England","For 2 Clubs","32","35","","","","22","3","0","1631","3","175","10000000.0","5000000.0","-5000000.0","10.0","5.0","-5.0"
"2","87","5","25","46","2020","Ashley Westwood","Defensive Midfield","England","Burnley FC","31","34","","","","38","3","0","3410","3","174","5500000.0","5000000.0","-500000.0","5.5","5.0","-0.5"
"2","97","9","25","50","2020","Ben Chilwell","Left-Back","England","Chelsea FC","24","28","","","","27","5","0","2286","3","180","50000000.0","45000000.0","-5000000.0","50.0","45.0","-5.0"
"2","754","2","29","43","2020","Pascal Gross","Central Midfield","Germany","Brighton & Hove Albion","29","33","","","","34","8","3","2484","3","181","7000000.0","7000000.0","0.0","7.0","7.0","0.0"
"2","474","2","58","22","2020","John McGinn","Central Midfield","Scotland","Aston Villa","26","30","","","","37","5","0","3330","3","178","16000000.0","30000000.0","14000000.0","16.0","30.0","14.0"
"2","791","4","46","202","2020","Raul Jimenez","Centre-Forward","Mexico","Wolverhampton Wanderers","29","33","","","","10","0","0","823","4","187","40000000.0","28000000.0","-12000000.0","40.0","28.0","-12.0"
"2","41","8","27","132","2020","Allan Saint-Maximin","Left Winger","France","Newcastle United","24","27","","","","25","4","0","1559","3","173","28000000.0","30000000.0","2000000.0","28.0","30.0","2.0"
"2","475","3","25","118","2020","John Stones","Centre-Back","England","Manchester City","26","30","","","","22","0","0","1934","4","188","30000000.0","30000000.0","0.0","30.0","30.0","0.0"
"2","967","3","16","202","2020","Willy Boly","Centre-Back","Cote dIvoire","Wolverhampton Wanderers","30","33","","","","21","1","0","1879","1","195","16000000.0","14000000.0","-2000000.0","16.0","14.0","-2.0"
"2","164","11","71","50","2020","Christian Pulisic","Right Winger","United States","Chelsea FC","22","26","","","","27","2","0","1739","4","177","60000000.0","50000000.0","-10000000.0","60.0","50.0","-10.0"
"2","468","2","10","132","2020","Joelinton","Central Midfield","Brazil","Newcastle United","24","28","","","","31","2","1","1984","4","186","20000000.0","17000000.0","-3000000.0","20.0","17.0","-3.0"
"2","870","4","4","118","2020","Sergio Aguero","Centre-Forward","Argentina","Manchester City","32","36","","","","12","1","1","559","4","173","42000000.0","18000000.0","-24000000.0","42.0","18.0","-24.0"
"2","746","5","63","174","2020","Oriol Romeu","Defensive Midfield","Spain","Southampton FC","29","33","","","","21","1","0","1763","1","183","8000000.0","6000000.0","-2000000.0","8.0","6.0","-2.0"
"2","677","11","54","132","2020","Miguel Almiron","Right Winger","Paraguay","Newcastle United","27","30","","","","34","1","0","2428","4","174","16000000.0","17500000.0","1500000.0","16.0","17.5","1.5"
"2","859","2","58","119","2020","Scott McTominay","Central Midfield","Scotland","Manchester United","24","28","","","","32","1","0","2129","4","191","22500000.0","35000000.0","12500000.0","22.5","35.0","12.5"
"2","35","2","4","43","2020","Alexis Mac Allister","Central Midfield","Argentina","Brighton & Hove Albion","22","26","","","","21","1","0","1115","1","176","11000000.0","10000000.0","-1000000.0","11.0","10.0","-1.0"
"2","551","12","25","118","2020","Kyle Walker","Right-Back","England","Manchester City","30","34","","","","24","1","0","1946","1","183","40000000.0","28000000.0","-12000000.0","40.0","28.0","-12.0"
"2","13","1","25","43","2020","Adam Lallana","Attacking Midfield","England","Brighton & Hove Albion","33","36","","","","30","1","0","1595","1","172","8000000.0","4000000.0","-4000000.0","8.0","4.0","-4.0"
"2","740","4","27","50","2020","Olivier Giroud","Centre-Forward","France","Chelsea FC","34","38","","","","17","0","0","748","4","192","5000000.0","4000000.0","-1000000.0","5.0","4.0","-1.0"
"2","450","3","21","81","2020","Joachim Andersen","Centre-Back","Denmark","Fulham FC","24","28","","","","31","1","0","2731","1","192","13000000.0","22000000.0","9000000.0","13.0","22.0","9.0"
"2","792","9","2","202","2020","Rayan Ait-Nouri","Left-Back","Algeria","Wolverhampton Wanderers","19","23","","","","21","1","0","1404","1","180","20000000.0","18000000.0","-2000000.0","20.0","18.0","-2.0"
"2","588","5","60","57","2020","Luka Milivojevic","Defensive Midfield","Serbia","Crystal Palace","30","33","","","","31","1","1","2360","1","186","16000000.0","8000000.0","-8000000.0","16.0","8.0","-8.0"
"2","737","11","58","170","2020","Oliver Burke","Right Winger","Scotland","Sheffield United","24","27","","","","25","1","0","1270","1","188","5500000.0","6000000.0","500000.0","5.5","6.0","0.5"
"2","466","12","48","43","2020","Joel Veltman","Right-Back","Netherlands","Brighton & Hove Albion","29","33","","","","28","1","0","2281","1","184","5000000.0","6000000.0","1000000.0","5.0","6.0","1.0"
"2","942","3","64","119","2020","Victor Lindelof","Centre-Back","Sweden","Manchester United","26","30","","","","29","1","0","2585","1","187","24000000.0","24000000.0","0.0","24.0","24.0","0.0"
"2","454","2","56","202","2020","Joao Moutinho","Central Midfield","Portugal","Wolverhampton Wanderers","34","38","","","","33","1","0","2529","1","170","5000000.0","4000000.0","-1000000.0","5.0","4.0","-1.0"
"2","651","12","25","46","2020","Matthew Lowton","Right-Back","England","Burnley FC","31","35","","","","34","1","0","3060","1","180","4000000.0","2500000.0","-1500000.0","4.0","2.5","-1.5"
"2","717","12","56","202","2020","Nelson Semedo","Right-Back","Portugal","Wolverhampton Wanderers","27","31","","","","34","1","0","2983","1","177","40000000.0","28000000.0","-12000000.0","40.0","28.0","-12.0"
"2","280","3","25","22","2020","Ezri Konsa","Centre-Back","England","Aston Villa","23","27","","","","36","0","0","3196","2","183","9000000.0","25000000.0","16000000.0","9.0","25.0","16.0"
"2","407","5","48","57","2020","Jairo Riedewald","Defensive Midfield","Netherlands","Crystal Palace","24","28","","","","33","0","0","1820","2","182","4500000.0","8000000.0","3500000.0","4.5","8.0","3.5"
"2","827","2","25","79","2020","Ruben Loftus-Cheek","Central Midfield","England","For 2 Clubs","25","29","","","","31","0","0","1969","1","191","24000000.0","18000000.0","-6000000.0","24.0","18.0","-6.0"
"2","465","3","12","112","2020","Joel Matip","Centre-Back","Cameroon","Liverpool FC","29","33","","","","10","2","0","691","1","195","32000000.0","18000000.0","-14000000.0","32.0","18.0","-14.0"
"2","502","1","63","119","2020","Juan Mata","Attacking Midfield","Spain","Manchester United","33","36","","","","9","2","1","509","1","170","7500000.0","4000000.0","-3500000.0","7.5","4.0","-3.5"
"2","826","3","56","118","2020","Ruben Dias","Centre-Back","Portugal","Manchester City","24","27","","","","32","0","0","2843","1","187","35000000.0","75000000.0","40000000.0","35.0","75.0","40.0"
"2","104","9","27","118","2020","Benjamin Mendy","Left-Back","France","Manchester City","26","30","","","","13","1","0","953","2","185","28000000.0","20000000.0","-8000000.0","28.0","20.0","-8.0"
"2","316","8","10","21","2020","Gabriel Martinelli","Left Winger","Brazil","Arsenal FC","19","23","","","","14","1","0","589","2","178","25000000.0","22000000.0","-3000000.0","25.0","22.0","-3.0"
"2","981","5","45","43","2020","Yves Bissouma","Defensive Midfield","Mali","Brighton & Hove Albion","24","28","","","","36","0","0","3112","1","182","13000000.0","25000000.0","12000000.0","13.0","25.0","12.0"
"2","555","5","8","202","2020","Leander Dendoncker","Defensive Midfield","Belgium","Wolverhampton Wanderers","26","29","","","","33","0","0","2503","1","188","28000000.0","30000000.0","2000000.0","28.0","30.0","2.0"
"2","331","2","48","112","2020","Georginio Wijnaldum","Central Midfield","Netherlands","Liverpool FC","30","34","","","","38","0","0","2941","2","175","40000000.0","30000000.0","-10000000.0","40.0","30.0","-10.0"
"2","347","5","65","21","2020","Granit Xhaka","Defensive Midfield","Switzerland","Arsenal FC","28","32","","","","31","2","0","2523","1","186","28000000.0","22000000.0","-6000000.0","28.0","22.0","-6.0"
"2","624","1","53","21","2020","Martin odegaard","Attacking Midfield","Norway","Arsenal FC","22","26","","","","14","2","0","866","1","178","45000000.0","40000000.0","-5000000.0","45.0","40.0","-5.0"
"2","423","3","55","174","2020","Jan Bednarek","Centre-Back","Poland","Southampton FC","25","28","","","","36","1","0","3101","1","189","15000000.0","25000000.0","10000000.0","15.0","25.0","10.0"
"2","864","3","50","197","2020","Semi Ajayi","Centre-Back","Nigeria","West Bromwich Albion","27","31","","","","33","0","0","2781","2","193","5000000.0","6000000.0","1000000.0","5.0","6.0","1.0"
"2","888","8","48","188","2020","Steven Bergwijn","Left Winger","Netherlands","Tottenham Hotspur","23","27","","","","21","3","0","1208","1","171","28000000.0","22000000.0","-6000000.0","28.0","22.0","-6.0"
"2","793","12","25","50","2020","Reece James","Right-Back","England","Chelsea FC","21","25","","","","32","2","0","2373","1","180","30000000.0","40000000.0","10000000.0","30.0","40.0","10.0"
"2","185","2","25","112","2020","Curtis Jones","Central Midfield","England","Liverpool FC","20","24","","","","24","2","0","1179","1","185","5000000.0","30000000.0","25000000.0","5.0","30.0","25.0"
"2","149","3","63","50","2020","Cesar Azpilicueta","Centre-Back","Spain","Chelsea FC","31","35","","","","26","2","0","2189","1","178","20000000.0","13000000.0","-7000000.0","20.0","13.0","-7.0"
"2","481","2","25","132","2020","Jonjo Shelvey","Central Midfield","England","Newcastle United","29","32","","","","30","3","0","2617","1","184","14500000.0","13000000.0","-1500000.0","14.5","13.0","-1.5"
"2","417","3","25","46","2020","James Tarkowski","Centre-Back","England","Burnley FC","28","32","","","","36","0","0","3240","1","185","28000000.0","25000000.0","-3000000.0","28.0","25.0","-3.0"
"2","40","6","10","112","2020","Alisson","Goalkeeper","Brazil","Liverpool FC","28","32","","","","33","0","0","2970","1","193","80000000.0","60000000.0","-20000000.0","80.0","60.0","-20.0"
"2","366","12","63","21","2020","Hector Bellerin","Right-Back","Spain","Arsenal FC","26","29","","","","25","2","0","2089","1","178","32000000.0","25000000.0","-7000000.0","32.0","25.0","-7.0"
"2","245","4","25","21","2020","Eddie Nketiah","Centre-Forward","England","Arsenal FC","21","25","","","","17","1","0","422","2","175","15000000.0","16000000.0","1000000.0","15.0","16.0","1.0"
"2","517","5","25","107","2020","Kalvin Phillips","Defensive Midfield","England","Leeds United","25","29","","","","29","2","0","2428","1","179","22000000.0","40000000.0","18000000.0","22.0","40.0","18.0"
"2","431","4","25","46","2020","Jay Rodriguez","Centre-Forward","England","Burnley FC","31","35","","","","31","2","0","1265","1","185","6000000.0","4000000.0","-2000000.0","6.0","4.0","-2.0"
"2","933","4","74","107","2020","Tyler Roberts","Centre-Forward","Wales","Leeds United","22","26","","","","27","2","0","1340","1","180","3600000.0","6000000.0","2400000.0","3.6","6.0","2.4"
"2","598","8","24","22","2020","Mahmoud Trezeguet","Left Winger","Egypt","Aston Villa","26","30","","","","21","1","0","1166","2","180","8000000.0","10000000.0","2000000.0","8.0","10.0","2.0"
"2","540","9","58","21","2020","Kieran Tierney","Left-Back","Scotland","Arsenal FC","23","27","","","","27","3","0","2299","1","180","28000000.0","32000000.0","4000000.0","28.0","32.0","4.0"
"2","175","3","25","202","2020","Conor Coady","Centre-Back","England","Wolverhampton Wanderers","28","31","","","","37","0","0","3303","1","185","18000000.0","25000000.0","7000000.0","18.0","25.0","7.0"
"2","152","5","59","57","2020","Cheikhou Kouyate","Defensive Midfield","Senegal","Crystal Palace","31","35","","","","36","0","0","3121","1","189","8000000.0","6000000.0","-2000000.0","8.0","6.0","-2.0"
"2","1","4","38","43","2020","Aaron Connolly","Centre-Forward","Ireland","Brighton & Hove Albion","21","25","","","","17","1","0","791","2","174","7000000.0","7000000.0","0.0","7.0","7.0","0.0"
"2","675","4","8","57","2020","Michy Batshuayi","Centre-Forward","Belgium","Crystal Palace","27","31","","","","18","1","0","728","2","185","14000000.0","10000000.0","-4000000.0","14.0","10.0","-4.0"
"2","177","2","38","22","2020","Conor Hourihane","Central Midfield","Ireland","Aston Villa","29","33","","","","4","1","0","226","1","181","6000000.0","3500000.0","-2500000.0","6.0","3.5","-2.5"
"2","28","8","50","66","2020","Alex Iwobi","Left Winger","Nigeria","Everton FC","25","28","","","","30","2","0","1542","1","183","25500000.0","22000000.0","-3500000.0","25.5","22.0","-3.5"
"2","920","2","58","81","2020","Tom Cairney","Central Midfield","Scotland","Fulham FC","29","34","","","","10","1","0","759","1","185","9000000.0","9000000.0","0.0","9.0","9.0","0.0"
"2","899","12","30","43","2020","Tariq Lamptey","Right-Back","Ghana","Brighton & Hove Albion","20","24","","","","11","1","0","887","1","163","8000000.0","18000000.0","10000000.0","8.0","18.0","10.0"
"2","882","11","25","43","2020","Solly March","Right Winger","England","Brighton & Hove Albion","26","30","","","","21","1","0","1672","2","180","9000000.0","9000000.0","0.0","9.0","9.0","0.0"
"2","257","12","64","132","2020","Emil Krafth","Right-Back","Sweden","Newcastle United","26","30","","","","16","0","0","1288","1","184","4000000.0","3500000.0","-500000.0","4.0","3.5","-0.5"
"2","960","5","50","108","2020","Wilfred Ndidi","Defensive Midfield","Nigeria","Leicester City","24","28","","","","26","4","0","2176","1","183","45000000.0","60000000.0","15000000.0","45.0","60.0","15.0"
"2","461","9","25","81","2020","Joe Bryan","Left-Back","England","Fulham FC","27","31","","","","16","0","0","669","1","170","5500000.0","5000000.0","-500000.0","5.5","5.0","-0.5"
"2","606","10","25","108","2020","Marc Albrighton","Right Midfield","England","Leicester City","31","35","","","","31","5","0","1746","1","175","5000000.0","4000000.0","-1000000.0","5.0","4.0","-1.0"
"2","436","2","38","132","2020","Jeff Hendrick","Central Midfield","Ireland","Newcastle United","29","32","","","","22","1","0","1423","2","185","9000000.0","9000000.0","0.0","9.0","9.0","0.0"
"2","29","2","25","112","2020","Alex Oxlade-Chamberlain","Central Midfield","England","Liverpool FC","27","31","","","","13","1","0","253","1","180","24000000.0","18000000.0","-6000000.0","24.0","18.0","-6.0"
"2","93","4","63","108","2020","Ayoze Perez","Centre-Forward","Spain","Leicester City","27","31","","","","25","1","0","1331","2","178","20000000.0","18000000.0","-2000000.0","20.0","18.0","-2.0"
"2","965","8","10","21","2020","Willian","Left Winger","Brazil","Arsenal FC","32","36","","","","25","5","0","1406","1","175","19000000.0","9000000.0","-10000000.0","19.0","9.0","-10.0"
"2","484","4","30","57","2020","Jordan Ayew","Centre-Forward","Ghana","Crystal Palace","29","33","","","","33","3","0","2096","1","182","10000000.0","8000000.0","-2000000.0","10.0","8.0","-2.0"
"2","200","12","25","197","2020","Darnell Furlong","Right-Back","England","West Bromwich Albion","25","29","","","","35","3","0","2931","1","183","3200000.0","5000000.0","1800000.0","3.2","5.0","1.8"
"2","412","12","25","108","2020","James Justin","Right-Back","England","Leicester City","22","26","","","","23","1","0","2070","2","183","6000000.0","17000000.0","11000000.0","6.0","17.0","11.0"
"2","591","9","25","119","2020","Luke Shaw","Left-Back","England","Manchester United","25","29","","","","32","5","0","2654","1","178","22000000.0","42000000.0","20000000.0","22.0","42.0","20.0"
"2","61","11","25","57","2020","Andros Townsend","Right Winger","England","Crystal Palace","29","33","","","","34","5","0","2258","1","181","9500000.0","7000000.0","-2500000.0","9.5","7.0","-2.5"
"2","282","3","65","132","2020","Fabian Schar","Centre-Back","Switzerland","Newcastle United","29","33","","","","18","0","1","1246","1","186","13000000.0","9000000.0","-4000000.0","13.0","9.0","-4.0"
"2","734","12","50","81","2020","Ola Aina","Right-Back","Nigeria","Fulham FC","24","28","","","","31","1","0","2664","2","184","7000000.0","6000000.0","-1000000.0","7.0","6.0","-1.0"
"2","213","2","25","199","2020","Declan Rice","Central Midfield","England","West Ham United","22","26","","","","32","1","1","2879","2","188","55000000.0","70000000.0","15000000.0","55.0","70.0","15.0"
"2","966","4","10","202","2020","Willian Jose","Centre-Forward","Brazil","Wolverhampton Wanderers","29","33","","","","17","0","0","1110","1","186","24000000.0","18000000.0","-6000000.0","24.0","18.0","-6.0"
"2","833","12","25","199","2020","Ryan Fredericks","Right-Back","England","West Ham United","28","32","","","","14","1","0","569","1","181","4000000.0","2500000.0","-1500000.0","4.0","2.5","-1.5"
"2","850","5","53","170","2020","Sander Berge","Defensive Midfield","Norway","Sheffield United","23","26","","","","15","1","1","1120","1","195","18000000.0","18000000.0","0.0","18.0","18.0","0.0"
"2","647","11","58","197","2020","Matt Phillips","Right Winger","Scotland","West Bromwich Albion","30","33","","","","33","1","0","1828","2","183","5500000.0","4000000.0","-1500000.0","5.5","4.0","-1.5"
"2","58","9","58","112","2020","Andrew Robertson","Left-Back","Scotland","Liverpool FC","27","30","","","","38","7","0","3383","1","178","75000000.0","65000000.0","-10000000.0","75.0","65.0","-10.0"
"2","432","12","25","170","2020","Jayden Bogle","Right-Back","England","Sheffield United","20","24","","","","16","0","0","1110","2","178","6300000.0","7000000.0","700000.0","6.3","7.0","0.7"
"2","528","4","25","22","2020","Keinan Davis","Centre-Forward","England","Aston Villa","23","26","","","","15","1","0","277","1","189","2300000.0","3000000.0","700000.0","2.3","3.0","0.7"
"2","221","2","8","108","2020","Dennis Praet","Central Midfield","Belgium","Leicester City","27","30","","","","15","1","0","718","1","181","22000000.0","18000000.0","-4000000.0","22.0","18.0","-4.0"
"2","840","8","2","199","2020","Said Benrahma","Left Winger","Algeria","West Ham United","25","29","","","","30","6","0","1391","1","172","22000000.0","22000000.0","0.0","22.0","22.0","0.0"
"2","605","1","4","199","2020","Manuel Lanzini","Attacking Midfield","Argentina","West Ham United","28","31","","","","17","1","0","568","1","170","14000000.0","10000000.0","-4000000.0","14.0","10.0","-4.0"
"2","62","4","25","132","2020","Andy Carroll","Centre-Forward","England","Newcastle United","32","36","","","","18","0","0","392","1","194","3200000.0","1500000.0","-1700000.0","3.2","1.5","-1.7"
"2","387","3","27","199","2020","Issa Diop","Centre-Back","France","West Ham United","24","28","","","","18","0","0","1381","2","194","25000000.0","18000000.0","-7000000.0","25.0","18.0","-7.0"
"2","346","11","20","197","2020","Grady Diangana","Right Winger","DR Congo","West Bromwich Albion","23","26","","","","20","0","0","1235","1","180","12000000.0","10000000.0","-2000000.0","12.0","10.0","-2.0"
"2","74","3","29","50","2020","Antonio Rudiger","Centre-Back","Germany","Chelsea FC","28","31","","","","19","0","0","1710","1","190","30000000.0","28000000.0","-2000000.0","30.0","28.0","-2.0"
"2","176","2","25","197","2020","Conor Gallagher","Central Midfield","England","West Bromwich Albion","21","24","","","","30","2","0","2531","2","182","5400000.0","15000000.0","9600000.0","5.4","15.0","9.6"
"2","713","10","50","174","2020","Nathan Tella","Right Midfield","Nigeria","Southampton FC","21","25","","","","18","1","0","745","1","173","750000.0","2000000.0","1250000.0","0.75","2.0","1.25"
"2","482","3","52","108","2020","Jonny Evans","Centre-Back","Northern Ireland","Leicester City","33","37","","","","28","2","0","2473","2","188","10000000.0","7000000.0","-3000000.0","10.0","7.0","-3.0"
"2","708","3","25","112","2020","Nat Phillips","Centre-Back","England","Liverpool FC","24","27","","","","17","1","0","1456","1","190","1800000.0","8000000.0","6200000.0","1.8","8.0","6.2"
"2","409","3","25","132","2020","Jamaal Lascelles","Centre-Back","England","Newcastle United","27","31","","","","19","0","0","1625","2","188","14500000.0","13000000.0","-1500000.0","14.5","13.0","-1.5"
"2","340","2","4","188","2020","Giovani Lo Celso","Central Midfield","Argentina","Tottenham Hotspur","25","28","","","","18","1","0","945","1","177","35000000.0","27000000.0","-8000000.0","35.0","27.0","-8.0"
"2","612","9","63","50","2020","Marcos Alonso","Left-Back","Spain","Chelsea FC","30","34","","","","13","0","0","960","2","188","18000000.0","12000000.0","-6000000.0","18.0","12.0","-6.0"
"2","355","4","74","197","2020","Hal Robson-Kanu","Centre-Forward","Wales","West Bromwich Albion","32","35","","","","19","0","0","562","2","183","2400000.0","0.0","-2400000.0","2.4","0.0","-2.4"
"2","206","3","10","21","2020","David Luiz","Centre-Back","Brazil","Arsenal FC","34","37","","","","20","0","0","1397","1","189","8000000.0","4000000.0","-4000000.0","8.0","4.0","-4.0"
"2","811","5","63","118","2020","Rodri","Defensive Midfield","Spain","Manchester City","24","28","","","","34","2","1","2748","2","191","64000000.0","70000000.0","6000000.0","64.0","70.0","6.0"
"2","241","4","25","132","2020","Dwight Gayle","Centre-Forward","England","Newcastle United","31","35","","","","18","1","0","514","1","174","8000000.0","4000000.0","-4000000.0","8.0","4.0","-4.0"
"2","934","9","25","57","2020","Tyrick Mitchell","Left-Back","England","Crystal Palace","21","25","","","","19","1","0","1710","1","181","5000000.0","7000000.0","2000000.0","5.0","7.0","2.0"
"2","935","3","25","22","2020","Tyrone Mings","Centre-Back","England","Aston Villa","28","31","","","","36","2","0","3195","2","196","27000000.0","30000000.0","3000000.0","27.0","30.0","3.0"
"2","469","11","36","46","2020","Johann Berg Gudmundsson","Right Winger","Iceland","Burnley FC","30","34","","","","22","0","0","1363","2","186","6500000.0","3000000.0","-3500000.0","6.5","3.0","-3.5"
"2","16","11","63","202","2020","Adama Traore","Right Winger","Spain","Wolverhampton Wanderers","25","29","","","","37","2","0","2649","2","178","35000000.0","30000000.0","-5000000.0","35.0","30.0","-5.0"
"2","314","3","10","21","2020","Gabriel Magalhaes","Centre-Back","Brazil","Arsenal FC","23","27","","","","23","0","0","1997","2","190","20000000.0","25000000.0","5000000.0","20.0","25.0","5.0"
"2","236","2","48","119","2020","Donny van de Beek","Central Midfield","Netherlands","Manchester United","24","27","","","","19","1","0","526","1","184","44000000.0","30000000.0","-14000000.0","44.0","30.0","-14.0"
"2","523","4","25","197","2020","Karlan Grant","Centre-Forward","England","West Bromwich Albion","23","27","","","","21","0","0","1127","1","183","8000000.0","8000000.0","0.0","8.0","8.0","0.0"
"2","866","12","16","188","2020","Serge Aurier","Right-Back","Cote dIvoire","Tottenham Hotspur","28","32","","","","19","3","0","1605","2","176","16000000.0","20000000.0","4000000.0","16.0","20.0","4.0"
"2","989","3","68","108","2020","caglar Soyuncu","Centre-Back","Turkiye","Leicester City","25","28","","","","23","0","0","1819","1","185","40000000.0","45000000.0","5000000.0","40.0","45.0","5.0"
"2","909","3","10","50","2020","Thiago Silva","Centre-Back","Brazil","Chelsea FC","36","40","","","","23","0","0","1936","2","181","4500000.0","3000000.0","-1500000.0","4.5","3.0","-1.5"
"2","684","5","24","21","2020","Mohamed Elneny","Defensive Midfield","Egypt","Arsenal FC","28","32","","","","23","0","0","1544","1","179","5000000.0","10000000.0","5000000.0","5.0","10.0","5.0"
"2","805","7","38","46","2020","Robbie Brady","Left Midfield","Ireland","Burnley FC","29","33","","","","19","1","0","1052","1","176","4800000.0","3000000.0","-1800000.0","4.8","3.0","-1.8"
"2","975","3","15","66","2020","Yerry Mina","Centre-Back","Colombia","Everton FC","26","30","","","","24","0","0","1937","2","195","20000000.0","20000000.0","0.0","20.0","20.0","0.0"
"2","736","4","58","170","2020","Oli McBurnie","Centre-Forward","Scotland","Sheffield United","24","28","","","","23","0","0","1324","1","188","12000000.0","10000000.0","-2000000.0","12.0","10.0","-2.0"
"2","323","3","25","57","2020","Gary Cahill","Centre-Back","England","Crystal Palace","35","39","","","","20","1","0","1800","1","193","2500000.0","1500000.0","-1000000.0","2.5","1.5","-1.0"
"2","169","3","38","132","2020","Ciaran Clark","Centre-Back","Ireland","Newcastle United","31","35","","","","22","0","0","1891","1","185","4800000.0","3000000.0","-1800000.0","4.8","3.0","-1.8"
"2","101","3","25","46","2020","Ben Mee","Centre-Back","England","Burnley FC","31","35","","","","30","0","0","2693","2","180","8000000.0","6000000.0","-2000000.0","8.0","6.0","-2.0"
"2","133","8","25","50","2020","Callum Hudson-Odoi","Left Winger","England","Chelsea FC","20","24","","","","23","3","0","1059","2","178","35000000.0","32000000.0","-3000000.0","35.0","32.0","-3.0"
"2","907","2","63","112","2020","Thiago Alcantara","Central Midfield","Spain","Liverpool FC","30","33","","","","24","0","0","1854","1","174","48000000.0","30000000.0","-18000000.0","48.0","30.0","-18.0"
"2","918","3","8","188","2020","Toby Alderweireld","Centre-Back","Belgium","Tottenham Hotspur","32","35","","","","25","0","0","2240","1","187","20000000.0","11000000.0","-9000000.0","20.0","11.0","-9.0"
"2","565","3","58","107","2020","Liam Cooper","Centre-Back","Scotland","Leeds United","29","33","","","","25","0","0","2186","1","186","7000000.0","7000000.0","0.0","7.0","7.0","0.0"
"2","102","2","25","170","2020","Ben Osborn","Central Midfield","England","Sheffield United","26","30","","","","24","0","0","1604","1","176","2000000.0","2000000.0","0.0","2.0","2.0","0.0"
"2","269","11","4","188","2020","Erik Lamela","Right Winger","Argentina","Tottenham Hotspur","29","32","","","","23","0","0","718","1","184","16000000.0","16000000.0","0.0","16.0","16.0","0.0"
"2","310","2","10","119","2020","Fred","Central Midfield","Brazil","Manchester United","28","31","","","","30","0","0","2390","1","169","17500000.0","22000000.0","4500000.0","17.5","22.0","4.5"
"2","15","3","25","43","2020","Adam Webster","Centre-Back","England","Brighton & Hove Albion","26","30","","","","29","0","0","2594","1","190","15000000.0","18000000.0","3000000.0","15.0","18.0","3.0"
"2","709","3","48","118","2020","Nathan Ake","Centre-Back","Netherlands","Manchester City","26","29","","","","10","0","0","797","1","180","40000000.0","32000000.0","-8000000.0","40.0","32.0","-8.0"
"2","141","4","10","188","2020","Carlos Vinicius","Centre-Forward","Brazil","Tottenham Hotspur","26","29","","","","9","0","0","309","1","190","20000000.0","18000000.0","-2000000.0","20.0","18.0","-2.0"
"2","192","3","30","108","2020","Daniel Amartey","Centre-Back","Ghana","Leicester City","26","30","","","","12","0","0","722","1","186","3500000.0","5000000.0","1500000.0","3.5","5.0","1.5"
"2","284","1","56","81","2020","Fabio Carvalho","Attacking Midfield","Portugal","Fulham FC","18","22","","","","4","0","0","255","1","170","","250000.0","250000.0","0.0","0.25","0.25"
"2","948","3","48","112","2020","Virgil van Dijk","Centre-Back","Netherlands","Liverpool FC","29","33","","","","5","0","0","370","1","195","80000000.0","55000000.0","-25000000.0","80.0","55.0","-25.0"
"2","434","4","27","57","2020","Jean-Philippe Mateta","Centre-Forward","France","Crystal Palace","23","27","","","","7","0","0","221","1","192","15000000.0","13000000.0","-2000000.0","15.0","13.0","-2.0"
"2","194","4","13","170","2020","Daniel Jebbison","Centre-Forward","Canada","Sheffield United","17","21","","","","4","0","0","284","1","190","","1000000.0","1000000.0","0.0","1.0","1.0"
"2","699","8","45","174","2020","Moussa Djenepo","Left Winger","Mali","Southampton FC","22","26","","","","27","0","0","1240","1","177","13000000.0","13000000.0","0.0","13.0","13.0","0.0"
"2","691","1","25","202","2020","Morgan Gibbs-White","Attacking Midfield","England","Wolverhampton Wanderers","21","25","","","","11","0","0","414","1","171","6000000.0","7000000.0","1000000.0","6.0","7.0","1.0"
"2","546","3","25","22","2020","Kortney Hause","Centre-Back","England","Aston Villa","25","29","","","","7","0","0","630","1","191","6500000.0","5000000.0","-1500000.0","6.5","5.0","-1.5"
"2","526","3","25","170","2020","Kean Bryan","Centre-Back","England","Sheffield United","24","28","","","","13","0","0","1004","1","185","250000.0","2000000.0","1750000.0","0.25","2.0","1.75"
"2","108","8","10","66","2020","Bernard","Left Winger","Brazil","Everton FC","28","32","","","","12","0","0","455","1","167","15000000.0","12000000.0","-3000000.0","15.0","12.0","-3.0"
"2","887","2","15","43","2020","Steven Alzate","Central Midfield","Colombia","Brighton & Hove Albion","22","26","","","","15","0","0","896","1","180","7000000.0","6000000.0","-1000000.0","7.0","6.0","-1.0"
"2","281","3","54","199","2020","Fabian Balbuena","Centre-Back","Paraguay","West Ham United","29","33","","","","14","0","0","1199","1","189","8000000.0","5000000.0","-3000000.0","8.0","5.0","-3.0"
"2","785","11","25","118","2020","Raheem Sterling","Right Winger","England","Manchester City","26","30","","","","31","7","0","2536","10","170","128000000.0","90000000.0","-38000000.0","128.0","90.0","-38.0"
"2","858","3","25","57","2020","Scott Dann","Centre-Back","England","Crystal Palace","34","37","","","","15","0","0","1350","1","194","2800000.0","1500000.0","-1300000.0","2.8","1.5","-1.3"
"2","100","12","25","199","2020","Ben Johnson","Right-Back","England","West Ham United","21","25","","","","14","0","0","523","1","184","1000000.0","3000000.0","2000000.0","1.0","3.0","2.0"
"2","763","9","74","132","2020","Paul Dummett","Left-Back","Wales","Newcastle United","29","33","","","","15","0","0","1255","1","183","4500000.0","3000000.0","-1500000.0","4.5","3.0","-1.5"
"2","592","9","25","108","2020","Luke Thomas","Left-Back","England","Leicester City","19","23","","","","14","0","0","969","1","181","1000000.0","5000000.0","4000000.0","1.0","5.0","4.0"
"2","322","11","74","188","2020","Gareth Bale","Right Winger","Wales","Tottenham Hotspur","31","35","","","","20","2","0","920","11","186","28000000.0","18000000.0","-10000000.0","28.0","18.0","-10.0"
"2","530","4","50","108","2020","Kelechi Iheanacho","Centre-Forward","Nigeria","Leicester City","24","28","","","","25","2","0","1459","12","185","15000000.0","20000000.0","5000000.0","15.0","20.0","5.0"
"2","962","8","16","57","2020","Wilfried Zaha","Left Winger","Cote dIvoire","Crystal Palace","28","32","","","","30","2","2","2612","11","180","50000000.0","45000000.0","-5000000.0","50.0","45.0","-5.0"
"2","673","4","41","199","2020","Michail Antonio","Centre-Forward","Jamaica","West Ham United","31","34","","","","26","5","0","1974","10","180","12000000.0","12000000.0","0.0","12.0","12.0","0.0"
"2","225","3","63","107","2020","Diego Llorente","Centre-Back","Spain","Leeds United","27","31","","","","15","0","0","1204","1","186","20000000.0","20000000.0","0.0","20.0","20.0","0.0"
"2","686","11","24","112","2021","Mohamed Salah","Right Winger","Egypt","Liverpool FC","29","32","","","","35","13","5","2762","23","175","100000000.0","90000000.0","-10000000.0","100.0","90.0","-10.0"
"2","422","4","25","108","2021","Jamie Vardy","Centre-Forward","England","Leicester City","35","38","","","","25","2","0","1806","15","179","5000000.0","5000000.0","0.0","5.0","5.0","0.0"
"2","536","1","8","118","2021","Kevin De Bruyne","Attacking Midfield","Belgium","Manchester City","30","33","","","","30","8","0","2202","15","181","90000000.0","85000000.0","-5000000.0","90.0","85.0","-5.0"
"2","359","4","25","188","2021","Harry Kane","Centre-Forward","England","Tottenham Hotspur","28","31","","","","37","9","4","3232","17","188","100000000.0","90000000.0","-10000000.0","100.0","90.0","-10.0"
"2","181","4","56","119","2021","Cristiano Ronaldo","Centre-Forward","Portugal","Manchester United","37","39","","","","30","3","3","2456","18","188","35000000.0","30000000.0","-5000000.0","35.0","30.0","-5.0"
"2","962","8","16","57","2021","Wilfried Zaha","Left Winger","Cote dIvoire","Crystal Palace","29","32","","","","33","1","5","2762","14","180","40000000.0","38000000.0","-2000000.0","40.0","38.0","-2.0"
"2","369","8","43","188","2021","Heung-min Son","Left Winger","Korea, South","Tottenham Hotspur","29","32","","","","35","7","0","3007","23","184","80000000.0","75000000.0","-5000000.0","80.0","75.0","-5.0"
"2","229","4","56","112","2021","Diogo Jota","Centre-Forward","Portugal","Liverpool FC","25","28","","","","35","4","0","2365","15","178","60000000.0","60000000.0","0.0","60.0","60.0","0.0"
"2","803","11","2","118","2021","Riyad Mahrez","Right Winger","Algeria","Manchester City","31","33","","","","28","5","4","1499","11","179","40000000.0","35000000.0","-5000000.0","40.0","35.0","-5.0"
"2","428","11","25","199","2021","Jarrod Bowen","Right Winger","England","West Ham United","25","28","","","","36","10","0","2983","12","176","35000000.0","42000000.0","7000000.0","35.0","42.0","7.0"
"2","785","11","25","118","2021","Raheem Sterling","Right Winger","England","Manchester City","27","30","","","","30","5","2","2128","13","170","85000000.0","70000000.0","-15000000.0","85.0","70.0","-15.0"
"2","838","8","59","112","2021","Sadio Mane","Left Winger","Senegal","Liverpool FC","30","32","","","","34","3","0","2820","16","174","80000000.0","70000000.0","-10000000.0","80.0","70.0","-10.0"
"2","629","1","25","50","2021","Mason Mount","Attacking Midfield","England","Chelsea FC","23","26","","","","32","10","1","2363","11","181","75000000.0","75000000.0","0.0","75.0","75.0","0.0"
"2","902","4","26","135","2021","Teemu Pukki","Centre-Forward","Finland","Norwich City","32","34","","","","37","3","3","3253","11","180","5000000.0","4000000.0","-1000000.0","5.0","4.0","-1.0"
"2","391","4","25","41","2021","Ivan Toney","Centre-Forward","England","Brentford FC","26","28","","","","33","5","5","2909","12","185","32000000.0","35000000.0","3000000.0","32.0","35.0","3.0"
"2","413","1","25","108","2021","James Maddison","Attacking Midfield","England","Leicester City","25","28","","","","35","8","0","2460","12","175","50000000.0","50000000.0","0.0","50.0","50.0","0.0"
"2","57","3","38","135","2021","Andrew Omobamidele","Centre-Back","Ireland","Norwich City","19","22","","","","5","0","0","382","1","188","1200000.0","1200000.0","0.0","1.2","1.2","0.0"
"2","427","3","25","66","2021","Jarrad Branthwaite","Centre-Back","England","Everton FC","19","22","","","","6","0","0","389","1","195","3000000.0","3000000.0","0.0","3.0","3.0","0.0"
"2","430","12","63","132","2021","Javier Manquillo","Right-Back","Spain","Newcastle United","28","30","","","","19","2","0","1257","1","178","3000000.0","3000000.0","0.0","3.0","3.0","0.0"
"2","189","2","25","195","2021","Dan Gosling","Central Midfield","England","Watford FC","32","34","","","","4","0","0","166","1","180","1000000.0","1000000.0","0.0","1.0","1.0","0.0"
"2","825","2","25","50","2021","Ross Barkley","Central Midfield","England","Chelsea FC","28","31","","","","6","0","0","179","1","189","17000000.0","12000000.0","-5000000.0","17.0","12.0","-5.0"
"2","755","3","48","107","2021","Pascal Struijk","Centre-Back","Netherlands","Leeds United","22","25","","","","29","0","0","2056","1","190","9000000.0","15000000.0","6000000.0","9.0","15.0","6.0"
"2","3","11","25","46","2021","Aaron Lennon","Right Winger","England","Burnley FC","35","37","","","","28","0","0","1551","2","165","1000000.0","1000000.0","0.0","1.0","1.0","0.0"
"2","935","3","25","22","2021","Tyrone Mings","Centre-Back","England","Aston Villa","29","31","","","","36","3","0","3189","1","196","32000000.0","30000000.0","-2000000.0","32.0","30.0","-2.0"
"2","889","2","58","174","2021","Stuart Armstrong","Central Midfield","Scotland","Southampton FC","30","32","","","","25","0","0","1473","2","183","6000000.0","6000000.0","0.0","6.0","6.0","0.0"
"2","916","12","8","108","2021","Timothy Castagne","Right-Back","Belgium","Leicester City","26","29","","","","27","0","0","2127","1","185","28000000.0","28000000.0","0.0","28.0","28.0","0.0"
"2","210","3","15","188","2021","Davinson Sanchez","Centre-Back","Colombia","Tottenham Hotspur","25","28","","","","23","0","0","1631","2","187","30000000.0","28000000.0","-2000000.0","30.0","28.0","-2.0"
"2","989","3","68","108","2021","caglar Soyuncu","Centre-Back","Turkiye","Leicester City","25","28","","","","28","0","0","2497","1","185","45000000.0","40000000.0","-5000000.0","45.0","40.0","-5.0"
"2","463","2","25","132","2021","Joe Willock","Central Midfield","England","Newcastle United","22","25","","","","29","0","0","2036","2","186","22000000.0","22000000.0","0.0","22.0","22.0","0.0"
"2","436","2","38","132","2021","Jeff Hendrick","Central Midfield","Ireland","Newcastle United","29","32","","","","3","0","0","73","1","185","7000000.0","5000000.0","-2000000.0","7.0","5.0","-2.0"
"2","280","3","25","22","2021","Ezri Konsa","Centre-Back","England","Aston Villa","24","27","","","","29","0","0","2479","2","183","25000000.0","22000000.0","-3000000.0","25.0","22.0","-3.0"
"2","178","3","25","199","2021","Craig Dawson","Centre-Back","England","West Ham United","32","34","","","","34","2","0","2755","2","188","3000000.0","3000000.0","0.0","3.0","3.0","0.0"
"2","70","4","27","119","2021","Anthony Martial","Centre-Forward","France","Manchester United","26","29","","","","8","0","0","214","1","181","35000000.0","16000000.0","-19000000.0","35.0","16.0","-19.0"
"2","431","4","25","46","2021","Jay Rodriguez","Centre-Forward","England","Burnley FC","32","35","","","","29","2","0","1379","2","185","3000000.0","2000000.0","-1000000.0","3.0","2.0","-1.0"
"2","555","5","8","202","2021","Leander Dendoncker","Defensive Midfield","Belgium","Wolverhampton Wanderers","27","29","","","","30","2","0","1950","2","188","30000000.0","28000000.0","-2000000.0","30.0","28.0","-2.0"
"2","746","5","63","174","2021","Oriol Romeu","Defensive Midfield","Spain","Southampton FC","30","33","","","","36","2","0","2888","2","183","5000000.0","5000000.0","0.0","5.0","5.0","0.0"
"2","779","5","21","188","2021","Pierre-Emile Hojbjerg","Defensive Midfield","Denmark","Tottenham Hotspur","26","29","","","","36","2","0","3196","2","185","40000000.0","40000000.0","0.0","40.0","40.0","0.0"
"2","631","4","19","46","2021","Matej Vydra","Centre-Forward","Czech Republic","Burnley FC","29","32","","","","22","3","0","680","2","180","3000000.0","2000000.0","-1000000.0","3.0","2.0","-1.0"
"2","871","9","63","188","2021","Sergio Reguilon","Left-Back","Spain","Tottenham Hotspur","25","28","","","","25","3","0","1916","2","178","28000000.0","25000000.0","-3000000.0","28.0","25.0","-3.0"
"2","195","11","56","202","2021","Daniel Podence","Right Winger","Portugal","Wolverhampton Wanderers","26","29","","","","26","3","0","1484","2","170","22000000.0","20000000.0","-2000000.0","22.0","20.0","-2.0"
"2","93","4","63","108","2021","Ayoze Perez","Centre-Forward","Spain","Leicester City","28","31","","","","14","3","0","446","2","178","15000000.0","10000000.0","-5000000.0","15.0","10.0","-5.0"
"2","2","9","25","199","2021","Aaron Cresswell","Left-Back","England","West Ham United","32","35","","","","31","3","0","2726","2","170","4000000.0","3000000.0","-1000000.0","4.0","3.0","-1.0"
"2","489","2","25","46","2021","Josh Brownhill","Central Midfield","England","Burnley FC","26","29","","","","35","3","0","2955","2","179","7000000.0","7000000.0","0.0","7.0","7.0","0.0"
"2","265","2","75","43","2021","Enock Mwepu","Central Midfield","Zambia","Brighton & Hove Albion","24","27","","","","18","4","0","996","2","184","20000000.0","18000000.0","-2000000.0","20.0","18.0","-2.0"
"2","832","8","58","132","2021","Ryan Fraser","Left Winger","Scotland","Newcastle United","28","30","","","","27","3","0","1466","2","163","8000000.0","10000000.0","2000000.0","8.0","10.0","2.0"
"2","646","12","38","188","2021","Matt Doherty","Right-Back","Ireland","Tottenham Hotspur","30","33","","","","15","4","0","875","2","185","12000000.0","12000000.0","0.0","12.0","12.0","0.0"
"2","8","2","45","66","2021","Abdoulaye Doucoure","Central Midfield","Mali","Everton FC","29","32","","","","30","4","0","2537","2","183","25000000.0","22000000.0","-3000000.0","25.0","22.0","-3.0"
"2","922","2","25","66","2021","Tom Davies","Central Midfield","England","Everton FC","23","26","","","","6","0","0","236","1","180","18000000.0","18000000.0","0.0","18.0","18.0","0.0"
"2","238","2","10","22","2021","Douglas Luiz","Central Midfield","Brazil","Aston Villa","24","26","","","","34","3","0","2716","2","177","35000000.0","38000000.0","3000000.0","35.0","38.0","3.0"
"2","754","2","29","43","2021","Pascal Gross","Central Midfield","Germany","Brighton & Hove Albion","30","33","","","","29","4","0","2038","2","181","7000000.0","6000000.0","-1000000.0","7.0","6.0","-1.0"
"2","971","4","48","46","2021","Wout Weghorst","Centre-Forward","Netherlands","Burnley FC","29","32","","","","20","3","0","1450","2","197","20000000.0","14000000.0","-6000000.0","20.0","14.0","-6.0"
"2","705","5","27","50","2021","NGolo Kante","Defensive Midfield","France","Chelsea FC","31","33","","","","26","4","0","1773","2","168","50000000.0","40000000.0","-10000000.0","50.0","40.0","-10.0"
"2","633","2","17","50","2021","Mateo Kovacic","Central Midfield","Croatia","Chelsea FC","28","30","","","","25","5","0","1558","2","177","45000000.0","42000000.0","-3000000.0","45.0","42.0","-3.0"
"2","546","3","25","22","2021","Kortney Hause","Centre-Back","England","Aston Villa","26","29","","","","7","0","0","397","1","191","5000000.0","4000000.0","-1000000.0","5.0","4.0","-1.0"
"2","486","2","25","112","2021","Jordan Henderson","Central Midfield","England","Liverpool FC","31","34","","","","35","5","0","2597","2","182","18000000.0","15000000.0","-3000000.0","18.0","15.0","-3.0"
"2","826","3","56","118","2021","Ruben Dias","Centre-Back","Portugal","Manchester City","24","27","","","","29","4","0","2402","2","187","75000000.0","75000000.0","0.0","75.0","75.0","0.0"
"2","671","11","27","57","2021","Michael Olise","Right Winger","France","Crystal Palace","20","23","","","","26","5","0","1140","2","184","18000000.0","22000000.0","4000000.0","18.0","22.0","4.0"
"2","575","11","10","188","2021","Lucas Moura","Right Winger","Brazil","Tottenham Hotspur","29","32","","","","34","6","0","1775","2","172","22000000.0","20000000.0","-2000000.0","22.0","20.0","-2.0"
"2","949","9","70","66","2021","Vitaliy Mykolenko","Left-Back","Ukraine","Everton FC","22","25","","","","13","0","0","1055","1","180","17000000.0","18000000.0","1000000.0","17.0","18.0","1.0"
"2","65","3","40","199","2021","Angelo Ogbonna","Centre-Back","Italy","West Ham United","33","36","","","","11","0","0","921","1","191","2000000.0","1200000.0","-800000.0","2.0","1.2","-0.8"
"2","985","3","21","41","2021","Zanka","Centre-Back","Denmark","Brentford FC","31","34","","","","8","0","0","518","1","189","1500000.0","1200000.0","-300000.0","1.5","1.2","-0.3"
"2","418","3","25","57","2021","James Tomkins","Centre-Back","England","Crystal Palace","33","35","","","","8","0","0","547","1","192","2000000.0","1500000.0","-500000.0","2.0","1.5","-0.5"
"2","136","3","25","79","2021","Calum Chambers","Centre-Back","England","For 2 Clubs","27","30","","","","13","0","0","1001","1","182","12000000.0","10000000.0","-2000000.0","12.0","10.0","-2.0"
"2","928","12","25","112","2021","Trent Alexander-Arnold","Right-Back","England","Liverpool FC","23","26","","","","32","12","0","2852","2","175","80000000.0","80000000.0","0.0","80.0","80.0","0.0"
"2","875","4","38","174","2021","Shane Long","Centre-Forward","Ireland","Southampton FC","35","38","","","","13","0","0","308","1","180","800000.0","800000.0","0.0","0.8","0.8","0.0"
"2","804","3","25","21","2021","Rob Holding","Centre-Back","England","Arsenal FC","26","29","","","","15","0","0","846","1","189","12000000.0","10000000.0","-2000000.0","12.0","10.0","-2.0"
"2","621","2","25","199","2021","Mark Noble","Central Midfield","England","West Ham United","35","37","","","","11","0","1","332","1","180","1000000.0","0.0","-1000000.0","1.0","0.0","-1.0"
"2","874","3","38","43","2021","Shane Duffy","Centre-Back","Ireland","Brighton & Hove Albion","30","33","","","","18","0","0","1436","1","193","5000000.0","5000000.0","0.0","5.0","5.0","0.0"
"2","365","9","16","195","2021","Hassane Kamara","Left-Back","Cote dIvoire","Watford FC","28","30","","","","19","0","0","1624","1","170","7000000.0","4000000.0","-3000000.0","7.0","4.0","-3.0"
"2","382","5","41","132","2021","Isaac Hayden","Defensive Midfield","Jamaica","Newcastle United","26","29","","","","14","0","0","1001","1","187","10000000.0","8000000.0","-2000000.0","10.0","8.0","-2.0"
"2","60","11","70","199","2021","Andriy Yarmolenko","Right Winger","Ukraine","West Ham United","32","35","","","","19","0","0","316","1","189","3500000.0","2500000.0","-1000000.0","3.5","2.5","-1.0"
"2","216","1","25","79","2021","Dele Alli","Attacking Midfield","England","For 2 Clubs","26","28","","","","21","0","1","995","1","188","25000000.0","16000000.0","-9000000.0","25.0","16.0","-9.0"
"2","100","12","25","199","2021","Ben Johnson","Right-Back","England","West Ham United","22","25","","","","20","0","0","1397","1","184","3000000.0","9000000.0","6000000.0","3.0","9.0","6.0"
"2","180","3","4","188","2021","Cristian Romero","Centre-Back","Argentina","Tottenham Hotspur","24","26","","","","22","0","0","1844","1","185","35000000.0","48000000.0","13000000.0","35.0","48.0","13.0"
"2","727","1","17","199","2021","Nikola Vlasic","Attacking Midfield","Croatia","West Ham United","24","27","","","","19","0","0","560","1","179","27000000.0","22000000.0","-5000000.0","27.0","22.0","-5.0"
"2","16","11","63","202","2021","Adama Traore","Right Winger","Spain","Wolverhampton Wanderers","25","29","","","","20","0","0","1066","1","178","28000000.0","20000000.0","-8000000.0","28.0","20.0","-8.0"
"2","475","3","25","118","2021","John Stones","Centre-Back","England","Manchester City","27","30","","","","14","0","0","1119","1","188","28000000.0","28000000.0","0.0","28.0","28.0","0.0"
"2","549","3","27","79","2021","Kurt Zouma","Centre-Back","France","For 2 Clubs","27","30","","","","24","0","0","2078","1","190","32000000.0","28000000.0","-4000000.0","32.0","28.0","-4.0"
"2","86","4","25","46","2021","Ashley Barnes","Centre-Forward","England","Burnley FC","32","35","","","","23","0","1","808","1","185","2000000.0","1500000.0","-500000.0","2.0","1.5","-0.5"
"2","873","2","32","41","2021","Shandon Baptiste","Central Midfield","Grenada","Brentford FC","24","26","","","","22","0","0","912","1","180","1000000.0","3000000.0","2000000.0","1.0","3.0","2.0"
"2","297","11","63","118","2021","Ferran Torres","Right Winger","Spain","Manchester City","21","24","","","","4","1","0","303","2","184","45000000.0","45000000.0","0.0","45.0","45.0","0.0"
"2","409","3","25","132","2021","Jamaal Lascelles","Centre-Back","England","Newcastle United","28","31","","","","26","0","0","2059","1","188","11000000.0","10000000.0","-1000000.0","11.0","10.0","-1.0"
"2","820","3","47","202","2021","Romain Saiss","Centre-Back","Morocco","Wolverhampton Wanderers","32","34","","","","31","0","0","2706","2","188","9000000.0","8000000.0","-1000000.0","9.0","8.0","-1.0"
"2","394","5","25","46","2021","Jack Cork","Defensive Midfield","England","Burnley FC","32","35","","","","20","0","0","1670","1","185","3000000.0","1800000.0","-1200000.0","3.0","1.8","-1.2"
"2","246","4","72","119","2021","Edinson Cavani","Centre-Forward","Uruguay","Manchester United","35","37","","","","15","1","0","768","2","184","4000000.0","4000000.0","0.0","4.0","4.0","0.0"
"2","29","2","25","112","2021","Alex Oxlade-Chamberlain","Central Midfield","England","Liverpool FC","28","31","","","","17","1","0","786","2","180","18000000.0","16000000.0","-2000000.0","18.0","16.0","-2.0"
"2","912","5","30","21","2021","Thomas Partey","Defensive Midfield","Ghana","Arsenal FC","28","31","","","","24","1","0","2028","2","185","40000000.0","38000000.0","-2000000.0","40.0","38.0","-2.0"
"2","295","5","10","118","2021","Fernandinho","Defensive Midfield","Brazil","Manchester City","37","39","","","","19","1","0","964","2","179","2000000.0","1500000.0","-500000.0","2.0","1.5","-0.5"
"2","608","3","25","57","2021","Marc Guehi","Centre-Back","England","Crystal Palace","21","24","","","","36","1","0","3222","2","182","20000000.0","32000000.0","12000000.0","20.0","32.0","12.0"
"2","481","2","25","132","2021","Jonjo Shelvey","Central Midfield","England","Newcastle United","30","32","","","","24","1","0","1985","2","184","11000000.0","10000000.0","-1000000.0","11.0","10.0","-1.0"
"2","493","4","71","135","2021","Josh Sargent","Centre-Forward","United States","Norwich City","22","24","","","","26","1","0","1572","2","185","8000000.0","7000000.0","-1000000.0","8.0","7.0","-1.0"
"2","628","3","41","66","2021","Mason Holgate","Centre-Back","Jamaica","Everton FC","25","28","","","","25","1","0","2135","2","187","18000000.0","18000000.0","0.0","18.0","18.0","0.0"
"2","930","11","56","202","2021","Trincco","Right Winger","Portugal","Wolverhampton Wanderers","22","25","","","","28","1","0","1337","2","184","22000000.0","20000000.0","-2000000.0","22.0","20.0","-2.0"
"2","701","2","27","79","2021","Moussa Sissoko","Central Midfield","France","For 2 Clubs","32","35","","","","36","1","0","3220","2","187","8000000.0","4500000.0","-3500000.0","8.0","4.5","-3.5"
"2","68","11","64","119","2021","Anthony Elanga","Right Winger","Sweden","Manchester United","20","22","","","","21","2","0","1213","2","178","4000000.0","20000000.0","16000000.0","4.0","20.0","16.0"
"2","10","4","25","174","2021","Adam Armstrong","Centre-Forward","England","Southampton FC","25","27","","","","23","2","0","1414","2","173","18000000.0","15000000.0","-3000000.0","18.0","15.0","-3.0"
"2","462","4","25","107","2021","Joe Gelhardt","Centre-Forward","England","Leeds United","20","22","","","","20","2","0","744","2","179","3000000.0","6000000.0","3000000.0","3.0","6.0","3.0"
"2","458","2","56","202","2021","Joco Moutinho","Central Midfield","Portugal","Wolverhampton Wanderers","35","38","","","","35","1","0","2971","2","170","2500000.0","2500000.0","0.0","2.5","2.5","0.0"
"2","756","4","25","107","2021","Patrick Bamford","Centre-Forward","England","Leeds United","28","31","","","","9","2","0","559","2","185","20000000.0","16000000.0","-4000000.0","20.0","16.0","-4.0"
"2","589","12","25","107","2021","Luke Ayling","Right-Back","England","Leeds United","30","33","","","","26","2","0","2273","2","183","4000000.0","4000000.0","0.0","4.0","4.0","0.0"
"2","282","3","65","132","2021","Fabian Schar","Centre-Back","Switzerland","Newcastle United","30","33","","","","25","2","0","2158","2","186","7000000.0","7000000.0","0.0","7.0","7.0","0.0"
"2","981","5","45","43","2021","Yves Bissouma","Defensive Midfield","Mali","Brighton & Hove Albion","25","28","","","","26","2","0","2111","1","182","25000000.0","35000000.0","10000000.0","25.0","35.0","10.0"
"2","542","2","25","108","2021","Kiernan Dewsbury-Hall","Central Midfield","England","Leicester City","23","26","","","","28","2","0","2105","1","176","2000000.0","8000000.0","6000000.0","2.0","8.0","6.0"
"2","28","8","50","66","2021","Alex Iwobi","Left Winger","Nigeria","Everton FC","26","28","","","","28","2","0","2034","2","183","18000000.0","18000000.0","0.0","18.0","18.0","0.0"
"2","149","3","63","50","2021","Cesar Azpilicueta","Centre-Back","Spain","Chelsea FC","32","35","","","","27","2","0","2070","1","178","11000000.0","9000000.0","-2000000.0","11.0","9.0","-2.0"
"2","347","5","65","21","2021","Granit Xhaka","Defensive Midfield","Switzerland","Arsenal FC","29","32","","","","27","2","0","2328","1","186","20000000.0","20000000.0","0.0","20.0","20.0","0.0"
"2","552","12","25","174","2021","Kyle Walker-Peters","Right-Back","England","Southampton FC","25","27","","","","32","2","0","2633","1","173","18000000.0","22000000.0","4000000.0","18.0","22.0","4.0"
"2","417","3","25","46","2021","James Tarkowski","Centre-Back","England","Burnley FC","29","32","","","","35","2","0","3106","1","185","22000000.0","22000000.0","0.0","22.0","22.0","0.0"
"2","797","12","56","108","2021","Ricardo Pereira","Right-Back","Portugal","Leicester City","28","31","","","","14","3","0","991","1","175","25000000.0","20000000.0","-5000000.0","25.0","20.0","-5.0"
"2","635","2","55","107","2021","Mateusz Klich","Central Midfield","Poland","Leeds United","31","34","","","","33","2","0","2074","1","183","4000000.0","3000000.0","-1000000.0","4.0","3.0","-1.0"
"2","540","9","58","21","2021","Kieran Tierney","Left-Back","Scotland","Arsenal FC","24","27","","","","22","3","0","1915","1","180","32000000.0","32000000.0","0.0","32.0","32.0","0.0"
"2","161","2","21","41","2021","Christian Eriksen","Central Midfield","Denmark","Brentford FC","30","32","","","","11","4","0","939","1","182","15000000.0","20000000.0","5000000.0","15.0","20.0","5.0"
"2","402","11","25","132","2021","Jacob Murphy","Right Winger","England","Newcastle United","27","29","","","","33","2","0","1473","1","179","5000000.0","5000000.0","0.0","5.0","5.0","0.0"
"2","681","11","44","135","2021","Milot Rashica","Right Winger","Kosovo","Norwich City","25","28","","","","31","2","0","2230","1","178","8000000.0","7000000.0","-1000000.0","8.0","7.0","-1.0"
"2","712","11","25","174","2021","Nathan Redmond","Right Winger","England","Southampton FC","28","30","","","","27","5","0","1833","1","173","18000000.0","18000000.0","0.0","18.0","18.0","0.0"
"2","709","3","48","118","2021","Nathan Ake","Centre-Back","Netherlands","Manchester City","27","29","","","","14","0","0","923","2","180","28000000.0","25000000.0","-3000000.0","28.0","25.0","-3.0"
"2","483","12","63","202","2021","Jonny Otto","Right-Back","Spain","Wolverhampton Wanderers","28","30","","","","13","0","0","1024","2","175","15000000.0","15000000.0","0.0","15.0","15.0","0.0"
"2","541","12","25","132","2021","Kieran Trippier","Right-Back","England","Newcastle United","31","34","","","","6","0","0","429","2","173","","15000000.0","15000000.0","0.0","15.0","15.0"
"2","213","2","25","199","2021","Declan Rice","Central Midfield","England","West Ham United","23","26","","","","36","4","0","3179","1","188","70000000.0","80000000.0","10000000.0","70.0","80.0","10.0"
"2","765","2","27","119","2021","Paul Pogba","Central Midfield","France","Manchester United","29","31","","","","20","9","0","1350","1","191","55000000.0","48000000.0","-7000000.0","55.0","48.0","-7.0"
"2","442","1","25","119","2021","Jesse Lingard","Attacking Midfield","England","Manchester United","29","32","","","","16","0","0","367","2","174","20000000.0","18000000.0","-2000000.0","20.0","18.0","-2.0"
"2","907","2","63","112","2021","Thiago Alcantara","Central Midfield","Spain","Liverpool FC","31","33","","","","25","4","0","1534","1","174","25000000.0","20000000.0","-5000000.0","25.0","20.0","-5.0"
"2","236","2","48","79","2021","Donny van de Beek","Central Midfield","Netherlands","For 2 Clubs","25","27","","","","15","0","0","559","2","184","25000000.0","25000000.0","0.0","25.0","25.0","0.0"
"2","561","3","25","43","2021","Lewis Dunk","Centre-Back","England","Brighton & Hove Albion","30","33","","","","29","0","0","2574","1","192","22000000.0","20000000.0","-2000000.0","22.0","20.0","-2.0"
"2","15","3","25","43","2021","Adam Webster","Centre-Back","England","Brighton & Hove Albion","27","30","","","","22","0","0","1435","2","190","18000000.0","17000000.0","-1000000.0","18.0","17.0","-1.0"
"2","360","3","25","119","2021","Harry Maguire","Centre-Back","England","Manchester United","29","31","","","","30","0","0","2516","1","194","50000000.0","38000000.0","-12000000.0","50.0","38.0","-12.0"
"2","457","12","56","118","2021","Joco Cancelo","Right-Back","Portugal","Manchester City","27","30","","","","36","7","0","3227","1","182","60000000.0","65000000.0","5000000.0","60.0","65.0","5.0"
"2","659","3","25","202","2021","Maximilian Kilman","Centre-Back","England","Wolverhampton Wanderers","24","27","","","","30","0","0","2687","1","194","9000000.0","16000000.0","7000000.0","9.0","16.0","7.0"
"2","348","3","58","135","2021","Grant Hanley","Centre-Back","Scotland","Norwich City","30","33","","","","33","0","0","2897","1","188","4000000.0","3500000.0","-500000.0","4.0","3.5","-0.5"
"2","677","11","54","132","2021","Miguel Almiron","Right Winger","Paraguay","Newcastle United","28","30","","","","30","0","0","1716","1","174","17500000.0","16000000.0","-1500000.0","17.5","16.0","-1.5"
"2","860","12","38","66","2021","Seamus Coleman","Right-Back","Ireland","Everton FC","33","36","","","","30","0","0","2656","1","177","3500000.0","3000000.0","-500000.0","3.5","3.0","-0.5"
"2","532","2","58","135","2021","Kenny McLean","Central Midfield","Scotland","Norwich City","30","33","","","","31","0","0","2706","1","180","3000000.0","2500000.0","-500000.0","3.0","2.5","-0.5"
"2","690","5","23","43","2021","Moises Caicedo","Defensive Midfield","Ecuador","Brighton & Hove Albion","20","23","","","","8","1","0","660","1","178","","6000000.0","6000000.0","0.0","6.0","6.0"
"2","244","1","25","57","2021","Eberechi Eze","Attacking Midfield","England","Crystal Palace","23","26","","","","13","1","0","605","1","178","20000000.0","22000000.0","2000000.0","20.0","22.0","2.0"
"2","769","11","56","202","2021","Pedro Neto","Right Winger","Portugal","Wolverhampton Wanderers","22","24","","","","13","1","0","466","1","174","35000000.0","32000000.0","-3000000.0","35.0","32.0","-3.0"
"2","898","2","27","188","2021","Tanguy Ndombele","Central Midfield","France","Tottenham Hotspur","25","28","","","","9","1","0","484","1","181","45000000.0","30000000.0","-15000000.0","45.0","30.0","-15.0"
"2","185","2","25","112","2021","Curtis Jones","Central Midfield","England","Liverpool FC","21","24","","","","15","1","0","852","1","185","30000000.0","28000000.0","-2000000.0","30.0","28.0","-2.0"
"2","76","11","48","79","2021","Anwar El Ghazi","Right Winger","Netherlands","For 2 Clubs","26","29","","","","11","1","1","399","1","189","10000000.0","9000000.0","-1000000.0","10.0","9.0","-1.0"
"2","777","5","27","135","2021","Pierre Lees-Melou","Defensive Midfield","France","Norwich City","28","31","","","","33","0","0","2267","1","185","7000000.0","5000000.0","-2000000.0","7.0","5.0","-2.0"
"2","482","3","52","108","2021","Jonny Evans","Centre-Back","Northern Ireland","Leicester City","34","37","","","","18","1","0","1348","1","188","5000000.0","4000000.0","-1000000.0","5.0","4.0","-1.0"
"2","710","3","38","46","2021","Nathan Collins","Centre-Back","Ireland","Burnley FC","21","23","","","","19","0","0","1671","2","193","8000000.0","10000000.0","2000000.0","8.0","10.0","2.0"
"2","84","9","20","199","2021","Arthur Masuaku","Left-Back","DR Congo","West Ham United","28","31","","","","13","1","0","651","1","179","5000000.0","5000000.0","0.0","5.0","5.0","0.0"
"2","12","4","38","135","2021","Adam Idah","Centre-Forward","Ireland","Norwich City","20","23","","","","17","1","0","625","1","190","3000000.0","3000000.0","0.0","3.0","3.0","0.0"
"2","146","12","56","21","2021","Cedric Soares","Right-Back","Portugal","Arsenal FC","30","33","","","","21","1","0","1485","1","171","5000000.0","6000000.0","1000000.0","5.0","6.0","1.0"
"2","597","12","21","41","2021","Mads Roerslev","Right-Back","Denmark","Brentford FC","22","25","","","","21","1","0","1240","1","184","1500000.0","2500000.0","1000000.0","1.5","2.5","1.0"
"2","172","12","74","46","2021","Connor Roberts","Right-Back","Wales","Burnley FC","26","29","","","","21","1","0","1691","1","175","3000000.0","2500000.0","-500000.0","3.0","2.5","-0.5"
"2","841","4","73","66","2021","Salomon Rondon","Centre-Forward","Venezuela","Everton FC","32","35","","","","20","1","0","791","1","189","5000000.0","2500000.0","-2500000.0","5.0","2.5","-2.5"
"2","732","9","56","21","2021","Nuno Tavares","Left-Back","Portugal","Arsenal FC","22","25","","","","22","1","0","1177","1","183","13000000.0","15000000.0","2000000.0","13.0","15.0","2.0"
"2","861","2","25","132","2021","Sean Longstaff","Central Midfield","England","Newcastle United","24","27","","","","24","1","0","1463","1","187","13000000.0","13000000.0","0.0","13.0","13.0","0.0"
"2","787","3","27","119","2021","Raphael Varane","Centre-Back","France","Manchester United","29","31","","","","22","1","0","1831","1","191","65000000.0","48000000.0","-17000000.0","65.0","48.0","-17.0"
"2","933","4","74","107","2021","Tyler Roberts","Centre-Forward","Wales","Leeds United","23","26","","","","23","1","0","987","1","180","8000000.0","8000000.0","0.0","8.0","8.0","0.0"
"2","510","2","61","195","2021","Juraj Kucka","Central Midfield","Slovakia","Watford FC","35","37","","","","26","1","0","1921","1","186","2000000.0","1800000.0","-200000.0","2.0","1.8","-0.2"
"2","539","1","25","135","2021","Kieran Dowell","Attacking Midfield","England","Norwich City","24","27","","","","19","1","0","911","1","183","3000000.0","2500000.0","-500000.0","3.0","2.5","-0.5"
"2","917","12","25","174","2021","Tino Livramento","Right-Back","England","Southampton FC","19","22","","","","28","1","0","2202","1","182","5000000.0","25000000.0","20000000.0","5.0","25.0","20.0"
"2","274","3","41","41","2021","Ethan Pinnock","Centre-Back","Jamaica","Brentford FC","28","31","","","","32","1","0","2694","1","194","10000000.0","12000000.0","2000000.0","10.0","12.0","2.0"
"2","98","3","74","188","2021","Ben Davies","Centre-Back","Wales","Tottenham Hotspur","29","31","","","","29","1","0","2538","1","181","18000000.0","20000000.0","2000000.0","18.0","20.0","2.0"
"2","188","3","25","79","2021","Dan Burn","Centre-Back","England","For 2 Clubs","30","32","","","","29","1","0","2462","1","201","3500000.0","12000000.0","8500000.0","3.5","12.0","8.5"
"2","844","1","37","41","2021","Saman Ghoddos","Attacking Midfield","Iran","Brentford FC","28","31","","","","17","1","0","536","1","175","3000000.0","2500000.0","-500000.0","3.0","2.5","-0.5"
"2","859","2","58","119","2021","Scott McTominay","Central Midfield","Scotland","Manchester United","25","28","","","","30","1","0","2386","1","191","35000000.0","32000000.0","-3000000.0","35.0","32.0","-3.0"
"2","607","9","63","43","2021","Marc Cucurella","Left-Back","Spain","Brighton & Hove Albion","23","26","","","","35","1","0","3089","1","173","20000000.0","28000000.0","8000000.0","20.0","28.0","8.0"
"2","649","9","25","79","2021","Matt Targett","Left-Back","England","For 2 Clubs","26","29","","","","33","1","0","2871","1","183","17000000.0","17000000.0","0.0","17.0","17.0","0.0"
"2","557","11","41","22","2021","Leon Bailey","Right Winger","Jamaica","Aston Villa","24","27","","","","18","2","0","760","1","178","32000000.0","25000000.0","-7000000.0","32.0","25.0","-7.0"
"2","256","12","10","188","2021","Emerson Royal","Right-Back","Brazil","Tottenham Hotspur","23","26","","","","31","1","0","2285","1","183","25000000.0","25000000.0","0.0","25.0","25.0","0.0"
"2","724","11","16","21","2021","Nicolas Pepe","Right Winger","Cote dIvoire","Arsenal FC","26","29","","","","20","2","0","696","1","183","30000000.0","25000000.0","-5000000.0","30.0","25.0","-5.0"
"2","133","8","25","50","2021","Callum Hudson-Odoi","Left Winger","England","Chelsea FC","21","24","","","","15","2","0","962","1","178","32000000.0","25000000.0","-7000000.0","32.0","25.0","-7.0"
"2","547","3","53","41","2021","Kristoffer Ajer","Centre-Back","Norway","Brentford FC","24","26","","","","24","2","0","1980","1","198","17000000.0","18000000.0","1000000.0","17.0","18.0","1.0"
"2","890","7","52","107","2021","Stuart Dallas","Left Midfield","Northern Ireland","Leeds United","31","33","","","","34","1","0","2919","1","183","4000000.0","4000000.0","0.0","4.0","4.0","0.0"
"2","792","9","2","202","2021","Rayan Ait-Nouri","Left-Back","Algeria","Wolverhampton Wanderers","20","23","","","","23","2","0","1828","1","180","15000000.0","20000000.0","5000000.0","15.0","20.0","5.0"
"2","643","5","53","135","2021","Mathias Normann","Defensive Midfield","Norway","Norwich City","25","28","","","","23","2","0","1644","1","179","13000000.0","10000000.0","-3000000.0","13.0","10.0","-3.0"
"2","651","12","25","46","2021","Matthew Lowton","Right-Back","England","Burnley FC","32","35","","","","25","2","0","1774","1","180","2000000.0","1200000.0","-800000.0","2.0","1.2","-0.8"
"2","606","10","25","108","2021","Marc Albrighton","Right Midfield","England","Leicester City","32","35","","","","17","2","0","1132","1","175","2500000.0","2500000.0","0.0","2.5","2.5","0.0"
"2","261","4","50","195","2021","Emmanuel Dennis","Centre-Forward","Nigeria","Watford FC","24","27","","","","33","6","0","2582","10","175","8000000.0","14000000.0","6000000.0","8.0","14.0","6.0"
"2","419","2","25","174","2021","James Ward-Prowse","Central Midfield","England","Southampton FC","27","30","","","","36","5","4","3216","10","177","32000000.0","32000000.0","0.0","32.0","32.0","0.0"
"2","673","4","41","199","2021","Michail Antonio","Centre-Forward","Jamaica","West Ham United","32","34","","","","36","8","0","2972","10","180","12000000.0","10000000.0","-2000000.0","12.0","10.0","-2.0"
"2","423","3","55","174","2021","Jan Bednarek","Centre-Back","Poland","Southampton FC","26","28","","","","31","0","0","2629","4","189","22000000.0","22000000.0","0.0","22.0","22.0","0.0"
"2","487","5","40","50","2021","Jorginho","Defensive Midfield","Italy","Chelsea FC","30","33","","","","29","2","6","2274","6","178","45000000.0","40000000.0","-5000000.0","45.0","40.0","-5.0"
"2","653","12","55","22","2021","Matty Cash","Right-Back","Poland","Aston Villa","24","27","","","","38","3","0","3377","4","185","22000000.0","25000000.0","3000000.0","22.0","25.0","3.0"
"2","494","4","53","195","2021","Joshua King","Centre-Forward","Norway","Watford FC","30","33","","","","32","3","1","2248","5","180","8000000.0","8000000.0","0.0","8.0","8.0","0.0"
"2","778","4","28","21","2021","Pierre-Emerick Aubameyang","Centre-Forward","Gabon","Arsenal FC","32","35","","","","14","1","0","1037","4","187","15000000.0","15000000.0","0.0","15.0","15.0","0.0"
"2","92","3","63","118","2021","Aymeric Laporte","Centre-Back","Spain","Manchester City","27","30","","","","33","0","0","2829","4","191","45000000.0","45000000.0","0.0","45.0","45.0","0.0"
"2","896","8","42","112","2021","Takumi Minamino","Left Winger","Japan","Liverpool FC","27","30","","","","11","0","0","186","3","172","12000000.0","12000000.0","0.0","12.0","12.0","0.0"
"2","126","1","56","119","2021","Bruno Fernandes","Attacking Midfield","Portugal","Manchester United","27","30","","","","36","6","0","3110","10","179","90000000.0","85000000.0","-5000000.0","90.0","85.0","-5.0"
"2","977","2","8","108","2021","Youri Tielemans","Central Midfield","Belgium","Leicester City","25","27","","","","32","4","2","2632","6","177","55000000.0","55000000.0","0.0","55.0","55.0","0.0"
"2","812","4","63","107","2021","Rodrigo","Centre-Forward","Spain","Leeds United","31","33","","","","31","1","1","2265","6","182","15000000.0","12000000.0","-3000000.0","15.0","12.0","-3.0"
"2","750","1","63","199","2021","Pablo Fornals","Attacking Midfield","Spain","West Ham United","26","28","","","","36","3","0","2794","6","178","20000000.0","22000000.0","2000000.0","20.0","22.0","2.0"
"2","101","3","25","46","2021","Ben Mee","Centre-Back","England","Burnley FC","32","35","","","","21","0","0","1839","3","180","4000000.0","2500000.0","-1500000.0","4.0","2.5","-1.5"
"2","733","4","27","57","2021","Odsonne Edouard","Centre-Forward","France","Crystal Palace","24","27","","","","28","3","1","1563","6","187","17000000.0","17000000.0","0.0","17.0","17.0","0.0"
"2","175","3","25","202","2021","Conor Coady","Centre-Back","England","Wolverhampton Wanderers","29","31","","","","38","0","0","3361","4","185","25000000.0","25000000.0","0.0","25.0","25.0","0.0"
"2","909","3","10","50","2021","Thiago Silva","Centre-Back","Brazil","Chelsea FC","37","40","","","","32","0","0","2650","3","181","2500000.0","2500000.0","0.0","2.5","2.5","0.0"
"2","225","3","63","107","2021","Diego Llorente","Centre-Back","Spain","Leeds United","28","31","","","","28","0","0","2340","3","186","18000000.0","18000000.0","0.0","18.0","18.0","0.0"
"2","800","9","25","41","2021","Rico Henry","Left-Back","England","Brentford FC","24","27","","","","34","0","0","2776","3","170","10000000.0","20000000.0","10000000.0","10.0","20.0","10.0"
"2","74","3","29","50","2021","Antonio Rudiger","Centre-Back","Germany","Chelsea FC","29","31","","","","34","0","0","3035","3","190","35000000.0","40000000.0","5000000.0","35.0","40.0","5.0"
"2","97","9","25","50","2021","Ben Chilwell","Left-Back","England","Chelsea FC","25","28","","","","7","1","0","542","3","180","38000000.0","38000000.0","0.0","38.0","38.0","0.0"
"2","929","3","25","50","2021","Trevoh Chalobah","Centre-Back","England","Chelsea FC","22","25","","","","20","1","0","1448","3","192","10000000.0","20000000.0","10000000.0","10.0","20.0","10.0"
"2","669","3","25","66","2021","Michael Keane","Centre-Back","England","Everton FC","29","32","","","","32","2","0","2793","3","188","25000000.0","20000000.0","-5000000.0","25.0","20.0","-5.0"
"2","706","2","33","112","2021","Naby Keita","Central Midfield","Guinea","Liverpool FC","27","29","","","","23","1","0","1173","3","172","30000000.0","25000000.0","-5000000.0","30.0","25.0","-5.0"
"2","948","3","48","112","2021","Virgil van Dijk","Centre-Back","Netherlands","Liverpool FC","30","33","","","","34","2","0","3060","3","195","55000000.0","55000000.0","0.0","55.0","55.0","0.0"
"2","780","3","64","41","2021","Pontus Jansson","Centre-Back","Sweden","Brentford FC","31","33","","","","37","2","0","3321","3","196","6000000.0","7000000.0","1000000.0","6.0","7.0","1.0"
"2","888","8","48","188","2021","Steven Bergwijn","Left Winger","Netherlands","Tottenham Hotspur","24","27","","","","25","1","0","564","3","171","18000000.0","18000000.0","0.0","18.0","18.0","0.0"
"2","395","8","25","118","2021","Jack Grealish","Left Winger","England","Manchester City","26","29","","","","26","3","0","1913","3","180","100000000.0","70000000.0","-30000000.0","100.0","70.0","-30.0"
"2","230","4","8","112","2021","Divock Origi","Centre-Forward","Belgium","Liverpool FC","27","29","","","","7","1","0","133","3","189","12000000.0","12000000.0","0.0","12.0","12.0","0.0"
"2","869","8","63","41","2021","Sergi Canos","Left Winger","Spain","Brentford FC","25","27","","","","31","2","0","2084","3","177","14000000.0","14000000.0","0.0","14.0","14.0","0.0"
"2","61","11","25","66","2021","Andros Townsend","Right Winger","England","Everton FC","30","33","","","","21","2","1","1455","3","181","7000000.0","5000000.0","-2000000.0","7.0","5.0","-2.0"
"2","258","1","25","21","2021","Emile Smith Rowe","Attacking Midfield","England","Arsenal FC","21","24","","","","33","2","0","1921","10","182","28000000.0","40000000.0","12000000.0","28.0","40.0","12.0"
"2","484","4","30","57","2021","Jordan Ayew","Centre-Forward","Ghana","Crystal Palace","30","33","","","","31","3","0","2020","3","182","6000000.0","6000000.0","0.0","6.0","6.0","0.0"
"2","459","4","10","195","2021","Joco Pedro","Centre-Forward","Brazil","Watford FC","20","23","","","","28","1","0","1644","3","182","10000000.0","14000000.0","4000000.0","10.0","14.0","4.0"
"2","474","2","58","22","2021","John McGinn","Central Midfield","Scotland","Aston Villa","27","30","","","","35","4","0","3090","3","178","30000000.0","32000000.0","2000000.0","30.0","32.0","2.0"
"2","163","5","21","41","2021","Christian Norgaard","Defensive Midfield","Denmark","Brentford FC","28","30","","","","35","4","0","3054","3","187","6000000.0","14000000.0","8000000.0","6.0","14.0","8.0"
"2","405","8","25","119","2021","Jadon Sancho","Left Winger","England","Manchester United","22","24","","","","29","3","0","1898","3","180","90000000.0","75000000.0","-15000000.0","90.0","75.0","-15.0"
"2","58","9","58","112","2021","Andrew Robertson","Left-Back","Scotland","Liverpool FC","28","30","","","","29","10","0","2538","3","178","65000000.0","65000000.0","0.0","65.0","65.0","0.0"
"2","316","8","10","21","2021","Gabriel Martinelli","Left Winger","Brazil","Arsenal FC","20","23","","","","29","6","1","1861","6","178","28000000.0","40000000.0","12000000.0","28.0","40.0","12.0"
"2","791","4","46","202","2021","Raul Jimenez","Centre-Forward","Mexico","Wolverhampton Wanderers","31","33","","","","34","4","1","2633","6","187","22000000.0","18000000.0","-4000000.0","22.0","18.0","-4.0"
"2","811","5","63","118","2021","Rodri","Defensive Midfield","Spain","Manchester City","25","28","","","","33","2","0","2884","7","191","70000000.0","80000000.0","10000000.0","70.0","80.0","10.0"
"2","363","8","25","108","2021","Harvey Barnes","Left Winger","England","Leicester City","24","27","","","","32","10","0","2101","6","182","32000000.0","32000000.0","0.0","32.0","32.0","0.0"
"2","465","3","12","112","2021","Joel Matip","Centre-Back","Cameroon","Liverpool FC","30","33","","","","31","3","0","2790","3","195","18000000.0","18000000.0","0.0","18.0","18.0","0.0"
"2","976","4","20","41","2021","Yoane Wissa","Centre-Forward","DR Congo","Brentford FC","25","28","","","","30","1","0","1284","7","176","10000000.0","12000000.0","2000000.0","10.0","12.0","2.0"
"2","151","4","58","174","2021","Che Adams","Centre-Forward","Scotland","Southampton FC","25","28","","","","30","3","0","2039","7","179","20000000.0","18000000.0","-2000000.0","20.0","18.0","-2.0"
"2","950","5","29","41","2021","Vitaly Janelt","Defensive Midfield","Germany","Brentford FC","24","26","","","","31","0","0","2298","4","184","10000000.0","14000000.0","4000000.0","10.0","14.0","4.0"
"2","396","11","25","107","2021","Jack Harrison","Right Winger","England","Leeds United","25","28","","","","35","1","0","2639","8","175","15000000.0","18000000.0","3000000.0","15.0","18.0","3.0"
"2","990","2","29","118","2021","ilkay Gundogan","Central Midfield","Germany","Manchester City","31","34","","","","27","3","0","1856","8","180","35000000.0","25000000.0","-10000000.0","35.0","25.0","-10.0"
"2","197","4","25","22","2021","Danny Ings","Centre-Forward","England","Aston Villa","29","32","","","","30","6","1","1898","7","177","22000000.0","20000000.0","-2000000.0","22.0","20.0","-2.0"
"2","624","1","53","21","2021","Martin odegaard","Attacking Midfield","Norway","Arsenal FC","23","26","","","","36","4","0","2785","7","178","42000000.0","45000000.0","3000000.0","42.0","45.0","3.0"
"2","821","4","8","50","2021","Romelu Lukaku","Centre-Forward","Belgium","Chelsea FC","29","31","","","","26","0","1","1589","8","191","100000000.0","70000000.0","-30000000.0","100.0","70.0","-30.0"
"2","135","4","25","132","2021","Callum Wilson","Centre-Forward","England","Newcastle United","30","32","","","","18","0","2","1386","8","180","20000000.0","18000000.0","-2000000.0","20.0","18.0","-2.0"
"2","515","4","29","50","2021","Kai Havertz","Centre-Forward","Germany","Chelsea FC","22","25","","","","29","3","0","1809","8","193","70000000.0","70000000.0","0.0","70.0","70.0","0.0"
"2","715","4","27","43","2021","Neal Maupay","Centre-Forward","France","Brighton & Hove Albion","25","28","","","","32","2","1","2275","8","171","20000000.0","18000000.0","-2000000.0","20.0","18.0","-2.0"
"2","556","8","8","43","2021","Leandro Trossard","Left Winger","Belgium","Brighton & Hove Albion","27","30","","","","34","3","1","2802","8","172","17000000.0","20000000.0","3000000.0","17.0","20.0","3.0"
"2","799","4","10","66","2021","Richarlison","Centre-Forward","Brazil","Everton FC","25","27","","","","30","5","3","2523","10","184","55000000.0","48000000.0","-7000000.0","55.0","48.0","-7.0"
"2","109","1","56","118","2021","Bernardo Silva","Attacking Midfield","Portugal","Manchester City","27","30","","","","35","4","0","2857","8","173","75000000.0","80000000.0","5000000.0","75.0","80.0","5.0"
"2","840","8","2","199","2021","Said Benrahma","Left Winger","Algeria","West Ham United","26","29","","","","32","6","0","2168","8","172","25000000.0","25000000.0","0.0","25.0","25.0","0.0"
"2","661","8","16","46","2021","Maxwel Cornet","Left Winger","Cote dIvoire","Burnley FC","25","28","","","","26","1","0","1766","9","179","14000000.0","15000000.0","1000000.0","14.0","15.0","1.0"
"2","313","4","10","118","2021","Gabriel Jesus","Centre-Forward","Brazil","Manchester City","25","27","","","","28","9","1","1877","8","175","60000000.0","50000000.0","-10000000.0","60.0","50.0","-10.0"
"2","627","11","41","119","2021","Mason Greenwood","Right Winger","Jamaica","Manchester United","20","23","","","","18","1","0","1270","5","181","50000000.0","0.0","-50000000.0","50.0","0.0","-50.0"
"2","183","4","15","195","2021","Cucho Hernandez","Centre-Forward","Colombia","Watford FC","23","25","","","","25","2","0","1147","5","176","9000000.0","9000000.0","0.0","9.0","9.0","0.0"
"2","367","4","43","202","2021","Hee-chan Hwang","Centre-Forward","Korea, South","Wolverhampton Wanderers","26","29","","","","30","1","0","1815","5","177","13000000.0","16000000.0","3000000.0","13.0","16.0","3.0"
"2","385","11","59","195","2021","Ismaila Sarr","Right Winger","Senegal","Watford FC","24","26","","","","22","2","0","1861","5","185","27000000.0","27000000.0","0.0","27.0","27.0","0.0"
"2","233","4","25","66","2021","Dominic Calvert-Lewin","Centre-Forward","England","Everton FC","25","27","","","","17","2","2","1283","5","189","45000000.0","40000000.0","-5000000.0","45.0","40.0","-5.0"
"2","176","2","25","57","2021","Conor Gallagher","Central Midfield","England","Crystal Palace","22","24","","","","34","3","0","2845","8","182","22000000.0","25000000.0","3000000.0","22.0","25.0","3.0"
"2","245","4","25","21","2021","Eddie Nketiah","Centre-Forward","England","Arsenal FC","22","25","","","","21","1","0","835","5","175","12000000.0","16000000.0","4000000.0","12.0","16.0","4.0"
"2","434","4","27","57","2021","Jean-Philippe Mateta","Centre-Forward","France","Crystal Palace","24","27","","","","22","1","0","1145","5","192","8000000.0","10000000.0","2000000.0","8.0","10.0","2.0"
"2","35","2","4","43","2021","Alexis Mac Allister","Central Midfield","Argentina","Brighton & Hove Albion","23","26","","","","33","2","2","2122","5","176","10000000.0","16000000.0","6000000.0","10.0","16.0","6.0"
"2","776","1","10","22","2021","Philippe Coutinho","Attacking Midfield","Brazil","Aston Villa","29","32","","","","19","3","0","1330","5","172","20000000.0","20000000.0","0.0","20.0","20.0","0.0"
"2","605","1","4","199","2021","Manuel Lanzini","Attacking Midfield","Argentina","West Ham United","29","31","","","","30","3","3","1786","5","170","10000000.0","12000000.0","2000000.0","10.0","12.0","2.0"
"2","774","11","25","118","2021","Phil Foden","Right Winger","England","Manchester City","21","24","","","","28","5","0","2129","9","171","85000000.0","90000000.0","5000000.0","85.0","90.0","5.0"
"2","925","5","19","199","2021","Tomas Soucek","Defensive Midfield","Czech Republic","West Ham United","27","29","","","","35","1","0","3062","5","192","42000000.0","45000000.0","3000000.0","42.0","45.0","3.0"
"2","808","4","10","112","2021","Roberto Firmino","Centre-Forward","Brazil","Liverpool FC","30","33","","","","20","4","0","988","5","181","40000000.0","32000000.0","-8000000.0","40.0","32.0","-8.0"
"2","283","5","10","112","2021","Fabinho","Defensive Midfield","Brazil","Liverpool FC","28","31","","","","29","1","2","2314","5","188","60000000.0","60000000.0","0.0","60.0","60.0","0.0"
"2","466","12","48","43","2021","Joel Veltman","Right-Back","Netherlands","Brighton & Hove Albion","30","33","","","","34","1","0","2874","1","184","8000000.0","10000000.0","2000000.0","8.0","10.0","2.0"
"2","41","8","27","132","2021","Allan Saint-Maximin","Left Winger","France","Newcastle United","25","27","","","","35","5","0","2804","5","173","32000000.0","32000000.0","0.0","32.0","32.0","0.0"
"2","761","4","75","108","2021","Patson Daka","Centre-Forward","Zambia","Leicester City","23","26","","","","23","3","0","1158","5","183","22000000.0","20000000.0","-2000000.0","22.0","20.0","-2.0"
"2","215","1","64","188","2021","Dejan Kulusevski","Attacking Midfield","Sweden","Tottenham Hotspur","22","24","","","","18","8","0","1261","5","186","35000000.0","40000000.0","5000000.0","35.0","40.0","5.0"
"2","78","4","1","174","2021","Armando Broja","Centre-Forward","Albania","Southampton FC","20","23","","","","32","0","0","1975","6","191","9000000.0","22000000.0","13000000.0","9.0","22.0","13.0"
"2","18","13","50","108","2021","Ademola Lookman","Second Striker","Nigeria","Leicester City","24","27","","","","26","0","0","1453","6","174","9000000.0","10000000.0","1000000.0","9.0","10.0","1.0"
"2","438","7","30","57","2021","Jeffrey Schlupp","Left Midfield","Ghana","Crystal Palace","29","32","","","","32","1","0","1851","4","178","8000000.0","8000000.0","0.0","8.0","8.0","0.0"
"2","198","4","25","43","2021","Danny Welbeck","Centre-Forward","England","Brighton & Hove Albion","31","34","","","","25","2","0","1477","6","185","3000000.0","4000000.0","1000000.0","3.0","4.0","1.0"
"2","403","7","25","22","2021","Jacob Ramsey","Left Midfield","England","Aston Villa","20","23","","","","34","1","0","2468","6","180","8000000.0","25000000.0","17000000.0","8.0","25.0","17.0"
"2","217","8","41","66","2021","Demarai Gray","Left Winger","Jamaica","Everton FC","25","28","","","","34","4","0","2338","5","183","15000000.0","22000000.0","7000000.0","15.0","22.0","7.0"
"2","793","12","25","50","2021","Reece James","Right-Back","England","Chelsea FC","22","25","","","","26","9","0","1865","5","180","45000000.0","60000000.0","15000000.0","45.0","60.0","15.0"
"2","164","11","71","50","2021","Christian Pulisic","Right Winger","United States","Chelsea FC","23","26","","","","22","2","0","1290","6","177","45000000.0","42000000.0","-3000000.0","45.0","42.0","-3.0"
"2","468","2","10","132","2021","Joelinton","Central Midfield","Brazil","Newcastle United","25","28","","","","35","1","0","2558","4","186","15000000.0","20000000.0","5000000.0","15.0","20.0","5.0"
"2","616","8","25","119","2021","Marcus Rashford","Left Winger","England","Manchester United","24","27","","","","25","2","0","1236","4","185","85000000.0","60000000.0","-25000000.0","85.0","60.0","-25.0"
"2","160","4","8","57","2021","Christian Benteke","Centre-Forward","Belgium","Crystal Palace","31","34","","","","25","1","0","1146","4","190","7000000.0","6000000.0","-1000000.0","7.0","6.0","-1.0"
"2","915","8","29","50","2021","Timo Werner","Left Winger","Germany","Chelsea FC","26","28","","","","21","1","0","1283","4","180","55000000.0","35000000.0","-20000000.0","55.0","35.0","-20.0"
"2","828","5","56","202","2021","Ruben Neves","Defensive Midfield","Portugal","Wolverhampton Wanderers","25","27","","","","33","2","0","2660","4","180","42000000.0","40000000.0","-2000000.0","42.0","40.0","-2.0"
"2","69","8","25","66","2021","Anthony Gordon","Left Winger","England","Everton FC","21","23","","","","35","2","0","2285","4","183","8000000.0","20000000.0","12000000.0","8.0","20.0","12.0"
"2","685","8","53","174","2021","Mohamed Elyounoussi","Left Winger","Norway","Southampton FC","27","30","","","","30","2","0","2041","4","178","10000000.0","12000000.0","2000000.0","10.0","12.0","2.0"
"2","354","11","47","50","2021","Hakim Ziyech","Right Winger","Morocco","Chelsea FC","29","31","","","","23","3","0","1319","4","180","35000000.0","28000000.0","-7000000.0","35.0","28.0","-7.0"
"2","612","9","63","50","2021","Marcos Alonso","Left-Back","Spain","Chelsea FC","31","34","","","","28","5","0","2167","4","188","15000000.0","12000000.0","-3000000.0","15.0","12.0","-3.0"
"2","310","2","10","119","2021","Fred","Central Midfield","Brazil","Manchester United","29","31","","","","28","4","0","2028","4","169","22000000.0","20000000.0","-2000000.0","22.0","20.0","-2.0"
"2","530","4","50","108","2021","Kelechi Iheanacho","Centre-Forward","Nigeria","Leicester City","25","28","","","","26","5","0","1264","4","185","20000000.0","20000000.0","0.0","20.0","20.0","0.0"
"2","34","4","27","21","2021","Alexandre Lacazette","Centre-Forward","France","Arsenal FC","30","33","","","","30","7","2","1781","4","175","22000000.0","15000000.0","-7000000.0","22.0","15.0","-7.0"
"2","128","5","10","132","2021","Bruno Guimarces","Defensive Midfield","Brazil","Newcastle United","24","27","","","","17","1","0","1034","5","182","30000000.0","40000000.0","10000000.0","30.0","40.0","10.0"
"2","741","4","25","22","2021","Ollie Watkins","Centre-Forward","England","Aston Villa","26","29","","","","35","2","1","2952","11","180","35000000.0","35000000.0","0.0","35.0","35.0","0.0"
"2","315","3","10","21","2021","Gabriel Magalhces","Centre-Back","Brazil","Arsenal FC","24","27","","","","35","0","0","3064","5","190","25000000.0","38000000.0","13000000.0","25.0","38.0","13.0"
"2","159","4","49","79","2021","Chris Wood","Centre-Forward","New Zealand","For 2 Clubs","30","33","","","","34","0","1","2695","5","191","6000000.0","10000000.0","4000000.0","6.0","10.0","4.0"
"2","259","1","4","22","2021","Emiliano Buendia","Attacking Midfield","Argentina","Aston Villa","25","28","","","","35","6","0","1897","4","172","35000000.0","32000000.0","-3000000.0","35.0","32.0","-3.0"
"2","132","11","25","21","2021","Bukayo Saka","Right Winger","England","Arsenal FC","20","23","","","","38","7","2","2978","11","178","65000000.0","65000000.0","0.0","65.0","65.0","0.0"
"2","130","11","12","41","2021","Bryan Mbeumo","Right Winger","Cameroon","Brentford FC","22","25","","","","35","7","1","2905","4","171","16000000.0","22000000.0","6000000.0","16.0","22.0","6.0"
"2","582","8","15","112","2021","Luis Diaz","Left Winger","Colombia","Liverpool FC","25","28","","","","13","3","0","958","4","180","25000000.0","65000000.0","40000000.0","25.0","65.0","40.0"
"2","193","11","74","79","2021","Daniel James","Right Winger","Wales","For 2 Clubs","24","27","","","","34","4","0","2492","4","171","18000000.0","18000000.0","0.0","18.0","18.0","0.0"
"2","788","8","10","107","2021","Raphinha","Left Winger","Brazil","Leeds United","25","28","","","","35","3","4","2916","11","176","32000000.0","45000000.0","13000000.0","32.0","45.0","13.0"
"2","270","4","53","118","2022","Erling Haaland","Centre-Forward","Norway","Manchester City","22","24","","","","35","8","7","2769","36","195","170000000.0","180000000.0","10000000.0","170.0","180.0","10.0"
"2","616","8","25","119","2022","Marcus Rashford","Left Winger","England","Manchester United","25","27","","","","35","5","0","2880","17","185","55000000.0","80000000.0","25000000.0","55.0","80.0","25.0"
"2","686","11","24","112","2022","Mohamed Salah","Right Winger","Egypt","Liverpool FC","30","32","","","","38","12","2","3290","19","175","80000000.0","65000000.0","-15000000.0","80.0","65.0","-15.0"
"2","741","4","25","22","2022","Ollie Watkins","Centre-Forward","England","Aston Villa","27","29","","","","37","6","1","3127","15","180","32000000.0","40000000.0","8000000.0","32.0","40.0","8.0"
"2","132","11","25","21","2022","Bukayo Saka","Right Winger","England","Arsenal FC","21","23","","","","38","11","2","3181","14","178","70000000.0","120000000.0","50000000.0","70.0","120.0","50.0"
"2","624","1","53","21","2022","Martin odegaard","Attacking Midfield","Norway","Arsenal FC","24","26","","","","37","7","0","3127","15","178","50000000.0","90000000.0","40000000.0","50.0","90.0","40.0"
"2","316","8","10","21","2022","Gabriel Martinelli","Left Winger","Brazil","Arsenal FC","21","23","","","","36","5","0","2789","15","178","60000000.0","80000000.0","20000000.0","60.0","80.0","20.0"
"2","26","4","60","81","2022","Aleksandar Mitrovic","Centre-Forward","Serbia","Fulham FC","28","30","","","","24","1","4","2008","14","189","25000000.0","28000000.0","3000000.0","25.0","28.0","3.0"
"2","359","4","25","188","2022","Harry Kane","Centre-Forward","England","Tottenham Hotspur","29","31","","","","38","3","5","3405","30","188","90000000.0","90000000.0","0.0","90.0","90.0","0.0"
"2","363","8","25","108","2022","Harvey Barnes","Left Winger","England","Leicester City","25","27","","","","34","1","0","2711","13","182","32000000.0","35000000.0","3000000.0","32.0","35.0","3.0"
"2","135","4","25","132","2022","Callum Wilson","Centre-Forward","England","Newcastle United","31","32","","","","31","5","3","1877","18","180","18000000.0","16000000.0","-2000000.0","18.0","16.0","-2.0"
"2","812","4","63","107","2022","Rodrigo","Centre-Forward","Spain","Leeds United","32","33","","","","31","1","1","1935","13","182","9000000.0","6000000.0","-3000000.0","9.0","6.0","-3.0"
"2","313","4","10","21","2022","Gabriel Jesus","Centre-Forward","Brazil","Arsenal FC","26","27","","","","26","6","1","2064","11","175","65000000.0","75000000.0","10000000.0","65.0","75.0","10.0"
"2","391","4","25","41","2022","Ivan Toney","Centre-Forward","England","Brentford FC","27","28","","","","33","4","6","2951","20","185","40000000.0","35000000.0","-5000000.0","40.0","35.0","-5.0"
"2","774","11","25","118","2022","Phil Foden","Right Winger","England","Manchester City","23","24","","","","32","5","0","1842","11","171","110000000.0","110000000.0","0.0","110.0","110.0","0.0"
"2","754","2","29","43","2022","Pascal Gross","Central Midfield","Germany","Brighton & Hove Albion","31","33","","","","37","8","0","3239","9","181","8000000.0","8000000.0","0.0","8.0","8.0","0.0"
"2","778","4","28","50","2022","Pierre-Emerick Aubameyang","Centre-Forward","Gabon","Chelsea FC","33","35","","","","15","0","0","555","1","187","12000000.0","4000000.0","-8000000.0","12.0","4.0","-8.0"
"2","671","11","27","57","2022","Michael Olise","Right Winger","France","Crystal Palace","21","23","","","","37","11","0","2748","2","184","22000000.0","38000000.0","16000000.0","22.0","38.0","16.0"
"2","465","3","12","112","2022","Joel Matip","Centre-Back","Cameroon","Liverpool FC","31","33","","","","14","0","0","1092","1","195","16000000.0","12000000.0","-4000000.0","16.0","12.0","-4.0"
"2","130","11","12","41","2022","Bryan Mbeumo","Right Winger","Cameroon","Brentford FC","23","25","","","","38","8","1","2904","9","171","25000000.0","35000000.0","10000000.0","25.0","35.0","10.0"
"2","418","3","25","57","2022","James Tomkins","Centre-Back","England","Crystal Palace","34","35","","","","6","0","0","338","1","192","1000000.0","800000.0","-200000.0","1.0","0.8","-0.2"
"2","575","11","10","188","2022","Lucas Moura","Right Winger","Brazil","Tottenham Hotspur","30","32","","","","15","0","0","155","1","172","15000000.0","6000000.0","-9000000.0","15.0","6.0","-9.0"
"2","646","12","38","188","2022","Matt Doherty","Right-Back","Ireland","Tottenham Hotspur","31","33","","","","12","0","0","668","1","185","12000000.0","5000000.0","-7000000.0","12.0","5.0","-7.0"
"2","603","8","39","81","2022","Manor Solomon","Left Winger","Israel","Fulham FC","23","25","","","","19","0","0","573","4","170","18000000.0","18000000.0","0.0","18.0","18.0","0.0"
"2","31","4","64","132","2022","Alexander Isak","Centre-Forward","Sweden","Newcastle United","23","25","","","","22","1","2","1521","10","192","50000000.0","70000000.0","20000000.0","50.0","70.0","20.0"
"2","629","1","25","50","2022","Mason Mount","Attacking Midfield","England","Chelsea FC","24","26","","","","24","2","0","1647","3","181","75000000.0","60000000.0","-15000000.0","75.0","60.0","-15.0"
"2","452","13","56","50","2022","Joao Felix","Second Striker","Portugal","Chelsea FC","23","25","","","","16","0","0","941","4","181","50000000.0","50000000.0","0.0","50.0","50.0","0.0"
"2","977","2","8","108","2022","Youri Tielemans","Central Midfield","Belgium","Leicester City","26","27","","","","31","2","1","2344","3","177","45000000.0","25000000.0","-20000000.0","45.0","25.0","-20.0"
"2","840","8","2","199","2022","Said Benrahma","Left Winger","Algeria","West Ham United","27","29","","","","35","3","4","2069","6","172","22000000.0","25000000.0","3000000.0","22.0","25.0","3.0"
"2","198","4","25","43","2022","Danny Welbeck","Centre-Forward","England","Brighton & Hove Albion","32","34","","","","31","4","0","1853","6","185","6000000.0","7000000.0","1000000.0","6.0","7.0","1.0"
"2","574","9","27","22","2022","Lucas Digne","Left-Back","France","Aston Villa","29","31","","","","28","0","0","1503","1","178","22000000.0","15000000.0","-7000000.0","22.0","15.0","-7.0"
"2","541","12","25","132","2022","Kieran Trippier","Right-Back","England","Newcastle United","32","34","","","","38","7","0","3341","1","173","13000000.0","11000000.0","-2000000.0","13.0","11.0","-2.0"
"2","533","12","48","81","2022","Kenny Tete","Right-Back","Netherlands","Fulham FC","27","29","","","","31","5","0","2569","1","180","7000000.0","15000000.0","8000000.0","7.0","15.0","8.0"
"2","772","9","23","43","2022","Pervis Estupinan","Left-Back","Ecuador","Brighton & Hove Albion","25","27","","","","35","6","0","2677","1","175","20000000.0","32000000.0","12000000.0","20.0","32.0","12.0"
"2","975","3","15","66","2022","Yerry Mina","Centre-Back","Colombia","Everton FC","28","30","","","","7","0","0","594","2","195","18000000.0","10000000.0","-8000000.0","18.0","10.0","-8.0"
"2","842","1","25","107","2022","Sam Greenwood","Attacking Midfield","England","Leeds United","21","23","","","","18","2","0","423","1","180","3000000.0","5000000.0","2000000.0","3.0","5.0","2.0"
"2","110","11","11","22","2022","Bertrand Traore","Right Winger","Burkina Faso","Aston Villa","27","29","","","","8","0","0","233","2","181","14000000.0","12000000.0","-2000000.0","14.0","12.0","-2.0"
"2","284","1","56","112","2022","Fabio Carvalho","Attacking Midfield","Portugal","Liverpool FC","20","22","","","","13","0","0","347","2","170","15000000.0","16000000.0","1000000.0","15.0","16.0","1.0"
"2","645","9","72","3","2022","Matias Vina","Left-Back","Uruguay","AFC Bournemouth","25","27","","","","12","0","0","458","2","175","6000000.0","8000000.0","2000000.0","6.0","8.0","2.0"
"2","714","3","47","199","2022","Nayef Aguerd","Centre-Back","Morocco","West Ham United","27","28","","","","18","0","0","1595","2","190","25000000.0","35000000.0","10000000.0","25.0","35.0","10.0"
"2","835","9","25","188","2022","Ryan Sessegnon","Left-Back","England","Tottenham Hotspur","22","24","","","","17","0","0","813","2","178","22000000.0","18000000.0","-4000000.0","22.0","18.0","-4.0"
"2","161","2","21","119","2022","Christian Eriksen","Central Midfield","Denmark","Manchester United","31","32","","","","28","8","0","2048","1","182","22000000.0","22000000.0","0.0","22.0","22.0","0.0"
"2","460","2","50","174","2022","Joe Aribo","Central Midfield","Nigeria","Southampton FC","26","28","","","","21","0","0","1225","2","183","15000000.0","11000000.0","-4000000.0","15.0","11.0","-4.0"
"2","390","8","17","188","2022","Ivan Perisic","Left Winger","Croatia","Tottenham Hotspur","34","35","","","","34","8","0","2108","1","186","10000000.0","7000000.0","-3000000.0","10.0","7.0","-3.0"
"2","636","4","10","202","2022","Matheus Cunha","Centre-Forward","Brazil","Wolverhampton Wanderers","24","25","","","","17","0","0","965","2","183","20000000.0","25000000.0","5000000.0","20.0","25.0","5.0"
"2","549","3","27","199","2022","Kurt Zouma","Centre-Back","France","West Ham United","28","30","","","","25","0","0","1989","2","190","32000000.0","22000000.0","-10000000.0","32.0","22.0","-10.0"
"2","614","3","4","3","2022","Marcos Senesi","Centre-Back","Argentina","AFC Bournemouth","26","27","","","","31","0","0","2491","2","185","17000000.0","22000000.0","5000000.0","17.0","22.0","5.0"
"2","920","2","58","81","2022","Tom Cairney","Central Midfield","Scotland","Fulham FC","32","34","","","","33","0","0","988","2","185","3000000.0","2000000.0","-1000000.0","3.0","2.0","-1.0"
"2","451","12","56","118","2022","Joao Cancelo","Right-Back","Portugal","Manchester City","28","30","","","","17","1","0","1275","2","182","70000000.0","50000000.0","-20000000.0","70.0","50.0","-20.0"
"2","233","4","25","66","2022","Dominic Calvert-Lewin","Centre-Forward","England","Everton FC","26","27","","","","17","1","1","1167","2","189","30000000.0","25000000.0","-5000000.0","30.0","25.0","-5.0"
"2","434","4","27","57","2022","Jean-Philippe Mateta","Centre-Forward","France","Crystal Palace","25","27","","","","29","0","0","770","2","192","9000000.0","7000000.0","-2000000.0","9.0","7.0","-2.0"
"2","256","12","10","188","2022","Emerson Royal","Right-Back","Brazil","Tottenham Hotspur","24","26","","","","26","1","0","1735","2","183","30000000.0","20000000.0","-10000000.0","30.0","20.0","-10.0"
"2","516","3","59","50","2022","Kalidou Koulibaly","Centre-Back","Senegal","Chelsea FC","31","33","","","","23","1","0","1801","2","186","35000000.0","15000000.0","-20000000.0","35.0","15.0","-20.0"
"2","964","3","27","21","2022","William Saliba","Centre-Back","France","Arsenal FC","21","23","","","","27","1","0","2415","2","192","40000000.0","65000000.0","25000000.0","40.0","65.0","25.0"
"2","193","11","74","79","2022","Daniel James","Right Winger","Wales","For 2 Clubs","25","27","","","","24","1","0","817","2","171","16000000.0","12000000.0","-4000000.0","16.0","12.0","-4.0"
"2","428","11","25","199","2022","Jarrod Bowen","Right Winger","England","West Ham United","26","28","","","","38","6","1","3233","6","176","42000000.0","38000000.0","-4000000.0","42.0","38.0","-4.0"
"2","238","2","10","22","2022","Douglas Luiz","Central Midfield","Brazil","Aston Villa","25","26","","","","37","6","0","2927","6","177","35000000.0","40000000.0","5000000.0","35.0","40.0","5.0"
"2","13","1","25","43","2022","Adam Lallana","Attacking Midfield","England","Brighton & Hove Albion","34","36","","","","16","1","0","721","2","172","1500000.0","1200000.0","-300000.0","1.5","1.2","-0.3"
"2","515","4","29","50","2022","Kai Havertz","Centre-Forward","Germany","Chelsea FC","23","25","","","","35","1","1","2569","7","193","70000000.0","55000000.0","-15000000.0","70.0","55.0","-15.0"
"2","234","4","25","3","2022","Dominic Solanke","Centre-Forward","England","AFC Bournemouth","25","27","","","","33","7","0","2860","6","186","18000000.0","20000000.0","2000000.0","18.0","20.0","2.0"
"2","962","8","16","57","2022","Wilfried Zaha","Left Winger","Cote dIvoire","Crystal Palace","30","32","","","","27","2","0","2288","7","180","32000000.0","22000000.0","-10000000.0","32.0","22.0","-10.0"
"2","775","2","21","3","2022","Philip Billing","Central Midfield","Denmark","AFC Bournemouth","26","28","","","","36","1","0","2765","7","193","18000000.0","20000000.0","2000000.0","18.0","20.0","2.0"
"2","518","8","30","174","2022","Kamaldeen Sulemana","Left Winger","Ghana","Southampton FC","21","22","","","","18","1","0","966","2","175","18000000.0","22000000.0","4000000.0","18.0","22.0","4.0"
"2","170","8","48","112","2022","Cody Gakpo","Left Winger","Netherlands","Liverpool FC","24","25","","","","21","3","0","1458","7","193","35000000.0","55000000.0","20000000.0","35.0","55.0","20.0"
"2","242","1","25","66","2022","Dwight McNeil","Attacking Midfield","England","Everton FC","23","25","","","","36","3","0","2497","7","183","18000000.0","20000000.0","2000000.0","18.0","20.0","2.0"
"2","976","4","20","41","2022","Yoane Wissa","Centre-Forward","DR Congo","Brentford FC","26","28","","","","38","3","0","1607","7","176","15000000.0","18000000.0","3000000.0","15.0","18.0","3.0"
"2","519","8","42","43","2022","Kaoru Mitoma","Left Winger","Japan","Brighton & Hove Albion","26","27","","","","33","6","0","2317","7","178","3000000.0","32000000.0","29000000.0","3.0","32.0","29.0"
"2","347","5","65","21","2022","Granit Xhaka","Defensive Midfield","Switzerland","Arsenal FC","30","32","","","","37","7","0","2993","7","186","25000000.0","20000000.0","-5000000.0","25.0","20.0","-5.0"
"2","229","4","56","112","2022","Diogo Jota","Centre-Forward","Portugal","Liverpool FC","26","28","","","","22","4","0","1132","7","178","55000000.0","50000000.0","-5000000.0","55.0","50.0","-5.0"
"2","197","4","25","79","2022","Danny Ings","Centre-Forward","England","For 2 Clubs","30","32","","","","35","2","2","1598","8","177","16000000.0","12000000.0","-4000000.0","16.0","12.0","-4.0"
"2","536","1","8","118","2022","Kevin De Bruyne","Attacking Midfield","Belgium","Manchester City","31","33","","","","32","16","0","2417","7","181","80000000.0","70000000.0","-10000000.0","80.0","70.0","-10.0"
"2","403","7","25","22","2022","Jacob Ramsey","Left Midfield","England","Aston Villa","22","23","","","","35","7","0","2637","6","180","28000000.0","42000000.0","14000000.0","28.0","42.0","14.0"
"2","123","11","74","136","2022","Brennan Johnson","Right Winger","Wales","Nottingham Forest","22","23","","","","38","3","1","2934","8","186","20000000.0","38000000.0","18000000.0","20.0","38.0","18.0"
"2","882","11","25","43","2022","Solly March","Right Winger","England","Brighton & Hove Albion","28","30","","","","33","7","0","2716","7","180","12000000.0","22000000.0","10000000.0","12.0","22.0","10.0"
"2","126","1","56","119","2022","Bruno Fernandes","Attacking Midfield","Portugal","Manchester United","28","30","","","","37","8","2","3316","8","179","75000000.0","75000000.0","0.0","75.0","75.0","0.0"
"2","685","8","53","174","2022","Mohamed Elyounoussi","Left Winger","Norway","Southampton FC","28","30","","","","33","1","0","2168","1","178","12000000.0","9000000.0","-3000000.0","12.0","9.0","-3.0"
"2","690","5","23","43","2022","Moises Caicedo","Defensive Midfield","Ecuador","Brighton & Hove Albion","21","23","","","","37","1","0","3139","1","178","25000000.0","75000000.0","50000000.0","25.0","75.0","50.0"
"2","556","8","8","79","2022","Leandro Trossard","Left Winger","Belgium","For 2 Clubs","28","30","","","","36","12","0","2247","8","172","25000000.0","35000000.0","10000000.0","25.0","35.0","10.0"
"2","202","4","72","112","2022","Darwin Nunez","Centre-Forward","Uruguay","Liverpool FC","23","25","","","","29","3","0","1695","9","187","70000000.0","65000000.0","-5000000.0","70.0","65.0","-5.0"
"2","990","2","29","118","2022","ilkay Gundogan","Central Midfield","Germany","Manchester City","32","34","","","","31","4","0","2353","8","180","25000000.0","20000000.0","-5000000.0","25.0","20.0","-5.0"
"2","417","3","25","66","2022","James Tarkowski","Centre-Back","England","Everton FC","30","32","","","","38","1","0","3420","1","185","22000000.0","18000000.0","-4000000.0","22.0","18.0","-4.0"
"2","503","4","4","118","2022","Julian Alvarez","Centre-Forward","Argentina","Manchester City","23","24","","","","31","0","1","1465","9","170","28000000.0","60000000.0","32000000.0","28.0","60.0","32.0"
"2","669","3","25","66","2022","Michael Keane","Centre-Back","England","Everton FC","30","32","","","","12","2","0","985","1","188","16000000.0","10000000.0","-6000000.0","16.0","10.0","-6.0"
"2","419","2","25","174","2022","James Ward-Prowse","Central Midfield","England","Southampton FC","28","30","","","","38","4","2","3371","9","177","35000000.0","38000000.0","3000000.0","35.0","38.0","3.0"
"2","219","4","29","43","2022","Deniz Undav","Centre-Forward","Germany","Brighton & Hove Albion","26","28","","","","22","0","0","628","5","179","6000000.0","10000000.0","4000000.0","6.0","10.0","4.0"
"2","437","5","15","3","2022","Jefferson Lerma","Defensive Midfield","Colombia","AFC Bournemouth","28","30","","","","37","0","0","3252","5","179","15000000.0","20000000.0","5000000.0","15.0","20.0","5.0"
"2","639","2","56","202","2022","Matheus Nunes","Central Midfield","Portugal","Wolverhampton Wanderers","24","26","","","","34","1","0","2467","1","183","45000000.0","45000000.0","0.0","45.0","45.0","0.0"
"2","286","1","56","21","2022","Fabio Vieira","Attacking Midfield","Portugal","Arsenal FC","22","24","","","","22","2","0","514","1","170","30000000.0","25000000.0","-5000000.0","30.0","25.0","-5.0"
"2","813","5","72","188","2022","Rodrigo Bentancur","Defensive Midfield","Uruguay","Tottenham Hotspur","25","27","","","","18","2","0","1500","5","187","35000000.0","40000000.0","5000000.0","35.0","40.0","5.0"
"2","8","2","45","66","2022","Abdoulaye Doucoure","Central Midfield","Mali","Everton FC","30","32","","","","25","2","0","1534","5","183","18000000.0","12000000.0","-6000000.0","18.0","12.0","-6.0"
"2","585","8","15","107","2022","Luis Sinisterra","Left Winger","Colombia","Leeds United","23","25","","","","19","0","0","869","5","172","22000000.0","22000000.0","0.0","22.0","22.0","0.0"
"2","633","2","17","50","2022","Mateo Kovacic","Central Midfield","Croatia","Chelsea FC","29","30","","","","27","2","0","1707","1","177","40000000.0","38000000.0","-2000000.0","40.0","38.0","-2.0"
"2","863","4","27","174","2022","Sekou Mara","Centre-Forward","France","Southampton FC","20","22","","","","22","2","0","555","1","184","12000000.0","10000000.0","-2000000.0","12.0","10.0","-2.0"
"2","735","9","70","21","2022","Oleksandr Zinchenko","Left-Back","Ukraine","Arsenal FC","26","28","","","","27","2","0","2119","1","175","32000000.0","42000000.0","10000000.0","32.0","42.0","10.0"
"2","259","1","4","22","2022","Emiliano Buendia","Attacking Midfield","Argentina","Aston Villa","26","28","","","","38","2","0","2412","5","172","28000000.0","28000000.0","0.0","28.0","28.0","0.0"
"2","970","3","8","108","2022","Wout Faes","Centre-Back","Belgium","Leicester City","25","26","","","","31","2","0","2787","1","187","15000000.0","20000000.0","5000000.0","15.0","20.0","5.0"
"2","151","4","58","174","2022","Che Adams","Centre-Forward","Scotland","Southampton FC","26","28","","","","28","3","0","1992","5","179","22000000.0","20000000.0","-2000000.0","22.0","20.0","-2.0"
"2","733","4","27","57","2022","Odsonne Edouard","Centre-Forward","France","Crystal Palace","25","27","","","","35","2","0","1803","5","187","15000000.0","15000000.0","0.0","15.0","15.0","0.0"
"2","364","2","25","112","2022","Harvey Elliott","Central Midfield","England","Liverpool FC","20","21","","","","32","2","0","1612","1","170","35000000.0","35000000.0","0.0","35.0","35.0","0.0"
"2","44","5","8","66","2022","Amadou Onana","Defensive Midfield","Belgium","Everton FC","21","23","","","","33","2","0","2487","1","195","30000000.0","45000000.0","15000000.0","30.0","45.0","15.0"
"2","141","4","10","81","2022","Carlos Vinicius","Centre-Forward","Brazil","Fulham FC","28","29","","","","28","2","0","1109","5","190","6000000.0","6000000.0","0.0","6.0","6.0","0.0"
"2","591","9","25","119","2022","Luke Shaw","Left-Back","England","Manchester United","27","29","","","","31","2","0","2552","1","178","30000000.0","42000000.0","12000000.0","30.0","42.0","12.0"
"2","610","5","63","107","2022","Marc Roca","Defensive Midfield","Spain","Leeds United","26","28","","","","32","2","0","2316","1","184","12000000.0","10000000.0","-2000000.0","12.0","10.0","-2.0"
"2","673","4","41","199","2022","Michail Antonio","Centre-Forward","Jamaica","West Ham United","33","34","","","","33","3","0","1830","5","180","9000000.0","7000000.0","-2000000.0","9.0","7.0","-2.0"
"2","617","7","25","3","2022","Marcus Tavernier","Left Midfield","England","AFC Bournemouth","24","25","","","","23","4","0","1743","5","178","10000000.0","17000000.0","7000000.0","10.0","17.0","7.0"
"2","395","8","25","118","2022","Jack Grealish","Left Winger","England","Manchester City","27","29","","","","28","7","0","2055","5","180","70000000.0","75000000.0","5000000.0","70.0","75.0","5.0"
"2","965","8","10","81","2022","Willian","Left Winger","Brazil","Fulham FC","34","36","","","","27","5","0","2126","5","175","4000000.0","3000000.0","-1000000.0","4.0","3.0","-1.0"
"2","642","2","21","41","2022","Mathias Jensen","Central Midfield","Denmark","Brentford FC","27","29","","","","37","6","0","2804","5","180","12000000.0","22000000.0","10000000.0","12.0","22.0","10.0"
"2","474","2","58","22","2022","John McGinn","Central Midfield","Scotland","Aston Villa","28","30","","","","34","3","0","2694","1","178","30000000.0","27000000.0","-3000000.0","30.0","27.0","-3.0"
"2","530","4","50","108","2022","Kelechi Iheanacho","Centre-Forward","Nigeria","Leicester City","26","28","","","","28","5","1","1127","5","185","17000000.0","18000000.0","1000000.0","17.0","18.0","1.0"
"2","228","12","56","119","2022","Diogo Dalot","Right-Back","Portugal","Manchester United","24","25","","","","26","2","0","2154","1","183","28000000.0","40000000.0","12000000.0","28.0","40.0","12.0"
"2","191","8","11","3","2022","Dango Ouattara","Left Winger","Burkina Faso","AFC Bournemouth","21","22","","","","19","3","0","1241","1","177","7000000.0","25000000.0","18000000.0","7.0","25.0","18.0"
"2","935","3","25","22","2022","Tyrone Mings","Centre-Back","England","Aston Villa","30","31","","","","35","2","0","3150","1","196","25000000.0","22000000.0","-3000000.0","25.0","22.0","-3.0"
"2","803","11","2","118","2022","Riyad Mahrez","Right Winger","Algeria","Manchester City","32","33","","","","30","10","1","1921","5","179","30000000.0","20000000.0","-10000000.0","30.0","20.0","-10.0"
"2","122","1","71","107","2022","Brenden Aaronson","Attacking Midfield","United States","Leeds United","22","24","","","","36","3","0","2371","1","177","30000000.0","25000000.0","-5000000.0","30.0","25.0","-5.0"
"2","691","1","25","79","2022","Morgan Gibbs-White","Attacking Midfield","England","For 2 Clubs","23","25","","","","37","8","2","3152","5","171","25000000.0","40000000.0","15000000.0","25.0","40.0","15.0"
"2","282","3","65","132","2022","Fabian Schar","Centre-Back","Switzerland","Newcastle United","31","33","","","","36","3","0","3206","1","186","9000000.0","10000000.0","1000000.0","9.0","10.0","1.0"
"2","195","11","56","202","2022","Daniel Podence","Right Winger","Portugal","Wolverhampton Wanderers","27","29","","","","32","0","0","1771","6","170","20000000.0","20000000.0","0.0","20.0","20.0","0.0"
"2","275","4","38","43","2022","Evan Ferguson","Centre-Forward","Ireland","Brighton & Hove Albion","18","20","","","","19","2","0","949","6","188","1000000.0","30000000.0","29000000.0","1.0","30.0","29.0"
"2","396","11","25","107","2022","Jack Harrison","Right Winger","England","Leeds United","26","28","","","","36","7","0","2708","5","175","28000000.0","22000000.0","-6000000.0","28.0","22.0","-6.0"
"2","163","5","21","41","2022","Christian Norgaard","Defensive Midfield","Denmark","Brentford FC","29","30","","","","22","4","0","1763","1","187","14000000.0","16000000.0","2000000.0","14.0","16.0","2.0"
"2","799","4","10","188","2022","Richarlison","Centre-Forward","Brazil","Tottenham Hotspur","26","27","","","","27","4","0","1010","1","184","50000000.0","48000000.0","-2000000.0","50.0","48.0","-2.0"
"2","861","2","25","132","2022","Sean Longstaff","Central Midfield","England","Newcastle United","25","27","","","","33","4","0","2518","1","187","15000000.0","25000000.0","10000000.0","15.0","25.0","10.0"
"2","70","4","27","119","2022","Anthony Martial","Centre-Forward","France","Manchester United","27","29","","","","21","2","1","979","6","181","15000000.0","15000000.0","0.0","15.0","15.0","0.0"
"2","828","5","56","202","2022","Ruben Neves","Defensive Midfield","Portugal","Wolverhampton Wanderers","26","27","","","","35","1","3","3020","6","180","40000000.0","40000000.0","0.0","40.0","40.0","0.0"
"2","468","2","10","132","2022","Joelinton","Central Midfield","Brazil","Newcastle United","26","28","","","","32","2","0","2661","6","186","28000000.0","42000000.0","14000000.0","28.0","42.0","14.0"
"2","405","8","25","119","2022","Jadon Sancho","Left Winger","England","Manchester United","23","24","","","","26","3","0","1687","6","180","60000000.0","45000000.0","-15000000.0","60.0","45.0","-15.0"
"2","159","4","49","79","2022","Chris Wood","Centre-Forward","New Zealand","For 2 Clubs","31","33","","","","25","0","1","819","3","191","10000000.0","8000000.0","-2000000.0","10.0","8.0","-2.0"
"2","41","8","27","132","2022","Allan Saint-Maximin","Left Winger","France","Newcastle United","26","27","","","","25","5","0","1119","1","173","40000000.0","32000000.0","-8000000.0","40.0","32.0","-8.0"
"2","314","3","10","21","2022","Gabriel Magalhaes","Centre-Back","Brazil","Arsenal FC","25","27","","","","38","0","0","3409","3","190","40000000.0","55000000.0","15000000.0","40.0","55.0","15.0"
"2","912","5","30","21","2022","Thomas Partey","Defensive Midfield","Ghana","Arsenal FC","29","31","","","","33","0","0","2483","3","185","38000000.0","35000000.0","-3000000.0","38.0","35.0","-3.0"
"2","785","11","25","50","2022","Raheem Sterling","Right Winger","England","Chelsea FC","28","30","","","","28","3","0","1890","6","170","70000000.0","55000000.0","-15000000.0","70.0","55.0","-15.0"
"2","337","4","40","199","2022","Gianluca Scamacca","Centre-Forward","Italy","West Ham United","24","26","","","","16","0","0","926","3","195","30000000.0","22000000.0","-8000000.0","30.0","22.0","-8.0"
"2","274","3","41","41","2022","Ethan Pinnock","Centre-Back","Jamaica","Brentford FC","29","31","","","","30","0","0","2700","3","194","12000000.0","14000000.0","2000000.0","12.0","14.0","2.0"
"2","455","5","56","81","2022","Joao Palhinha","Defensive Midfield","Portugal","Fulham FC","27","29","","","","35","0","0","3108","3","190","28000000.0","40000000.0","12000000.0","28.0","40.0","12.0"
"2","185","2","25","112","2022","Curtis Jones","Central Midfield","England","Liverpool FC","22","24","","","","18","1","0","1035","3","185","25000000.0","25000000.0","0.0","25.0","25.0","0.0"
"2","406","8","25","3","2022","Jaidon Anthony","Left Winger","England","AFC Bournemouth","23","25","","","","30","1","0","1258","3","183","5000000.0","9000000.0","4000000.0","5.0","9.0","4.0"
"2","367","4","43","202","2022","Hee-chan Hwang","Centre-Forward","Korea, South","Wolverhampton Wanderers","27","29","","","","27","1","0","1130","3","177","12000000.0","12000000.0","0.0","12.0","12.0","0.0"
"2","790","12","21","107","2022","Rasmus Kristensen","Right-Back","Denmark","Leeds United","25","27","","","","26","1","0","1960","3","187","15000000.0","13000000.0","-2000000.0","15.0","13.0","-2.0"
"2","948","3","48","112","2022","Virgil van Dijk","Centre-Back","Netherlands","Liverpool FC","31","33","","","","32","1","0","2835","3","195","50000000.0","35000000.0","-15000000.0","50.0","35.0","-15.0"
"2","23","8","4","119","2022","Alejandro Garnacho","Left Winger","Argentina","Manchester United","18","20","","","","19","2","0","568","3","180","2000000.0","25000000.0","23000000.0","2.0","25.0","23.0"
"2","750","1","63","199","2022","Pablo Fornals","Attacking Midfield","Spain","West Ham United","27","28","","","","32","1","0","1502","3","178","25000000.0","22000000.0","-3000000.0","25.0","22.0","-3.0"
"2","196","5","10","136","2022","Danilo","Defensive Midfield","Brazil","Nottingham Forest","22","23","","","","13","2","0","976","3","177","25000000.0","28000000.0","3000000.0","25.0","28.0","3.0"
"2","950","5","29","41","2022","Vitaly Janelt","Defensive Midfield","Germany","Brentford FC","25","26","","","","35","1","0","2210","3","184","16000000.0","20000000.0","4000000.0","16.0","20.0","4.0"
"2","176","2","25","50","2022","Conor Gallagher","Central Midfield","England","Chelsea FC","23","24","","","","35","1","0","1623","3","182","30000000.0","32000000.0","2000000.0","30.0","32.0","2.0"
"2","438","7","30","57","2022","Jeffrey Schlupp","Left Midfield","Ghana","Crystal Palace","30","32","","","","34","1","0","2532","3","178","8000000.0","7000000.0","-1000000.0","8.0","7.0","-1.0"
"2","69","8","25","79","2022","Anthony Gordon","Left Winger","England","For 2 Clubs","22","23","","","","32","0","0","1583","4","183","40000000.0","38000000.0","-2000000.0","40.0","38.0","-2.0"
"2","794","11","25","21","2022","Reiss Nelson","Right Winger","England","Arsenal FC","23","25","","","","11","2","0","212","3","175","7000000.0","12000000.0","5000000.0","7.0","12.0","5.0"
"2","101","3","25","41","2022","Ben Mee","Centre-Back","England","Brentford FC","33","35","","","","37","2","0","3269","3","180","1800000.0","2000000.0","200000.0","1.8","2.0","0.2"
"2","538","4","74","3","2022","Kieffer Moore","Centre-Forward","Wales","AFC Bournemouth","30","32","","","","27","0","0","1278","4","196","4000000.0","4000000.0","0.0","4.0","4.0","0.0"
"2","770","12","63","188","2022","Pedro Porro","Right-Back","Spain","Tottenham Hotspur","23","25","","","","15","3","0","1131","3","173","25000000.0","40000000.0","15000000.0","25.0","40.0","15.0"
"2","358","2","25","81","2022","Harrison Reed","Central Midfield","England","Fulham FC","28","30","","","","37","4","0","2866","3","181","15000000.0","18000000.0","3000000.0","15.0","18.0","3.0"
"2","422","4","25","108","2022","Jamie Vardy","Centre-Forward","England","Leicester City","36","38","","","","37","4","0","1858","3","179","4000000.0","2500000.0","-1500000.0","4.0","2.5","-1.5"
"2","463","2","25","132","2022","Joe Willock","Central Midfield","England","Newcastle United","23","25","","","","35","6","0","2558","3","186","25000000.0","38000000.0","13000000.0","25.0","38.0","13.0"
"2","245","4","25","21","2022","Eddie Nketiah","Centre-Forward","England","Arsenal FC","23","25","","","","30","1","0","1089","4","175","18000000.0","25000000.0","7000000.0","18.0","25.0","7.0"
"2","115","11","41","81","2022","Bobby De Cordova-Reid","Right Winger","Jamaica","Fulham FC","30","31","","","","36","1","0","2476","4","170","7000000.0","7000000.0","0.0","7.0","7.0","0.0"
"2","217","8","41","66","2022","Demarai Gray","Left Winger","Jamaica","Everton FC","26","28","","","","33","1","2","2506","4","183","20000000.0","20000000.0","0.0","20.0","20.0","0.0"
"2","582","8","15","112","2022","Luis Diaz","Left Winger","Colombia","Liverpool FC","26","28","","","","17","2","0","996","4","180","75000000.0","75000000.0","0.0","75.0","75.0","0.0"
"2","139","2","4","174","2022","Carlos Alcaraz","Central Midfield","Argentina","Southampton FC","20","22","","","","18","2","0","1029","4","183","8500000.0","15000000.0","6500000.0","8.5","15.0","6.5"
"2","182","8","48","107","2022","Crysencio Summerville","Left Winger","Netherlands","Leeds United","21","23","","","","28","2","0","1426","4","174","3000000.0","15000000.0","12000000.0","3.0","15.0","12.0"
"2","491","2","25","41","2022","Josh Dasilva","Central Midfield","England","Brentford FC","24","26","","","","36","2","0","1389","4","184","9000000.0","16000000.0","7000000.0","9.0","16.0","7.0"
"2","213","2","25","199","2022","Declan Rice","Central Midfield","England","West Ham United","24","26","","","","37","2","0","3273","4","188","80000000.0","90000000.0","10000000.0","80.0","90.0","10.0"
"2","144","5","10","119","2022","Casemiro","Defensive Midfield","Brazil","Manchester United","31","32","","","","28","3","0","2127","4","185","50000000.0","40000000.0","-10000000.0","50.0","40.0","-10.0"
"2","756","4","25","107","2022","Patrick Bamford","Centre-Forward","England","Leeds United","29","31","","","","28","2","0","1515","4","185","14000000.0","9000000.0","-5000000.0","14.0","9.0","-5.0"
"2","505","1","54","43","2022","Julio Enciso","Attacking Midfield","Paraguay","Brighton & Hove Albion","19","21","","","","20","2","0","806","4","173","11000000.0","22000000.0","11000000.0","11.0","22.0","11.0"
"2","484","4","30","57","2022","Jordan Ayew","Centre-Forward","Ghana","Crystal Palace","31","33","","","","38","3","0","2715","4","182","6000000.0","5000000.0","-1000000.0","6.0","5.0","-1.0"
"2","402","11","25","132","2022","Jacob Murphy","Right Winger","England","Newcastle United","28","29","","","","36","2","0","1252","4","179","7000000.0","15000000.0","8000000.0","7.0","15.0","8.0"
"2","75","11","10","119","2022","Antony","Right Winger","Brazil","Manchester United","23","24","","","","25","2","0","1802","4","172","75000000.0","60000000.0","-15000000.0","75.0","60.0","-15.0"
"2","577","1","10","199","2022","Lucas Paqueta","Attacking Midfield","Brazil","West Ham United","25","27","","","","28","3","1","2153","4","180","45000000.0","45000000.0","0.0","45.0","45.0","0.0"
"2","761","4","75","108","2022","Patson Daka","Centre-Forward","Zambia","Leicester City","24","26","","","","30","4","0","1186","4","183","20000000.0","18000000.0","-2000000.0","20.0","18.0","-2.0"
"2","779","5","21","188","2022","Pierre-Emile Hojbjerg","Defensive Midfield","Denmark","Tottenham Hotspur","27","29","","","","35","5","0","3131","4","185","42000000.0","45000000.0","3000000.0","42.0","45.0","3.0"
"2","589","12","25","107","2022","Luke Ayling","Right-Back","England","Leeds United","31","33","","","","29","1","0","2054","2","183","3000000.0","1800000.0","-1200000.0","3.0","1.8","-1.2"
"2","557","11","41","22","2022","Leon Bailey","Right Winger","Jamaica","Aston Villa","25","27","","","","33","4","0","1968","4","178","25000000.0","28000000.0","3000000.0","25.0","28.0","3.0"
"2","127","5","10","132","2022","Bruno Guimaraes","Defensive Midfield","Brazil","Newcastle United","25","27","","","","32","5","0","2726","4","182","50000000.0","70000000.0","20000000.0","50.0","70.0","20.0"
"2","54","1","10","81","2022","Andreas Pereira","Attacking Midfield","Brazil","Fulham FC","27","29","","","","33","6","1","2692","4","178","7000000.0","18000000.0","11000000.0","7.0","18.0","11.0"
"2","755","3","48","107","2022","Pascal Struijk","Centre-Back","Netherlands","Leeds United","23","25","","","","29","1","0","2199","2","190","18000000.0","18000000.0","0.0","18.0","18.0","0.0"
"2","109","1","56","118","2022","Bernardo Silva","Attacking Midfield","Portugal","Manchester City","28","30","","","","34","5","0","2204","4","173","80000000.0","80000000.0","0.0","80.0","80.0","0.0"
"2","487","5","40","79","2022","Jorginho","Defensive Midfield","Italy","For 2 Clubs","31","33","","","","32","1","2","2133","2","178","35000000.0","25000000.0","-10000000.0","35.0","25.0","-10.0"
"2","268","3","25","188","2022","Eric Dier","Centre-Back","England","Tottenham Hotspur","29","31","","","","33","1","0","2817","2","191","30000000.0","18000000.0","-12000000.0","30.0","18.0","-12.0"
"2","16","11","63","202","2022","Adama Traore","Right Winger","Spain","Wolverhampton Wanderers","27","29","","","","34","1","0","1494","2","178","15000000.0","10000000.0","-5000000.0","15.0","10.0","-5.0"
"2","10","4","25","174","2022","Adam Armstrong","Centre-Forward","England","Southampton FC","26","27","","","","30","1","0","1336","2","173","15000000.0","10000000.0","-5000000.0","15.0","10.0","-5.0"
"2","261","4","50","136","2022","Emmanuel Dennis","Centre-Forward","Nigeria","Nottingham Forest","25","27","","","","19","2","0","722","2","175","12000000.0","8000000.0","-4000000.0","12.0","8.0","-4.0"
"2","97","9","25","50","2022","Ben Chilwell","Left-Back","England","Chelsea FC","26","28","","","","23","2","0","1410","2","180","38000000.0","35000000.0","-3000000.0","38.0","35.0","-3.0"
"2","819","9","27","174","2022","Romain Perraud","Left-Back","France","Southampton FC","25","27","","","","29","2","0","1835","2","173","10000000.0","12000000.0","2000000.0","10.0","12.0","2.0"
"2","475","3","25","118","2022","John Stones","Centre-Back","England","Manchester City","29","30","","","","23","2","0","1846","2","188","30000000.0","40000000.0","10000000.0","30.0","40.0","10.0"
"2","889","2","58","174","2022","Stuart Armstrong","Central Midfield","Scotland","Southampton FC","31","32","","","","32","1","0","1407","2","183","6000000.0","4500000.0","-1500000.0","6.0","4.5","-1.5"
"2","310","2","10","119","2022","Fred","Central Midfield","Brazil","Manchester United","30","31","","","","35","2","0","1249","2","169","20000000.0","20000000.0","0.0","20.0","20.0","0.0"
"2","542","2","25","108","2022","Kiernan Dewsbury-Hall","Central Midfield","England","Leicester City","24","26","","","","31","2","0","2308","2","176","15000000.0","25000000.0","10000000.0","15.0","25.0","10.0"
"2","906","11","25","174","2022","Theo Walcott","Right Winger","England","Southampton FC","34","35","","","","20","2","0","1129","2","175","1800000.0","1000000.0","-800000.0","1.8","1.0","-0.8"
"2","961","11","40","107","2022","Wilfried Gnonto","Right Winger","Italy","Leeds United","19","21","","","","24","4","0","1354","2","170","10000000.0","18000000.0","8000000.0","10.0","18.0","8.0"
"2","98","3","74","188","2022","Ben Davies","Centre-Back","Wales","Tottenham Hotspur","30","31","","","","31","2","0","2288","2","181","20000000.0","15000000.0","-5000000.0","20.0","15.0","-5.0"
"2","103","12","25","21","2022","Ben White","Right-Back","England","Arsenal FC","25","27","","","","38","5","0","3054","2","186","45000000.0","55000000.0","10000000.0","45.0","55.0","10.0"
"2","811","5","63","118","2022","Rodri","Defensive Midfield","Spain","Manchester City","26","28","","","","36","6","0","2911","2","191","80000000.0","90000000.0","10000000.0","80.0","90.0","10.0"
"2","362","11","74","81","2022","Harry Wilson","Right Winger","Wales","Fulham FC","26","27","","","","29","3","0","1100","2","173","17000000.0","16000000.0","-1000000.0","17.0","16.0","-1.0"
"2","925","5","19","199","2022","Tomas Soucek","Defensive Midfield","Czech Republic","West Ham United","28","29","","","","36","3","0","2815","2","192","45000000.0","35000000.0","-10000000.0","45.0","35.0","-10.0"
"2","928","12","25","112","2022","Trent Alexander-Arnold","Right-Back","England","Liverpool FC","24","26","","","","37","9","0","2923","2","175","70000000.0","65000000.0","-5000000.0","70.0","65.0","-5.0"
"2","215","1","64","188","2022","Dejan Kulusevski","Attacking Midfield","Sweden","Tottenham Hotspur","23","24","","","","30","7","0","2067","2","186","50000000.0","50000000.0","0.0","50.0","50.0","0.0"
"2","28","8","50","66","2022","Alex Iwobi","Left Winger","Nigeria","Everton FC","27","28","","","","38","7","0","3378","2","183","22000000.0","28000000.0","6000000.0","22.0","28.0","6.0"
"2","88","9","25","22","2022","Ashley Young","Left-Back","England","Aston Villa","37","39","","","","29","0","0","2036","1","175","1000000.0","600000.0","-400000.0","1.0","0.6","-0.4"
"2","822","5","8","174","2022","Romeo Lavia","Defensive Midfield","Belgium","Southampton FC","19","21","","","","29","0","0","2221","1","181","25000000.0","32000000.0","7000000.0","25.0","32.0","7.0"
"2","916","12","8","108","2022","Timothy Castagne","Right-Back","Belgium","Leicester City","27","29","","","","37","3","0","3254","2","185","28000000.0","25000000.0","-3000000.0","28.0","25.0","-3.0"
"2","716","12","74","136","2022","Neco Williams","Right-Back","Wales","Nottingham Forest","22","23","","","","31","0","0","1883","1","183","15000000.0","20000000.0","5000000.0","15.0","20.0","5.0"
"2","464","3","25","136","2022","Joe Worrall","Centre-Back","England","Nottingham Forest","26","28","","","","30","0","0","2224","1","190","10000000.0","12000000.0","2000000.0","10.0","12.0","2.0"
"2","467","12","25","57","2022","Joel Ward","Right-Back","England","Crystal Palace","33","35","","","","28","0","0","2256","1","186","2000000.0","1200000.0","-800000.0","2.0","1.2","-0.8"
"2","450","3","21","57","2022","Joachim Andersen","Centre-Back","Denmark","Crystal Palace","26","28","","","","32","0","0","2782","1","192","28000000.0","30000000.0","2000000.0","28.0","30.0","2.0"
"2","914","3","71","81","2022","Tim Ream","Centre-Back","United States","Fulham FC","35","37","","","","33","0","0","2898","1","186","800000.0","1000000.0","200000.0","0.8","1.0","0.2"
"2","552","12","25","174","2022","Kyle Walker-Peters","Right-Back","England","Southampton FC","26","27","","","","31","0","0","2650","1","173","25000000.0","25000000.0","0.0","25.0","25.0","0.0"
"2","78","4","1","50","2022","Armando Broja","Centre-Forward","Albania","Chelsea FC","21","23","","","","12","1","0","294","1","191","25000000.0","28000000.0","3000000.0","25.0","28.0","3.0"
"2","561","3","25","43","2022","Lewis Dunk","Centre-Back","England","Brighton & Hove Albion","31","33","","","","36","0","0","3239","1","192","18000000.0","16000000.0","-2000000.0","18.0","16.0","-2.0"
"2","797","12","56","108","2022","Ricardo Pereira","Right-Back","Portugal","Leicester City","29","31","","","","10","1","0","454","1","175","18000000.0","10000000.0","-8000000.0","18.0","10.0","-8.0"
"2","188","3","25","132","2022","Dan Burn","Centre-Back","England","Newcastle United","31","32","","","","38","0","0","3111","1","201","12000000.0","10000000.0","-2000000.0","12.0","10.0","-2.0"
"2","287","1","4","43","2022","Facundo Buonanotte","Attacking Midfield","Argentina","Brighton & Hove Albion","18","20","","","","13","1","0","564","1","174","6000000.0","12000000.0","6000000.0","6.0","12.0","6.0"
"2","343","8","56","202","2022","Goncalo Guedes","Left Winger","Portugal","Wolverhampton Wanderers","26","28","","","","13","1","0","707","1","179","35000000.0","23000000.0","-12000000.0","35.0","23.0","-12.0"
"2","608","3","25","57","2022","Marc Guehi","Centre-Back","England","Crystal Palace","22","24","","","","37","0","0","3329","1","182","35000000.0","35000000.0","0.0","35.0","35.0","0.0"
"2","793","12","25","50","2022","Reece James","Right-Back","England","Chelsea FC","23","25","","","","16","1","0","1244","1","180","70000000.0","65000000.0","-5000000.0","70.0","65.0","-5.0"
"2","593","3","10","174","2022","Lyanco","Centre-Back","Brazil","Southampton FC","26","27","","","","21","1","0","1180","1","187","4000000.0","3500000.0","-500000.0","4.0","3.5","-0.5"
"2","175","3","25","79","2022","Conor Coady","Centre-Back","England","For 2 Clubs","30","31","","","","24","1","0","2095","1","185","18000000.0","12000000.0","-6000000.0","18.0","12.0","-6.0"
"2","963","2","25","57","2022","Will Hughes","Central Midfield","England","Crystal Palace","28","29","","","","27","1","0","842","1","185","5000000.0","5000000.0","0.0","5.0","5.0","0.0"
"2","164","11","71","50","2022","Christian Pulisic","Right Winger","United States","Chelsea FC","24","26","","","","24","1","0","820","1","177","38000000.0","25000000.0","-13000000.0","38.0","25.0","-13.0"
"2","745","5","8","136","2022","Orel Mangala","Defensive Midfield","Belgium","Nottingham Forest","25","26","","","","27","1","0","1549","1","178","12000000.0","16000000.0","4000000.0","12.0","16.0","4.0"
"2","606","10","25","108","2022","Marc Albrighton","Right Midfield","England","Leicester City","33","35","","","","6","0","0","237","1","175","2000000.0","1000000.0","-1000000.0","2.0","1.0","-1.0"
"2","507","9","22","107","2022","Junior Firpo","Left-Back","Dominican Republic","Leeds United","26","28","","","","19","1","0","1369","1","184","12000000.0","10000000.0","-2000000.0","12.0","10.0","-2.0"
"2","81","8","48","188","2022","Arnaut Danjuma","Left Winger","Netherlands","Tottenham Hotspur","26","27","","","","9","0","0","169","1","178","35000000.0","25000000.0","-10000000.0","35.0","25.0","-10.0"
"2","605","1","4","199","2022","Manuel Lanzini","Attacking Midfield","Argentina","West Ham United","30","31","","","","10","0","0","251","1","170","10000000.0","6000000.0","-4000000.0","10.0","6.0","-4.0"
"2","181","4","56","119","2022","Cristiano Ronaldo","Centre-Forward","Portugal","Manchester United","37","39","","","","10","0","0","525","1","188","20000000.0","15000000.0","-5000000.0","20.0","15.0","-5.0"
"2","408","3","55","21","2022","Jakub Kiwior","Centre-Back","Poland","Arsenal FC","23","24","","","","7","0","0","427","1","189","6000000.0","25000000.0","19000000.0","6.0","25.0","19.0"
"2","884","5","63","112","2022","Stefan Bajcetic","Defensive Midfield","Spain","Liverpool FC","18","20","","","","11","0","0","528","1","185","1000000.0","13000000.0","12000000.0","1.0","13.0","12.0"
"2","466","12","48","43","2022","Joel Veltman","Right-Back","Netherlands","Brighton & Hove Albion","31","33","","","","31","1","0","2188","1","184","10000000.0","10000000.0","0.0","10.0","10.0","0.0"
"2","29","2","25","112","2022","Alex Oxlade-Chamberlain","Central Midfield","England","Liverpool FC","29","31","","","","9","0","0","335","1","180","13000000.0","7000000.0","-6000000.0","13.0","7.0","-6.0"
"2","989","3","68","108","2022","caglar Soyuncu","Centre-Back","Turkiye","Leicester City","26","28","","","","7","0","0","529","1","185","28000000.0","15000000.0","-13000000.0","28.0","15.0","-13.0"
"2","831","2","58","3","2022","Ryan Christie","Central Midfield","Scotland","AFC Bournemouth","28","29","","","","32","1","0","1834","1","178","9000000.0","10000000.0","1000000.0","9.0","10.0","1.0"
"2","107","3","27","50","2022","Benoit Badiashile","Centre-Back","France","Chelsea FC","22","23","","","","11","0","0","905","1","194","40000000.0","40000000.0","0.0","40.0","40.0","0.0"
"2","677","11","54","132","2022","Miguel Almiron","Right Winger","Paraguay","Newcastle United","29","30","","","","34","2","0","2490","11","174","18000000.0","32000000.0","14000000.0","18.0","32.0","14.0"
"2","72","11","30","3","2022","Antoine Semenyo","Right Winger","Ghana","AFC Bournemouth","23","25","","","","11","0","0","258","1","185","3000000.0","9000000.0","6000000.0","3.0","9.0","6.0"
"2","730","11","25","50","2022","Noni Madueke","Right Winger","England","Chelsea FC","21","22","","","","12","0","0","643","1","182","15000000.0","30000000.0","15000000.0","15.0","30.0","15.0"
"2","780","3","64","41","2022","Pontus Jansson","Centre-Back","Sweden","Brentford FC","32","33","","","","12","0","0","723","1","196","5000000.0","2500000.0","-2500000.0","5.0","2.5","-2.5"
"2","453","2","10","202","2022","Joao Gomes","Central Midfield","Brazil","Wolverhampton Wanderers","22","23","","","","11","0","0","653","1","176","10000000.0","18000000.0","8000000.0","10.0","18.0","8.0"
"2","804","3","25","21","2022","Rob Holding","Centre-Back","England","Arsenal FC","27","29","","","","14","0","0","566","1","189","10000000.0","8000000.0","-2000000.0","10.0","8.0","-2.0"
"2","751","11","63","202","2022","Pablo Sarabia","Right Winger","Spain","Wolverhampton Wanderers","31","32","","","","13","0","0","765","1","174","22000000.0","14000000.0","-8000000.0","22.0","14.0","-8.0"
"2","564","2","25","136","2022","Lewis OBrien","Central Midfield","England","Nottingham Forest","24","26","","","","13","0","0","584","1","173","8000000.0","","-8000000.0","8.0","0.0","-8.0"
"2","483","12","63","202","2022","Jonny Otto","Right-Back","Spain","Wolverhampton Wanderers","29","30","","","","18","0","0","1261","1","175","17000000.0","13000000.0","-4000000.0","17.0","13.0","-4.0"
"2","904","11","10","108","2022","Tete","Right Winger","Brazil","Leicester City","23","24","","","","13","0","0","733","1","175","28000000.0","25000000.0","-3000000.0","28.0","25.0","-3.0"
"2","958","3","27","79","2022","Wesley Fofana","Centre-Back","France","For 2 Clubs","22","24","","","","17","0","0","1363","1","185","65000000.0","55000000.0","-10000000.0","65.0","55.0","-10.0"
"2","239","3","17","174","2022","Duje Caleta-Car","Centre-Back","Croatia","Southampton FC","26","28","","","","13","0","0","946","1","193","14000000.0","11000000.0","-3000000.0","14.0","11.0","-3.0"
"2","776","1","10","22","2022","Philippe Coutinho","Attacking Midfield","Brazil","Aston Villa","30","32","","","","20","0","0","786","1","172","18000000.0","10000000.0","-8000000.0","18.0","10.0","-8.0"
"2","255","9","40","199","2022","Emerson","Left-Back","Italy","West Ham United","28","30","","","","22","0","0","1321","1","176","15000000.0","12000000.0","-3000000.0","15.0","12.0","-3.0"
"2","927","3","56","202","2022","Toti","Centre-Back","Portugal","Wolverhampton Wanderers","24","26","","","","17","0","0","984","1","187","2500000.0","6000000.0","3500000.0","2.5","6.0","3.5"
"2","792","9","2","202","2022","Rayan Ait-Nouri","Left-Back","Algeria","Wolverhampton Wanderers","21","23","","","","21","0","0","1077","1","180","22000000.0","22000000.0","0.0","22.0","22.0","0.0"
"2","707","5","59","108","2022","Nampalys Mendy","Defensive Midfield","Senegal","Leicester City","30","32","","","","19","0","0","756","1","168","3500000.0","2500000.0","-1000000.0","3.5","2.5","-1.0"
"2","565","3","58","107","2022","Liam Cooper","Centre-Back","Scotland","Leeds United","31","33","","","","18","0","0","1426","1","186","5000000.0","3000000.0","-2000000.0","5.0","3.0","-2.0"
"2","843","4","25","136","2022","Sam Surridge","Centre-Forward","England","Nottingham Forest","24","26","","","","20","0","0","323","1","190","2500000.0","5000000.0","2500000.0","2.5","5.0","2.5"
"2","221","2","8","108","2022","Dennis Praet","Central Midfield","Belgium","Leicester City","29","30","","","","22","0","0","650","1","181","11000000.0","7000000.0","-4000000.0","11.0","7.0","-4.0"
"2","739","5","25","188","2022","Oliver Skipp","Defensive Midfield","England","Tottenham Hotspur","22","24","","","","23","0","0","1490","1","175","15000000.0","15000000.0","0.0","15.0","15.0","0.0"
"2","152","5","59","136","2022","Cheikhou Kouyate","Defensive Midfield","Senegal","Nottingham Forest","33","35","","","","21","0","0","881","1","189","3000000.0","2000000.0","-1000000.0","3.0","2.0","-1.0"
"2","252","4","25","66","2022","Ellis Simms","Centre-Forward","England","Everton FC","22","24","","","","11","0","0","226","1","191","600000.0","4000000.0","3400000.0","0.6","4.0","3.4"
"2","859","2","58","119","2022","Scott McTominay","Central Midfield","Scotland","Manchester United","26","28","","","","24","0","0","1160","1","191","30000000.0","25000000.0","-5000000.0","30.0","25.0","-5.0"
"2","860","12","38","66","2022","Seamus Coleman","Right-Back","Ireland","Everton FC","34","36","","","","23","0","0","1656","1","177","1800000.0","1000000.0","-800000.0","1.8","1.0","-0.8"
"2","224","4","63","202","2022","Diego Costa","Centre-Forward","Spain","Wolverhampton Wanderers","34","36","","","","23","0","0","1242","1","186","3500000.0","2000000.0","-1500000.0","3.5","2.0","-1.5"
"2","926","3","25","81","2022","Tosin Adarabioyo","Centre-Back","England","Fulham FC","25","27","","","","25","0","0","2085","1","197","18000000.0","16000000.0","-2000000.0","18.0","16.0","-2.0"
"2","709","3","48","118","2022","Nathan Ake","Centre-Back","Netherlands","Manchester City","28","29","","","","26","0","0","1874","1","180","30000000.0","42000000.0","12000000.0","30.0","42.0","12.0"
"2","35","2","4","43","2022","Alexis Mac Allister","Central Midfield","Argentina","Brighton & Hove Albion","24","26","","","","35","2","6","2886","10","176","25000000.0","65000000.0","40000000.0","25.0","65.0","40.0"
"2","715","4","27","79","2022","Neal Maupay","Centre-Forward","France","For 2 Clubs","26","28","","","","27","0","0","1119","1","171","15000000.0","10000000.0","-5000000.0","15.0","10.0","-5.0"
"2","178","3","25","79","2022","Craig Dawson","Centre-Back","England","For 2 Clubs","33","34","","","","25","0","0","2134","1","188","2500000.0","2000000.0","-500000.0","2.5","2.0","-0.5"
"2","894","4","50","136","2022","Taiwo Awoniyi","Centre-Forward","Nigeria","Nottingham Forest","25","27","","","","27","1","0","1404","10","183","20000000.0","25000000.0","5000000.0","20.0","25.0","5.0"
"2","413","1","25","108","2022","James Maddison","Attacking Midfield","England","Leicester City","26","28","","","","30","9","1","2480","10","175","55000000.0","60000000.0","5000000.0","55.0","60.0","5.0"
"2","369","8","43","188","2022","Heung-min Son","Left Winger","Korea, South","Tottenham Hotspur","30","32","","","","36","6","0","2888","10","184","70000000.0","50000000.0","-20000000.0","70.0","50.0","-20.0"
"2","808","4","10","112","2022","Roberto Firmino","Centre-Forward","Brazil","Liverpool FC","31","33","","","","25","4","0","1213","11","181","28000000.0","18000000.0","-10000000.0","28.0","18.0","-10.0"
"2","568","3","4","119","2022","Lisandro Martinez","Centre-Back","Argentina","Manchester United","25","27","","","","27","0","0","2115","1","175","50000000.0","50000000.0","0.0","50.0","50.0","0.0"
"2","866","12","16","136","2022","Serge Aurier","Right-Back","Cote dIvoire","Nottingham Forest","30","32","","","","24","0","0","1943","1","176","8000000.0","8000000.0","0.0","8.0","8.0","0.0"
"2","244","1","25","57","2022","Eberechi Eze","Attacking Midfield","England","Crystal Palace","24","26","","","","38","4","1","2637","10","178","25000000.0","40000000.0","15000000.0","25.0","40.0","15.0"
"2","387","3","27","81","2022","Issa Diop","Centre-Back","France","Fulham FC","26","28","","","","25","0","0","2011","1","194","13000000.0","18000000.0","5000000.0","13.0","18.0","5.0"
"2","270","4","53","118","2023","Erling Haaland","Centre-Forward","Norway","Manchester City","23","24","","","","31","4","7","2552","27","195","180000000.0","180000000.0","0.0","180.0","180.0","0.0"
"2","369","8","43","188","2023","Heung-min Son","Left Winger","Korea, South","Tottenham Hotspur","31","32","","","","35","10","2","2934","17","184","50000000.0","45000000.0","-5000000.0","50.0","45.0","-5.0"
"2","428","11","25","199","2023","Jarrod Bowen","Right Winger","England","West Ham United","27","28","","","","34","6","0","3019","16","176","48000000.0","50000000.0","2000000.0","48.0","50.0","2.0"
"2","686","11","24","112","2023","Mohamed Salah","Right Winger","Egypt","Liverpool FC","31","32","","","","32","10","5","2534","18","175","65000000.0","55000000.0","-10000000.0","65.0","55.0","-10.0"
"2","234","4","25","3","2023","Dominic Solanke","Centre-Forward","England","AFC Bournemouth","26","27","","","","38","3","2","3325","19","186","25000000.0","40000000.0","15000000.0","25.0","40.0","15.0"
"2","774","11","25","118","2023","Phil Foden","Right Winger","England","Manchester City","23","24","","","","35","8","0","2858","19","171","110000000.0","150000000.0","40000000.0","110.0","150.0","40.0"
"2","515","4","29","21","2023","Kai Havertz","Centre-Forward","Germany","Arsenal FC","24","25","","","","37","7","1","2634","13","193","60000000.0","70000000.0","10000000.0","60.0","70.0","10.0"
"2","159","4","49","136","2023","Chris Wood","Centre-Forward","New Zealand","Nottingham Forest","32","33","","","","31","1","0","1811","14","191","7000000.0","7000000.0","0.0","7.0","7.0","0.0"
"2","31","4","64","132","2023","Alexander Isak","Centre-Forward","Sweden","Newcastle United","24","25","","","","30","2","5","2255","21","192","70000000.0","75000000.0","5000000.0","70.0","75.0","5.0"
"2","722","4","59","50","2023","Nicolas Jackson","Centre-Forward","Senegal","Chelsea FC","22","23","","","","35","5","0","2799","14","187","35000000.0","35000000.0","0.0","35.0","35.0","0.0"
"2","741","4","25","22","2023","Ollie Watkins","Centre-Forward","England","Aston Villa","28","29","","","","37","13","0","3217","19","180","55000000.0","65000000.0","10000000.0","55.0","65.0","10.0"
"2","132","11","25","21","2023","Bukayo Saka","Right Winger","England","Arsenal FC","22","23","","","","35","9","6","2919","16","178","120000000.0","140000000.0","20000000.0","120.0","140.0","20.0"
"2","636","4","10","202","2023","Matheus Cunha","Centre-Forward","Brazil","Wolverhampton Wanderers","24","25","","","","32","7","1","244","12","183","28000000.0","45000000.0","17000000.0","28.0","45.0","17.0"
"2","171","1","25","79","2023","Cole Palmer","Attacking Midfield","England","For 2 Clubs","22","22","","","","34","11","9","2618","22","185","18000000.0","80000000.0","62000000.0","18.0","80.0","62.0"
"2","976","4","20","41","2023","Yoane Wissa","Centre-Forward","DR Congo","Brentford FC","27","28","","","","34","3","0","2493","12","176","25000000.0","28000000.0","3000000.0","25.0","28.0","3.0"
"2","434","4","27","57","2023","Jean-Philippe Mateta","Centre-Forward","France","Crystal Palace","26","27","","","","35","5","2","2282","16","192","7000000.0","20000000.0","13000000.0","7.0","20.0","13.0"
"2","398","3","25","170","2023","Jack Robinson","Centre-Back","England","Sheffield United","30","31","","","","34","1","0","2885","1","180","1000000.0","1000000.0","0.0","1.0","1.0","0.0"
"2","158","3","71","57","2023","Chris Richards","Centre-Back","United States","Crystal Palace","24","24","","","","26","1","0","2094","1","188","8000000.0","12000000.0","4000000.0","8.0","12.0","4.0"
"2","466","12","48","43","2023","Joel Veltman","Right-Back","Netherlands","Brighton & Hove Albion","32","33","","","","27","1","0","1588","1","184","10000000.0","10000000.0","0.0","10.0","10.0","0.0"
"2","629","1","25","119","2023","Mason Mount","Attacking Midfield","England","Manchester United","25","26","","","","14","0","0","516","1","181","45000000.0","35000000.0","-10000000.0","45.0","35.0","-10.0"
"2","150","9","25","46","2023","Charlie Taylor","Left-Back","England","Burnley FC","30","31","","","","28","1","0","2331","1","183","3000000.0","3000000.0","0.0","3.0","3.0","0.0"
"2","813","5","72","188","2023","Rodrigo Bentancur","Defensive Midfield","Uruguay","Tottenham Hotspur","26","27","","","","23","1","0","1005","1","187","35000000.0","35000000.0","0.0","35.0","35.0","0.0"
"2","669","3","25","66","2023","Michael Keane","Centre-Back","England","Everton FC","31","32","","","","9","0","0","439","1","188","7000000.0","6000000.0","-1000000.0","7.0","6.0","-1.0"
"2","327","1","25","199","2023","George Earthy","Attacking Midfield","England","West Ham United","19","20","","","","3","0","0","34","1","180","","1000000.0","1000000.0","0.0","1.0","1.0"
"2","396","11","25","66","2023","Jack Harrison","Right Winger","England","Everton FC","27","28","","","","29","3","0","2214","3","175","22000000.0","18000000.0","-4000000.0","22.0","18.0","-4.0"
"2","965","8","10","81","2023","Willian","Left Winger","Brazil","Fulham FC","35","36","","","","31","2","2","2052","4","175","3000000.0","3000000.0","0.0","3.0","3.0","0.0"
"2","895","12","42","21","2023","Takehiro Tomiyasu","Right-Back","Japan","Arsenal FC","25","26","","","","22","1","0","1151","2","188","30000000.0","35000000.0","5000000.0","30.0","35.0","5.0"
"2","391","4","25","41","2023","Ivan Toney","Centre-Forward","England","Brentford FC","28","28","","","","17","2","0","145","4","185","35000000.0","50000000.0","15000000.0","35.0","50.0","15.0"
"2","414","1","25","79","2023","James McAtee","Attacking Midfield","England","For 2 Clubs","21","22","","","","31","3","1","1823","3","180","12000000.0","12000000.0","0.0","12.0","12.0","0.0"
"2","435","2","27","202","2023","Jean-Ricner Bellegarde","Central Midfield","France","Wolverhampton Wanderers","25","26","","","","22","1","0","959","2","172","15000000.0","15000000.0","0.0","15.0","15.0","0.0"
"2","35","2","4","112","2023","Alexis Mac Allister","Central Midfield","Argentina","Liverpool FC","25","26","","","","33","5","1","2602","5","176","65000000.0","75000000.0","10000000.0","65.0","75.0","10.0"
"2","275","4","38","43","2023","Evan Ferguson","Centre-Forward","Ireland","Brighton & Hove Albion","19","20","","","","27","0","0","1367","6","188","65000000.0","50000000.0","-15000000.0","65.0","50.0","-15.0"
"2","590","2","25","116","2023","Luke Berry","Central Midfield","England","Luton Town","31","32","","","","17","1","0","323","2","177","400000.0","400000.0","0.0","0.4","0.4","0.0"
"2","176","2","25","50","2023","Conor Gallagher","Central Midfield","England","Chelsea FC","24","24","","","","37","7","0","3129","5","182","40000000.0","50000000.0","10000000.0","40.0","50.0","10.0"
"2","123","11","74","79","2023","Brennan Johnson","Right Winger","Wales","For 2 Clubs","22","23","","","","35","10","0","2322","5","186","48000000.0","48000000.0","0.0","48.0","48.0","0.0"
"2","68","11","64","136","2023","Anthony Elanga","Right Winger","Sweden","Nottingham Forest","22","22","","","","36","9","0","2434","5","178","18000000.0","22000000.0","4000000.0","18.0","22.0","4.0"
"2","968","11","27","46","2023","Wilson Odobert","Right Winger","France","Burnley FC","19","20","","","","29","3","0","2098","3","182","9000000.0","10000000.0","1000000.0","9.0","10.0","1.0"
"2","691","1","25","136","2023","Morgan Gibbs-White","Attacking Midfield","England","Nottingham Forest","24","25","","","","37","10","1","3155","5","171","40000000.0","40000000.0","0.0","40.0","40.0","0.0"
"2","401","8","21","46","2023","Jacob Bruun Larsen","Left Winger","Denmark","Burnley FC","25","26","","","","32","0","1","1249","6","183","3000000.0","8000000.0","5000000.0","3.0","8.0","5.0"
"2","8","2","45","66","2023","Abdoulaye Doucoure","Central Midfield","Mali","Everton FC","31","32","","","","32","2","0","2628","7","183","12000000.0","10000000.0","-2000000.0","12.0","10.0","-2.0"
"2","861","2","25","132","2023","Sean Longstaff","Central Midfield","England","Newcastle United","26","27","","","","35","2","0","2747","6","187","25000000.0","25000000.0","0.0","25.0","25.0","0.0"
"2","878","8","16","43","2023","Simon Adingra","Left Winger","Cote dIvoire","Brighton & Hove Albion","22","23","","","","31","1","0","2222","6","175","15000000.0","30000000.0","15000000.0","15.0","30.0","15.0"
"2","894","4","50","136","2023","Taiwo Awoniyi","Centre-Forward","Nigeria","Nottingham Forest","26","27","","","","20","3","0","1042","6","183","30000000.0","28000000.0","-2000000.0","30.0","28.0","-2.0"
"2","715","4","27","79","2023","Neal Maupay","Centre-Forward","France","For 2 Clubs","27","28","","","","31","3","0","1432","6","171","10000000.0","12000000.0","2000000.0","10.0","12.0","2.0"
"2","115","11","41","81","2023","Bobby De Cordova-Reid","Right Winger","Jamaica","Fulham FC","31","31","","","","33","2","0","1424","6","170","6000000.0","5000000.0","-1000000.0","6.0","5.0","-1.0"
"2","736","4","58","170","2023","Oli McBurnie","Centre-Forward","Scotland","Sheffield United","27","28","","","","21","3","2","1282","6","188","4500000.0","4500000.0","0.0","4.5","4.5","0.0"
"2","95","4","14","170","2023","Ben Brereton Diaz","Centre-Forward","Chile","Sheffield United","25","25","","","","14","1","1","1105","6","185","10000000.0","8000000.0","-2000000.0","10.0","8.0","-2.0"
"2","316","8","10","21","2023","Gabriel Martinelli","Left Winger","Brazil","Arsenal FC","22","23","","","","35","4","0","2019","6","178","85000000.0","70000000.0","-15000000.0","85.0","70.0","-15.0"
"2","698","11","27","22","2023","Moussa Diaby","Right Winger","France","Aston Villa","24","25","","","","38","8","0","2174","6","170","55000000.0","55000000.0","0.0","55.0","55.0","0.0"
"2","474","2","58","22","2023","John McGinn","Central Midfield","Scotland","Aston Villa","29","30","","","","35","4","0","3","6","178","30000000.0","30000000.0","0.0","30.0","30.0","0.0"
"2","733","4","27","57","2023","Odsonne Edouard","Centre-Forward","France","Crystal Palace","26","27","","","","30","0","0","1555","7","187","20000000.0","18000000.0","-2000000.0","20.0","18.0","-2.0"
"2","859","2","58","119","2023","Scott McTominay","Central Midfield","Scotland","Manchester United","27","28","","","","32","1","0","1901","7","191","28000000.0","32000000.0","4000000.0","28.0","32.0","4.0"
"2","673","4","41","199","2023","Michail Antonio","Centre-Forward","Jamaica","West Ham United","34","34","","","","26","2","0","1695","6","180","6000000.0","4000000.0","-2000000.0","6.0","4.0","-2.0"
"2","109","1","56","118","2023","Bernardo Silva","Attacking Midfield","Portugal","Manchester City","29","30","","","","33","9","0","2578","6","173","80000000.0","70000000.0","-10000000.0","80.0","70.0","-10.0"
"2","511","8","48","3","2023","Justin Kluivert","Left Winger","Netherlands","AFC Bournemouth","25","25","","","","32","1","0","1915","7","172","11000000.0","14000000.0","3000000.0","11.0","14.0","3.0"
"2","781","4","46","81","2023","Rael Jimenez","Centre-Forward","Mexico","Fulham FC","33","33","","","","24","0","0","1395","7","187","6000000.0","5000000.0","-1000000.0","6.0","5.0","-1.0"
"2","801","12","25","118","2023","Rico Lewis","Right-Back","England","Manchester City","19","20","","","","16","0","0","809","2","169","38000000.0","38000000.0","0.0","38.0","38.0","0.0"
"2","141","4","10","81","2023","Carlos Vinicius","Centre-Forward","Brazil","Fulham FC","28","29","","","","13","0","0","315","2","190","6000000.0","4000000.0","-2000000.0","6.0","4.0","-2.0"
"2","101","3","25","41","2023","Ben Mee","Centre-Back","England","Brentford FC","34","35","","","","16","0","0","1273","2","180","1000000.0","1000000.0","0.0","1.0","1.0","0.0"
"2","541","12","25","132","2023","Kieran Trippier","Right-Back","England","Newcastle United","33","34","","","","28","10","0","2236","1","173","11000000.0","10000000.0","-1000000.0","11.0","10.0","-1.0"
"2","233","4","25","66","2023","Dominic Calvert-Lewin","Centre-Forward","England","Everton FC","27","27","","","","32","2","2","217","7","189","22000000.0","22000000.0","0.0","22.0","22.0","0.0"
"2","400","4","58","116","2023","Jacob Brown","Centre-Forward","Scotland","Luton Town","25","26","","","","19","0","0","1019","2","178","4000000.0","4000000.0","0.0","4.0","4.0","0.0"
"2","855","4","6","202","2023","Sasa Kalajdzic","Centre-Forward","Austria","Wolverhampton Wanderers","26","27","","","","11","0","0","166","2","200","12000000.0","5000000.0","-7000000.0","12.0","5.0","-7.0"
"2","926","3","25","81","2023","Tosin Adarabioyo","Centre-Back","England","Fulham FC","26","27","","","","20","0","0","1617","2","197","12000000.0","20000000.0","8000000.0","12.0","20.0","8.0"
"2","317","3","50","116","2023","Gabriel Osho","Centre-Back","Nigeria","Luton Town","25","26","","","","21","0","0","1846","2","185","1000000.0","3000000.0","2000000.0","1.0","3.0","2.0"
"2","67","8","63","43","2023","Ansu Fati","Left Winger","Spain","Brighton & Hove Albion","21","22","","","","19","0","0","521","2","178","30000000.0","25000000.0","-5000000.0","30.0","25.0","-5.0"
"2","988","9","63","22","2023","alex Moreno","Left-Back","Spain","Aston Villa","30","31","","","","21","0","0","1031","2","179","10000000.0","13000000.0","3000000.0","10.0","13.0","3.0"
"2","44","5","8","66","2023","Amadou Onana","Defensive Midfield","Belgium","Everton FC","22","23","","","","30","0","0","2091","2","195","50000000.0","50000000.0","0.0","50.0","50.0","0.0"
"2","762","3","63","22","2023","Pau Torres","Centre-Back","Spain","Aston Villa","27","28","","","","29","0","0","2464","2","192","45000000.0","45000000.0","0.0","45.0","45.0","0.0"
"2","426","3","25","112","2023","Jarell Quansah","Centre-Back","England","Liverpool FC","21","22","","","","17","0","0","119","2","190","2000000.0","22000000.0","20000000.0","2.0","22.0","20.0"
"2","604","3","65","118","2023","Manuel Akanji","Centre-Back","Switzerland","Manchester City","28","29","","","","30","0","0","2512","2","188","42000000.0","45000000.0","3000000.0","42.0","45.0","3.0"
"2","274","3","41","41","2023","Ethan Pinnock","Centre-Back","Jamaica","Brentford FC","30","31","","","","29","0","0","2521","2","194","15000000.0","12000000.0","-3000000.0","15.0","12.0","-3.0"
"2","726","1","40","22","2023","Nicolo Zaniolo","Attacking Midfield","Italy","Aston Villa","24","25","","","","25","0","0","839","2","190","25000000.0","20000000.0","-5000000.0","25.0","20.0","-5.0"
"2","63","3","9","170","2023","Anel Ahmedhodzic","Centre-Back","Bosnia-Herzegovina","Sheffield United","25","25","","","","31","0","0","265","2","190","18000000.0","18000000.0","0.0","18.0","18.0","0.0"
"2","967","3","16","136","2023","Willy Boly","Centre-Back","Cote dIvoire","Nottingham Forest","33","33","","","","20","1","0","144","2","195","2500000.0","2500000.0","0.0","2.5","2.5","0.0"
"2","431","4","25","46","2023","Jay Rodriguez","Centre-Forward","England","Burnley FC","34","35","","","","21","1","1","822","2","185","1000000.0","1000000.0","0.0","1.0","1.0","0.0"
"2","949","9","70","66","2023","Vitaliy Mykolenko","Left-Back","Ukraine","Everton FC","24","25","","","","28","0","0","2469","2","180","28000000.0","28000000.0","0.0","28.0","28.0","0.0"
"2","659","3","25","202","2023","Maximilian Kilman","Centre-Back","England","Wolverhampton Wanderers","26","27","","","","38","0","0","342","2","194","35000000.0","32000000.0","-3000000.0","35.0","32.0","-3.0"
"2","103","12","25","21","2023","Ben White","Right-Back","England","Arsenal FC","26","27","","","","37","4","0","2988","4","186","55000000.0","55000000.0","0.0","55.0","55.0","0.0"
"2","81","8","48","66","2023","Arnaut Danjuma","Left Winger","Netherlands","Everton FC","27","27","","","","14","0","0","595","1","178","20000000.0","13000000.0","-7000000.0","20.0","13.0","-7.0"
"2","468","2","10","132","2023","Joelinton","Central Midfield","Brazil","Newcastle United","27","28","","","","20","1","0","1279","2","186","42000000.0","40000000.0","-2000000.0","42.0","40.0","-2.0"
"2","362","11","74","81","2023","Harry Wilson","Right Winger","Wales","Fulham FC","27","27","","","","35","6","0","1619","4","173","17000000.0","17000000.0","0.0","17.0","17.0","0.0"
"2","489","2","25","46","2023","Josh Brownhill","Central Midfield","England","Burnley FC","28","29","","","","33","2","0","2253","4","179","18000000.0","15000000.0","-3000000.0","18.0","15.0","-3.0"
"2","313","4","10","21","2023","Gabriel Jesus","Centre-Forward","Brazil","Arsenal FC","27","27","","","","27","5","0","1479","4","175","70000000.0","65000000.0","-5000000.0","70.0","65.0","-5.0"
"2","577","1","10","199","2023","Lucas Paqueta","Attacking Midfield","Brazil","West Ham United","26","27","","","","31","6","2","2623","4","180","65000000.0","65000000.0","0.0","65.0","65.0","0.0"
"2","751","11","63","202","2023","Pablo Sarabia","Right Winger","Spain","Wolverhampton Wanderers","32","32","","","","30","7","2","1746","4","174","12000000.0","10000000.0","-2000000.0","12.0","10.0","-2.0"
"2","484","4","30","57","2023","Jordan Ayew","Centre-Forward","Ghana","Crystal Palace","32","33","","","","35","7","0","2544","4","182","4000000.0","4000000.0","0.0","4.0","4.0","0.0"
"2","90","3","27","50","2023","Axel Disasi","Centre-Back","France","Chelsea FC","26","26","","","","31","0","0","258","2","191","40000000.0","40000000.0","0.0","40.0","40.0","0.0"
"2","537","8","29","41","2023","Kevin Schade","Left Winger","Germany","Brentford FC","22","23","","","","11","1","0","334","2","185","25000000.0","22000000.0","-3000000.0","25.0","22.0","-3.0"
"2","614","3","4","3","2023","Marcos Senesi","Centre-Back","Argentina","AFC Bournemouth","27","27","","","","31","5","0","2242","4","185","20000000.0","22000000.0","2000000.0","20.0","22.0","2.0"
"2","413","1","25","188","2023","James Maddison","Attacking Midfield","England","Tottenham Hotspur","27","28","","","","28","9","0","2134","4","175","70000000.0","70000000.0","0.0","70.0","70.0","0.0"
"2","536","1","8","118","2023","Kevin De Bruyne","Attacking Midfield","Belgium","Manchester City","32","33","","","","18","10","0","1221","4","181","60000000.0","50000000.0","-10000000.0","60.0","50.0","-10.0"
"2","754","2","29","43","2023","Pascal Gross","Central Midfield","Germany","Brighton & Hove Albion","32","33","","","","36","10","1","3114","4","181","8000000.0","8000000.0","0.0","8.0","8.0","0.0"
"2","38","3","25","50","2023","Alfie Gilchrist","Centre-Back","England","Chelsea FC","20","21","","","","11","0","0","206","1","183","200000.0","5000000.0","4800000.0","0.2","5.0","4.8"
"2","245","4","25","21","2023","Eddie Nketiah","Centre-Forward","England","Arsenal FC","24","25","","","","27","2","0","1081","5","175","30000000.0","30000000.0","0.0","30.0","30.0","0.0"
"2","447","4","15","22","2023","Jhon Duran","Centre-Forward","Colombia","Aston Villa","20","21","","","","23","0","0","475","5","185","17000000.0","20000000.0","3000000.0","17.0","20.0","3.0"
"2","198","4","25","43","2023","Danny Welbeck","Centre-Forward","England","Brighton & Hove Albion","33","34","","","","29","1","0","1693","5","185","6000000.0","5000000.0","-1000000.0","6.0","5.0","-1.0"
"2","730","11","25","50","2023","Noni Madueke","Right Winger","England","Chelsea FC","22","22","","","","23","2","1","1053","5","182","25000000.0","28000000.0","3000000.0","25.0","28.0","3.0"
"2","180","3","4","188","2023","Cristian Romero","Centre-Back","Argentina","Tottenham Hotspur","26","26","","","","33","0","0","2791","5","185","65000000.0","65000000.0","0.0","65.0","65.0","0.0"
"2","350","2","48","170","2023","Gustavo Hamer","Central Midfield","Netherlands","Sheffield United","26","27","","","","36","6","0","2909","4","169","16000000.0","15000000.0","-1000000.0","16.0","15.0","-1.0"
"2","703","8","70","50","2023","Mykhaylo Mudryk","Left Winger","Ukraine","Chelsea FC","23","24","","","","31","2","0","1575","5","175","45000000.0","35000000.0","-10000000.0","45.0","35.0","-10.0"
"2","363","8","25","132","2023","Harvey Barnes","Left Winger","England","Newcastle United","26","27","","","","21","3","0","802","5","182","35000000.0","35000000.0","0.0","35.0","35.0","0.0"
"2","986","4","65","46","2023","Zeki Amdouni","Centre-Forward","Switzerland","Burnley FC","23","24","","","","34","1","1","1956","5","185","15000000.0","12000000.0","-3000000.0","15.0","12.0","-3.0"
"2","594","4","62","46","2023","Lyle Foster","Centre-Forward","South Africa","Burnley FC","23","24","","","","24","3","0","1899","5","185","13000000.0","13000000.0","0.0","13.0","13.0","0.0"
"2","753","2","59","188","2023","Pape Matar Sarr","Central Midfield","Senegal","Tottenham Hotspur","21","22","","","","34","3","0","2069","3","184","35000000.0","45000000.0","10000000.0","35.0","45.0","10.0"
"2","519","8","42","43","2023","Kaoru Mitoma","Left Winger","Japan","Brighton & Hove Albion","26","27","","","","19","4","0","1486","3","178","50000000.0","45000000.0","-5000000.0","50.0","45.0","-5.0"
"2","642","2","21","41","2023","Mathias Jensen","Central Midfield","Denmark","Brentford FC","28","29","","","","32","3","0","2204","3","180","28000000.0","28000000.0","0.0","28.0","28.0","0.0"
"2","617","7","25","3","2023","Marcus Tavernier","Left Midfield","England","AFC Bournemouth","25","25","","","","30","4","0","2118","3","178","17000000.0","20000000.0","3000000.0","17.0","20.0","3.0"
"2","825","2","25","116","2023","Ross Barkley","Central Midfield","England","Luton Town","30","31","","","","32","4","0","2618","5","189","4500000.0","8000000.0","3500000.0","4.5","8.0","3.5"
"2","28","8","50","79","2023","Alex Iwobi","Left Winger","Nigeria","For 2 Clubs","28","28","","","","32","2","0","2332","5","183","28000000.0","25000000.0","-3000000.0","28.0","25.0","-3.0"
"2","402","11","25","132","2023","Jacob Murphy","Right Winger","England","Newcastle United","29","29","","","","21","7","0","1189","3","179","15000000.0","15000000.0","0.0","15.0","15.0","0.0"
"2","242","1","25","66","2023","Dwight McNeil","Attacking Midfield","England","Everton FC","24","25","","","","35","6","0","2892","3","183","20000000.0","22000000.0","2000000.0","20.0","22.0","2.0"
"2","199","3","38","46","2023","Dara OShea","Centre-Back","Ireland","Burnley FC","25","25","","","","33","4","0","2893","3","189","7000000.0","7000000.0","0.0","7.0","7.0","0.0"
"2","928","12","25","112","2023","Trent Alexander-Arnold","Right-Back","England","Liverpool FC","25","26","","","","28","4","0","2156","3","175","70000000.0","70000000.0","0.0","70.0","70.0","0.0"
"2","228","12","56","119","2023","Diogo Dalot","Right-Back","Portugal","Manchester United","25","25","","","","36","3","0","3175","2","183","35000000.0","35000000.0","0.0","35.0","35.0","0.0"
"2","376","2","59","66","2023","Idrissa Gueye","Central Midfield","Senegal","Everton FC","34","35","","","","25","0","0","1884","4","174","4000000.0","3000000.0","-1000000.0","4.0","3.0","-1.0"
"2","439","8","8","118","2023","Jeremy Doku","Left Winger","Belgium","Manchester City","21","22","","","","29","7","0","1595","3","173","60000000.0","65000000.0","5000000.0","60.0","65.0","5.0"
"2","934","9","25","57","2023","Tyrick Mitchell","Left-Back","England","Crystal Palace","24","25","","","","37","3","0","3204","2","181","22000000.0","25000000.0","3000000.0","22.0","25.0","3.0"
"2","770","12","63","188","2023","Pedro Porro","Right-Back","Spain","Tottenham Hotspur","24","25","","","","35","7","0","3089","3","173","45000000.0","45000000.0","0.0","45.0","45.0","0.0"
"2","450","3","21","57","2023","Joachim Andersen","Centre-Back","Denmark","Crystal Palace","27","28","","","","38","3","0","3415","2","192","35000000.0","35000000.0","0.0","35.0","35.0","0.0"
"2","364","2","25","112","2023","Harvey Elliott","Central Midfield","England","Liverpool FC","21","21","","","","34","6","0","1351","3","170","30000000.0","35000000.0","5000000.0","30.0","35.0","5.0"
"2","205","4","16","46","2023","David Datro Fofana","Centre-Forward","Cote dIvoire","Burnley FC","21","22","","","","15","1","0","879","4","180","8000000.0","12000000.0","4000000.0","8.0","12.0","4.0"
"2","893","11","48","116","2023","Tahith Chong","Right Winger","Netherlands","Luton Town","24","25","","","","33","0","0","1985","4","185","4500000.0","6000000.0","1500000.0","4.5","6.0","1.5"
"2","977","2","8","22","2023","Youri Tielemans","Central Midfield","Belgium","Aston Villa","27","27","","","","32","6","0","1622","2","177","20000000.0","25000000.0","5000000.0","20.0","25.0","5.0"
"2","314","3","10","21","2023","Gabriel Magalhaes","Centre-Back","Brazil","Arsenal FC","26","27","","","","36","0","0","3044","4","190","60000000.0","70000000.0","10000000.0","60.0","70.0","10.0"
"2","37","7","25","116","2023","Alfie Doughty","Left Midfield","England","Luton Town","24","25","","","","37","8","0","2925","2","183","4500000.0","10000000.0","5500000.0","4.5","10.0","5.5"
"2","165","4","27","50","2023","Christopher Nkunku","Centre-Forward","France","Chelsea FC","26","27","","","","11","0","0","444","3","177","75000000.0","65000000.0","-10000000.0","75.0","65.0","-10.0"
"2","138","4","25","79","2023","Cameron Archer","Centre-Forward","England","For 2 Clubs","22","23","","","","30","1","0","1838","4","175","18000000.0","13000000.0","-5000000.0","18.0","13.0","-5.0"
"2","496","9","17","118","2023","Josko Gvardiol","Left-Back","Croatia","Manchester City","22","23","","","","28","1","0","2328","4","185","80000000.0","75000000.0","-5000000.0","80.0","75.0","-5.0"
"2","769","11","56","202","2023","Pedro Neto","Right Winger","Portugal","Wolverhampton Wanderers","24","24","","","","20","9","0","1516","2","174","32000000.0","55000000.0","23000000.0","32.0","55.0","23.0"
"2","155","11","38","116","2023","Chiedozie Ogbene","Right Winger","Ireland","Luton Town","27","27","","","","30","1","0","1995","4","181","3000000.0","8000000.0","5000000.0","3.0","8.0","5.0"
"2","397","2","25","43","2023","Jack Hinshelwood","Central Midfield","England","Brighton & Hove Albion","18","19","","","","12","0","0","870","3","182","1000000.0","16000000.0","15000000.0","1.0","16.0","15.0"
"2","54","1","10","81","2023","Andreas Pereira","Attacking Midfield","Brazil","Fulham FC","28","29","","","","37","7","0","2614","3","178","20000000.0","20000000.0","0.0","20.0","20.0","0.0"
"2","549","3","27","199","2023","Kurt Zouma","Centre-Back","France","West Ham United","29","30","","","","33","0","0","2838","3","190","25000000.0","25000000.0","0.0","25.0","25.0","0.0"
"2","112","4","34","66","2023","Beto","Centre-Forward","Guinea-Bissau","Everton FC","26","26","","","","30","0","0","952","3","194","22000000.0","20000000.0","-2000000.0","22.0","20.0","-2.0"
"2","455","5","56","81","2023","Joao Palhinha","Defensive Midfield","Portugal","Fulham FC","28","29","","","","33","1","0","2698","4","190","55000000.0","55000000.0","0.0","55.0","55.0","0.0"
"2","432","12","25","170","2023","Jayden Bogle","Right-Back","England","Sheffield United","23","24","","","","34","0","0","2788","3","178","3800000.0","3800000.0","0.0","3.8","3.8","0.0"
"2","395","8","25","118","2023","Jack Grealish","Left Winger","England","Manchester City","28","29","","","","20","1","0","1008","3","180","70000000.0","60000000.0","-10000000.0","70.0","60.0","-10.0"
"2","619","5","28","202","2023","Mario Lemina","Defensive Midfield","Gabon","Wolverhampton Wanderers","30","31","","","","35","1","0","297","4","184","10000000.0","10000000.0","0.0","10.0","10.0","0.0"
"2","676","3","48","188","2023","Micky van de Ven","Centre-Back","Netherlands","Tottenham Hotspur","23","23","","","","27","0","0","2339","3","193","40000000.0","55000000.0","15000000.0","40.0","55.0","15.0"
"2","287","1","4","43","2023","Facundo Buonanotte","Attacking Midfield","Argentina","Brighton & Hove Albion","19","20","","","","27","1","0","1364","3","174","12000000.0","18000000.0","6000000.0","12.0","18.0","6.0"
"2","882","11","25","43","2023","Solly March","Right Winger","England","Brighton & Hove Albion","29","30","","","","7","1","0","554","3","180","22000000.0","18000000.0","-4000000.0","22.0","18.0","-4.0"
"2","561","3","25","43","2023","Lewis Dunk","Centre-Back","England","Brighton & Hove Albion","32","33","","","","33","1","0","287","3","192","14000000.0","12000000.0","-2000000.0","14.0","12.0","-2.0"
"2","427","3","25","66","2023","Jarrad Branthwaite","Centre-Back","England","Everton FC","21","22","","","","35","0","0","3116","3","195","18000000.0","42000000.0","24000000.0","18.0","42.0","24.0"
"2","543","2","25","119","2023","Kobbie Mainoo","Central Midfield","England","Manchester United","19","19","","","","24","1","0","1924","3","180","6000000.0","55000000.0","49000000.0","6.0","55.0","49.0"
"2","677","11","54","132","2023","Miguel Almiron","Right Winger","Paraguay","Newcastle United","30","30","","","","33","1","0","1938","3","174","30000000.0","20000000.0","-10000000.0","30.0","20.0","-10.0"
"2","58","9","58","112","2023","Andrew Robertson","Left-Back","Scotland","Liverpool FC","30","30","","","","23","2","0","1693","3","178","35000000.0","30000000.0","-5000000.0","35.0","30.0","-5.0"
"2","527","8","25","41","2023","Keane Lewis-Potter","Left Winger","England","Brentford FC","23","23","","","","30","1","0","1441","3","170","12000000.0","15000000.0","3000000.0","12.0","15.0","3.0"
"2","163","5","21","41","2023","Christian Norgaard","Defensive Midfield","Denmark","Brentford FC","30","30","","","","31","1","0","2505","2","187","20000000.0","18000000.0","-2000000.0","20.0","18.0","-2.0"
"2","692","1","25","22","2023","Morgan Rogers","Attacking Midfield","England","Aston Villa","21","22","","","","11","1","0","638","3","187","2200000.0","15000000.0","12800000.0","2.2","15.0","12.8"
"2","282","3","65","132","2023","Fabian Schar","Centre-Back","Switzerland","Newcastle United","32","33","","","","36","1","0","3054","4","186","10000000.0","10000000.0","0.0","10.0","10.0","0.0"
"2","547","3","53","41","2023","Kristoffer Ajer","Centre-Back","Norway","Brentford FC","26","26","","","","28","1","0","1831","2","198","18000000.0","15000000.0","-3000000.0","18.0","15.0","-3.0"
"2","453","2","10","202","2023","Joao Gomes","Central Midfield","Brazil","Wolverhampton Wanderers","23","23","","","","34","1","0","2648","2","176","22000000.0","35000000.0","13000000.0","22.0","35.0","13.0"
"2","235","2","35","112","2023","Dominik Szoboszlai","Central Midfield","Hungary","Liverpool FC","23","24","","","","33","2","0","2104","3","187","70000000.0","75000000.0","5000000.0","70.0","75.0","5.0"
"2","792","9","2","202","2023","Rayan Ait-Nouri","Left-Back","Algeria","Wolverhampton Wanderers","22","23","","","","33","1","0","2329","2","180","25000000.0","35000000.0","10000000.0","25.0","35.0","10.0"
"2","891","3","48","132","2023","Sven Botman","Centre-Back","Netherlands","Newcastle United","24","25","","","","17","2","0","1377","2","195","45000000.0","45000000.0","0.0","45.0","45.0","0.0"
"2","909","3","10","50","2023","Thiago Silva","Centre-Back","Brazil","Chelsea FC","39","40","","","","31","1","0","2527","3","181","2000000.0","1000000.0","-1000000.0","2.0","1.0","-1.0"
"2","263","4","69","3","2023","Enes unal","Centre-Forward","T脙录rkiye","AFC Bournemouth","27","27","","","","16","2","0","328","2","187","25000000.0","18000000.0","-7000000.0","25.0","18.0","-7.0"
"2","266","2","4","50","2023","Enzo Fernandez","Central Midfield","Argentina","Chelsea FC","23","24","","","","28","2","1","2209","3","178","80000000.0","75000000.0","-5000000.0","80.0","75.0","-5.0"
"2","964","3","27","21","2023","William Saliba","Centre-Back","France","Arsenal FC","23","23","","","","38","1","0","342","2","192","70000000.0","80000000.0","10000000.0","70.0","80.0","10.0"
"2","360","3","25","119","2023","Harry Maguire","Centre-Back","England","Manchester United","31","31","","","","22","2","0","1653","2","194","20000000.0","18000000.0","-2000000.0","20.0","18.0","-2.0"
"2","340","2","4","188","2023","Giovani Lo Celso","Central Midfield","Argentina","Tottenham Hotspur","28","28","","","","22","2","0","506","2","177","16000000.0","16000000.0","0.0","16.0","16.0","0.0"
"2","721","2","4","136","2023","Nicolas Dominguez","Central Midfield","Argentina","Nottingham Forest","25","26","","","","26","2","0","1495","2","179","17000000.0","17000000.0","0.0","17.0","17.0","0.0"
"2","709","3","48","118","2023","Nathan Ake","Centre-Back","Netherlands","Manchester City","29","29","","","","29","2","0","2042","2","180","40000000.0","40000000.0","0.0","40.0","40.0","0.0"
"2","948","3","48","112","2023","Virgil van Dijk","Centre-Back","Netherlands","Liverpool FC","32","33","","","","36","2","0","3178","2","195","32000000.0","30000000.0","-2000000.0","32.0","30.0","-2.0"
"2","196","5","10","136","2023","Danilo","Defensive Midfield","Brazil","Nottingham Forest","23","23","","","","29","2","0","1791","2","177","28000000.0","28000000.0","0.0","28.0","28.0","0.0"
"2","653","12","55","22","2023","Matty Cash","Right-Back","Poland","Aston Villa","26","27","","","","29","2","0","2142","2","185","28000000.0","28000000.0","0.0","28.0","28.0","0.0"
"2","438","7","30","57","2023","Jeffrey Schlupp","Left Midfield","Ghana","Crystal Palace","31","32","","","","29","2","0","1351","2","178","7000000.0","7000000.0","0.0","7.0","7.0","0.0"
"2","772","9","23","43","2023","Pervis Estupinan","Left-Back","Ecuador","Brighton & Hove Albion","26","27","","","","19","3","0","1244","2","175","35000000.0","30000000.0","-5000000.0","35.0","30.0","-5.0"
"2","585","8","15","3","2023","Luis Sinisterra","Left Winger","Colombia","AFC Bournemouth","24","25","","","","20","2","0","698","2","172","20000000.0","17000000.0","-3000000.0","20.0","17.0","-3.0"
"2","188","3","25","132","2023","Dan Burn","Centre-Back","England","Newcastle United","32","32","","","","33","2","0","2726","2","201","10000000.0","8000000.0","-2000000.0","10.0","8.0","-2.0"
"2","775","2","21","3","2023","Philip Billing","Central Midfield","Denmark","AFC Bournemouth","27","28","","","","29","2","0","1401","2","193","22000000.0","22000000.0","0.0","22.0","22.0","0.0"
"2","357","1","67","119","2023","Hannibal","Attacking Midfield","Tunisia","Manchester United","20","22","","","","5","0","0","134","1","183","12000000.0","9000000.0","-3000000.0","12.0","9.0","-3.0"
"2","661","8","16","199","2023","Maxwel Cornet","Left Winger","Cote dIvoire","West Ham United","27","28","","","","7","0","0","112","1","179","10000000.0","9000000.0","-1000000.0","10.0","9.0","-1.0"
"2","223","9","40","188","2023","Destiny Udogie","Left-Back","Italy","Tottenham Hotspur","21","22","","","","28","3","0","2392","2","188","38000000.0","45000000.0","7000000.0","38.0","45.0","7.0"
"2","490","5","38","46","2023","Josh Cullen","Defensive Midfield","Ireland","Burnley FC","28","28","","","","25","3","0","2057","2","175","13000000.0","10000000.0","-3000000.0","13.0","10.0","-3.0"
"2","16","11","63","81","2023","Adama Traore","Right Winger","Spain","Fulham FC","28","29","","","","17","3","0","377","2","178","9000000.0","9000000.0","0.0","9.0","9.0","0.0"
"2","24","4","4","188","2023","Alejo Veliz","Centre-Forward","Argentina","Tottenham Hotspur","20","21","","","","8","0","0","49","1","186","7000000.0","9000000.0","2000000.0","7.0","9.0","2.0"
"2","596","3","21","116","2023","Mads Andersen","Centre-Back","Denmark","Luton Town","26","27","","","","8","0","0","400","1","194","3000000.0","3000000.0","0.0","3.0","3.0","0.0"
"2","915","8","29","188","2023","Timo Werner","Left Winger","Germany","Tottenham Hotspur","28","28","","","","13","3","0","810","2","180","20000000.0","17000000.0","-3000000.0","20.0","17.0","-3.0"
"2","538","4","74","3","2023","Kieffer Moore","Centre-Forward","Wales","AFC Bournemouth","31","32","","","","8","0","0","108","1","196","2500000.0","2000000.0","-500000.0","2.5","2.0","-0.5"
"2","555","5","8","22","2023","Leander Dendoncker","Defensive Midfield","Belgium","Aston Villa","28","29","","","","8","0","0","120","1","188","11000000.0","7000000.0","-4000000.0","11.0","7.0","-4.0"
"2","286","1","56","21","2023","Fabio Vieira","Attacking Midfield","Portugal","Arsenal FC","23","24","","","","11","2","1","299","1","170","28000000.0","22000000.0","-6000000.0","28.0","22.0","-6.0"
"2","51","2","56","66","2023","Andre Gomes","Central Midfield","Portugal","Everton FC","30","31","","","","12","0","0","509","1","190","12000000.0","10000000.0","-2000000.0","12.0","10.0","-2.0"
"2","851","2","40","132","2023","Sandro Tonali","Central Midfield","Italy","Newcastle United","23","24","","","","8","0","0","439","1","181","60000000.0","38000000.0","-22000000.0","60.0","38.0","-22.0"
"2","161","2","21","119","2023","Christian Eriksen","Central Midfield","Denmark","Manchester United","32","32","","","","22","2","0","1141","1","182","18000000.0","8000000.0","-10000000.0","18.0","8.0","-10.0"
"2","45","3","8","46","2023","Ameen Al-Dakhil","Centre-Back","Belgium","Burnley FC","21","22","","","","13","0","0","1056","1","187","11000000.0","12000000.0","1000000.0","11.0","12.0","1.0"
"2","873","2","32","41","2023","Shandon Baptiste","Central Midfield","Grenada","Brentford FC","26","26","","","","10","1","0","229","1","180","2500000.0","2500000.0","0.0","2.5","2.5","0.0"
"2","463","2","25","132","2023","Joe Willock","Central Midfield","England","Newcastle United","24","25","","","","9","0","0","418","1","186","35000000.0","30000000.0","-5000000.0","35.0","30.0","-5.0"
"2","204","11","74","3","2023","David Brooks","Right Winger","Wales","AFC Bournemouth","26","27","","","","13","1","0","282","1","173","9000000.0","8000000.0","-1000000.0","9.0","8.0","-1.0"
"2","735","9","70","21","2023","Oleksandr Zinchenko","Left-Back","Ukraine","Arsenal FC","27","28","","","","27","2","0","1721","1","175","42000000.0","38000000.0","-4000000.0","42.0","38.0","-4.0"
"2","562","9","25","132","2023","Lewis Hall","Left-Back","England","Newcastle United","19","20","","","","18","0","0","781","1","179","18000000.0","18000000.0","0.0","18.0","18.0","0.0"
"2","309","2","50","41","2023","Frank Onyeka","Central Midfield","Nigeria","Brentford FC","26","27","","","","26","2","0","1159","1","183","9000000.0","9000000.0","0.0","9.0","9.0","0.0"
"2","98","3","74","188","2023","Ben Davies","Centre-Back","Wales","Tottenham Hotspur","31","31","","","","17","0","0","109","1","181","15000000.0","10000000.0","-5000000.0","15.0","10.0","-5.0"
"2","144","5","10","119","2023","Casemiro","Defensive Midfield","Brazil","Manchester United","32","32","","","","25","2","0","1982","1","185","30000000.0","20000000.0","-10000000.0","30.0","20.0","-10.0"
"2","545","3","31","199","2023","Konstantinos Mavropanos","Centre-Back","Greece","West Ham United","26","27","","","","19","0","0","15","1","194","14000000.0","20000000.0","6000000.0","14.0","20.0","6.0"
"2","929","3","25","50","2023","Trevoh Chalobah","Centre-Back","England","Chelsea FC","24","25","","","","13","0","0","952","1","192","18000000.0","13000000.0","-5000000.0","18.0","13.0","-5.0"
"2","914","3","71","81","2023","Tim Ream","Centre-Back","United States","Fulham FC","36","37","","","","18","0","0","1505","1","186","1000000.0","800000.0","-200000.0","1.0","0.8","-0.2"
"2","844","1","37","41","2023","Saman Ghoddos","Attacking Midfield","Iran","Brentford FC","30","31","","","","19","0","0","739","1","175","2000000.0","2000000.0","0.0","2.0","2.0","0.0"
"2","700","3","59","136","2023","Moussa Niakhate","Centre-Back","Senegal","Nottingham Forest","28","28","","","","21","0","0","1461","1","190","16000000.0","16000000.0","0.0","16.0","16.0","0.0"
"2","745","5","8","136","2023","Orel Mangala","Defensive Midfield","Belgium","Nottingham Forest","25","26","","","","20","0","0","1563","1","178","20000000.0","20000000.0","0.0","20.0","20.0","0.0"
"2","256","12","10","188","2023","Emerson Royal","Right-Back","Brazil","Tottenham Hotspur","25","26","","","","22","0","0","1161","1","183","18000000.0","18000000.0","0.0","18.0","18.0","0.0"
"2","197","4","25","199","2023","Danny Ings","Centre-Forward","England","West Ham United","31","32","","","","20","0","0","403","1","177","9000000.0","8000000.0","-1000000.0","9.0","8.0","-1.0"
"2","714","3","47","199","2023","Nayef Aguerd","Centre-Back","Morocco","West Ham United","28","28","","","","21","0","0","1858","1","190","38000000.0","35000000.0","-3000000.0","38.0","35.0","-3.0"
"2","787","3","27","119","2023","Raphael Varane","Centre-Back","France","Manchester United","31","31","","","","22","0","0","1375","1","191","25000000.0","20000000.0","-5000000.0","25.0","20.0","-5.0"
"2","917","12","25","132","2023","Tino Livramento","Right-Back","England","Newcastle United","21","22","","","","26","0","0","1313","1","182","30000000.0","35000000.0","5000000.0","30.0","35.0","5.0"
"2","834","5","48","112","2023","Ryan Gravenberch","Defensive Midfield","Netherlands","Liverpool FC","22","22","","","","26","0","0","1121","1","190","35000000.0","35000000.0","0.0","35.0","35.0","0.0"
"2","856","2","60","81","2023","Sasa Lukic","Central Midfield","Serbia","Fulham FC","27","28","","","","24","0","0","1121","1","182","10000000.0","10000000.0","0.0","10.0","10.0","0.0"
"2","560","8","25","66","2023","Lewis Dobbin","Left Winger","England","Everton FC","21","22","","","","12","0","0","232","1","175","1000000.0","2500000.0","1500000.0","1.0","2.5","1.5"
"2","646","12","38","202","2023","Matt Doherty","Right-Back","Ireland","Wolverhampton Wanderers","32","33","","","","30","0","0","115","1","185","4000000.0","3000000.0","-1000000.0","4.0","3.0","-1.0"
"2","569","12","27","46","2023","Lorenz Assignon","Right-Back","France","Burnley FC","23","24","","","","15","2","0","1235","1","181","10000000.0","10000000.0","0.0","10.0","10.0","0.0"
"2","78","4","1","79","2023","Armando Broja","Centre-Forward","Albania","For 2 Clubs","22","23","","","","21","2","0","542","1","191","28000000.0","22000000.0","-6000000.0","28.0","22.0","-6.0"
"2","956","5","42","112","2023","Wataru Endo","Defensive Midfield","Japan","Liverpool FC","31","31","","","","29","0","0","1722","1","178","13000000.0","13000000.0","0.0","13.0","13.0","0.0"
"2","947","5","10","170","2023","Vini Souza","Defensive Midfield","Brazil","Sheffield United","24","25","","","","36","0","0","2668","1","187","12000000.0","12000000.0","0.0","12.0","12.0","0.0"
"2","633","2","17","118","2023","Mateo Kovacic","Central Midfield","Croatia","Manchester City","30","30","","","","30","0","0","1551","1","177","38000000.0","30000000.0","-8000000.0","38.0","30.0","-8.0"
"2","280","3","25","22","2023","Ezri Konsa","Centre-Back","England","Aston Villa","26","27","","","","35","0","0","3069","1","183","35000000.0","35000000.0","0.0","35.0","35.0","0.0"
"2","137","3","50","81","2023","Calvin Bassey","Centre-Back","Nigeria","Fulham FC","24","25","","","","29","0","0","2303","1","185","16000000.0","16000000.0","0.0","16.0","16.0","0.0"
"2","901","3","25","116","2023","Teden Mengi","Centre-Back","England","Luton Town","22","22","","","","30","0","0","2469","1","186","7000000.0","12000000.0","5000000.0","7.0","12.0","5.0"
"2","738","2","52","170","2023","Oliver Norwood","Central Midfield","Northern Ireland","Sheffield United","33","33","","","","27","0","1","144","1","175","1500000.0","1000000.0","-500000.0","1.5","1.0","-0.5"
"2","70","4","27","119","2023","Anthony Martial","Centre-Forward","France","Manchester United","28","29","","","","13","0","0","447","1","181","15000000.0","10000000.0","-5000000.0","15.0","10.0","-5.0"
"2","648","10","58","132","2023","Matt Ritchie","Right Midfield","Scotland","Newcastle United","34","35","","","","13","0","0","128","1","173","1000000.0","1000000.0","0.0","1.0","1.0","0.0"
"2","191","8","11","3","2023","Dango Ouattara","Left Winger","Burkina Faso","AFC Bournemouth","22","22","","","","30","2","0","1229","1","177","20000000.0","20000000.0","0.0","20.0","20.0","0.0"
"2","43","11","16","119","2023","Amad Diallo","Right Winger","Cote dIvoire","Manchester United","21","22","","","","9","1","0","390","1","173","18000000.0","18000000.0","0.0","18.0","18.0","0.0"
"2","403","7","25","22","2023","Jacob Ramsey","Left Midfield","England","Aston Villa","22","23","","","","16","1","0","853","1","180","42000000.0","35000000.0","-7000000.0","42.0","35.0","-7.0"
"2","923","3","74","116","2023","Tom Lockyer","Centre-Back","Wales","Luton Town","29","30","","","","14","1","0","1169","1","185","3500000.0","2500000.0","-1000000.0","3.5","2.5","-1.0"
"2","381","3","70","3","2023","Ilya Zabarnyi","Centre-Back","Ukraine","AFC Bournemouth","21","22","","","","37","0","0","333","1","189","25000000.0","32000000.0","7000000.0","25.0","32.0","7.0"
"2","572","11","40","46","2023","Luca Koleosho","Right Winger","Italy","Burnley FC","19","20","","","","15","1","0","974","1","175","6000000.0","7000000.0","1000000.0","6.0","7.0","1.0"
"2","143","2","25","50","2023","Carney Chukwuemeka","Central Midfield","England","Chelsea FC","20","21","","","","9","1","0","227","1","188","15000000.0","15000000.0","0.0","15.0","15.0","0.0"
"2","748","11","53","118","2023","Oscar Bobb","Right Winger","Norway","Manchester City","20","21","","","","14","1","0","302","1","175","10000000.0","25000000.0","15000000.0","10.0","25.0","15.0"
"2","597","12","21","41","2023","Mads Roerslev","Right-Back","Denmark","Brentford FC","24","25","","","","34","2","0","1986","1","184","8000000.0","10000000.0","2000000.0","8.0","10.0","2.0"
"2","734","12","50","136","2023","Ola Aina","Right-Back","Nigeria","Nottingham Forest","27","28","","","","22","1","0","1692","1","184","5000000.0","12000000.0","7000000.0","5.0","12.0","7.0"
"2","942","3","64","119","2023","Victor Lindelof","Centre-Back","Sweden","Manchester United","29","30","","","","19","1","0","1328","1","187","18000000.0","15000000.0","-3000000.0","18.0","15.0","-3.0"
"2","255","9","40","199","2023","Emerson","Left-Back","Italy","West Ham United","29","30","","","","36","2","0","3137","1","176","12000000.0","12000000.0","0.0","12.0","12.0","0.0"
"2","475","3","25","118","2023","John Stones","Centre-Back","England","Manchester City","29","30","","","","16","0","0","1064","1","188","38000000.0","38000000.0","0.0","38.0","38.0","0.0"
"2","533","12","48","81","2023","Kenny Tete","Right-Back","Netherlands","Fulham FC","28","29","","","","14","0","0","867","1","180","15000000.0","15000000.0","0.0","15.0","15.0","0.0"
"2","558","3","25","50","2023","Levi Colwill","Centre-Back","England","Chelsea FC","21","21","","","","23","1","0","1797","1","187","35000000.0","50000000.0","15000000.0","35.0","50.0","15.0"
"2","985","3","21","41","2023","Zanka","Centre-Back","Denmark","Brentford FC","34","34","","","","14","0","0","1087","1","189","1000000.0","1000000.0","0.0","1.0","1.0","0.0"
"2","485","2","25","116","2023","Jordan Clark","Central Midfield","England","Luton Town","30","31","","","","23","1","0","1304","1","183","1000000.0","1000000.0","0.0","1.0","1.0","0.0"
"2","185","2","25","112","2023","Curtis Jones","Central Midfield","England","Liverpool FC","23","24","","","","23","1","0","1166","1","185","25000000.0","35000000.0","10000000.0","25.0","35.0","10.0"
"2","30","2","25","3","2023","Alex Scott","Central Midfield","England","AFC Bournemouth","20","21","","","","23","1","0","1013","1","178","20000000.0","20000000.0","0.0","20.0","20.0","0.0"
"2","22","2","8","116","2023","Albert Sambi Lokonga","Central Midfield","Belgium","Luton Town","24","25","","","","17","3","0","1304","1","183","12000000.0","15000000.0","3000000.0","12.0","15.0","3.0"
"2","563","2","25","132","2023","Lewis Miley","Central Midfield","England","Newcastle United","17","18","","","","17","3","0","1203","1","189","2500000.0","22000000.0","19500000.0","2.5","22.0","19.5"
"2","174","12","52","112","2023","Conor Bradley","Right-Back","Northern Ireland","Liverpool FC","20","21","","","","11","3","0","753","1","181","2000000.0","15000000.0","13000000.0","2.0","15.0","13.0"
"2","850","5","53","46","2023","Sander Berge","Defensive Midfield","Norway","Burnley FC","26","26","","","","37","2","0","3005","1","195","20000000.0","20000000.0","0.0","20.0","20.0","0.0"
"2","411","5","25","66","2023","James Garner","Defensive Midfield","England","Everton FC","23","23","","","","37","2","0","3004","1","182","16000000.0","22000000.0","6000000.0","16.0","22.0","6.0"
"2","145","4","25","116","2023","Cauley Woodrow","Centre-Forward","England","Luton Town","29","30","","","","24","1","0","426","1","184","1000000.0","1000000.0","0.0","1.0","1.0","0.0"
"2","574","9","27","22","2023","Lucas Digne","Left-Back","France","Aston Villa","30","31","","","","33","3","0","241","1","178","15000000.0","12000000.0","-3000000.0","15.0","12.0","-3.0"
"2","469","11","36","46","2023","Johann Berg Gudmundsson","Right Winger","Iceland","Burnley FC","33","34","","","","26","3","0","1191","1","186","1000000.0","1000000.0","0.0","1.0","1.0","0.0"
"2","61","11","25","116","2023","Andros Townsend","Right Winger","England","Luton Town","32","33","","","","27","3","0","1209","1","181","1800000.0","1800000.0","0.0","1.8","1.8","0.0"
"2","178","3","25","202","2023","Craig Dawson","Centre-Back","England","Wolverhampton Wanderers","33","34","","","","25","1","0","2209","1","188","2000000.0","2000000.0","0.0","2.0","2.0","0.0"
"2","408","3","55","21","2023","Jakub Kiwior","Centre-Back","Poland","Arsenal FC","24","24","","","","20","3","0","946","1","189","25000000.0","30000000.0","5000000.0","25.0","30.0","5.0"
"2","409","3","25","132","2023","Jamaal Lascelles","Centre-Back","England","Newcastle United","30","31","","","","16","0","0","108","1","188","7000000.0","7000000.0","0.0","7.0","7.0","0.0"
"2","437","5","15","57","2023","Jefferson Lerma","Defensive Midfield","Colombia","Crystal Palace","29","30","","","","28","1","0","24","1","179","20000000.0","20000000.0","0.0","20.0","20.0","0.0"
"2","361","9","25","136","2023","Harry Toffolo","Left-Back","England","Nottingham Forest","28","29","","","","23","3","0","1459","1","183","5000000.0","5000000.0","0.0","5.0","5.0","0.0"
"2","75","11","10","119","2023","Antony","Right Winger","Brazil","Manchester United","24","24","","","","29","1","0","1324","1","172","50000000.0","25000000.0","-25000000.0","50.0","25.0","-25.0"
"2","690","5","23","50","2023","Moises Caicedo","Defensive Midfield","Ecuador","Chelsea FC","22","23","","","","35","3","0","2866","1","178","90000000.0","75000000.0","-15000000.0","90.0","75.0","-15.0"
"2","710","3","38","41","2023","Nathan Collins","Centre-Back","Ireland","Brentford FC","23","23","","","","32","1","0","2652","1","193","25000000.0","25000000.0","0.0","25.0","25.0","0.0"
"2","916","12","8","81","2023","Timothy Castagne","Right-Back","Belgium","Fulham FC","28","29","","","","34","3","0","2634","1","185","17000000.0","17000000.0","0.0","17.0","17.0","0.0"
"2","927","3","56","202","2023","Toti","Centre-Back","Portugal","Wolverhampton Wanderers","25","26","","","","35","3","0","2772","1","187","14000000.0","20000000.0","6000000.0","14.0","20.0","6.0"
"2","417","3","25","66","2023","James Tarkowski","Centre-Back","England","Everton FC","31","32","","","","38","1","0","3419","1","185","13000000.0","13000000.0","0.0","13.0","13.0","0.0"
"2","799","4","10","188","2023","Richarlison","Centre-Forward","Brazil","Tottenham Hotspur","26","27","","","","28","4","0","1491","11","184","40000000.0","38000000.0","-2000000.0","40.0","38.0","-2.0"
"2","836","2","25","136","2023","Ryan Yates","Central Midfield","England","Nottingham Forest","26","27","","","","35","1","0","1992","1","190","12000000.0","12000000.0","0.0","12.0","12.0","0.0"
"2","248","5","46","199","2023","Edson alvarez","Defensive Midfield","Mexico","West Ham United","26","27","","","","31","1","0","2377","1","190","35000000.0","35000000.0","0.0","35.0","35.0","0.0"
"2","950","5","29","41","2023","Vitaly Janelt","Defensive Midfield","Germany","Brentford FC","26","26","","","","38","3","0","3054","1","184","22000000.0","22000000.0","0.0","22.0","22.0","0.0"
"2","557","11","41","22","2023","Leon Bailey","Right Winger","Jamaica","Aston Villa","26","27","","","","35","9","0","2068","10","178","30000000.0","42000000.0","12000000.0","30.0","42.0","12.0"
"2","69","8","25","132","2023","Anthony Gordon","Left Winger","England","Newcastle United","23","23","","","","35","10","1","2891","11","183","38000000.0","60000000.0","22000000.0","38.0","60.0","22.0"
"2","142","4","25","116","2023","Carlton Morris","Centre-Forward","England","Luton Town","28","29","","","","38","4","5","2864","11","185","10000000.0","13000000.0","3000000.0","10.0","13.0","3.0"
"2","201","4","72","112","2023","Darwin Nenez","Centre-Forward","Uruguay","Liverpool FC","24","25","","","","36","8","0","2047","11","187","65000000.0","70000000.0","5000000.0","65.0","70.0","5.0"
"2","238","2","10","22","2023","Douglas Luiz","Central Midfield","Brazil","Aston Villa","26","26","","","","35","5","4","2994","9","177","55000000.0","70000000.0","15000000.0","55.0","70.0","15.0"
"2","556","8","8","21","2023","Leandro Trossard","Left Winger","Belgium","Arsenal FC","29","30","","","","34","1","0","1649","12","172","38000000.0","35000000.0","-3000000.0","38.0","35.0","-3.0"
"2","920","2","58","81","2023","Tom Cairney","Central Midfield","Scotland","Fulham FC","33","34","","","","34","4","0","1488","1","185","2000000.0","2000000.0","0.0","2.0","2.0","0.0"
"2","925","5","19","199","2023","Tomas Soucek","Defensive Midfield","Czech Republic","West Ham United","29","29","","","","37","2","0","287","7","192","35000000.0","30000000.0","-5000000.0","35.0","30.0","-5.0"
"2","616","8","25","119","2023","Marcus Rashford","Left Winger","England","Manchester United","26","27","","","","33","2","2","2271","7","185","75000000.0","60000000.0","-15000000.0","75.0","60.0","-15.0"
"2","127","5","10","132","2023","Bruno Guimaraes","Defensive Midfield","Brazil","Newcastle United","26","27","","","","37","8","0","3263","7","182","85000000.0","85000000.0","0.0","85.0","85.0","0.0"
"2","503","4","4","118","2023","Julian Alvarez","Centre-Forward","Argentina","Manchester City","24","24","","","","36","9","2","2647","11","170","80000000.0","90000000.0","10000000.0","80.0","90.0","10.0"
"2","215","1","64","188","2023","Dejan Kulusevski","Attacking Midfield","Sweden","Tottenham Hotspur","24","24","","","","36","3","0","2762","8","186","55000000.0","55000000.0","0.0","55.0","55.0","0.0"
"2","170","8","48","112","2023","Cody Gakpo","Left Winger","Netherlands","Liverpool FC","25","25","","","","35","5","0","165","8","193","50000000.0","55000000.0","5000000.0","50.0","55.0","5.0"
"2","213","2","25","21","2023","Declan Rice","Central Midfield","England","Arsenal FC","25","26","","","","38","9","0","3225","7","188","100000000.0","120000000.0","20000000.0","100.0","120.0","20.0"
"2","582","8","15","112","2023","Luis Diaz","Left Winger","Colombia","Liverpool FC","27","28","","","","37","5","0","2629","8","180","75000000.0","75000000.0","0.0","75.0","75.0","0.0"
"2","419","2","25","199","2023","James Ward-Prowse","Central Midfield","England","West Ham United","29","30","","","","37","7","2","3001","7","177","38000000.0","30000000.0","-8000000.0","38.0","30.0","-8.0"
"2","811","5","63","118","2023","Rodri","Defensive Midfield","Spain","Manchester City","27","28","","","","34","9","0","2932","8","191","100000000.0","130000000.0","30000000.0","100.0","130.0","30.0"
"2","72","11","30","3","2023","Antoine Semenyo","Right Winger","Ghana","AFC Bournemouth","24","25","","","","33","2","0","2106","8","185","10000000.0","10000000.0","0.0","10.0","10.0","0.0"
"2","23","8","4","119","2023","Alejandro Garnacho","Left Winger","Argentina","Manchester United","19","20","","","","36","4","0","2565","7","180","30000000.0","45000000.0","15000000.0","30.0","45.0","15.0"
"2","135","4","25","132","2023","Callum Wilson","Centre-Forward","England","Newcastle United","32","32","","","","20","1","2","991","9","180","13000000.0","13000000.0","0.0","13.0","13.0","0.0"
"2","688","11","30","199","2023","Mohammed Kudus","Right Winger","Ghana","West Ham United","23","24","","","","33","6","0","2485","8","177","45000000.0","50000000.0","5000000.0","45.0","50.0","5.0"
"2","785","11","25","50","2023","Raheem Sterling","Right Winger","England","Chelsea FC","29","30","","","","31","4","0","1979","8","170","50000000.0","35000000.0","-15000000.0","50.0","35.0","-15.0"
"2","624","1","53","21","2023","Martin odegaard","Attacking Midfield","Norway","Arsenal FC","25","26","","","","35","10","2","3091","8","178","90000000.0","110000000.0","20000000.0","90.0","110.0","20.0"
"2","130","11","12","41","2023","Bryan Mbeumo","Right Winger","Cameroon","Brentford FC","24","25","","","","25","6","3","196","9","171","38000000.0","40000000.0","2000000.0","38.0","40.0","2.0"
"2","456","4","10","43","2023","Joao Pedro","Centre-Forward","Brazil","Brighton & Hove Albion","22","23","","","","31","3","4","2046","9","182","35000000.0","45000000.0","10000000.0","35.0","45.0","10.0"
"2","133","8","25","136","2023","Callum Hudson-Odoi","Left Winger","England","Nottingham Forest","23","24","","","","29","1","0","1854","8","178","12000000.0","18000000.0","6000000.0","12.0","18.0","6.0"
"2","814","4","10","81","2023","Rodrigo Muniz","Centre-Forward","Brazil","Fulham FC","23","23","","","","26","1","0","1594","9","186","5000000.0","20000000.0","15000000.0","5.0","20.0","15.0"
"2","251","4","25","116","2023","Elijah Adebayo","Centre-Forward","England","Luton Town","26","27","","","","27","0","0","1416","10","193","7000000.0","12000000.0","5000000.0","7.0","12.0","5.0"
"2","126","1","56","119","2023","Bruno Fernandes","Attacking Midfield","Portugal","Manchester United","29","30","","","","35","8","4","3118","10","179","70000000.0","70000000.0","0.0","70.0","70.0","0.0"
"2","367","4","43","202","2023","Hee-chan Hwang","Centre-Forward","Korea, South","Wolverhampton Wanderers","28","29","","","","29","3","1","2119","12","177","18000000.0","25000000.0","7000000.0","18.0","25.0","7.0"
"2","244","1","25","57","2023","Eberechi Eze","Attacking Midfield","England","Crystal Palace","25","26","","","","27","4","1","2056","11","178","48000000.0","55000000.0","7000000.0","48.0","55.0","7.0"
"2","229","4","56","112","2023","Diogo Jota","Centre-Forward","Portugal","Liverpool FC","27","28","","","","21","3","0","1146","10","178","50000000.0","50000000.0","0.0","50.0","50.0","0.0"
"2","789","4","21","119","2023","Rasmus Hojlund","Centre-Forward","Denmark","Manchester United","21","21","","","","30","2","0","2159","10","191","65000000.0","65000000.0","0.0","65.0","65.0","0.0"
"2","671","11","27","57","2023","Michael Olise","Right Winger","France","Crystal Palace","22","23","","","","19","6","1","1276","10","184","50000000.0","55000000.0","5000000.0","50.0","55.0","5.0"
